fold,drive_id,model,disk_id,drive_label,total_windows,positive_windows,first_window_date,last_window_date,first_positive_date,last_positive_date,first_positive_probability,last_positive_probability,max_positive_probability,max_probability,mean_probability,last_window_probability
A,MA1_10021,MA1,10021,0,278,0,2018-01-30,2018-11-03,,,,,,0.49389693,0.49389693,0.49389693
A,MA1_10091,MA1,10091,0,671,0,2018-01-30,2019-12-01,,,,,,0.49389693,0.49389693,0.49389693
A,MA1_10094,MA1,10094,0,671,0,2018-01-30,2019-12-01,,,,,,0.49389693,0.49389693,0.49389693
A,MA1_10111,MA1,10111,0,671,0,2018-01-30,2019-12-01,,,,,,0.49389693,0.49389693,0.49389693
A,MA1_10232,MA1,10232,0,420,0,2018-05-19,2019-07-12,,,,,,0.49389693,0.49389693,0.49389693
A,MA1_10288,MA1,10288,0,635,0,2018-01-30,2019-10-26,,,,,,0.49389693,0.49389687,0.49389693
A,MA1_10601,MA1,10601,0,379,0,2018-01-30,2019-02-12,,,,,,0.49389693,0.4938969,0.49389693
A,MA1_10633,MA1,10633,0,671,0,2018-01-30,2019-12-01,,,,,,0.49389693,0.49389693,0.49389693
A,MA1_10662,MA1,10662,0,671,0,2018-01-30,2019-12-01,,,,,,0.49389693,0.49389693,0.49389693
A,MA1_10890,MA1,10890,0,403,0,2018-01-30,2019-03-08,,,,,,0.6834021,0.67559475,0.6699198
A,MA1_11096,MA1,11096,1,350,10,2018-01-30,2019-01-14,2018-12-24,2019-01-14,0.4938969314098358,0.4938969314098358,0.4938969314098358,0.49389693,0.49389693,0.49389693
A,MA1_11218,MA1,11218,0,663,0,2018-01-30,2019-11-23,,,,,,0.49389693,0.49389693,0.49389693
A,MA1_11226,MA1,11226,0,663,0,2018-01-30,2019-11-23,,,,,,0.49389693,0.49389693,0.49389693
A,MA1_11227,MA1,11227,0,663,0,2018-01-30,2019-11-23,,,,,,0.49389693,0.49389693,0.49389693
A,MA1_11276,MA1,11276,0,671,0,2018-01-30,2019-12-01,,,,,,0.49389693,0.49389693,0.49389693
A,MA1_11348,MA1,11348,0,523,0,2018-01-30,2019-07-06,,,,,,0.49389693,0.49389696,0.49389693
A,MA1_11505,MA1,11505,0,529,0,2018-01-30,2019-07-12,,,,,,0.49389693,0.49389693,0.49389693
A,MA1_11561,MA1,11561,0,562,0,2018-05-19,2019-12-01,,,,,,0.49389693,0.49389693,0.49389693
A,MA1_12240,MA1,12240,1,352,30,2018-01-30,2019-01-16,2018-12-18,2019-01-16,0.4938969314098358,0.4938969314098358,0.4938969314098358,0.49389693,0.49389693,0.49389693
A,MA1_12576,MA1,12576,0,635,0,2018-01-30,2019-10-26,,,,,,0.49389693,0.49389687,0.49389693
A,MA1_12706,MA1,12706,0,671,0,2018-01-30,2019-12-01,,,,,,0.49389693,0.49389693,0.49389693
A,MA1_12740,MA1,12740,0,671,0,2018-01-30,2019-12-01,,,,,,0.49389693,0.49389693,0.49389693
A,MA1_12831,MA1,12831,0,302,0,2018-01-30,2018-11-27,,,,,,0.49389693,0.4938969,0.49389693
A,MA1_13503,MA1,13503,0,671,0,2018-01-30,2019-12-01,,,,,,0.49389693,0.49389693,0.49389693
A,MA1_13822,MA1,13822,0,523,0,2018-01-30,2019-07-06,,,,,,0.49389693,0.49389696,0.49389693
A,MA1_13904,MA1,13904,0,271,0,2018-01-30,2018-10-27,,,,,,0.49389693,0.49389693,0.49389693
A,MA1_14013,MA1,14013,0,382,0,2018-01-30,2019-02-15,,,,,,0.49389693,0.49389687,0.49389693
A,MA1_14546,MA1,14546,0,671,0,2018-01-30,2019-12-01,,,,,,0.49389693,0.49389693,0.49389693
A,MA1_14693,MA1,14693,0,671,0,2018-01-30,2019-12-01,,,,,,0.49389693,0.49389693,0.49389693
A,MA1_14733,MA1,14733,0,22,0,2018-01-30,2018-02-20,,,,,,0.49389693,0.49389684,0.49389693
A,MA1_14743,MA1,14743,0,3,0,2018-02-18,2018-02-20,,,,,,0.49389693,0.461525,0.49389693
A,MA1_14850,MA1,14850,0,282,0,2019-02-23,2019-12-01,,,,,,0.49389693,0.49389693,0.49389693
A,MA1_15010,MA1,15010,0,635,0,2018-01-30,2019-10-26,,,,,,0.49389693,0.49389687,0.49389693
A,MA1_15025,MA1,15025,0,671,0,2018-01-30,2019-12-01,,,,,,0.49389693,0.49389693,0.49389693
A,MA1_15061,MA1,15061,0,671,0,2018-01-30,2019-12-01,,,,,,0.49389693,0.49389693,0.49389693
A,MA1_15242,MA1,15242,0,671,0,2018-01-30,2019-12-01,,,,,,0.49389693,0.49389693,0.49389693
A,MA1_15402,MA1,15402,0,431,0,2018-01-30,2019-04-05,,,,,,0.49389693,0.4938969,0.49389693
A,MA1_15448,MA1,15448,0,635,0,2018-01-30,2019-10-26,,,,,,0.49389693,0.49389687,0.49389693
A,MA1_15609,MA1,15609,0,253,0,2018-01-30,2018-10-09,,,,,,0.49389693,0.49389693,0.49389693
A,MA1_15637,MA1,15637,0,671,0,2018-01-30,2019-12-01,,,,,,0.49389693,0.49389693,0.49389693
A,MA1_15716,MA1,15716,0,326,0,2018-01-31,2018-12-22,,,,,,0.49389693,0.4938969,0.49389693
A,MA1_15948,MA1,15948,0,282,0,2019-02-23,2019-12-01,,,,,,0.49389693,0.49389693,0.49389693
A,MA1_15976,MA1,15976,0,635,0,2018-01-30,2019-10-26,,,,,,0.49389693,0.49389687,0.49389693
A,MA1_1622,MA1,1622,0,671,0,2018-01-30,2019-12-01,,,,,,0.49389693,0.49389693,0.49389693
A,MA1_16233,MA1,16233,0,89,0,2018-01-30,2018-04-28,,,,,,0.49389693,0.4938969,0.49389693
A,MA1_16251,MA1,16251,0,671,0,2018-01-30,2019-12-01,,,,,,0.49389693,0.49389693,0.49389693
A,MA1_16402,MA1,16402,0,260,0,2018-01-30,2018-10-16,,,,,,0.49389693,0.49389696,0.49389693
A,MA1_16549,MA1,16549,0,382,0,2018-01-30,2019-02-15,,,,,,0.6730572,0.6650872,0.65781444
A,MA1_16817,MA1,16817,0,403,0,2018-01-30,2019-03-08,,,,,,0.49389693,0.49389693,0.49389693
A,MA1_16932,MA1,16932,0,302,0,2018-01-30,2018-11-27,,,,,,0.49389693,0.4938969,0.49389693
A,MA1_17187,MA1,17187,0,671,0,2018-01-30,2019-12-01,,,,,,0.49389693,0.49389693,0.49389693
A,MA1_17344,MA1,17344,0,253,0,2018-01-30,2018-10-09,,,,,,0.49389693,0.49389693,0.49389693
A,MA1_17482,MA1,17482,0,523,0,2018-01-30,2019-07-06,,,,,,0.49389693,0.49389696,0.49389693
A,MA1_17728,MA1,17728,0,372,0,2018-01-30,2019-02-05,,,,,,0.49389693,0.4938969,0.49389693
A,MA1_17942,MA1,17942,0,635,0,2018-01-30,2019-10-26,,,,,,0.49389693,0.49389687,0.49389693
A,MA1_18000,MA1,18000,0,657,0,2018-01-30,2019-11-17,,,,,,0.49389693,0.49389696,0.49389693
A,MA1_18069,MA1,18069,0,671,0,2018-01-30,2019-12-01,,,,,,0.68235797,0.66891086,0.65562683
A,MA1_18117,MA1,18117,0,452,0,2018-01-30,2019-04-26,,,,,,0.49389693,0.49389693,0.49389693
A,MA1_18398,MA1,18398,0,671,0,2018-01-30,2019-12-01,,,,,,0.49389693,0.49389693,0.49389693
A,MA1_18445,MA1,18445,0,538,0,2018-01-30,2019-07-21,,,,,,0.49389693,0.49389693,0.49389693
A,MA1_18452,MA1,18452,0,538,0,2018-01-30,2019-07-21,,,,,,0.49389693,0.49389693,0.49389693
A,MA1_18458,MA1,18458,0,671,0,2018-01-30,2019-12-01,,,,,,0.49389693,0.49389693,0.49389693
A,MA1_18493,MA1,18493,0,671,0,2018-01-30,2019-12-01,,,,,,0.49389693,0.49389693,0.49389693
A,MA1_18648,MA1,18648,0,92,0,2018-01-30,2018-05-01,,,,,,0.49389693,0.4938969,0.49389693
A,MA1_18659,MA1,18659,0,271,0,2018-01-30,2018-10-27,,,,,,0.49389693,0.49389693,0.49389693
A,MA1_18769,MA1,18769,0,386,0,2018-01-30,2019-02-19,,,,,,0.49389693,0.49389693,0.49389693
A,MA1_19260,MA1,19260,0,671,0,2018-01-30,2019-12-01,,,,,,0.49389693,0.49389693,0.49389693
A,MA1_19406,MA1,19406,0,671,0,2018-01-30,2019-12-01,,,,,,0.49389693,0.49389693,0.49389693
A,MA1_19423,MA1,19423,0,635,0,2018-01-30,2019-10-26,,,,,,0.49389693,0.49389687,0.49389693
A,MA1_19481,MA1,19481,0,523,0,2018-01-30,2019-07-06,,,,,,0.49389693,0.49389696,0.49389693
A,MA1_19500,MA1,19500,0,271,0,2018-01-30,2018-10-27,,,,,,0.49389693,0.49389693,0.49389693
A,MA1_19536,MA1,19536,0,329,0,2018-01-30,2018-12-24,,,,,,0.49389693,0.49389696,0.49389693
A,MA1_19551,MA1,19551,1,205,28,2018-01-30,2018-08-22,2018-07-24,2018-08-22,0.4938969314098358,0.4938969314098358,0.4938969314098358,0.49389693,0.49389693,0.49389693
A,MA1_19697,MA1,19697,0,635,0,2018-01-30,2019-10-26,,,,,,0.49389693,0.49389687,0.49389693
A,MA1_19780,MA1,19780,0,671,0,2018-01-30,2019-12-01,,,,,,0.49389693,0.49389693,0.49389693
A,MA1_19813,MA1,19813,0,671,0,2018-01-30,2019-12-01,,,,,,0.49389693,0.49389693,0.49389693
A,MA1_20003,MA1,20003,0,382,0,2018-01-30,2019-02-15,,,,,,0.49389693,0.49389687,0.49389693
A,MA1_20162,MA1,20162,0,671,0,2018-01-30,2019-12-01,,,,,,0.49389693,0.49389693,0.49389693
A,MA1_20221,MA1,20221,0,671,0,2018-01-30,2019-12-01,,,,,,0.49389693,0.49389693,0.49389693
A,MA1_20297,MA1,20297,0,671,0,2018-01-30,2019-12-01,,,,,,0.49389693,0.49389693,0.49389693
A,MA1_20472,MA1,20472,0,272,0,2018-01-30,2018-10-28,,,,,,0.49389693,0.49389693,0.49389693
A,MA1_20514,MA1,20514,0,262,0,2019-03-15,2019-12-01,,,,,,0.49389693,0.49389696,0.49389693
A,MA1_20598,MA1,20598,0,671,0,2018-01-30,2019-12-01,,,,,,0.49389693,0.49389693,0.49389693
A,MA1_20706,MA1,20706,0,671,0,2018-01-30,2019-12-01,,,,,,0.49389693,0.49389693,0.49389693
A,MA1_2078,MA1,2078,0,29,0,2018-01-30,2018-02-27,,,,,,0.49389693,0.49389684,0.49389693
A,MA1_20828,MA1,20828,0,671,0,2018-01-30,2019-12-01,,,,,,0.49389693,0.49389693,0.49389693
A,MA1_20844,MA1,20844,0,441,0,2018-01-30,2019-04-15,,,,,,0.49389693,0.4938969,0.49389693
A,MA1_21256,MA1,21256,0,635,0,2018-01-30,2019-10-26,,,,,,0.49389693,0.49389687,0.49389693
A,MA1_21435,MA1,21435,0,654,0,2018-01-30,2019-11-14,,,,,,0.49389693,0.49389696,0.49389693
A,MA1_21469,MA1,21469,0,339,0,2018-01-30,2019-01-03,,,,,,0.49389693,0.49389693,0.49389693
A,MA1_21519,MA1,21519,0,671,0,2018-01-30,2019-12-01,,,,,,0.49389693,0.49389693,0.49389693
A,MA1_2154,MA1,2154,0,302,0,2018-01-30,2018-11-27,,,,,,0.49389693,0.4938969,0.49389693
A,MA1_21637,MA1,21637,0,671,0,2018-01-30,2019-12-01,,,,,,0.49389693,0.49389693,0.49389693
A,MA1_21674,MA1,21674,0,635,0,2018-01-30,2019-10-26,,,,,,0.49389693,0.49389687,0.49389693
A,MA1_21853,MA1,21853,0,271,0,2018-01-30,2018-10-27,,,,,,0.49389693,0.49389693,0.49389693
A,MA1_2192,MA1,2192,0,671,0,2018-01-30,2019-12-01,,,,,,0.49389693,0.49389693,0.49389693
A,MA1_21995,MA1,21995,0,671,0,2018-01-30,2019-12-01,,,,,,0.49389693,0.49389693,0.49389693
A,MA1_22039,MA1,22039,0,98,0,2018-01-30,2018-05-07,,,,,,0.49389693,0.4938969,0.49389693
A,MA1_2223,MA1,2223,0,671,0,2018-01-30,2019-12-01,,,,,,0.49389693,0.49389693,0.49389693
A,MA1_22473,MA1,22473,0,278,0,2018-01-30,2018-11-03,,,,,,0.49389693,0.49389693,0.49389693
A,MA1_22522,MA1,22522,1,386,30,2018-01-30,2019-02-19,2019-01-21,2019-02-19,0.4938969314098358,0.4938969314098358,0.4938969314098358,0.49389693,0.49389693,0.49389693
A,MA1_22523,MA1,22523,0,635,0,2018-01-30,2019-10-26,,,,,,0.49389693,0.49389687,0.49389693
A,MA1_22669,MA1,22669,0,11,0,2018-01-30,2018-02-09,,,,,,0.49389693,0.49389693,0.49389693
A,MA1_2278,MA1,2278,0,277,0,2019-02-28,2019-12-01,,,,,,0.49389693,0.49389693,0.49389693
A,MA1_23063,MA1,23063,0,452,0,2018-01-30,2019-04-26,,,,,,0.49389693,0.49389693,0.49389693
A,MA1_23171,MA1,23171,0,98,0,2018-01-30,2018-05-07,,,,,,0.49389693,0.4938969,0.49389693
A,MA1_23344,MA1,23344,0,407,0,2018-01-30,2019-03-12,,,,,,0.49389693,0.49389693,0.49389693
A,MA1_23610,MA1,23610,0,671,0,2018-01-30,2019-12-01,,,,,,0.49389693,0.49389693,0.49389693
A,MA1_23665,MA1,23665,0,671,0,2018-01-30,2019-12-01,,,,,,0.49389693,0.49389693,0.49389693
A,MA1_23701,MA1,23701,0,671,0,2018-01-30,2019-12-01,,,,,,0.49389693,0.49389693,0.49389693
A,MA1_23879,MA1,23879,0,671,0,2018-01-30,2019-12-01,,,,,,0.49389693,0.49389693,0.49389693
A,MA1_24031,MA1,24031,0,18,0,2018-01-30,2018-02-16,,,,,,0.49389693,0.4938969,0.49389693
A,MA1_24054,MA1,24054,0,404,0,2018-01-30,2019-03-09,,,,,,0.49389693,0.49389693,0.49389693
A,MA1_24096,MA1,24096,0,671,0,2018-01-30,2019-12-01,,,,,,0.49389693,0.49389693,0.49389693
A,MA1_2412,MA1,2412,0,671,0,2018-01-30,2019-12-01,,,,,,0.49389693,0.49389693,0.49389693
A,MA1_24146,MA1,24146,0,635,0,2018-01-30,2019-10-26,,,,,,0.49389693,0.49389687,0.49389693
A,MA1_24171,MA1,24171,0,671,0,2018-01-30,2019-12-01,,,,,,0.49389693,0.49389693,0.49389693
A,MA1_24317,MA1,24317,0,671,0,2018-01-30,2019-12-01,,,,,,0.49389693,0.49389693,0.49389693
A,MA1_24466,MA1,24466,0,89,0,2018-01-30,2018-04-28,,,,,,0.49389693,0.4938969,0.49389693
A,MA1_24529,MA1,24529,0,635,0,2018-01-30,2019-10-26,,,,,,0.49389693,0.49389687,0.49389693
A,MA1_24560,MA1,24560,0,152,0,2018-01-30,2018-06-30,,,,,,0.49389693,0.49389687,0.49389693
A,MA1_24629,MA1,24629,0,289,0,2018-01-30,2018-11-14,,,,,,0.49389693,0.4938969,0.49389693
A,MA1_2477,MA1,2477,0,671,0,2018-01-30,2019-12-01,,,,,,0.49389693,0.49389693,0.49389693
A,MA1_24789,MA1,24789,0,634,0,2018-01-30,2019-10-25,,,,,,0.49389693,0.49389687,0.49389693
A,MA1_24857,MA1,24857,0,410,0,2018-01-30,2019-03-15,,,,,,0.49389693,0.49389693,0.49389693
A,MA1_24905,MA1,24905,0,671,0,2018-01-30,2019-12-01,,,,,,0.49389693,0.49389693,0.49389693
A,MA1_24911,MA1,24911,0,635,0,2018-01-30,2019-10-26,,,,,,0.49389693,0.49389687,0.49389693
A,MA1_24941,MA1,24941,0,635,0,2018-01-30,2019-10-26,,,,,,0.49389693,0.49389687,0.49389693
A,MA1_25023,MA1,25023,0,671,0,2018-01-30,2019-12-01,,,,,,0.49389693,0.49389693,0.49389693
A,MA1_25300,MA1,25300,0,671,0,2018-01-30,2019-12-01,,,,,,0.49389693,0.49389693,0.49389693
A,MA1_25420,MA1,25420,0,194,0,2018-01-30,2018-08-11,,,,,,0.49389693,0.49389693,0.49389693
A,MA1_2564,MA1,2564,0,671,0,2018-01-30,2019-12-01,,,,,,0.49389693,0.49389693,0.49389693
A,MA1_25743,MA1,25743,0,671,0,2018-01-30,2019-12-01,,,,,,0.49389693,0.49389693,0.49389693
A,MA1_25836,MA1,25836,0,253,0,2018-01-30,2018-10-09,,,,,,0.49389693,0.49389693,0.49389693
A,MA1_26311,MA1,26311,1,189,29,2018-01-30,2018-08-06,2018-07-08,2018-08-06,0.4938969314098358,0.4938969314098358,0.4938969314098358,0.49389693,0.4938969,0.49389693
A,MA1_26472,MA1,26472,0,603,0,2018-01-30,2019-09-24,,,,,,0.49389693,0.4938969,0.49389693
A,MA1_26675,MA1,26675,0,248,0,2019-03-29,2019-12-01,,,,,,0.49389693,0.4938969,0.49389693
A,MA1_27229,MA1,27229,0,403,0,2018-01-30,2019-03-08,,,,,,0.49389693,0.49389693,0.49389693
A,MA1_27350,MA1,27350,0,523,0,2018-01-30,2019-07-06,,,,,,0.49389693,0.49389696,0.49389693
A,MA1_27709,MA1,27709,0,523,0,2018-01-30,2019-07-06,,,,,,0.49389693,0.49389696,0.49389693
A,MA1_2774,MA1,2774,0,404,0,2018-01-30,2019-03-09,,,,,,0.49389693,0.49389693,0.49389693
A,MA1_2779,MA1,2779,0,404,0,2018-01-30,2019-03-09,,,,,,0.49389693,0.49389693,0.49389693
A,MA1_27907,MA1,27907,0,574,0,2018-01-30,2019-08-26,,,,,,0.49389693,0.4938969,0.49389693
A,MA1_27954,MA1,27954,0,671,0,2018-01-30,2019-12-01,,,,,,0.49389693,0.49389693,0.49389693
A,MA1_28335,MA1,28335,0,635,0,2018-01-30,2019-10-26,,,,,,0.49389693,0.49389687,0.49389693
A,MA1_28425,MA1,28425,0,671,0,2018-01-30,2019-12-01,,,,,,0.49389693,0.49389693,0.49389693
A,MA1_28458,MA1,28458,0,635,0,2018-01-30,2019-10-26,,,,,,0.49389693,0.49389687,0.49389693
A,MA1_2846,MA1,2846,0,671,0,2018-01-30,2019-12-01,,,,,,0.49389693,0.49389693,0.49389693
A,MA1_28530,MA1,28530,0,403,0,2018-01-30,2019-03-08,,,,,,0.49389693,0.49389693,0.49389693
A,MA1_28564,MA1,28564,0,523,0,2018-01-30,2019-07-06,,,,,,0.49389693,0.49389696,0.49389693
A,MA1_28588,MA1,28588,0,671,0,2018-01-30,2019-12-01,,,,,,0.49389693,0.49389693,0.49389693
A,MA1_2859,MA1,2859,0,6,0,2018-01-30,2018-02-04,,,,,,0.49389693,0.49389693,0.49389693
A,MA1_28595,MA1,28595,0,68,0,2018-01-30,2018-04-07,,,,,,0.49389693,0.49389693,0.49389693
A,MA1_2869,MA1,2869,0,6,0,2018-01-30,2018-02-04,,,,,,0.49389693,0.49389693,0.49389693
A,MA1_28837,MA1,28837,0,635,0,2018-01-30,2019-10-26,,,,,,0.49389693,0.49389687,0.49389693
A,MA1_28873,MA1,28873,0,671,0,2018-01-30,2019-12-01,,,,,,0.49389693,0.49389693,0.49389693
A,MA1_29029,MA1,29029,0,393,0,2018-01-30,2019-02-26,,,,,,0.49389693,0.49389696,0.49389693
A,MA1_29433,MA1,29433,0,671,0,2018-01-30,2019-12-01,,,,,,0.49389693,0.49389693,0.49389693
A,MA1_29444,MA1,29444,1,385,13,2018-01-30,2019-02-18,2019-01-26,2019-02-18,0.4938969314098358,0.4938969314098358,0.4938969314098358,0.49389693,0.49389693,0.49389693
A,MA1_29721,MA1,29721,0,432,0,2018-01-30,2019-04-06,,,,,,0.49389693,0.4938969,0.49389693
A,MA1_29847,MA1,29847,0,378,0,2018-01-30,2019-02-11,,,,,,0.49389693,0.4938969,0.49389693
A,MA1_29875,MA1,29875,0,671,0,2018-01-30,2019-12-01,,,,,,0.49389693,0.49389693,0.49389693
A,MA1_30006,MA1,30006,0,277,0,2019-02-28,2019-12-01,,,,,,0.49389693,0.49389693,0.49389693
A,MA1_30748,MA1,30748,0,671,0,2018-01-30,2019-12-01,,,,,,0.49389693,0.49389693,0.49389693
A,MA1_30813,MA1,30813,0,671,0,2018-01-30,2019-12-01,,,,,,0.49389693,0.49389693,0.49389693
A,MA1_30863,MA1,30863,0,670,0,2018-01-31,2019-12-01,,,,,,0.49389693,0.49389693,0.49389693
A,MA1_30885,MA1,30885,0,671,0,2018-01-30,2019-12-01,,,,,,0.49389693,0.49389693,0.49389693
A,MA1_30962,MA1,30962,0,372,0,2018-01-30,2019-02-05,,,,,,0.49389693,0.4938969,0.49389693
A,MA1_31228,MA1,31228,0,671,0,2018-01-30,2019-12-01,,,,,,0.49389693,0.49389693,0.49389693
A,MA1_31297,MA1,31297,0,452,0,2018-01-30,2019-04-26,,,,,,0.49389693,0.49389693,0.49389693
A,MA1_31419,MA1,31419,0,567,0,2018-01-30,2019-08-19,,,,,,0.49389693,0.4938969,0.49389693
A,MA1_31523,MA1,31523,0,386,0,2018-01-30,2019-02-19,,,,,,0.6811537,0.67326266,0.6659419
A,MA1_31712,MA1,31712,0,671,0,2018-01-30,2019-12-01,,,,,,0.49389693,0.49389693,0.49389693
A,MA1_31771,MA1,31771,0,671,0,2018-01-30,2019-12-01,,,,,,0.49389693,0.49389693,0.49389693
A,MA1_31776,MA1,31776,0,441,0,2018-01-30,2019-04-15,,,,,,0.49389693,0.4938969,0.49389693
A,MA1_31999,MA1,31999,0,657,0,2018-01-30,2019-11-17,,,,,,0.49389693,0.49389696,0.49389693
A,MA1_32135,MA1,32135,0,657,0,2018-01-30,2019-11-17,,,,,,0.49389693,0.49389696,0.49389693
A,MA1_32224,MA1,32224,0,403,0,2018-01-30,2019-03-08,,,,,,0.49389693,0.49389693,0.49389693
A,MA1_32239,MA1,32239,0,671,0,2018-01-30,2019-12-01,,,,,,0.49389693,0.49389693,0.49389693
A,MA1_32265,MA1,32265,0,403,0,2018-01-30,2019-03-08,,,,,,0.49389693,0.49389693,0.49389693
A,MA1_32417,MA1,32417,0,11,0,2018-11-28,2018-12-08,,,,,,0.49389693,0.49389693,0.49389693
A,MA1_32427,MA1,32427,0,210,0,2018-01-30,2018-08-27,,,,,,0.49389693,0.49389693,0.49389693
A,MA1_32480,MA1,32480,1,193,30,2018-01-30,2018-08-10,2018-07-12,2018-08-10,0.4938969314098358,0.4938969314098358,0.4938969314098358,0.49389693,0.49389693,0.49389693
A,MA1_32661,MA1,32661,0,671,0,2018-01-30,2019-12-01,,,,,,0.49389693,0.49389693,0.49389693
A,MA1_32764,MA1,32764,0,403,0,2018-01-30,2019-03-08,,,,,,0.49389693,0.49389693,0.49389693
A,MA1_32999,MA1,32999,1,183,29,2018-01-30,2018-07-31,2018-07-02,2018-07-31,0.4938969314098358,0.4938969314098358,0.4938969314098358,0.49389693,0.4938969,0.49389693
A,MA1_33000,MA1,33000,0,441,0,2018-01-30,2019-04-15,,,,,,0.49389693,0.4938969,0.49389693
A,MA1_33047,MA1,33047,0,515,0,2018-01-30,2019-06-28,,,,,,0.49389693,0.49389696,0.49389693
A,MA1_33146,MA1,33146,0,379,0,2018-01-30,2019-02-12,,,,,,0.49389693,0.4938969,0.49389693
A,MA1_33186,MA1,33186,0,327,0,2018-01-30,2018-12-22,,,,,,0.49389693,0.4938969,0.49389693
A,MA1_33280,MA1,33280,0,452,0,2018-01-30,2019-04-26,,,,,,0.49389693,0.49389693,0.49389693
A,MA1_33332,MA1,33332,0,671,0,2018-01-30,2019-12-01,,,,,,0.49389693,0.49389693,0.49389693
A,MA1_3341,MA1,3341,0,671,0,2018-01-30,2019-12-01,,,,,,0.49389693,0.49389693,0.49389693
A,MA1_33681,MA1,33681,0,441,0,2018-01-30,2019-04-15,,,,,,0.49389693,0.4938969,0.49389693
A,MA1_33735,MA1,33735,0,671,0,2018-01-30,2019-12-01,,,,,,0.49389693,0.49389693,0.49389693
A,MA1_33990,MA1,33990,0,635,0,2018-01-30,2019-10-26,,,,,,0.49389693,0.49389687,0.49389693
A,MA1_34127,MA1,34127,0,662,0,2018-01-30,2019-11-22,,,,,,0.49389693,0.49389693,0.49389693
A,MA1_34297,MA1,34297,0,437,0,2018-01-30,2019-04-11,,,,,,0.49389693,0.4938969,0.49389693
A,MA1_34303,MA1,34303,0,671,0,2018-01-30,2019-12-01,,,,,,0.49389693,0.49389693,0.49389693
A,MA1_34463,MA1,34463,0,671,0,2018-01-30,2019-12-01,,,,,,0.49389693,0.49389693,0.49389693
A,MA1_3449,MA1,3449,0,403,0,2018-01-30,2019-03-08,,,,,,0.49389693,0.49389693,0.49389693
A,MA1_34715,MA1,34715,0,671,0,2018-01-30,2019-12-01,,,,,,0.49389693,0.49389693,0.49389693
A,MA1_34749,MA1,34749,0,96,0,2018-09-20,2018-12-24,,,,,,0.49389693,0.49389693,0.49389693
A,MA1_34826,MA1,34826,0,635,0,2018-01-30,2019-10-26,,,,,,0.49389693,0.49389687,0.49389693
A,MA1_34835,MA1,34835,0,488,0,2018-01-30,2019-06-01,,,,,,0.49389693,0.49389693,0.49389693
A,MA1_35122,MA1,35122,0,671,0,2018-01-30,2019-12-01,,,,,,0.49389693,0.49389693,0.49389693
A,MA1_35136,MA1,35136,0,671,0,2018-01-30,2019-12-01,,,,,,0.49389693,0.49389693,0.49389693
A,MA1_35137,MA1,35137,0,671,0,2018-01-30,2019-12-01,,,,,,0.49389693,0.49389693,0.49389693
A,MA1_35142,MA1,35142,0,671,0,2018-01-30,2019-12-01,,,,,,0.49389693,0.49389693,0.49389693
A,MA1_35294,MA1,35294,0,8,0,2018-01-30,2018-02-06,,,,,,0.49389693,0.49389693,0.49389693
A,MA1_35391,MA1,35391,0,279,0,2018-01-30,2018-11-04,,,,,,0.49389693,0.49389693,0.49389693
A,MA1_35723,MA1,35723,0,671,0,2018-01-30,2019-12-01,,,,,,0.49389693,0.49389693,0.49389693
A,MA1_35748,MA1,35748,0,403,0,2018-01-30,2019-03-08,,,,,,0.49389693,0.49389693,0.49389693
A,MA1_35781,MA1,35781,0,671,0,2018-01-30,2019-12-01,,,,,,0.49389693,0.49389693,0.49389693
A,MA1_3583,MA1,3583,0,451,0,2018-01-30,2019-04-25,,,,,,0.49389693,0.49389693,0.49389693
A,MA1_35885,MA1,35885,0,671,0,2018-01-30,2019-12-01,,,,,,0.49389693,0.49389693,0.49389693
A,MA1_35888,MA1,35888,0,671,0,2018-01-30,2019-12-01,,,,,,0.49389693,0.49389693,0.49389693
A,MA1_35918,MA1,35918,0,277,0,2018-01-31,2018-11-03,,,,,,0.49389693,0.49389693,0.49389693
A,MA1_35988,MA1,35988,0,671,0,2018-01-30,2019-12-01,,,,,,0.49389693,0.49389693,0.49389693
A,MA1_36290,MA1,36290,0,671,0,2018-01-30,2019-12-01,,,,,,0.49389693,0.49389693,0.49389693
A,MA1_36312,MA1,36312,0,635,0,2018-01-30,2019-10-26,,,,,,0.49389693,0.49389687,0.49389693
A,MA1_36362,MA1,36362,0,671,0,2018-01-30,2019-12-01,,,,,,0.49389693,0.49389693,0.49389693
A,MA1_36433,MA1,36433,0,82,0,2019-09-11,2019-12-01,,,,,,0.49389693,0.4938969,0.49389693
A,MA1_36554,MA1,36554,0,671,0,2018-01-30,2019-12-01,,,,,,0.49389693,0.49389693,0.49389693
A,MA1_37052,MA1,37052,0,382,0,2018-01-30,2019-02-15,,,,,,0.49389693,0.49389687,0.49389693
A,MA1_3729,MA1,3729,0,671,0,2018-01-30,2019-12-01,,,,,,0.49389693,0.49389693,0.49389693
A,MA1_37349,MA1,37349,0,281,0,2018-01-30,2018-11-06,,,,,,0.49389693,0.49389693,0.49389693
A,MA1_37570,MA1,37570,0,635,0,2018-01-30,2019-10-26,,,,,,0.49389693,0.49389687,0.49389693
A,MA1_37713,MA1,37713,0,671,0,2018-01-30,2019-12-01,,,,,,0.49389693,0.49389693,0.49389693
A,MA1_37928,MA1,37928,0,635,0,2018-01-30,2019-10-26,,,,,,0.49389693,0.49389687,0.49389693
A,MA1_37932,MA1,37932,0,635,0,2018-01-30,2019-10-26,,,,,,0.49389693,0.49389687,0.49389693
A,MA1_3798,MA1,3798,0,468,0,2018-01-30,2019-05-12,,,,,,0.49389693,0.49389693,0.49389693
A,MA1_38039,MA1,38039,0,671,0,2018-01-30,2019-12-01,,,,,,0.49389693,0.49389693,0.49389693
A,MA1_38162,MA1,38162,0,671,0,2018-01-30,2019-12-01,,,,,,0.49389693,0.49389693,0.49389693
A,MA1_38397,MA1,38397,0,671,0,2018-01-30,2019-12-01,,,,,,0.49389693,0.49389693,0.49389693
A,MA1_38463,MA1,38463,0,546,0,2018-01-30,2019-07-29,,,,,,0.49389693,0.49389693,0.49389693
A,MA1_38464,MA1,38464,0,546,0,2018-01-30,2019-07-29,,,,,,0.49389693,0.49389693,0.49389693
A,MA1_38686,MA1,38686,0,403,0,2018-01-30,2019-03-08,,,,,,0.49389693,0.49389693,0.49389693
A,MA1_38704,MA1,38704,0,302,0,2018-01-30,2018-11-27,,,,,,0.49389693,0.4938969,0.49389693
A,MA1_39096,MA1,39096,0,529,0,2018-01-30,2019-07-12,,,,,,0.49389693,0.49389693,0.49389693
A,MA1_39205,MA1,39205,0,671,0,2018-01-30,2019-12-01,,,,,,0.49389693,0.49389693,0.49389693
A,MA1_39296,MA1,39296,0,635,0,2018-01-30,2019-10-26,,,,,,0.49389693,0.49389687,0.49389693
A,MA1_39647,MA1,39647,0,668,0,2018-02-02,2019-12-01,,,,,,0.49389693,0.49371722,0.49389693
A,MA1_39839,MA1,39839,0,403,0,2018-01-30,2019-03-08,,,,,,0.49389693,0.49389693,0.49389693
A,MA1_3995,MA1,3995,0,671,0,2018-01-30,2019-12-01,,,,,,0.49389693,0.49389693,0.49389693
A,MA1_40052,MA1,40052,0,644,0,2018-01-30,2019-11-04,,,,,,0.49389693,0.4938969,0.49389693
A,MA1_40243,MA1,40243,0,120,0,2018-01-30,2018-05-29,,,,,,0.49389693,0.49389693,0.49389693
A,MA1_40375,MA1,40375,0,408,0,2018-01-30,2019-03-13,,,,,,0.49389693,0.49389693,0.49389693
A,MA1_40766,MA1,40766,0,671,0,2018-01-30,2019-12-01,,,,,,0.49389693,0.49389693,0.49389693
A,MA1_41003,MA1,41003,0,327,0,2018-01-30,2018-12-22,,,,,,0.49389693,0.4938969,0.49389693
A,MA1_41051,MA1,41051,0,378,0,2018-01-30,2019-02-11,,,,,,0.49389693,0.4938969,0.49389693
A,MA1_41100,MA1,41100,0,658,0,2018-01-30,2019-11-18,,,,,,0.49389693,0.49389696,0.49389693
A,MA1_41167,MA1,41167,1,325,30,2018-01-30,2018-12-20,2018-11-21,2018-12-20,0.4938969314098358,0.4938969314098358,0.4938969314098358,0.49389693,0.4938969,0.49389693
A,MA1_41230,MA1,41230,0,671,0,2018-01-30,2019-12-01,,,,,,0.49389693,0.49389693,0.49389693
A,MA1_41388,MA1,41388,0,635,0,2018-01-30,2019-10-26,,,,,,0.49389693,0.49389687,0.49389693
A,MA1_41855,MA1,41855,0,274,0,2018-01-30,2018-10-30,,,,,,0.49389693,0.49389693,0.49389693
A,MA1_41878,MA1,41878,0,441,0,2018-01-30,2019-04-15,,,,,,0.49389693,0.4938969,0.49389693
A,MA1_41925,MA1,41925,0,666,0,2018-01-30,2019-11-26,,,,,,0.49389693,0.49389693,0.49389693
A,MA1_41942,MA1,41942,0,671,0,2018-01-30,2019-12-01,,,,,,0.49389693,0.49389693,0.49389693
A,MA1_41969,MA1,41969,0,118,0,2018-01-30,2018-05-27,,,,,,0.49389693,0.4938969,0.49389693
A,MA1_42274,MA1,42274,0,658,0,2018-01-30,2019-11-18,,,,,,0.49389693,0.49389696,0.49389693
A,MA1_42290,MA1,42290,0,404,0,2018-01-30,2019-03-09,,,,,,0.49389693,0.49389693,0.49389693
A,MA1_42386,MA1,42386,0,671,0,2018-01-30,2019-12-01,,,,,,0.49389693,0.49389693,0.49389693
A,MA1_42574,MA1,42574,0,657,0,2018-01-30,2019-11-17,,,,,,0.49389693,0.49389696,0.49389693
A,MA1_4271,MA1,4271,0,671,0,2018-01-30,2019-12-01,,,,,,0.49389693,0.49389693,0.49389693
A,MA1_42724,MA1,42724,0,635,0,2018-01-30,2019-10-26,,,,,,0.49389693,0.49389687,0.49389693
A,MA1_42894,MA1,42894,0,615,0,2018-03-27,2019-12-01,,,,,,0.49389693,0.4936827,0.49389693
A,MA1_42931,MA1,42931,0,671,0,2018-01-30,2019-12-01,,,,,,0.49389693,0.49389693,0.49389693
A,MA1_43119,MA1,43119,0,118,0,2018-01-30,2018-05-27,,,,,,0.49389693,0.4938969,0.49389693
A,MA1_4362,MA1,4362,0,671,0,2018-01-30,2019-12-01,,,,,,0.49389693,0.49389693,0.49389693
A,MA1_4374,MA1,4374,0,305,0,2019-01-31,2019-12-01,,,,,,0.49389693,0.49389687,0.49389693
A,MA1_448,MA1,448,0,529,0,2018-01-30,2019-07-12,,,,,,0.49389693,0.49389693,0.49389693
A,MA1_5048,MA1,5048,0,277,0,2019-02-28,2019-12-01,,,,,,0.49389693,0.49389693,0.49389693
A,MA1_5085,MA1,5085,0,635,0,2018-01-30,2019-10-26,,,,,,0.49389693,0.49389687,0.49389693
A,MA1_5249,MA1,5249,0,668,0,2018-01-30,2019-11-28,,,,,,0.49389693,0.49389693,0.49389693
A,MA1_527,MA1,527,0,671,0,2018-01-30,2019-12-01,,,,,,0.49389693,0.49389693,0.49389693
A,MA1_5328,MA1,5328,0,671,0,2018-01-30,2019-12-01,,,,,,0.49389693,0.49389693,0.49389693
A,MA1_5474,MA1,5474,0,393,0,2018-01-30,2019-02-26,,,,,,0.49389693,0.49389696,0.49389693
A,MA1_5666,MA1,5666,0,671,0,2018-01-30,2019-12-01,,,,,,0.49389693,0.49389693,0.49389693
A,MA1_5989,MA1,5989,0,536,0,2018-01-30,2019-07-19,,,,,,0.49389693,0.49389693,0.49389693
A,MA1_6095,MA1,6095,0,671,0,2018-01-30,2019-12-01,,,,,,0.49389693,0.49389693,0.49389693
A,MA1_6099,MA1,6099,0,671,0,2018-01-30,2019-12-01,,,,,,0.49389693,0.49389693,0.49389693
A,MA1_6177,MA1,6177,0,671,0,2018-01-30,2019-12-01,,,,,,0.49389693,0.49389693,0.49389693
A,MA1_6199,MA1,6199,0,671,0,2018-01-30,2019-12-01,,,,,,0.49389693,0.49389693,0.49389693
A,MA1_6465,MA1,6465,0,671,0,2018-01-30,2019-12-01,,,,,,0.49389693,0.49389693,0.49389693
A,MA1_6482,MA1,6482,0,671,0,2018-01-30,2019-12-01,,,,,,0.49389693,0.49389693,0.49389693
A,MA1_6553,MA1,6553,0,671,0,2018-01-30,2019-12-01,,,,,,0.49389693,0.49389693,0.49389693
A,MA1_6671,MA1,6671,0,671,0,2018-01-30,2019-12-01,,,,,,0.49389693,0.49389693,0.49389693
A,MA1_6691,MA1,6691,0,278,0,2018-01-30,2018-11-03,,,,,,0.49389693,0.49389693,0.49389693
A,MA1_6714,MA1,6714,0,671,0,2018-01-30,2019-12-01,,,,,,0.49389693,0.49389693,0.49389693
A,MA1_6741,MA1,6741,0,671,0,2018-01-30,2019-12-01,,,,,,0.49389693,0.49389693,0.49389693
A,MA1_6790,MA1,6790,0,671,0,2018-01-30,2019-12-01,,,,,,0.49389693,0.49389693,0.49389693
A,MA1_6794,MA1,6794,0,671,0,2018-01-30,2019-12-01,,,,,,0.49389693,0.49389693,0.49389693
A,MA1_6902,MA1,6902,0,263,0,2018-01-30,2018-10-19,,,,,,0.49389693,0.49389696,0.49389693
A,MA1_7155,MA1,7155,0,671,0,2018-01-30,2019-12-01,,,,,,0.49389693,0.49389693,0.49389693
A,MA1_7191,MA1,7191,0,671,0,2018-01-30,2019-12-01,,,,,,0.49389693,0.49389693,0.49389693
A,MA1_7226,MA1,7226,0,305,0,2019-01-31,2019-12-01,,,,,,0.49389693,0.49389687,0.49389693
A,MA1_7399,MA1,7399,0,253,0,2018-01-30,2018-10-09,,,,,,0.49389693,0.49389693,0.49389693
A,MA1_747,MA1,747,0,671,0,2018-01-30,2019-12-01,,,,,,0.49389693,0.49389693,0.49389693
A,MA1_7529,MA1,7529,0,567,0,2018-01-30,2019-08-19,,,,,,0.49389693,0.4938969,0.49389693
A,MA1_7652,MA1,7652,0,282,0,2018-01-30,2018-11-07,,,,,,0.49389693,0.49389693,0.49389693
A,MA1_7657,MA1,7657,0,282,0,2018-01-30,2018-11-07,,,,,,0.49389693,0.49389693,0.49389693
A,MA1_7788,MA1,7788,0,671,0,2018-01-30,2019-12-01,,,,,,0.49389693,0.49389693,0.49389693
A,MA1_839,MA1,839,0,635,0,2018-01-30,2019-10-26,,,,,,0.49389693,0.49389687,0.49389693
A,MA1_8496,MA1,8496,0,636,0,2018-03-06,2019-12-01,,,,,,0.49389693,0.49389687,0.49389693
A,MA1_8502,MA1,8502,0,634,0,2018-01-30,2019-10-25,,,,,,0.49389693,0.49389687,0.49389693
A,MA1_8586,MA1,8586,0,671,0,2018-01-30,2019-12-01,,,,,,0.49389693,0.49389693,0.49389693
A,MA1_8635,MA1,8635,0,671,0,2018-01-30,2019-12-01,,,,,,0.49389693,0.49389693,0.49389693
A,MA1_8867,MA1,8867,0,214,0,2019-05-02,2019-12-01,,,,,,0.49389693,0.4938969,0.49389693
A,MA1_8878,MA1,8878,0,369,0,2018-11-28,2019-12-01,,,,,,0.49389693,0.4938969,0.49389693
A,MA1_8956,MA1,8956,1,242,30,2018-01-30,2018-09-28,2018-08-30,2018-09-28,0.4938969314098358,0.4938969314098358,0.4938969314098358,0.49389693,0.49389693,0.49389693
A,MA1_9039,MA1,9039,0,281,0,2018-01-30,2018-11-06,,,,,,0.49389693,0.49389693,0.49389693
A,MA1_9186,MA1,9186,0,634,0,2018-01-30,2019-10-25,,,,,,0.49389693,0.49389687,0.49389693
A,MA1_9400,MA1,9400,0,671,0,2018-01-30,2019-12-01,,,,,,0.49389693,0.49389693,0.49389693
A,MA1_9559,MA1,9559,0,118,0,2018-01-30,2018-05-27,,,,,,0.49389693,0.4938969,0.49389693
A,MA1_9584,MA1,9584,0,403,0,2018-01-30,2019-03-08,,,,,,0.49389693,0.49389693,0.49389693
A,MA1_960,MA1,960,0,671,0,2018-01-30,2019-12-01,,,,,,0.49389693,0.49389693,0.49389693
A,MA1_977,MA1,977,0,655,0,2018-02-15,2019-12-01,,,,,,0.49389693,0.49389696,0.49389693
A,MA1_9790,MA1,9790,0,11,0,2018-01-30,2018-02-09,,,,,,0.49389693,0.49389693,0.49389693
A,MA1_9836,MA1,9836,0,671,0,2018-01-30,2019-12-01,,,,,,0.49389693,0.49389693,0.49389693
A,MA1_9841,MA1,9841,0,657,0,2018-01-30,2019-11-17,,,,,,0.49389693,0.49389696,0.49389693
A,MA2_100017,MA2,100017,0,444,0,2018-09-14,2019-12-01,,,,,,0.49389693,0.4938969,0.49389693
A,MA2_100157,MA2,100157,0,671,0,2018-01-30,2019-12-01,,,,,,0.49389693,0.49389693,0.49389693
A,MA2_100171,MA2,100171,0,393,0,2018-01-30,2019-02-26,,,,,,0.49389693,0.49389696,0.49389693
A,MA2_100289,MA2,100289,0,453,0,2018-01-30,2019-04-27,,,,,,0.49389693,0.49389693,0.49389693
A,MA2_100401,MA2,100401,0,671,0,2018-01-30,2019-12-01,,,,,,0.49389693,0.49389693,0.49389693
A,MA2_100651,MA2,100651,0,382,0,2018-01-30,2019-02-15,,,,,,0.49389693,0.49389687,0.49389693
A,MA2_100826,MA2,100826,0,635,0,2018-01-30,2019-10-26,,,,,,0.49389693,0.49389687,0.49389693
A,MA2_101167,MA2,101167,0,327,0,2018-01-30,2018-12-22,,,,,,0.49389693,0.4938969,0.49389693
A,MA2_101233,MA2,101233,0,457,0,2018-01-30,2019-05-01,,,,,,0.49389693,0.49389696,0.49389693
A,MA2_101376,MA2,101376,0,671,0,2018-01-30,2019-12-01,,,,,,0.49389693,0.49389693,0.49389693
A,MA2_101430,MA2,101430,0,671,0,2018-01-30,2019-12-01,,,,,,0.49389693,0.49389693,0.49389693
A,MA2_101436,MA2,101436,0,444,0,2018-09-14,2019-12-01,,,,,,0.49389693,0.4938969,0.49389693
A,MA2_101480,MA2,101480,0,671,0,2018-01-30,2019-12-01,,,,,,0.49389693,0.49389693,0.49389693
A,MA2_101503,MA2,101503,0,671,0,2018-01-30,2019-12-01,,,,,,0.49389693,0.49389693,0.49389693
A,MA2_101508,MA2,101508,0,671,0,2018-01-30,2019-12-01,,,,,,0.49389693,0.49389693,0.49389693
A,MA2_101524,MA2,101524,0,327,0,2018-01-30,2018-12-22,,,,,,0.49389693,0.4938969,0.49389693
A,MA2_101532,MA2,101532,0,671,0,2018-01-30,2019-12-01,,,,,,0.49389693,0.49389693,0.49389693
A,MA2_10163,MA2,10163,0,635,0,2018-01-30,2019-10-26,,,,,,0.49389693,0.49389687,0.49389693
A,MA2_101864,MA2,101864,0,635,0,2018-01-30,2019-10-26,,,,,,0.49389693,0.49389687,0.49389693
A,MA2_101988,MA2,101988,0,415,0,2018-03-08,2019-04-26,,,,,,0.49389693,0.49389693,0.49389693
A,MA2_10234,MA2,10234,0,671,0,2018-01-30,2019-12-01,,,,,,0.49389693,0.49389693,0.49389693
A,MA2_10251,MA2,10251,0,253,0,2018-01-30,2018-10-09,,,,,,0.49389693,0.49389693,0.49389693
A,MA2_102758,MA2,102758,0,476,0,2018-01-30,2019-05-20,,,,,,0.49389693,0.49389693,0.49389693
A,MA2_102759,MA2,102759,0,476,0,2018-01-30,2019-05-20,,,,,,0.49389693,0.49389693,0.49389693
A,MA2_102808,MA2,102808,0,671,0,2018-01-30,2019-12-01,,,,,,0.49389693,0.49389693,0.49389693
A,MA2_102852,MA2,102852,0,328,0,2018-01-30,2018-12-23,,,,,,0.49389693,0.49389696,0.49389693
A,MA2_103034,MA2,103034,0,169,0,2018-09-15,2019-03-02,,,,,,0.49389693,0.49389693,0.49389693
A,MA2_103271,MA2,103271,0,671,0,2018-01-30,2019-12-01,,,,,,0.49389693,0.49389693,0.49389693
A,MA2_103340,MA2,103340,0,671,0,2018-01-30,2019-12-01,,,,,,0.49389693,0.49389693,0.49389693
A,MA2_103420,MA2,103420,0,671,0,2018-01-30,2019-12-01,,,,,,0.49389693,0.49389693,0.49389693
A,MA2_103460,MA2,103460,0,669,0,2018-02-01,2019-12-01,,,,,,0.49389693,0.49389693,0.49389693
A,MA2_10351,MA2,10351,0,245,0,2018-01-30,2018-10-01,,,,,,0.49389693,0.49389693,0.49389693
A,MA2_103721,MA2,103721,0,635,0,2018-01-30,2019-10-26,,,,,,0.49389693,0.49389687,0.49389693
A,MA2_10384,MA2,10384,0,645,0,2018-01-30,2019-11-05,,,,,,0.49389693,0.4938969,0.49389693
A,MA2_103879,MA2,103879,0,671,0,2018-01-30,2019-12-01,,,,,,0.49389693,0.49389693,0.49389693
A,MA2_104203,MA2,104203,0,635,0,2018-01-30,2019-10-26,,,,,,0.49389693,0.49389687,0.49389693
A,MA2_10421,MA2,10421,0,671,0,2018-01-30,2019-12-01,,,,,,0.49389693,0.49389693,0.49389693
A,MA2_104250,MA2,104250,0,671,0,2018-01-30,2019-12-01,,,,,,0.49389693,0.49389693,0.49389693
A,MA2_10431,MA2,10431,0,671,0,2018-01-30,2019-12-01,,,,,,0.49389693,0.49389693,0.49389693
A,MA2_104388,MA2,104388,0,309,0,2018-01-30,2018-12-04,,,,,,0.49389693,0.49389687,0.49389693
A,MA2_104412,MA2,104412,0,668,0,2018-01-30,2019-11-28,,,,,,0.49389693,0.49389693,0.49389693
A,MA2_104427,MA2,104427,0,635,0,2018-01-30,2019-10-26,,,,,,0.49389693,0.49389687,0.49389693
A,MA2_104463,MA2,104463,0,671,0,2018-01-30,2019-12-01,,,,,,0.49389693,0.49389693,0.49389693
A,MA2_104471,MA2,104471,0,671,0,2018-01-30,2019-12-01,,,,,,0.49389693,0.49389693,0.49389693
A,MA2_104505,MA2,104505,0,635,0,2018-01-30,2019-10-26,,,,,,0.49389693,0.49389687,0.49389693
A,MA2_104512,MA2,104512,0,635,0,2018-01-30,2019-10-26,,,,,,0.49389693,0.49389687,0.49389693
A,MA2_10456,MA2,10456,0,671,0,2018-01-30,2019-12-01,,,,,,0.49389693,0.49389693,0.49389693
A,MA2_104700,MA2,104700,0,635,0,2018-01-30,2019-10-26,,,,,,0.49389693,0.49389687,0.49389693
A,MA2_104712,MA2,104712,0,468,0,2018-01-30,2019-05-12,,,,,,0.49389693,0.49389693,0.49389693
A,MA2_104791,MA2,104791,0,671,0,2018-01-30,2019-12-01,,,,,,0.49389693,0.49389693,0.49389693
A,MA2_105005,MA2,105005,0,620,0,2018-01-30,2019-10-11,,,,,,0.49389693,0.49389687,0.49389693
A,MA2_105047,MA2,105047,0,671,0,2018-01-30,2019-12-01,,,,,,0.49389693,0.49389693,0.49389693
A,MA2_105172,MA2,105172,0,671,0,2018-01-30,2019-12-01,,,,,,0.49389693,0.49389693,0.49389693
A,MA2_105189,MA2,105189,0,635,0,2018-01-30,2019-10-26,,,,,,0.49389693,0.49389687,0.49389693
A,MA2_105297,MA2,105297,0,620,0,2018-01-30,2019-10-11,,,,,,0.49389693,0.49389687,0.49389693
A,MA2_105394,MA2,105394,0,671,0,2018-01-30,2019-12-01,,,,,,0.49389693,0.49389693,0.49389693
A,MA2_105444,MA2,105444,0,635,0,2018-01-30,2019-10-26,,,,,,0.49389693,0.49389687,0.49389693
A,MA2_105472,MA2,105472,0,635,0,2018-01-30,2019-10-26,,,,,,0.49389693,0.49389687,0.49389693
A,MA2_105509,MA2,105509,0,251,0,2018-01-30,2018-10-07,,,,,,0.49389693,0.49389693,0.49389693
A,MA2_105526,MA2,105526,0,671,0,2018-01-30,2019-12-01,,,,,,0.49389693,0.49389693,0.49389693
A,MA2_105605,MA2,105605,0,635,0,2018-01-30,2019-10-26,,,,,,0.49389693,0.49389687,0.49389693
A,MA2_105907,MA2,105907,0,671,0,2018-01-30,2019-12-01,,,,,,0.49389693,0.49389693,0.49389693
A,MA2_105912,MA2,105912,0,671,0,2018-01-30,2019-12-01,,,,,,0.49389693,0.49389693,0.49389693
A,MA2_105922,MA2,105922,0,460,0,2018-01-30,2019-05-04,,,,,,0.49389693,0.49389696,0.49389693
A,MA2_105955,MA2,105955,0,635,0,2018-01-30,2019-10-26,,,,,,0.49389693,0.49389687,0.49389693
A,MA2_106155,MA2,106155,0,661,0,2018-01-30,2019-11-21,,,,,,0.49389693,0.49389693,0.49389693
A,MA2_106441,MA2,106441,0,635,0,2018-01-30,2019-10-26,,,,,,0.49389693,0.49389687,0.49389693
A,MA2_106851,MA2,106851,0,671,0,2018-01-30,2019-12-01,,,,,,0.49389693,0.49389693,0.49389693
A,MA2_106934,MA2,106934,0,671,0,2018-01-30,2019-12-01,,,,,,0.49389693,0.49389693,0.49389693
A,MA2_106994,MA2,106994,0,671,0,2018-01-30,2019-12-01,,,,,,0.49389693,0.49389693,0.49389693
A,MA2_107077,MA2,107077,0,671,0,2018-01-30,2019-12-01,,,,,,0.49389693,0.49389693,0.49389693
A,MA2_107123,MA2,107123,0,671,0,2018-01-30,2019-12-01,,,,,,0.49389693,0.49389693,0.49389693
A,MA2_107139,MA2,107139,0,635,0,2018-01-30,2019-10-26,,,,,,0.49389693,0.49389687,0.49389693
A,MA2_107169,MA2,107169,0,671,0,2018-01-30,2019-12-01,,,,,,0.49389693,0.49389693,0.49389693
A,MA2_107208,MA2,107208,0,671,0,2018-01-30,2019-12-01,,,,,,0.49389693,0.49389693,0.49389693
A,MA2_107456,MA2,107456,0,671,0,2018-01-30,2019-12-01,,,,,,0.49389693,0.49389693,0.49389693
A,MA2_107457,MA2,107457,0,671,0,2018-01-30,2019-12-01,,,,,,0.49389693,0.49389693,0.49389693
A,MA2_107500,MA2,107500,0,635,0,2018-01-30,2019-10-26,,,,,,0.49389693,0.49389687,0.49389693
A,MA2_107701,MA2,107701,0,671,0,2018-01-30,2019-12-01,,,,,,0.49389693,0.49389693,0.49389693
A,MA2_107733,MA2,107733,1,161,30,2018-01-30,2018-07-09,2018-06-10,2018-07-09,0.4938969314098358,0.4938969314098358,0.4938969314098358,0.49389693,0.4938969,0.49389693
A,MA2_107872,MA2,107872,0,99,0,2018-01-30,2018-05-08,,,,,,0.49389693,0.4938969,0.49389693
A,MA2_10800,MA2,10800,0,671,0,2018-01-30,2019-12-01,,,,,,0.49389693,0.49389693,0.49389693
A,MA2_108120,MA2,108120,0,635,0,2018-01-30,2019-10-26,,,,,,0.49389693,0.49389687,0.49389693
A,MA2_108123,MA2,108123,0,635,0,2018-01-30,2019-10-26,,,,,,0.49389693,0.49389687,0.49389693
A,MA2_108126,MA2,108126,0,671,0,2018-01-30,2019-12-01,,,,,,0.49389693,0.49389693,0.49389693
A,MA2_108192,MA2,108192,0,411,0,2018-01-30,2019-03-16,,,,,,0.49389693,0.49389693,0.49389693
A,MA2_108314,MA2,108314,0,671,0,2018-01-30,2019-12-01,,,,,,0.49389693,0.49389693,0.49389693
A,MA2_108486,MA2,108486,0,668,0,2018-01-30,2019-11-28,,,,,,0.49389693,0.49389693,0.49389693
A,MA2_108564,MA2,108564,0,671,0,2018-01-30,2019-12-01,,,,,,0.49389693,0.49389693,0.49389693
A,MA2_108601,MA2,108601,0,671,0,2018-01-30,2019-12-01,,,,,,0.49389693,0.49389693,0.49389693
A,MA2_108900,MA2,108900,0,635,0,2018-01-30,2019-10-26,,,,,,0.49389693,0.49389687,0.49389693
A,MA2_10896,MA2,10896,0,169,0,2018-09-15,2019-03-02,,,,,,0.49389693,0.49389693,0.49389693
A,MA2_108972,MA2,108972,0,671,0,2018-01-30,2019-12-01,,,,,,0.49389693,0.49389693,0.49389693
A,MA2_108976,MA2,108976,0,659,0,2018-01-30,2019-11-19,,,,,,0.49389693,0.49389696,0.49389693
A,MA2_108986,MA2,108986,0,634,0,2018-01-31,2019-10-26,,,,,,0.49389693,0.49389687,0.49389693
A,MA2_109044,MA2,109044,0,635,0,2018-01-30,2019-10-26,,,,,,0.49389693,0.49389687,0.49389693
A,MA2_109077,MA2,109077,0,635,0,2018-01-30,2019-10-26,,,,,,0.49389693,0.49389687,0.49389693
A,MA2_109140,MA2,109140,0,671,0,2018-01-30,2019-12-01,,,,,,0.49389693,0.49389693,0.49389693
A,MA2_109165,MA2,109165,0,635,0,2018-01-30,2019-10-26,,,,,,0.49389693,0.49389687,0.49389693
A,MA2_10933,MA2,10933,0,388,0,2018-11-09,2019-12-01,,,,,,0.49389693,0.49389693,0.49389693
A,MA2_10936,MA2,10936,0,545,0,2018-01-30,2019-07-28,,,,,,0.49389693,0.49389693,0.49389693
A,MA2_10941,MA2,10941,0,635,0,2018-01-30,2019-10-26,,,,,,0.49389693,0.49389687,0.49389693
A,MA2_10948,MA2,10948,0,635,0,2018-01-30,2019-10-26,,,,,,0.49389693,0.49389687,0.49389693
A,MA2_109996,MA2,109996,0,671,0,2018-01-30,2019-12-01,,,,,,0.49389693,0.49389693,0.49389693
A,MA2_110174,MA2,110174,0,384,0,2018-01-30,2019-02-17,,,,,,0.49389693,0.49389693,0.49389693
A,MA2_110244,MA2,110244,0,671,0,2018-01-30,2019-12-01,,,,,,0.49389693,0.49389693,0.49389693
A,MA2_110269,MA2,110269,0,670,0,2018-01-31,2019-12-01,,,,,,0.49389693,0.49389693,0.49389693
A,MA2_110503,MA2,110503,0,634,0,2018-01-30,2019-10-25,,,,,,0.49389693,0.49389687,0.49389693
A,MA2_11079,MA2,11079,0,671,0,2018-01-30,2019-12-01,,,,,,0.49389693,0.49389693,0.49389693
A,MA2_110862,MA2,110862,0,459,0,2018-01-30,2019-05-03,,,,,,0.49389693,0.49389696,0.49389693
A,MA2_111115,MA2,111115,0,635,0,2018-01-30,2019-10-26,,,,,,0.49389693,0.49389687,0.49389693
A,MA2_111161,MA2,111161,0,657,0,2018-01-30,2019-11-17,,,,,,0.49389693,0.49389696,0.49389693
A,MA2_111572,MA2,111572,0,671,0,2018-01-30,2019-12-01,,,,,,0.49389693,0.49389693,0.49389693
A,MA2_111607,MA2,111607,0,413,0,2018-01-30,2019-03-18,,,,,,0.49389693,0.49389693,0.49389693
A,MA2_111672,MA2,111672,0,452,0,2018-01-30,2019-04-26,,,,,,0.49389693,0.49389693,0.49389693
A,MA2_111697,MA2,111697,0,671,0,2018-01-30,2019-12-01,,,,,,0.49389693,0.49389693,0.49389693
A,MA2_111702,MA2,111702,0,456,0,2018-01-30,2019-04-30,,,,,,0.49389693,0.49389696,0.49389693
A,MA2_112047,MA2,112047,0,671,0,2018-01-30,2019-12-01,,,,,,0.49389693,0.49389693,0.49389693
A,MA2_112153,MA2,112153,1,372,30,2018-01-30,2019-02-05,2019-01-07,2019-02-05,0.4938969314098358,0.4938969314098358,0.4938969314098358,0.49389693,0.4938969,0.49389693
A,MA2_112406,MA2,112406,0,627,0,2018-01-30,2019-10-18,,,,,,0.49389693,0.49389687,0.49389693
A,MA2_112411,MA2,112411,0,671,0,2018-01-30,2019-12-01,,,,,,0.49389693,0.49389693,0.49389693
A,MA2_1126,MA2,1126,0,459,0,2018-01-30,2019-05-03,,,,,,0.68847096,0.6792959,0.6705362
A,MA2_112633,MA2,112633,0,671,0,2018-01-30,2019-12-01,,,,,,0.49389693,0.49389693,0.49389693
A,MA2_112728,MA2,112728,0,453,0,2018-01-30,2019-04-27,,,,,,0.49389693,0.49389693,0.49389693
A,MA2_112995,MA2,112995,0,671,0,2018-01-30,2019-12-01,,,,,,0.49389693,0.49389693,0.49389693
A,MA2_113340,MA2,113340,0,383,0,2018-01-30,2019-02-16,,,,,,0.49389693,0.49389687,0.49389693
A,MA2_113622,MA2,113622,0,671,0,2018-01-30,2019-12-01,,,,,,0.49389693,0.49389693,0.49389693
A,MA2_113648,MA2,113648,0,635,0,2018-01-30,2019-10-26,,,,,,0.49389693,0.49389687,0.49389693
A,MA2_113695,MA2,113695,0,671,0,2018-01-30,2019-12-01,,,,,,0.49389693,0.49389693,0.49389693
A,MA2_113749,MA2,113749,0,514,0,2018-01-30,2019-06-27,,,,,,0.49389693,0.49389696,0.49389693
A,MA2_114218,MA2,114218,0,458,0,2018-01-30,2019-05-02,,,,,,0.49389693,0.49389696,0.49389693
A,MA2_114290,MA2,114290,0,590,0,2018-01-30,2019-09-11,,,,,,0.49389693,0.4938969,0.49389693
A,MA2_114335,MA2,114335,0,119,0,2018-01-30,2018-05-28,,,,,,0.49389693,0.4938969,0.49389693
A,MA2_114360,MA2,114360,0,658,0,2018-01-30,2019-11-18,,,,,,0.49389693,0.49389696,0.49389693
A,MA2_114374,MA2,114374,0,671,0,2018-01-30,2019-12-01,,,,,,0.49389693,0.49389693,0.49389693
A,MA2_114714,MA2,114714,0,327,0,2018-01-30,2018-12-22,,,,,,0.49389693,0.4938969,0.49389693
A,MA2_11473,MA2,11473,0,671,0,2018-01-30,2019-12-01,,,,,,0.49389693,0.49389693,0.49389693
A,MA2_11475,MA2,11475,0,671,0,2018-01-30,2019-12-01,,,,,,0.49389693,0.49389693,0.49389693
A,MA2_11476,MA2,11476,0,671,0,2018-01-30,2019-12-01,,,,,,0.49389693,0.49389693,0.49389693
A,MA2_11503,MA2,11503,0,671,0,2018-01-30,2019-12-01,,,,,,0.49389693,0.49389693,0.49389693
A,MA2_115203,MA2,115203,0,671,0,2018-01-30,2019-12-01,,,,,,0.49389693,0.49389693,0.49389693
A,MA2_115326,MA2,115326,0,671,0,2018-01-30,2019-12-01,,,,,,0.49389693,0.49389693,0.49389693
A,MA2_115328,MA2,115328,0,671,0,2018-01-30,2019-12-01,,,,,,0.49389693,0.49389693,0.49389693
A,MA2_115461,MA2,115461,0,333,0,2018-01-30,2018-12-28,,,,,,0.49389693,0.49389693,0.49389693
A,MA2_115543,MA2,115543,0,671,0,2018-01-30,2019-12-01,,,,,,0.49389693,0.49389693,0.49389693
A,MA2_115636,MA2,115636,0,125,0,2018-01-30,2018-06-03,,,,,,0.49389693,0.4938969,0.49389693
A,MA2_115650,MA2,115650,0,671,0,2018-01-30,2019-12-01,,,,,,0.49389693,0.49389693,0.49389693
A,MA2_115955,MA2,115955,0,635,0,2018-01-30,2019-10-26,,,,,,0.49389693,0.49389687,0.49389693
A,MA2_116145,MA2,116145,1,254,29,2018-01-30,2018-10-10,2018-09-11,2018-10-10,0.4938969314098358,0.4938969314098358,0.4938969314098358,0.49389693,0.49389693,0.49389693
A,MA2_116192,MA2,116192,0,635,0,2018-01-30,2019-10-26,,,,,,0.49389693,0.49389687,0.49389693
A,MA2_116323,MA2,116323,0,488,0,2018-01-30,2019-06-01,,,,,,0.49389693,0.49389693,0.49389693
A,MA2_116351,MA2,116351,0,635,0,2018-01-30,2019-10-26,,,,,,0.49389693,0.49389687,0.49389693
A,MA2_116389,MA2,116389,0,635,0,2018-01-30,2019-10-26,,,,,,0.49389693,0.49389687,0.49389693
A,MA2_11653,MA2,11653,0,636,0,2018-01-30,2019-10-27,,,,,,0.49389693,0.49389687,0.49389693
A,MA2_116560,MA2,116560,0,96,0,2019-08-28,2019-12-01,,,,,,0.49389693,0.49389693,0.49389693
A,MA2_116609,MA2,116609,0,364,0,2018-01-30,2019-01-28,,,,,,0.49389693,0.4938969,0.49389693
A,MA2_11686,MA2,11686,0,457,0,2018-01-30,2019-05-01,,,,,,0.49389693,0.49389696,0.49389693
A,MA2_116895,MA2,116895,0,671,0,2018-01-30,2019-12-01,,,,,,0.49389693,0.49389693,0.49389693
A,MA2_116950,MA2,116950,0,529,0,2018-01-30,2019-07-12,,,,,,0.49389693,0.49389693,0.49389693
A,MA2_116983,MA2,116983,0,384,0,2018-01-30,2019-02-17,,,,,,0.49389693,0.49389693,0.49389693
A,MA2_117099,MA2,117099,0,663,0,2018-01-30,2019-11-23,,,,,,0.49389693,0.49389693,0.49389693
A,MA2_117132,MA2,117132,0,635,0,2018-01-30,2019-10-26,,,,,,0.49389693,0.49389687,0.49389693
A,MA2_117142,MA2,117142,0,659,0,2018-01-30,2019-11-19,,,,,,0.49389693,0.49389696,0.49389693
A,MA2_117299,MA2,117299,0,671,0,2018-01-30,2019-12-01,,,,,,0.49389693,0.49389693,0.49389693
A,MA2_117436,MA2,117436,0,671,0,2018-01-30,2019-12-01,,,,,,0.49389693,0.49389693,0.49389693
A,MA2_11745,MA2,11745,0,634,0,2018-01-31,2019-10-26,,,,,,0.49389693,0.49389687,0.49389693
A,MA2_117474,MA2,117474,0,671,0,2018-01-30,2019-12-01,,,,,,0.49389693,0.49389693,0.49389693
A,MA2_117566,MA2,117566,0,530,0,2018-01-30,2019-07-13,,,,,,0.49389693,0.49389693,0.49389693
A,MA2_117703,MA2,117703,0,671,0,2018-01-30,2019-12-01,,,,,,0.49389693,0.49389693,0.49389693
A,MA2_117799,MA2,117799,0,543,0,2018-01-30,2019-07-26,,,,,,0.49389693,0.49389693,0.49389693
A,MA2_117955,MA2,117955,0,671,0,2018-01-30,2019-12-01,,,,,,0.49389693,0.49389693,0.49389693
A,MA2_118158,MA2,118158,0,671,0,2018-01-30,2019-12-01,,,,,,0.49389693,0.49389693,0.49389693
A,MA2_118292,MA2,118292,0,169,0,2018-09-15,2019-03-02,,,,,,0.49389693,0.49389693,0.49389693
A,MA2_118396,MA2,118396,0,308,0,2018-01-30,2018-12-03,,,,,,0.49389693,0.49389687,0.49389693
A,MA2_11840,MA2,11840,0,443,0,2018-09-15,2019-12-01,,,,,,0.49389693,0.4938969,0.49389693
A,MA2_118698,MA2,118698,0,645,0,2018-01-30,2019-11-05,,,,,,0.49389693,0.4938969,0.49389693
A,MA2_118712,MA2,118712,0,174,0,2018-01-30,2018-07-22,,,,,,0.49389693,0.49389693,0.49389693
A,MA2_118844,MA2,118844,0,671,0,2018-01-30,2019-12-01,,,,,,0.49389693,0.49389693,0.49389693
A,MA2_118907,MA2,118907,0,671,0,2018-01-30,2019-12-01,,,,,,0.49389693,0.49389693,0.49389693
A,MA2_118989,MA2,118989,0,671,0,2018-01-30,2019-12-01,,,,,,0.49389693,0.49389693,0.49389693
A,MA2_119510,MA2,119510,0,671,0,2018-01-30,2019-12-01,,,,,,0.49389693,0.49389693,0.49389693
A,MA2_119522,MA2,119522,0,236,0,2018-01-30,2018-09-22,,,,,,0.49389693,0.49389693,0.49389693
A,MA2_11957,MA2,11957,0,671,0,2018-01-30,2019-12-01,,,,,,0.49389693,0.49389693,0.49389693
A,MA2_119788,MA2,119788,0,635,0,2018-01-30,2019-10-26,,,,,,0.49389693,0.49389687,0.49389693
A,MA2_119815,MA2,119815,0,635,0,2018-01-30,2019-10-26,,,,,,0.49389693,0.49389687,0.49389693
A,MA2_119879,MA2,119879,0,671,0,2018-01-30,2019-12-01,,,,,,0.49389693,0.49389693,0.49389693
A,MA2_119954,MA2,119954,0,671,0,2018-01-30,2019-12-01,,,,,,0.49389693,0.49389693,0.49389693
A,MA2_12002,MA2,12002,0,657,0,2018-01-30,2019-11-17,,,,,,0.49389693,0.49389696,0.49389693
A,MA2_120020,MA2,120020,0,665,0,2018-01-30,2019-11-25,,,,,,0.49389693,0.49389693,0.49389693
A,MA2_120034,MA2,120034,0,671,0,2018-01-30,2019-12-01,,,,,,0.49389693,0.49389693,0.49389693
A,MA2_120069,MA2,120069,0,671,0,2018-01-30,2019-12-01,,,,,,0.49389693,0.49389693,0.49389693
A,MA2_120150,MA2,120150,0,249,0,2018-01-30,2018-10-05,,,,,,0.49389693,0.49389693,0.49389693
A,MA2_120169,MA2,120169,0,668,0,2018-01-30,2019-11-28,,,,,,0.49389693,0.49389693,0.49389693
A,MA2_120312,MA2,120312,0,444,0,2018-09-14,2019-12-01,,,,,,0.49389693,0.4938969,0.49389693
A,MA2_120439,MA2,120439,0,635,0,2018-01-30,2019-10-26,,,,,,0.49389693,0.49389687,0.49389693
A,MA2_12044,MA2,12044,0,635,0,2018-01-30,2019-10-26,,,,,,0.49389693,0.49389687,0.49389693
A,MA2_120770,MA2,120770,0,137,0,2018-01-30,2018-06-15,,,,,,0.49389693,0.49389693,0.49389693
A,MA2_12109,MA2,12109,0,671,0,2018-01-30,2019-12-01,,,,,,0.49389693,0.49389693,0.49389693
A,MA2_12219,MA2,12219,0,630,0,2018-01-30,2019-10-21,,,,,,0.49389693,0.49389687,0.49389693
A,MA2_1224,MA2,1224,0,671,0,2018-01-30,2019-12-01,,,,,,0.49389693,0.49389693,0.49389693
A,MA2_12243,MA2,12243,0,635,0,2018-01-30,2019-10-26,,,,,,0.49389693,0.49389687,0.49389693
A,MA2_12365,MA2,12365,0,635,0,2018-01-30,2019-10-26,,,,,,0.49389693,0.49389687,0.49389693
A,MA2_12587,MA2,12587,0,458,0,2018-01-30,2019-05-02,,,,,,0.49389693,0.49389696,0.49389693
A,MA2_1276,MA2,1276,0,671,0,2018-01-30,2019-12-01,,,,,,0.49389693,0.49389693,0.49389693
A,MA2_12817,MA2,12817,0,635,0,2018-01-30,2019-10-26,,,,,,0.49389693,0.49389687,0.49389693
A,MA2_13056,MA2,13056,0,112,0,2018-01-30,2018-05-21,,,,,,0.49389693,0.49389693,0.49389693
A,MA2_13085,MA2,13085,0,444,0,2018-09-14,2019-12-01,,,,,,0.49389693,0.4938969,0.49389693
A,MA2_13167,MA2,13167,0,671,0,2018-01-30,2019-12-01,,,,,,0.49389693,0.49389693,0.49389693
A,MA2_13217,MA2,13217,1,15,15,2018-01-30,2018-02-13,2018-01-30,2018-02-13,0.4938969314098358,0.4938969314098358,0.4938969314098358,0.49389693,0.49389693,0.49389693
A,MA2_13382,MA2,13382,0,460,0,2018-01-30,2019-05-04,,,,,,0.49389693,0.49389696,0.49389693
A,MA2_13447,MA2,13447,0,671,0,2018-01-30,2019-12-01,,,,,,0.49389693,0.49389693,0.49389693
A,MA2_13800,MA2,13800,0,451,0,2018-09-07,2019-12-01,,,,,,0.49389693,0.49389693,0.49389693
A,MA2_13836,MA2,13836,0,671,0,2018-01-30,2019-12-01,,,,,,0.49389693,0.49389693,0.49389693
A,MA2_13967,MA2,13967,0,635,0,2018-01-30,2019-10-26,,,,,,0.49389693,0.49389687,0.49389693
A,MA2_13998,MA2,13998,0,635,0,2018-01-30,2019-10-26,,,,,,0.49389693,0.49389687,0.49389693
A,MA2_14310,MA2,14310,0,671,0,2018-01-30,2019-12-01,,,,,,0.49389693,0.49389693,0.49389693
A,MA2_14419,MA2,14419,0,364,0,2018-01-30,2019-01-28,,,,,,0.49389693,0.4938969,0.49389693
A,MA2_14897,MA2,14897,0,671,0,2018-01-30,2019-12-01,,,,,,0.49389693,0.49389693,0.49389693
A,MA2_151,MA2,151,0,635,0,2018-01-30,2019-10-26,,,,,,0.49389693,0.49389687,0.49389693
A,MA2_15342,MA2,15342,0,671,0,2018-01-30,2019-12-01,,,,,,0.49389693,0.49389693,0.49389693
A,MA2_1571,MA2,1571,0,635,0,2018-01-30,2019-10-26,,,,,,0.49389693,0.49389687,0.49389693
A,MA2_15764,MA2,15764,0,635,0,2018-01-30,2019-10-26,,,,,,0.49389693,0.49389687,0.49389693
A,MA2_15810,MA2,15810,0,671,0,2018-01-30,2019-12-01,,,,,,0.49389693,0.49389693,0.49389693
A,MA2_15936,MA2,15936,0,665,0,2018-01-30,2019-11-25,,,,,,0.49389693,0.49389693,0.49389693
A,MA2_16034,MA2,16034,0,665,0,2018-01-30,2019-11-25,,,,,,0.49389693,0.49389693,0.49389693
A,MA2_1628,MA2,1628,0,459,0,2018-01-30,2019-05-03,,,,,,0.49389693,0.49389696,0.49389693
A,MA2_16330,MA2,16330,0,671,0,2018-01-30,2019-12-01,,,,,,0.49389693,0.49389693,0.49389693
A,MA2_16426,MA2,16426,0,671,0,2018-01-30,2019-12-01,,,,,,0.49389693,0.49389693,0.49389693
A,MA2_16784,MA2,16784,0,671,0,2018-01-30,2019-12-01,,,,,,0.49389693,0.49389693,0.49389693
A,MA2_1681,MA2,1681,0,671,0,2018-01-30,2019-12-01,,,,,,0.49389693,0.49389693,0.49389693
A,MA2_16852,MA2,16852,0,635,0,2018-01-30,2019-10-26,,,,,,0.49389693,0.49389687,0.49389693
A,MA2_17018,MA2,17018,0,671,0,2018-01-30,2019-12-01,,,,,,0.49389693,0.49389693,0.49389693
A,MA2_17086,MA2,17086,0,379,0,2018-02-13,2019-02-26,,,,,,0.49389693,0.4938969,0.49389693
A,MA2_17122,MA2,17122,0,441,0,2018-01-30,2019-04-15,,,,,,0.49389693,0.4938969,0.49389693
A,MA2_17126,MA2,17126,0,441,0,2018-01-30,2019-04-15,,,,,,0.49389693,0.4938969,0.49389693
A,MA2_17343,MA2,17343,0,671,0,2018-01-30,2019-12-01,,,,,,0.49389693,0.49389693,0.49389693
A,MA2_17422,MA2,17422,0,671,0,2018-01-30,2019-12-01,,,,,,0.49389693,0.49389693,0.49389693
A,MA2_17438,MA2,17438,0,441,0,2018-01-30,2019-04-15,,,,,,0.49389693,0.4938969,0.49389693
A,MA2_17515,MA2,17515,0,665,0,2018-01-30,2019-11-25,,,,,,0.49389693,0.49389693,0.49389693
A,MA2_17526,MA2,17526,0,635,0,2018-01-30,2019-10-26,,,,,,0.49389693,0.49389687,0.49389693
A,MA2_17739,MA2,17739,0,671,0,2018-01-30,2019-12-01,,,,,,0.49389693,0.49389693,0.49389693
A,MA2_17834,MA2,17834,0,671,0,2018-01-30,2019-12-01,,,,,,0.49389693,0.49389693,0.49389693
A,MA2_18111,MA2,18111,0,671,0,2018-01-30,2019-12-01,,,,,,0.49389693,0.49389693,0.49389693
A,MA2_18304,MA2,18304,0,635,0,2018-01-30,2019-10-26,,,,,,0.49389693,0.49389687,0.49389693
A,MA2_1837,MA2,1837,0,384,0,2018-01-30,2019-02-17,,,,,,0.49389693,0.49389693,0.49389693
A,MA2_18670,MA2,18670,0,671,0,2018-01-30,2019-12-01,,,,,,0.49389693,0.49389693,0.49389693
A,MA2_18982,MA2,18982,0,663,0,2018-01-30,2019-11-23,,,,,,0.49389693,0.49389693,0.49389693
A,MA2_1922,MA2,1922,0,671,0,2018-01-30,2019-12-01,,,,,,0.49389693,0.49389693,0.49389693
A,MA2_19256,MA2,19256,0,460,0,2018-01-30,2019-05-04,,,,,,0.49389693,0.49389696,0.49389693
A,MA2_19295,MA2,19295,0,635,0,2018-01-30,2019-10-26,,,,,,0.49389693,0.49389687,0.49389693
A,MA2_19366,MA2,19366,0,635,0,2018-01-30,2019-10-26,,,,,,0.49389693,0.49389687,0.49389693
A,MA2_1950,MA2,1950,0,635,0,2018-01-30,2019-10-26,,,,,,0.49389693,0.49389687,0.49389693
A,MA2_19627,MA2,19627,0,671,0,2018-01-30,2019-12-01,,,,,,0.49389693,0.49389693,0.49389693
A,MA2_1966,MA2,1966,0,459,0,2018-01-30,2019-05-03,,,,,,0.49389693,0.49389696,0.49389693
A,MA2_19692,MA2,19692,0,635,0,2018-01-30,2019-10-26,,,,,,0.49389693,0.49389687,0.49389693
A,MA2_19700,MA2,19700,0,671,0,2018-01-30,2019-12-01,,,,,,0.49389693,0.49389693,0.49389693
A,MA2_19945,MA2,19945,0,249,0,2018-01-30,2018-10-05,,,,,,0.49389693,0.49389693,0.49389693
A,MA2_20081,MA2,20081,0,538,0,2018-01-30,2019-07-21,,,,,,0.49389693,0.49389693,0.49389693
A,MA2_20124,MA2,20124,0,657,0,2018-01-30,2019-11-17,,,,,,0.49389693,0.49389696,0.49389693
A,MA2_20164,MA2,20164,0,671,0,2018-01-30,2019-12-01,,,,,,0.49389693,0.49389693,0.49389693
A,MA2_20203,MA2,20203,0,408,0,2018-01-30,2019-03-13,,,,,,0.49389693,0.49389693,0.49389693
A,MA2_20535,MA2,20535,0,671,0,2018-01-30,2019-12-01,,,,,,0.49389693,0.49389693,0.49389693
A,MA2_2071,MA2,2071,0,671,0,2018-01-30,2019-12-01,,,,,,0.49389693,0.49389693,0.49389693
A,MA2_2094,MA2,2094,0,566,0,2018-05-15,2019-12-01,,,,,,0.49389693,0.4938969,0.49389693
A,MA2_21117,MA2,21117,0,457,0,2018-01-30,2019-05-01,,,,,,0.49389693,0.49389696,0.49389693
A,MA2_21336,MA2,21336,0,587,0,2018-01-30,2019-09-08,,,,,,0.49389693,0.4938969,0.49389693
A,MA2_2140,MA2,2140,0,491,0,2018-01-30,2019-06-04,,,,,,0.49389693,0.49389693,0.49389693
A,MA2_21401,MA2,21401,0,671,0,2018-01-30,2019-12-01,,,,,,0.49389693,0.49389693,0.49389693
A,MA2_2158,MA2,2158,0,671,0,2018-01-30,2019-12-01,,,,,,0.49389693,0.49389693,0.49389693
A,MA2_21714,MA2,21714,0,364,0,2018-01-30,2019-01-28,,,,,,0.49389693,0.4938969,0.49389693
A,MA2_21725,MA2,21725,0,293,0,2018-01-30,2018-11-18,,,,,,0.49389693,0.4938969,0.49389693
A,MA2_21981,MA2,21981,0,671,0,2018-01-30,2019-12-01,,,,,,0.49389693,0.49389693,0.49389693
A,MA2_22163,MA2,22163,0,671,0,2018-01-30,2019-12-01,,,,,,0.49389693,0.49389693,0.49389693
A,MA2_22213,MA2,22213,0,671,0,2018-01-30,2019-12-01,,,,,,0.49389693,0.49389693,0.49389693
A,MA2_22223,MA2,22223,0,635,0,2018-01-30,2019-10-26,,,,,,0.49389693,0.49389687,0.49389693
A,MA2_22355,MA2,22355,0,671,0,2018-01-30,2019-12-01,,,,,,0.49389693,0.49389693,0.49389693
A,MA2_22418,MA2,22418,0,668,0,2018-01-30,2019-11-28,,,,,,0.49389693,0.49389693,0.49389693
A,MA2_22467,MA2,22467,0,671,0,2018-01-30,2019-12-01,,,,,,0.49389693,0.49389693,0.49389693
A,MA2_22605,MA2,22605,0,671,0,2018-01-30,2019-12-01,,,,,,0.49389693,0.49389693,0.49389693
A,MA2_22743,MA2,22743,0,671,0,2018-01-30,2019-12-01,,,,,,0.49389693,0.49389693,0.49389693
A,MA2_2277,MA2,2277,0,635,0,2018-01-30,2019-10-26,,,,,,0.49389693,0.49389687,0.49389693
A,MA2_22776,MA2,22776,0,597,0,2018-02-15,2019-10-04,,,,,,0.49389693,0.4938969,0.49389693
A,MA2_22852,MA2,22852,0,457,0,2018-01-30,2019-05-01,,,,,,0.49389693,0.49389696,0.49389693
A,MA2_22950,MA2,22950,0,501,0,2018-01-30,2019-06-14,,,,,,0.49389693,0.4938969,0.49389693
A,MA2_22998,MA2,22998,0,670,0,2018-01-30,2019-11-30,,,,,,0.49389693,0.49389693,0.49389693
A,MA2_23040,MA2,23040,0,518,0,2018-01-30,2019-07-01,,,,,,0.49389693,0.49389696,0.49389693
A,MA2_23062,MA2,23062,0,671,0,2018-01-30,2019-12-01,,,,,,0.49389693,0.49389693,0.49389693
A,MA2_23116,MA2,23116,0,193,0,2018-01-30,2018-08-10,,,,,,0.49389693,0.49389693,0.49389693
A,MA2_23167,MA2,23167,0,530,0,2018-01-30,2019-07-13,,,,,,0.49389693,0.49389693,0.49389693
A,MA2_23219,MA2,23219,0,671,0,2018-01-30,2019-12-01,,,,,,0.49389693,0.49389693,0.49389693
A,MA2_23258,MA2,23258,0,671,0,2018-01-30,2019-12-01,,,,,,0.49389693,0.49389693,0.49389693
A,MA2_23508,MA2,23508,0,671,0,2018-01-30,2019-12-01,,,,,,0.49389693,0.49389693,0.49389693
A,MA2_23560,MA2,23560,0,438,0,2018-01-30,2019-04-12,,,,,,0.49389693,0.4938969,0.49389693
A,MA2_23565,MA2,23565,0,671,0,2018-01-30,2019-12-01,,,,,,0.49389693,0.49389693,0.49389693
A,MA2_23592,MA2,23592,0,293,0,2018-01-30,2018-11-18,,,,,,0.49389693,0.4938969,0.49389693
A,MA2_23618,MA2,23618,0,117,0,2018-01-30,2018-05-26,,,,,,0.49389693,0.4938969,0.49389693
A,MA2_2371,MA2,2371,0,67,0,2018-01-30,2018-04-06,,,,,,0.49389693,0.49389693,0.49389693
A,MA2_23782,MA2,23782,0,671,0,2018-01-30,2019-12-01,,,,,,0.49389693,0.49389693,0.49389693
A,MA2_24100,MA2,24100,0,671,0,2018-01-30,2019-12-01,,,,,,0.49389693,0.49389693,0.49389693
A,MA2_24191,MA2,24191,0,671,0,2018-01-30,2019-12-01,,,,,,0.49389693,0.49389693,0.49389693
A,MA2_24559,MA2,24559,0,635,0,2018-01-30,2019-10-26,,,,,,0.49389693,0.49389687,0.49389693
A,MA2_2462,MA2,2462,0,321,0,2018-01-30,2018-12-16,,,,,,0.49389693,0.4938969,0.49389693
A,MA2_24675,MA2,24675,0,635,0,2018-01-30,2019-10-26,,,,,,0.49389693,0.49389687,0.49389693
A,MA2_24734,MA2,24734,0,671,0,2018-01-30,2019-12-01,,,,,,0.49389693,0.49389693,0.49389693
A,MA2_24790,MA2,24790,0,671,0,2018-01-30,2019-12-01,,,,,,0.49389693,0.49389693,0.49389693
A,MA2_24812,MA2,24812,0,671,0,2018-01-30,2019-12-01,,,,,,0.49389693,0.49389693,0.49389693
A,MA2_24883,MA2,24883,0,671,0,2018-01-30,2019-12-01,,,,,,0.49389693,0.49389693,0.49389693
A,MA2_24955,MA2,24955,0,671,0,2018-01-30,2019-12-01,,,,,,0.49389693,0.49389693,0.49389693
A,MA2_25060,MA2,25060,0,671,0,2018-01-30,2019-12-01,,,,,,0.49389693,0.49389693,0.49389693
A,MA2_25068,MA2,25068,0,658,0,2018-01-30,2019-11-18,,,,,,0.49389693,0.49389696,0.49389693
A,MA2_25090,MA2,25090,0,671,0,2018-01-30,2019-12-01,,,,,,0.49389693,0.49389693,0.49389693
A,MA2_25173,MA2,25173,0,671,0,2018-01-30,2019-12-01,,,,,,0.49389693,0.49389693,0.49389693
A,MA2_25196,MA2,25196,0,671,0,2018-01-30,2019-12-01,,,,,,0.49389693,0.49389693,0.49389693
A,MA2_25404,MA2,25404,0,190,0,2018-01-30,2018-08-07,,,,,,0.49389693,0.49389687,0.49389693
A,MA2_25672,MA2,25672,0,635,0,2018-01-30,2019-10-26,,,,,,0.49389693,0.49389687,0.49389693
A,MA2_25737,MA2,25737,0,671,0,2018-01-30,2019-12-01,,,,,,0.49389693,0.49389693,0.49389693
A,MA2_25781,MA2,25781,0,635,0,2018-01-30,2019-10-26,,,,,,0.49389693,0.49389687,0.49389693
A,MA2_2582,MA2,2582,0,635,0,2018-01-30,2019-10-26,,,,,,0.49389693,0.49389687,0.49389693
A,MA2_25850,MA2,25850,0,460,0,2018-01-30,2019-05-04,,,,,,0.49389693,0.49389696,0.49389693
A,MA2_25908,MA2,25908,0,458,0,2018-01-30,2019-05-02,,,,,,0.49389693,0.49389696,0.49389693
A,MA2_25946,MA2,25946,0,671,0,2018-01-30,2019-12-01,,,,,,0.49389693,0.49389693,0.49389693
A,MA2_26077,MA2,26077,0,671,0,2018-01-30,2019-12-01,,,,,,0.49389693,0.49389693,0.49389693
A,MA2_26380,MA2,26380,0,671,0,2018-01-30,2019-12-01,,,,,,0.49389693,0.49389693,0.49389693
A,MA2_26634,MA2,26634,0,635,0,2018-01-30,2019-10-26,,,,,,0.49389693,0.49389687,0.49389693
A,MA2_26637,MA2,26637,0,635,0,2018-01-30,2019-10-26,,,,,,0.49389693,0.49389687,0.49389693
A,MA2_26675,MA2,26675,0,657,0,2018-01-30,2019-11-17,,,,,,0.49389693,0.49389696,0.49389693
A,MA2_26681,MA2,26681,0,657,0,2018-01-30,2019-11-17,,,,,,0.49389693,0.49389696,0.49389693
A,MA2_26734,MA2,26734,0,363,0,2018-01-30,2019-01-27,,,,,,0.49389693,0.4938969,0.49389693
A,MA2_26769,MA2,26769,0,302,0,2018-01-30,2018-11-27,,,,,,0.49389693,0.4938969,0.49389693
A,MA2_26848,MA2,26848,0,657,0,2018-01-30,2019-11-17,,,,,,0.49389693,0.49389696,0.49389693
A,MA2_26865,MA2,26865,0,671,0,2018-01-30,2019-12-01,,,,,,0.49389693,0.49389693,0.49389693
A,MA2_26908,MA2,26908,0,590,0,2018-01-30,2019-09-11,,,,,,0.49389693,0.4938969,0.49389693
A,MA2_26911,MA2,26911,0,532,0,2018-01-30,2019-07-15,,,,,,0.49389693,0.49389693,0.49389693
A,MA2_26977,MA2,26977,0,671,0,2018-01-30,2019-12-01,,,,,,0.49389693,0.49389693,0.49389693
A,MA2_27255,MA2,27255,0,671,0,2018-01-30,2019-12-01,,,,,,0.49389693,0.49389693,0.49389693
A,MA2_27267,MA2,27267,0,671,0,2018-01-30,2019-12-01,,,,,,0.49389693,0.49389693,0.49389693
A,MA2_27365,MA2,27365,0,312,0,2018-01-30,2018-12-07,,,,,,0.49389693,0.49389687,0.49389693
A,MA2_2749,MA2,2749,0,671,0,2018-01-30,2019-12-01,,,,,,0.49389693,0.49389693,0.49389693
A,MA2_27689,MA2,27689,0,671,0,2018-01-30,2019-12-01,,,,,,0.49389693,0.49389693,0.49389693
A,MA2_27708,MA2,27708,0,459,0,2018-01-30,2019-05-03,,,,,,0.49389693,0.49389696,0.49389693
A,MA2_27718,MA2,27718,0,363,0,2018-01-30,2019-01-27,,,,,,0.49389693,0.4938969,0.49389693
A,MA2_27806,MA2,27806,0,635,0,2018-01-30,2019-10-26,,,,,,0.49389693,0.49389687,0.49389693
A,MA2_27989,MA2,27989,0,671,0,2018-01-30,2019-12-01,,,,,,0.49389693,0.49389693,0.49389693
A,MA2_28229,MA2,28229,0,393,0,2018-01-30,2019-02-26,,,,,,0.49389693,0.49389696,0.49389693
A,MA2_28292,MA2,28292,0,671,0,2018-01-30,2019-12-01,,,,,,0.49389693,0.49389693,0.49389693
A,MA2_28341,MA2,28341,0,665,0,2018-01-30,2019-11-25,,,,,,0.49389693,0.49389693,0.49389693
A,MA2_28356,MA2,28356,0,364,0,2018-01-30,2019-01-28,,,,,,0.49389693,0.4938969,0.49389693
A,MA2_28492,MA2,28492,0,671,0,2018-01-30,2019-12-01,,,,,,0.49389693,0.49389693,0.49389693
A,MA2_28581,MA2,28581,0,459,0,2018-01-30,2019-05-03,,,,,,0.49389693,0.49389696,0.49389693
A,MA2_28582,MA2,28582,0,459,0,2018-01-30,2019-05-03,,,,,,0.49389693,0.49389696,0.49389693
A,MA2_28626,MA2,28626,0,671,0,2018-01-30,2019-12-01,,,,,,0.49389693,0.49389693,0.49389693
A,MA2_28671,MA2,28671,0,671,0,2018-01-30,2019-12-01,,,,,,0.49389693,0.49389693,0.49389693
A,MA2_28776,MA2,28776,0,671,0,2018-01-30,2019-12-01,,,,,,0.49389693,0.49389693,0.49389693
A,MA2_29104,MA2,29104,0,635,0,2018-01-30,2019-10-26,,,,,,0.49389693,0.49389687,0.49389693
A,MA2_29305,MA2,29305,0,635,0,2018-01-30,2019-10-26,,,,,,0.49389693,0.49389687,0.49389693
A,MA2_29574,MA2,29574,0,635,0,2018-01-30,2019-10-26,,,,,,0.49389693,0.49389687,0.49389693
A,MA2_29761,MA2,29761,0,671,0,2018-01-30,2019-12-01,,,,,,0.49389693,0.49389693,0.49389693
A,MA2_29891,MA2,29891,0,533,0,2018-01-30,2019-07-16,,,,,,0.49389693,0.49389693,0.49389693
A,MA2_2991,MA2,2991,0,419,0,2018-01-30,2019-03-24,,,,,,0.49389693,0.49389693,0.49389693
A,MA2_30073,MA2,30073,0,635,0,2018-01-30,2019-10-26,,,,,,0.49389693,0.49389687,0.49389693
A,MA2_30229,MA2,30229,0,671,0,2018-01-30,2019-12-01,,,,,,0.49389693,0.49389693,0.49389693
A,MA2_30540,MA2,30540,0,272,0,2018-01-30,2018-10-28,,,,,,0.49389693,0.49389693,0.49389693
A,MA2_30576,MA2,30576,0,635,0,2018-01-30,2019-10-26,,,,,,0.49389693,0.49389687,0.49389693
A,MA2_30980,MA2,30980,0,458,0,2018-01-30,2019-05-02,,,,,,0.49389693,0.49389696,0.49389693
A,MA2_31076,MA2,31076,0,671,0,2018-01-30,2019-12-01,,,,,,0.49389693,0.49389693,0.49389693
A,MA2_3115,MA2,3115,0,620,0,2018-01-30,2019-10-11,,,,,,0.49389693,0.49389687,0.49389693
A,MA2_31360,MA2,31360,0,483,0,2018-01-30,2019-05-27,,,,,,0.49389693,0.49389693,0.49389693
A,MA2_31435,MA2,31435,0,671,0,2018-01-30,2019-12-01,,,,,,0.49389693,0.49389693,0.49389693
A,MA2_31718,MA2,31718,0,353,0,2018-12-14,2019-12-01,,,,,,0.49389693,0.49389693,0.49389693
A,MA2_3187,MA2,3187,0,671,0,2018-01-30,2019-12-01,,,,,,0.49389693,0.49389693,0.49389693
A,MA2_31874,MA2,31874,0,635,0,2018-01-30,2019-10-26,,,,,,0.49389693,0.49389687,0.49389693
A,MA2_32025,MA2,32025,0,364,0,2018-01-30,2019-01-28,,,,,,0.49389693,0.4938969,0.49389693
A,MA2_32190,MA2,32190,0,551,0,2018-01-30,2019-08-03,,,,,,0.49389693,0.49389693,0.49389693
A,MA2_32290,MA2,32290,0,671,0,2018-01-30,2019-12-01,,,,,,0.49389693,0.49389693,0.49389693
A,MA2_32450,MA2,32450,0,49,0,2018-01-30,2018-03-19,,,,,,0.49389693,0.4938969,0.49389693
A,MA2_32486,MA2,32486,0,468,0,2018-01-30,2019-05-12,,,,,,0.49389693,0.49389693,0.49389693
A,MA2_32564,MA2,32564,0,491,0,2018-01-30,2019-06-04,,,,,,0.49389693,0.49389693,0.49389693
A,MA2_32717,MA2,32717,0,391,0,2018-01-30,2019-02-24,,,,,,0.49389693,0.4938969,0.49389693
A,MA2_32730,MA2,32730,0,635,0,2018-01-30,2019-10-26,,,,,,0.49389693,0.49389687,0.49389693
A,MA2_32807,MA2,32807,0,384,0,2018-01-30,2019-02-17,,,,,,0.49389693,0.49389693,0.49389693
A,MA2_32813,MA2,32813,0,384,0,2018-01-30,2019-02-17,,,,,,0.49389693,0.49389693,0.49389693
A,MA2_32868,MA2,32868,0,168,0,2018-09-15,2019-03-01,,,,,,0.49389693,0.49389693,0.49389693
A,MA2_33002,MA2,33002,0,657,0,2018-01-30,2019-11-17,,,,,,0.49389693,0.49389696,0.49389693
A,MA2_3306,MA2,3306,0,660,0,2018-02-10,2019-12-01,,,,,,0.49389693,0.49389696,0.49389693
A,MA2_33294,MA2,33294,0,671,0,2018-01-30,2019-12-01,,,,,,0.49389693,0.49389693,0.49389693
A,MA2_33394,MA2,33394,0,671,0,2018-01-30,2019-12-01,,,,,,0.49389693,0.49389693,0.49389693
A,MA2_3368,MA2,3368,0,460,0,2018-01-30,2019-05-04,,,,,,0.49389693,0.49389696,0.49389693
A,MA2_33714,MA2,33714,0,671,0,2018-01-30,2019-12-01,,,,,,0.49389693,0.49389693,0.49389693
A,MA2_3374,MA2,3374,0,411,0,2018-01-30,2019-03-16,,,,,,0.49389693,0.49389693,0.49389693
A,MA2_33773,MA2,33773,0,635,0,2018-01-30,2019-10-26,,,,,,0.49389693,0.49389687,0.49389693
A,MA2_33850,MA2,33850,0,624,0,2018-01-30,2019-10-15,,,,,,0.49389693,0.49389687,0.49389693
A,MA2_34289,MA2,34289,0,671,0,2018-01-30,2019-12-01,,,,,,0.49389693,0.49389693,0.49389693
A,MA2_34356,MA2,34356,0,671,0,2018-01-30,2019-12-01,,,,,,0.49389693,0.49389693,0.49389693
A,MA2_34382,MA2,34382,0,307,0,2018-01-30,2018-12-02,,,,,,0.49389693,0.49389687,0.49389693
A,MA2_34465,MA2,34465,0,671,0,2018-01-30,2019-12-01,,,,,,0.49389693,0.49389693,0.49389693
A,MA2_34473,MA2,34473,0,671,0,2018-01-30,2019-12-01,,,,,,0.49389693,0.49389693,0.49389693
A,MA2_34591,MA2,34591,0,671,0,2018-01-30,2019-12-01,,,,,,0.49389693,0.49389693,0.49389693
A,MA2_34625,MA2,34625,0,567,0,2018-01-30,2019-08-19,,,,,,0.49389693,0.4938969,0.49389693
A,MA2_34657,MA2,34657,0,671,0,2018-01-30,2019-12-01,,,,,,0.49389693,0.49389693,0.49389693
A,MA2_34679,MA2,34679,0,635,0,2018-01-30,2019-10-26,,,,,,0.49389693,0.49389687,0.49389693
A,MA2_34808,MA2,34808,0,273,0,2018-01-30,2018-10-29,,,,,,0.49389693,0.49389693,0.49389693
A,MA2_35096,MA2,35096,0,671,0,2018-01-30,2019-12-01,,,,,,0.49389693,0.49389693,0.49389693
A,MA2_35172,MA2,35172,0,670,0,2018-01-31,2019-12-01,,,,,,0.49389693,0.49389693,0.49389693
A,MA2_35345,MA2,35345,0,336,0,2018-01-30,2018-12-31,,,,,,0.49389693,0.49389693,0.49389693
A,MA2_35670,MA2,35670,0,635,0,2018-01-30,2019-10-26,,,,,,0.49389693,0.49389687,0.49389693
A,MA2_35683,MA2,35683,0,635,0,2018-01-30,2019-10-26,,,,,,0.49389693,0.49389687,0.49389693
A,MA2_3569,MA2,3569,0,671,0,2018-01-30,2019-12-01,,,,,,0.49389693,0.49389693,0.49389693
A,MA2_35790,MA2,35790,0,510,0,2018-01-30,2019-06-23,,,,,,0.49389693,0.49389693,0.49389693
A,MA2_35892,MA2,35892,0,595,0,2018-01-30,2019-09-16,,,,,,0.49389693,0.4938969,0.49389693
A,MA2_35913,MA2,35913,0,671,0,2018-01-30,2019-12-01,,,,,,0.49389693,0.49389693,0.49389693
A,MA2_35975,MA2,35975,0,671,0,2018-01-30,2019-12-01,,,,,,0.49389693,0.49389693,0.49389693
A,MA2_36029,MA2,36029,0,236,0,2018-01-30,2018-09-22,,,,,,0.49389693,0.49389693,0.49389693
A,MA2_36362,MA2,36362,0,671,0,2018-01-30,2019-12-01,,,,,,0.49389693,0.49389693,0.49389693
A,MA2_36381,MA2,36381,0,323,0,2018-01-30,2018-12-18,,,,,,0.49389693,0.4938969,0.49389693
A,MA2_36697,MA2,36697,0,671,0,2018-01-30,2019-12-01,,,,,,0.49389693,0.49389693,0.49389693
A,MA2_3684,MA2,3684,0,655,0,2018-02-15,2019-12-01,,,,,,0.49389693,0.49389696,0.49389693
A,MA2_36895,MA2,36895,0,384,0,2018-01-30,2019-02-17,,,,,,0.49389693,0.49389693,0.49389693
A,MA2_36956,MA2,36956,0,671,0,2018-01-30,2019-12-01,,,,,,0.49389693,0.49389693,0.49389693
A,MA2_37043,MA2,37043,0,671,0,2018-01-30,2019-12-01,,,,,,0.49389693,0.49389693,0.49389693
A,MA2_3707,MA2,3707,0,671,0,2018-01-30,2019-12-01,,,,,,0.49389693,0.49389693,0.49389693
A,MA2_37169,MA2,37169,0,292,0,2018-01-30,2018-11-17,,,,,,0.49389693,0.4938969,0.49389693
A,MA2_37230,MA2,37230,0,535,0,2018-01-31,2019-07-19,,,,,,0.49389693,0.49389693,0.49389693
A,MA2_37251,MA2,37251,0,635,0,2018-01-30,2019-10-26,,,,,,0.49389693,0.49389687,0.49389693
A,MA2_37478,MA2,37478,0,671,0,2018-01-30,2019-12-01,,,,,,0.49389693,0.49389693,0.49389693
A,MA2_37653,MA2,37653,0,671,0,2018-01-30,2019-12-01,,,,,,0.49389693,0.49389693,0.49389693
A,MA2_37654,MA2,37654,0,671,0,2018-01-30,2019-12-01,,,,,,0.49389693,0.49389693,0.49389693
A,MA2_37904,MA2,37904,0,459,0,2018-01-30,2019-05-03,,,,,,0.49389693,0.49389696,0.49389693
A,MA2_37964,MA2,37964,0,671,0,2018-01-30,2019-12-01,,,,,,0.49389693,0.49389693,0.49389693
A,MA2_38070,MA2,38070,0,179,0,2018-01-30,2018-07-27,,,,,,0.49389693,0.4938969,0.49389693
A,MA2_38252,MA2,38252,0,671,0,2018-01-30,2019-12-01,,,,,,0.49389693,0.49389693,0.49389693
A,MA2_38428,MA2,38428,0,671,0,2018-01-30,2019-12-01,,,,,,0.49389693,0.49389693,0.49389693
A,MA2_38464,MA2,38464,0,312,0,2018-01-30,2018-12-07,,,,,,0.49389693,0.49389687,0.49389693
A,MA2_38466,MA2,38466,0,671,0,2018-01-30,2019-12-01,,,,,,0.49389693,0.49389693,0.49389693
A,MA2_38477,MA2,38477,0,671,0,2018-01-30,2019-12-01,,,,,,0.49389693,0.49389693,0.49389693
A,MA2_38670,MA2,38670,0,635,0,2018-01-30,2019-10-26,,,,,,0.49389693,0.49389687,0.49389693
A,MA2_38759,MA2,38759,0,544,0,2018-01-30,2019-07-27,,,,,,0.49389693,0.49389693,0.49389693
A,MA2_38817,MA2,38817,0,404,0,2018-01-30,2019-03-09,,,,,,0.49389693,0.49389693,0.49389693
A,MA2_38922,MA2,38922,0,634,0,2018-01-31,2019-10-26,,,,,,0.49389693,0.49389687,0.49389693
A,MA2_3894,MA2,3894,0,635,0,2018-01-30,2019-10-26,,,,,,0.49389693,0.49389687,0.49389693
A,MA2_39031,MA2,39031,0,1,0,2018-01-30,2018-01-30,,,,,,0.49389693,0.49389693,0.49389693
A,MA2_39084,MA2,39084,0,671,0,2018-01-30,2019-12-01,,,,,,0.49389693,0.49389693,0.49389693
A,MA2_39124,MA2,39124,0,459,0,2018-01-30,2019-05-03,,,,,,0.49389693,0.49389696,0.49389693
A,MA2_39682,MA2,39682,0,635,0,2018-01-30,2019-10-26,,,,,,0.49389693,0.49389687,0.49389693
A,MA2_39735,MA2,39735,0,671,0,2018-01-30,2019-12-01,,,,,,0.49389693,0.49389693,0.49389693
A,MA2_39773,MA2,39773,0,657,0,2018-01-30,2019-11-17,,,,,,0.49389693,0.49389696,0.49389693
A,MA2_39862,MA2,39862,0,671,0,2018-01-30,2019-12-01,,,,,,0.49389693,0.49389693,0.49389693
A,MA2_39890,MA2,39890,0,635,0,2018-01-30,2019-10-26,,,,,,0.49389693,0.49389687,0.49389693
A,MA2_39988,MA2,39988,0,638,0,2018-01-30,2019-10-29,,,,,,0.49389693,0.49389687,0.49389693
A,MA2_40004,MA2,40004,1,252,29,2018-01-30,2018-10-08,2018-09-09,2018-10-08,0.4938969314098358,0.4938969314098358,0.4938969314098358,0.49389693,0.49389693,0.49389693
A,MA2_40301,MA2,40301,0,671,0,2018-01-30,2019-12-01,,,,,,0.49389693,0.49389693,0.49389693
A,MA2_40317,MA2,40317,0,671,0,2018-01-30,2019-12-01,,,,,,0.49389693,0.49389693,0.49389693
A,MA2_40366,MA2,40366,0,671,0,2018-01-30,2019-12-01,,,,,,0.49389693,0.49389693,0.49389693
A,MA2_40378,MA2,40378,0,292,0,2018-01-30,2018-11-17,,,,,,0.49389693,0.4938969,0.49389693
A,MA2_40419,MA2,40419,0,641,0,2018-01-30,2019-11-01,,,,,,0.49389693,0.4938969,0.49389693
A,MA2_40685,MA2,40685,0,516,0,2018-01-30,2019-06-29,,,,,,0.49389693,0.49389696,0.49389693
A,MA2_40686,MA2,40686,0,308,0,2018-01-30,2018-12-03,,,,,,0.49389693,0.49389687,0.49389693
A,MA2_40811,MA2,40811,0,668,0,2018-01-30,2019-11-28,,,,,,0.49389693,0.49389693,0.49389693
A,MA2_40909,MA2,40909,0,280,0,2018-01-30,2018-11-05,,,,,,0.49389693,0.49389693,0.49389693
A,MA2_40929,MA2,40929,0,671,0,2018-01-30,2019-12-01,,,,,,0.49389693,0.49389693,0.49389693
A,MA2_41086,MA2,41086,0,671,0,2018-01-30,2019-12-01,,,,,,0.49389693,0.49389693,0.49389693
A,MA2_41176,MA2,41176,0,443,0,2018-09-15,2019-12-01,,,,,,0.49389693,0.4938969,0.49389693
A,MA2_41276,MA2,41276,0,671,0,2018-01-30,2019-12-01,,,,,,0.49389693,0.49389693,0.49389693
A,MA2_41366,MA2,41366,0,635,0,2018-01-30,2019-10-26,,,,,,0.49389693,0.49389687,0.49389693
A,MA2_4139,MA2,4139,0,635,0,2018-01-30,2019-10-26,,,,,,0.49389693,0.49389687,0.49389693
A,MA2_41705,MA2,41705,0,118,0,2018-01-30,2018-05-27,,,,,,0.49389693,0.4938969,0.49389693
A,MA2_41921,MA2,41921,0,671,0,2018-01-30,2019-12-01,,,,,,0.49389693,0.49389693,0.49389693
A,MA2_41947,MA2,41947,0,444,0,2018-09-14,2019-12-01,,,,,,0.49389693,0.4938969,0.49389693
A,MA2_41987,MA2,41987,0,671,0,2018-01-30,2019-12-01,,,,,,0.49389693,0.49389693,0.49389693
A,MA2_42053,MA2,42053,0,671,0,2018-01-30,2019-12-01,,,,,,0.49389693,0.49389693,0.49389693
A,MA2_42054,MA2,42054,0,645,0,2018-01-30,2019-11-05,,,,,,0.49389693,0.4938969,0.49389693
A,MA2_42194,MA2,42194,0,634,0,2018-01-30,2019-10-25,,,,,,0.49389693,0.49389687,0.49389693
A,MA2_42198,MA2,42198,0,634,0,2018-01-30,2019-10-25,,,,,,0.49389693,0.49389687,0.49389693
A,MA2_42430,MA2,42430,0,244,0,2018-11-10,2019-07-11,,,,,,0.49389693,0.49389693,0.49389693
A,MA2_42535,MA2,42535,0,621,0,2018-02-13,2019-10-26,,,,,,0.49389693,0.49389687,0.49389693
A,MA2_42674,MA2,42674,0,635,0,2018-01-30,2019-10-26,,,,,,0.49389693,0.49389687,0.49389693
A,MA2_42824,MA2,42824,0,671,0,2018-01-30,2019-12-01,,,,,,0.49389693,0.49389693,0.49389693
A,MA2_42829,MA2,42829,0,671,0,2018-01-30,2019-12-01,,,,,,0.49389693,0.49389693,0.49389693
A,MA2_43784,MA2,43784,0,671,0,2018-01-30,2019-12-01,,,,,,0.49389693,0.49389693,0.49389693
A,MA2_43916,MA2,43916,0,384,0,2018-01-30,2019-02-17,,,,,,0.49389693,0.49389693,0.49389693
A,MA2_44259,MA2,44259,0,671,0,2018-01-30,2019-12-01,,,,,,0.49389693,0.49389693,0.49389693
A,MA2_44617,MA2,44617,0,657,0,2018-01-30,2019-11-17,,,,,,0.49389693,0.49389696,0.49389693
A,MA2_44675,MA2,44675,0,671,0,2018-01-30,2019-12-01,,,,,,0.49389693,0.49389693,0.49389693
A,MA2_44848,MA2,44848,0,328,0,2018-01-30,2018-12-23,,,,,,0.49389693,0.49389696,0.49389693
A,MA2_44858,MA2,44858,0,671,0,2018-01-30,2019-12-01,,,,,,0.49389693,0.49389693,0.49389693
A,MA2_4488,MA2,4488,0,671,0,2018-01-30,2019-12-01,,,,,,0.49389693,0.49389693,0.49389693
A,MA2_45007,MA2,45007,0,671,0,2018-01-30,2019-12-01,,,,,,0.49389693,0.49389693,0.49389693
A,MA2_45232,MA2,45232,0,501,0,2018-01-30,2019-06-14,,,,,,0.49389693,0.4938969,0.49389693
A,MA2_45401,MA2,45401,0,635,0,2018-01-30,2019-10-26,,,,,,0.49389693,0.49389687,0.49389693
A,MA2_45431,MA2,45431,0,393,0,2018-01-30,2019-02-26,,,,,,0.49389693,0.49389696,0.49389693
A,MA2_45443,MA2,45443,0,390,0,2018-01-30,2019-02-23,,,,,,0.49389693,0.4938969,0.49389693
A,MA2_45543,MA2,45543,0,635,0,2018-01-30,2019-10-26,,,,,,0.49389693,0.49389687,0.49389693
A,MA2_4559,MA2,4559,0,671,0,2018-01-30,2019-12-01,,,,,,0.49389693,0.49389693,0.49389693
A,MA2_45608,MA2,45608,0,671,0,2018-01-30,2019-12-01,,,,,,0.49389693,0.49389693,0.49389693
A,MA2_45633,MA2,45633,0,634,0,2018-01-31,2019-10-26,,,,,,0.49389693,0.49389687,0.49389693
A,MA2_45666,MA2,45666,0,657,0,2018-01-30,2019-11-17,,,,,,0.49389693,0.49389696,0.49389693
A,MA2_45702,MA2,45702,0,671,0,2018-01-30,2019-12-01,,,,,,0.49389693,0.49389693,0.49389693
A,MA2_45718,MA2,45718,0,671,0,2018-01-30,2019-12-01,,,,,,0.49389693,0.49389693,0.49389693
A,MA2_45836,MA2,45836,0,444,0,2018-09-14,2019-12-01,,,,,,0.49389693,0.4938969,0.49389693
A,MA2_45879,MA2,45879,0,671,0,2018-01-30,2019-12-01,,,,,,0.49389693,0.49389693,0.49389693
A,MA2_45899,MA2,45899,0,671,0,2018-01-30,2019-12-01,,,,,,0.49389693,0.49389693,0.49389693
A,MA2_46105,MA2,46105,0,533,0,2018-01-30,2019-07-16,,,,,,0.49389693,0.49389693,0.49389693
A,MA2_46142,MA2,46142,0,458,0,2018-01-30,2019-05-02,,,,,,0.49389693,0.49389696,0.49389693
A,MA2_46208,MA2,46208,0,634,0,2018-01-30,2019-10-25,,,,,,0.49389693,0.49389687,0.49389693
A,MA2_4629,MA2,4629,0,671,0,2018-01-30,2019-12-01,,,,,,0.49389693,0.49389693,0.49389693
A,MA2_46342,MA2,46342,0,302,0,2018-01-30,2018-11-27,,,,,,0.49389693,0.4938969,0.49389693
A,MA2_46518,MA2,46518,0,635,0,2018-01-30,2019-10-26,,,,,,0.49389693,0.49389687,0.49389693
A,MA2_46706,MA2,46706,0,292,0,2018-01-30,2018-11-17,,,,,,0.49389693,0.4938969,0.49389693
A,MA2_46760,MA2,46760,0,671,0,2018-01-30,2019-12-01,,,,,,0.49389693,0.49389693,0.49389693
A,MA2_46800,MA2,46800,0,458,0,2018-01-30,2019-05-02,,,,,,0.49389693,0.49389696,0.49389693
A,MA2_46832,MA2,46832,0,671,0,2018-01-30,2019-12-01,,,,,,0.49389693,0.49389693,0.49389693
A,MA2_4698,MA2,4698,0,635,0,2018-01-30,2019-10-26,,,,,,0.49389693,0.49389687,0.49389693
A,MA2_47057,MA2,47057,0,671,0,2018-01-30,2019-12-01,,,,,,0.49389693,0.49389693,0.49389693
A,MA2_47070,MA2,47070,0,634,0,2018-01-31,2019-10-26,,,,,,0.49389693,0.49389687,0.49389693
A,MA2_47257,MA2,47257,0,671,0,2018-01-30,2019-12-01,,,,,,0.49389693,0.49389693,0.49389693
A,MA2_47331,MA2,47331,0,438,0,2018-01-30,2019-04-12,,,,,,0.49389693,0.4938969,0.49389693
A,MA2_47402,MA2,47402,0,460,0,2018-01-30,2019-05-04,,,,,,0.49389693,0.49389696,0.49389693
A,MA2_4747,MA2,4747,0,671,0,2018-01-30,2019-12-01,,,,,,0.49389693,0.49389693,0.49389693
A,MA2_47531,MA2,47531,0,249,0,2018-01-30,2018-10-05,,,,,,0.49389693,0.49389693,0.49389693
A,MA2_47754,MA2,47754,0,671,0,2018-01-30,2019-12-01,,,,,,0.49389693,0.49389693,0.49389693
A,MA2_47870,MA2,47870,0,671,0,2018-01-30,2019-12-01,,,,,,0.49389693,0.49389693,0.49389693
A,MA2_48096,MA2,48096,0,671,0,2018-01-30,2019-12-01,,,,,,0.49389693,0.49389693,0.49389693
A,MA2_48126,MA2,48126,0,671,0,2018-01-30,2019-12-01,,,,,,0.49389693,0.49389693,0.49389693
A,MA2_48267,MA2,48267,0,469,0,2018-01-30,2019-05-13,,,,,,0.49389693,0.49389693,0.49389693
A,MA2_48274,MA2,48274,0,469,0,2018-01-30,2019-05-13,,,,,,0.49389693,0.49389693,0.49389693
A,MA2_48327,MA2,48327,0,313,0,2018-01-30,2018-12-08,,,,,,0.49389693,0.49389687,0.49389693
A,MA2_48376,MA2,48376,0,635,0,2018-01-30,2019-10-26,,,,,,0.49389693,0.49389687,0.49389693
A,MA2_48578,MA2,48578,0,671,0,2018-01-30,2019-12-01,,,,,,0.49389693,0.49389693,0.49389693
A,MA2_48675,MA2,48675,0,398,0,2018-01-30,2019-03-03,,,,,,0.49389693,0.49389693,0.49389693
A,MA2_48789,MA2,48789,0,671,0,2018-01-30,2019-12-01,,,,,,0.49389693,0.49389693,0.49389693
A,MA2_49073,MA2,49073,0,634,0,2018-01-31,2019-10-26,,,,,,0.49389693,0.49389687,0.49389693
A,MA2_49118,MA2,49118,0,635,0,2018-01-30,2019-10-26,,,,,,0.49389693,0.49389687,0.49389693
A,MA2_49174,MA2,49174,0,670,0,2018-01-31,2019-12-01,,,,,,0.49389693,0.49389693,0.49389693
A,MA2_49275,MA2,49275,0,634,0,2018-01-30,2019-10-25,,,,,,0.49389693,0.49389687,0.49389693
A,MA2_4963,MA2,4963,0,181,0,2019-06-04,2019-12-01,,,,,,0.49389693,0.4938969,0.49389693
A,MA2_49630,MA2,49630,0,671,0,2018-01-30,2019-12-01,,,,,,0.49389693,0.49389693,0.49389693
A,MA2_49707,MA2,49707,0,671,0,2018-01-30,2019-12-01,,,,,,0.49389693,0.49389693,0.49389693
A,MA2_49745,MA2,49745,0,614,0,2018-03-28,2019-12-01,,,,,,0.49389693,0.49389687,0.49389693
A,MA2_49781,MA2,49781,0,635,0,2018-01-30,2019-10-26,,,,,,0.49389693,0.49389687,0.49389693
A,MA2_49805,MA2,49805,0,671,0,2018-01-30,2019-12-01,,,,,,0.49389693,0.49389693,0.49389693
A,MA2_49835,MA2,49835,0,635,0,2018-01-30,2019-10-26,,,,,,0.49389693,0.49389687,0.49389693
A,MA2_49939,MA2,49939,0,635,0,2018-01-30,2019-10-26,,,,,,0.49389693,0.49389687,0.49389693
A,MA2_49964,MA2,49964,0,634,0,2018-01-30,2019-10-25,,,,,,0.49389693,0.49389687,0.49389693
A,MA2_5011,MA2,5011,0,659,0,2018-01-30,2019-11-19,,,,,,0.49389693,0.49389696,0.49389693
A,MA2_50253,MA2,50253,0,671,0,2018-01-30,2019-12-01,,,,,,0.49389693,0.49389693,0.49389693
A,MA2_50519,MA2,50519,0,671,0,2018-01-30,2019-12-01,,,,,,0.49389693,0.49389693,0.49389693
A,MA2_50581,MA2,50581,0,635,0,2018-01-30,2019-10-26,,,,,,0.49389693,0.49389687,0.49389693
A,MA2_50715,MA2,50715,0,671,0,2018-01-30,2019-12-01,,,,,,0.49389693,0.49389693,0.49389693
A,MA2_510,MA2,510,0,468,0,2018-01-30,2019-05-12,,,,,,0.49389693,0.49389693,0.49389693
A,MA2_51150,MA2,51150,0,336,0,2018-01-30,2018-12-31,,,,,,0.49389693,0.49389693,0.49389693
A,MA2_51292,MA2,51292,0,671,0,2018-01-30,2019-12-01,,,,,,0.49389693,0.49389693,0.49389693
A,MA2_51336,MA2,51336,0,671,0,2018-01-30,2019-12-01,,,,,,0.49389693,0.49389693,0.49389693
A,MA2_51575,MA2,51575,0,671,0,2018-01-30,2019-12-01,,,,,,0.49389693,0.49389693,0.49389693
A,MA2_51669,MA2,51669,0,635,0,2018-01-30,2019-10-26,,,,,,0.49389693,0.49389687,0.49389693
A,MA2_51725,MA2,51725,0,671,0,2018-01-30,2019-12-01,,,,,,0.49389693,0.49389693,0.49389693
A,MA2_5174,MA2,5174,0,327,0,2018-01-30,2018-12-22,,,,,,0.49389693,0.4938969,0.49389693
A,MA2_51743,MA2,51743,0,671,0,2018-01-30,2019-12-01,,,,,,0.49389693,0.49389693,0.49389693
A,MA2_51978,MA2,51978,0,671,0,2018-01-30,2019-12-01,,,,,,0.49389693,0.49389693,0.49389693
A,MA2_52063,MA2,52063,0,458,0,2018-01-30,2019-05-02,,,,,,0.49389693,0.49389696,0.49389693
A,MA2_52066,MA2,52066,0,642,0,2018-01-30,2019-11-02,,,,,,0.49389693,0.4938969,0.49389693
A,MA2_52316,MA2,52316,0,657,0,2018-01-30,2019-11-17,,,,,,0.49389693,0.49389696,0.49389693
A,MA2_5238,MA2,5238,0,671,0,2018-01-30,2019-12-01,,,,,,0.49389693,0.49389693,0.49389693
A,MA2_52380,MA2,52380,0,635,0,2018-01-30,2019-10-26,,,,,,0.49389693,0.49389687,0.49389693
A,MA2_52396,MA2,52396,0,671,0,2018-01-30,2019-12-01,,,,,,0.49389693,0.49389693,0.49389693
A,MA2_52450,MA2,52450,0,671,0,2018-01-30,2019-12-01,,,,,,0.49389693,0.49389693,0.49389693
A,MA2_52488,MA2,52488,0,671,0,2018-01-30,2019-12-01,,,,,,0.49389693,0.49389693,0.49389693
A,MA2_52499,MA2,52499,0,671,0,2018-01-30,2019-12-01,,,,,,0.49389693,0.49389693,0.49389693
A,MA2_52556,MA2,52556,0,620,0,2018-01-30,2019-10-11,,,,,,0.49389693,0.49389687,0.49389693
A,MA2_52722,MA2,52722,0,597,0,2018-03-09,2019-10-26,,,,,,0.49389693,0.025646536,0.0
A,MA2_52792,MA2,52792,0,444,0,2018-09-14,2019-12-01,,,,,,0.49389693,0.4938969,0.49389693
A,MA2_52799,MA2,52799,0,372,0,2018-01-30,2019-02-05,,,,,,0.49389693,0.4938969,0.49389693
A,MA2_5290,MA2,5290,0,635,0,2018-01-30,2019-10-26,,,,,,0.49389693,0.49389687,0.49389693
A,MA2_52974,MA2,52974,0,671,0,2018-01-30,2019-12-01,,,,,,0.49389693,0.49389693,0.49389693
A,MA2_5298,MA2,5298,0,635,0,2018-01-30,2019-10-26,,,,,,0.49389693,0.49389687,0.49389693
A,MA2_53169,MA2,53169,0,657,0,2018-01-30,2019-11-17,,,,,,0.49389693,0.49389696,0.49389693
A,MA2_53321,MA2,53321,0,671,0,2018-01-30,2019-12-01,,,,,,0.49389693,0.49389693,0.49389693
A,MA2_53397,MA2,53397,0,364,0,2018-01-30,2019-01-28,,,,,,0.49389693,0.4938969,0.49389693
A,MA2_53425,MA2,53425,0,279,0,2018-01-30,2018-11-04,,,,,,0.49389693,0.49389693,0.49389693
A,MA2_5345,MA2,5345,0,635,0,2018-01-30,2019-10-26,,,,,,0.49389693,0.49389687,0.49389693
A,MA2_53569,MA2,53569,0,633,0,2018-01-30,2019-10-24,,,,,,0.49389693,0.49389687,0.49389693
A,MA2_53748,MA2,53748,0,671,0,2018-01-30,2019-12-01,,,,,,0.49389693,0.49389693,0.49389693
A,MA2_53853,MA2,53853,0,671,0,2018-01-30,2019-12-01,,,,,,0.49389693,0.49389693,0.49389693
A,MA2_53957,MA2,53957,0,434,0,2018-01-30,2019-04-08,,,,,,0.49389693,0.4938969,0.49389693
A,MA2_54083,MA2,54083,0,635,0,2018-01-30,2019-10-26,,,,,,0.49389693,0.49389687,0.49389693
A,MA2_54553,MA2,54553,0,635,0,2018-01-30,2019-10-26,,,,,,0.49389693,0.49389687,0.49389693
A,MA2_54620,MA2,54620,0,459,0,2018-01-30,2019-05-03,,,,,,0.49389693,0.49389696,0.49389693
A,MA2_54636,MA2,54636,0,671,0,2018-01-30,2019-12-01,,,,,,0.49389693,0.49389693,0.49389693
A,MA2_54709,MA2,54709,0,635,0,2018-01-30,2019-10-26,,,,,,0.49389693,0.49389687,0.49389693
A,MA2_54731,MA2,54731,0,620,0,2018-01-30,2019-10-11,,,,,,0.49389693,0.49389687,0.49389693
A,MA2_54798,MA2,54798,0,671,0,2018-01-30,2019-12-01,,,,,,0.49389693,0.49389693,0.49389693
A,MA2_54870,MA2,54870,0,671,0,2018-01-30,2019-12-01,,,,,,0.49389693,0.49389693,0.49389693
A,MA2_55026,MA2,55026,0,671,0,2018-01-30,2019-12-01,,,,,,0.49389693,0.49389693,0.49389693
A,MA2_55094,MA2,55094,0,58,0,2018-05-11,2018-07-07,,,,,,0.49389693,0.4938969,0.49389693
A,MA2_55190,MA2,55190,0,671,0,2018-01-30,2019-12-01,,,,,,0.49389693,0.49389693,0.49389693
A,MA2_55271,MA2,55271,0,671,0,2018-01-30,2019-12-01,,,,,,0.49389693,0.49389693,0.49389693
A,MA2_55443,MA2,55443,0,671,0,2018-01-30,2019-12-01,,,,,,0.49389693,0.49389693,0.49389693
A,MA2_55554,MA2,55554,0,307,0,2018-01-30,2018-12-02,,,,,,0.49389693,0.49389687,0.49389693
A,MA2_5576,MA2,5576,0,671,0,2018-01-30,2019-12-01,,,,,,0.49389693,0.49389693,0.49389693
A,MA2_55923,MA2,55923,0,635,0,2018-01-30,2019-10-26,,,,,,0.49389693,0.49389687,0.49389693
A,MA2_56065,MA2,56065,0,671,0,2018-01-30,2019-12-01,,,,,,0.49389693,0.49389693,0.49389693
A,MA2_56140,MA2,56140,0,671,0,2018-01-30,2019-12-01,,,,,,0.49389693,0.49389693,0.49389693
A,MA2_56315,MA2,56315,0,460,0,2018-01-30,2019-05-04,,,,,,0.49389693,0.49389696,0.49389693
A,MA2_56349,MA2,56349,0,308,0,2018-01-30,2018-12-03,,,,,,0.49389693,0.49389687,0.49389693
A,MA2_56350,MA2,56350,0,671,0,2018-01-30,2019-12-01,,,,,,0.49389693,0.49389693,0.49389693
A,MA2_56420,MA2,56420,0,283,0,2018-01-30,2018-11-08,,,,,,0.49389693,0.4938969,0.49389693
A,MA2_56824,MA2,56824,0,466,0,2018-01-30,2019-05-10,,,,,,0.49389693,0.49389693,0.49389693
A,MA2_56905,MA2,56905,0,384,0,2018-01-30,2019-02-17,,,,,,0.49389693,0.49389693,0.49389693
A,MA2_57245,MA2,57245,0,671,0,2018-01-30,2019-12-01,,,,,,0.49389693,0.49389693,0.49389693
A,MA2_57278,MA2,57278,0,635,0,2018-01-30,2019-10-26,,,,,,0.49389693,0.49389687,0.49389693
A,MA2_5730,MA2,5730,0,554,0,2018-01-30,2019-08-06,,,,,,0.49389693,0.49389693,0.49389693
A,MA2_57408,MA2,57408,0,671,0,2018-01-30,2019-12-01,,,,,,0.49389693,0.49389693,0.49389693
A,MA2_57456,MA2,57456,0,671,0,2018-01-30,2019-12-01,,,,,,0.49389693,0.49389693,0.49389693
A,MA2_57458,MA2,57458,0,671,0,2018-01-30,2019-12-01,,,,,,0.49389693,0.49389693,0.49389693
A,MA2_57560,MA2,57560,0,671,0,2018-01-30,2019-12-01,,,,,,0.49389693,0.49389693,0.49389693
A,MA2_57662,MA2,57662,0,671,0,2018-01-30,2019-12-01,,,,,,0.49389693,0.49389693,0.49389693
A,MA2_57795,MA2,57795,0,364,0,2018-01-30,2019-01-28,,,,,,0.49389693,0.4938969,0.49389693
A,MA2_58094,MA2,58094,0,399,0,2018-01-30,2019-03-04,,,,,,0.49389693,0.49389693,0.49389693
A,MA2_58204,MA2,58204,0,663,0,2018-01-30,2019-11-23,,,,,,0.49389693,0.49389693,0.49389693
A,MA2_59128,MA2,59128,0,634,0,2018-01-31,2019-10-26,,,,,,0.49389693,0.49389687,0.49389693
A,MA2_59136,MA2,59136,0,657,0,2018-01-30,2019-11-17,,,,,,0.49389693,0.49389696,0.49389693
A,MA2_59441,MA2,59441,0,671,0,2018-01-30,2019-12-01,,,,,,0.49389693,0.49389693,0.49389693
A,MA2_5951,MA2,5951,0,364,0,2018-01-30,2019-01-28,,,,,,0.49389693,0.4938969,0.49389693
A,MA2_59514,MA2,59514,0,457,0,2018-01-30,2019-05-01,,,,,,0.49389693,0.49389696,0.49389693
A,MA2_59526,MA2,59526,0,635,0,2018-01-30,2019-10-26,,,,,,0.49389693,0.49389687,0.49389693
A,MA2_59690,MA2,59690,0,327,0,2018-01-30,2018-12-22,,,,,,0.49389693,0.4938969,0.49389693
A,MA2_59823,MA2,59823,0,379,0,2018-01-30,2019-02-12,,,,,,0.49389693,0.4938969,0.49389693
A,MA2_60057,MA2,60057,0,670,0,2018-01-31,2019-12-01,,,,,,0.49389693,0.49389693,0.49389693
A,MA2_60148,MA2,60148,0,671,0,2018-01-30,2019-12-01,,,,,,0.49389693,0.49389693,0.49389693
A,MA2_60223,MA2,60223,0,671,0,2018-01-30,2019-12-01,,,,,,0.49389693,0.49389693,0.49389693
A,MA2_60225,MA2,60225,0,665,0,2018-01-30,2019-11-25,,,,,,0.49389693,0.49389693,0.49389693
A,MA2_60343,MA2,60343,0,671,0,2018-01-30,2019-12-01,,,,,,0.49389693,0.49389693,0.49389693
A,MA2_60398,MA2,60398,0,307,0,2018-01-30,2018-12-02,,,,,,0.49389693,0.49389687,0.49389693
A,MA2_6052,MA2,6052,0,361,0,2018-01-30,2019-01-25,,,,,,0.49389693,0.4938969,0.49389693
A,MA2_60549,MA2,60549,0,671,0,2018-01-30,2019-12-01,,,,,,0.49389693,0.49389693,0.49389693
A,MA2_60590,MA2,60590,0,671,0,2018-01-30,2019-12-01,,,,,,0.49389693,0.49389693,0.49389693
A,MA2_60621,MA2,60621,0,671,0,2018-01-30,2019-12-01,,,,,,0.49389693,0.49389693,0.49389693
A,MA2_60662,MA2,60662,0,671,0,2018-01-30,2019-12-01,,,,,,0.49389693,0.49389693,0.49389693
A,MA2_60667,MA2,60667,0,671,0,2018-01-30,2019-12-01,,,,,,0.49389693,0.49389693,0.49389693
A,MA2_6092,MA2,6092,0,671,0,2018-01-30,2019-12-01,,,,,,0.49389693,0.49389693,0.49389693
A,MA2_6095,MA2,6095,0,361,0,2018-01-30,2019-01-25,,,,,,0.49389693,0.4938969,0.49389693
A,MA2_61042,MA2,61042,0,659,0,2018-01-30,2019-11-19,,,,,,0.49389693,0.49389696,0.49389693
A,MA2_61088,MA2,61088,0,430,0,2018-01-30,2019-04-04,,,,,,0.49389693,0.4938969,0.49389693
A,MA2_61162,MA2,61162,0,537,0,2018-01-30,2019-07-20,,,,,,0.49389693,0.49389693,0.49389693
A,MA2_61168,MA2,61168,0,635,0,2018-01-30,2019-10-26,,,,,,0.49389693,0.49389687,0.49389693
A,MA2_61211,MA2,61211,0,643,0,2018-01-30,2019-11-03,,,,,,0.49389693,0.4938969,0.49389693
A,MA2_61217,MA2,61217,0,635,0,2018-01-30,2019-10-26,,,,,,0.49389693,0.49389687,0.49389693
A,MA2_61361,MA2,61361,0,671,0,2018-01-30,2019-12-01,,,,,,0.49389693,0.49389693,0.49389693
A,MA2_6138,MA2,6138,0,633,0,2018-01-31,2019-10-25,,,,,,0.49389693,0.49389687,0.49389693
A,MA2_61404,MA2,61404,0,671,0,2018-01-30,2019-12-01,,,,,,0.49389693,0.49389693,0.49389693
A,MA2_61715,MA2,61715,0,671,0,2018-01-30,2019-12-01,,,,,,0.49389693,0.49389693,0.49389693
A,MA2_6180,MA2,6180,0,671,0,2018-01-30,2019-12-01,,,,,,0.49389693,0.49389693,0.49389693
A,MA2_62118,MA2,62118,0,635,0,2018-01-30,2019-10-26,,,,,,0.49389693,0.49389687,0.49389693
A,MA2_62211,MA2,62211,0,277,0,2018-01-30,2018-11-02,,,,,,0.49389693,0.49389693,0.49389693
A,MA2_62310,MA2,62310,0,264,0,2018-01-30,2018-10-20,,,,,,0.49389693,0.49389696,0.49389693
A,MA2_62324,MA2,62324,0,671,0,2018-01-30,2019-12-01,,,,,,0.49389693,0.49389693,0.49389693
A,MA2_62358,MA2,62358,0,671,0,2018-01-30,2019-12-01,,,,,,0.49389693,0.49389693,0.49389693
A,MA2_62478,MA2,62478,0,621,0,2018-02-13,2019-10-26,,,,,,0.49389693,0.49389687,0.49389693
A,MA2_62596,MA2,62596,0,671,0,2018-01-30,2019-12-01,,,,,,0.49389693,0.49389693,0.49389693
A,MA2_62695,MA2,62695,0,671,0,2018-01-30,2019-12-01,,,,,,0.49389693,0.49389693,0.49389693
A,MA2_62708,MA2,62708,0,390,0,2018-11-07,2019-12-01,,,,,,0.49389693,0.4938969,0.49389693
A,MA2_62770,MA2,62770,0,671,0,2018-01-30,2019-12-01,,,,,,0.49389693,0.49389693,0.49389693
A,MA2_62844,MA2,62844,0,393,0,2018-01-30,2019-02-26,,,,,,0.49389693,0.49389696,0.49389693
A,MA2_62865,MA2,62865,0,635,0,2018-01-30,2019-10-26,,,,,,0.49389693,0.49389687,0.49389693
A,MA2_62975,MA2,62975,0,499,0,2018-01-30,2019-06-12,,,,,,0.49389693,0.4938969,0.49389693
A,MA2_63002,MA2,63002,0,671,0,2018-01-30,2019-12-01,,,,,,0.49389693,0.49389693,0.49389693
A,MA2_63010,MA2,63010,0,621,0,2018-02-13,2019-10-26,,,,,,0.49389693,0.49389687,0.49389693
A,MA2_63106,MA2,63106,0,635,0,2018-01-30,2019-10-26,,,,,,0.49389693,0.49389687,0.49389693
A,MA2_6323,MA2,6323,0,378,0,2018-01-30,2019-02-11,,,,,,0.49389693,0.4938969,0.49389693
A,MA2_63341,MA2,63341,0,635,0,2018-01-30,2019-10-26,,,,,,0.49389693,0.49389687,0.49389693
A,MA2_63439,MA2,63439,0,243,0,2018-01-30,2018-09-29,,,,,,0.49389693,0.49389693,0.49389693
A,MA2_63792,MA2,63792,0,460,0,2018-01-30,2019-05-04,,,,,,0.49389693,0.49389696,0.49389693
A,MA2_63876,MA2,63876,0,635,0,2018-01-30,2019-10-26,,,,,,0.49389693,0.49389687,0.49389693
A,MA2_6409,MA2,6409,0,671,0,2018-01-30,2019-12-01,,,,,,0.49389693,0.49389693,0.49389693
A,MA2_64166,MA2,64166,0,458,0,2018-01-30,2019-05-02,,,,,,0.49389693,0.49389696,0.49389693
A,MA2_6445,MA2,6445,0,671,0,2018-01-30,2019-12-01,,,,,,0.49389693,0.49389693,0.49389693
A,MA2_64541,MA2,64541,0,457,0,2018-01-30,2019-05-01,,,,,,0.49389693,0.49389696,0.49389693
A,MA2_64596,MA2,64596,0,671,0,2018-01-30,2019-12-01,,,,,,0.49389693,0.49389693,0.49389693
A,MA2_64678,MA2,64678,0,635,0,2018-01-30,2019-10-26,,,,,,0.49389693,0.49389687,0.49389693
A,MA2_64698,MA2,64698,0,671,0,2018-01-30,2019-12-01,,,,,,0.49389693,0.49389693,0.49389693
A,MA2_64804,MA2,64804,0,635,0,2018-01-30,2019-10-26,,,,,,0.49389693,0.49389687,0.49389693
A,MA2_65213,MA2,65213,0,671,0,2018-01-30,2019-12-01,,,,,,0.49389693,0.49389693,0.49389693
A,MA2_65257,MA2,65257,0,635,0,2018-01-30,2019-10-26,,,,,,0.49389693,0.49389687,0.49389693
A,MA2_65343,MA2,65343,0,671,0,2018-01-30,2019-12-01,,,,,,0.49389693,0.49389693,0.49389693
A,MA2_65412,MA2,65412,0,671,0,2018-01-30,2019-12-01,,,,,,0.49389693,0.49389693,0.49389693
A,MA2_65478,MA2,65478,0,547,0,2018-01-30,2019-07-30,,,,,,0.49389693,0.49389693,0.49389693
A,MA2_65565,MA2,65565,0,421,0,2018-09-01,2019-10-26,,,,,,0.49389693,0.49389693,0.49389693
A,MA2_65774,MA2,65774,0,671,0,2018-01-30,2019-12-01,,,,,,0.49389693,0.49389693,0.49389693
A,MA2_65795,MA2,65795,0,635,0,2018-01-30,2019-10-26,,,,,,0.49389693,0.49389687,0.49389693
A,MA2_6587,MA2,6587,0,327,0,2018-01-30,2018-12-22,,,,,,0.49389693,0.4938969,0.49389693
A,MA2_65979,MA2,65979,0,635,0,2018-01-30,2019-10-26,,,,,,0.49389693,0.49389687,0.49389693
A,MA2_65984,MA2,65984,0,635,0,2018-01-30,2019-10-26,,,,,,0.49389693,0.49389687,0.49389693
A,MA2_66156,MA2,66156,0,293,0,2018-01-30,2018-11-18,,,,,,0.49389693,0.4938969,0.49389693
A,MA2_66306,MA2,66306,0,459,0,2018-01-30,2019-05-03,,,,,,0.49389693,0.49389696,0.49389693
A,MA2_66434,MA2,66434,0,618,0,2018-01-30,2019-10-09,,,,,,0.49389693,0.49389687,0.49389693
A,MA2_6647,MA2,6647,0,307,0,2018-01-30,2018-12-02,,,,,,0.49389693,0.49389687,0.49389693
A,MA2_66483,MA2,66483,0,308,0,2018-01-30,2018-12-03,,,,,,0.49389693,0.49389687,0.49389693
A,MA2_6655,MA2,6655,1,391,5,2018-01-30,2019-02-24,2019-02-20,2019-02-24,0.4938969314098358,0.4938969314098358,0.4938969314098358,0.49389693,0.4938969,0.49389693
A,MA2_6679,MA2,6679,0,636,0,2018-01-30,2019-10-27,,,,,,0.49389693,0.49389687,0.49389693
A,MA2_66893,MA2,66893,0,635,0,2018-01-30,2019-10-26,,,,,,0.49389693,0.49389687,0.49389693
A,MA2_66936,MA2,66936,0,476,0,2018-01-30,2019-05-20,,,,,,0.49389693,0.49389693,0.49389693
A,MA2_66938,MA2,66938,0,476,0,2018-01-30,2019-05-20,,,,,,0.49389693,0.49389693,0.49389693
A,MA2_67142,MA2,67142,0,174,0,2018-01-30,2018-07-22,,,,,,0.49389693,0.49389693,0.49389693
A,MA2_67225,MA2,67225,0,312,0,2018-01-30,2018-12-07,,,,,,0.49389693,0.49389687,0.49389693
A,MA2_67264,MA2,67264,0,378,0,2018-01-30,2019-02-11,,,,,,0.49389693,0.4938969,0.49389693
A,MA2_67299,MA2,67299,0,635,0,2018-01-30,2019-10-26,,,,,,0.49389693,0.49389687,0.49389693
A,MA2_6734,MA2,6734,0,640,0,2018-01-30,2019-10-31,,,,,,0.49389693,0.4938969,0.49389693
A,MA2_67474,MA2,67474,0,671,0,2018-01-30,2019-12-01,,,,,,0.49389693,0.49389693,0.49389693
A,MA2_67593,MA2,67593,0,666,0,2018-01-30,2019-11-26,,,,,,0.49389693,0.49389693,0.49389693
A,MA2_67655,MA2,67655,0,635,0,2018-01-30,2019-10-26,,,,,,0.49389693,0.49389687,0.49389693
A,MA2_67831,MA2,67831,0,671,0,2018-01-30,2019-12-01,,,,,,0.49389693,0.49389693,0.49389693
A,MA2_68072,MA2,68072,0,671,0,2018-01-30,2019-12-01,,,,,,0.49389693,0.49389693,0.49389693
A,MA2_68099,MA2,68099,0,634,0,2018-01-31,2019-10-26,,,,,,0.49389693,0.49389687,0.49389693
A,MA2_68384,MA2,68384,0,671,0,2018-01-30,2019-12-01,,,,,,0.49389693,0.49389693,0.49389693
A,MA2_68385,MA2,68385,0,671,0,2018-01-30,2019-12-01,,,,,,0.49389693,0.49389693,0.49389693
A,MA2_68493,MA2,68493,0,659,0,2018-01-30,2019-11-19,,,,,,0.0,0.0,0.0
A,MA2_68525,MA2,68525,0,671,0,2018-01-30,2019-12-01,,,,,,0.49389693,0.49389693,0.49389693
A,MA2_69039,MA2,69039,0,671,0,2018-01-30,2019-12-01,,,,,,0.49389693,0.49389693,0.49389693
A,MA2_69189,MA2,69189,0,671,0,2018-01-30,2019-12-01,,,,,,0.49389693,0.49389693,0.49389693
A,MA2_69288,MA2,69288,0,671,0,2018-01-30,2019-12-01,,,,,,0.49389693,0.49389693,0.49389693
A,MA2_694,MA2,694,0,659,0,2018-01-30,2019-11-19,,,,,,0.49389693,0.49389696,0.49389693
A,MA2_69596,MA2,69596,0,671,0,2018-01-30,2019-12-01,,,,,,0.49389693,0.49389693,0.49389693
A,MA2_69599,MA2,69599,0,457,0,2018-01-30,2019-05-01,,,,,,0.49389693,0.49389696,0.49389693
A,MA2_69702,MA2,69702,0,384,0,2018-01-30,2019-02-17,,,,,,0.68982553,0.6820705,0.6748684
A,MA2_69954,MA2,69954,0,335,0,2018-01-30,2018-12-30,,,,,,0.49389693,0.49389693,0.49389693
A,MA2_70220,MA2,70220,0,193,0,2018-01-30,2018-08-10,,,,,,0.49389693,0.49389693,0.49389693
A,MA2_70255,MA2,70255,0,671,0,2018-01-30,2019-12-01,,,,,,0.49389693,0.49389693,0.49389693
A,MA2_70493,MA2,70493,0,671,0,2018-01-30,2019-12-01,,,,,,0.49389693,0.49389693,0.49389693
A,MA2_70571,MA2,70571,0,489,0,2018-01-30,2019-06-02,,,,,,0.49389693,0.49389693,0.49389693
A,MA2_71333,MA2,71333,0,202,0,2018-01-30,2018-08-19,,,,,,0.49389693,0.49389693,0.49389693
A,MA2_71463,MA2,71463,0,671,0,2018-01-30,2019-12-01,,,,,,0.49389693,0.49389693,0.49389693
A,MA2_72243,MA2,72243,0,671,0,2018-01-30,2019-12-01,,,,,,0.49389693,0.49389693,0.49389693
A,MA2_72335,MA2,72335,0,671,0,2018-01-30,2019-12-01,,,,,,0.49389693,0.49389693,0.49389693
A,MA2_7247,MA2,7247,0,671,0,2018-01-30,2019-12-01,,,,,,0.49389693,0.49389693,0.49389693
A,MA2_72485,MA2,72485,0,671,0,2018-01-30,2019-12-01,,,,,,0.49389693,0.49389693,0.49389693
A,MA2_72583,MA2,72583,0,456,0,2018-01-30,2019-04-30,,,,,,0.49389693,0.49389696,0.49389693
A,MA2_72607,MA2,72607,0,671,0,2018-01-30,2019-12-01,,,,,,0.49389693,0.49389693,0.49389693
A,MA2_73167,MA2,73167,0,671,0,2018-01-30,2019-12-01,,,,,,0.49389693,0.49389693,0.49389693
A,MA2_73301,MA2,73301,0,251,0,2018-01-30,2018-10-07,,,,,,0.49389693,0.49389693,0.49389693
A,MA2_73365,MA2,73365,0,671,0,2018-01-30,2019-12-01,,,,,,0.49389693,0.49389693,0.49389693
A,MA2_74109,MA2,74109,0,671,0,2018-01-30,2019-12-01,,,,,,0.49389693,0.49389693,0.49389693
A,MA2_74362,MA2,74362,0,671,0,2018-01-30,2019-12-01,,,,,,0.49389693,0.49389693,0.49389693
A,MA2_74402,MA2,74402,0,308,0,2018-01-30,2018-12-03,,,,,,0.49389693,0.49389687,0.49389693
A,MA2_7448,MA2,7448,0,378,0,2018-01-30,2019-02-11,,,,,,0.49389693,0.4938969,0.49389693
A,MA2_748,MA2,748,0,604,0,2018-01-30,2019-09-25,,,,,,0.49389693,0.4938969,0.49389693
A,MA2_75448,MA2,75448,0,671,0,2018-01-30,2019-12-01,,,,,,0.49389693,0.49389693,0.49389693
A,MA2_75485,MA2,75485,0,671,0,2018-01-30,2019-12-01,,,,,,0.49389693,0.49389693,0.49389693
A,MA2_75666,MA2,75666,0,671,0,2018-01-30,2019-12-01,,,,,,0.49389693,0.49389693,0.49389693
A,MA2_75708,MA2,75708,0,671,0,2018-01-30,2019-12-01,,,,,,0.49389693,0.49389693,0.49389693
A,MA2_75878,MA2,75878,0,635,0,2018-01-30,2019-10-26,,,,,,0.49389693,0.49389687,0.49389693
A,MA2_75892,MA2,75892,0,435,0,2018-01-30,2019-04-09,,,,,,0.49389693,0.4938969,0.49389693
A,MA2_7604,MA2,7604,0,671,0,2018-01-30,2019-12-01,,,,,,0.49389693,0.49389693,0.49389693
A,MA2_7605,MA2,7605,0,671,0,2018-01-30,2019-12-01,,,,,,0.49389693,0.49389693,0.49389693
A,MA2_76099,MA2,76099,0,520,0,2018-06-30,2019-12-01,,,,,,0.49389693,0.49389696,0.49389693
A,MA2_76119,MA2,76119,0,635,0,2018-01-30,2019-10-26,,,,,,0.49389693,0.49389687,0.49389693
A,MA2_76174,MA2,76174,0,671,0,2018-01-30,2019-12-01,,,,,,0.49389693,0.49389693,0.49389693
A,MA2_76266,MA2,76266,0,546,0,2018-01-30,2019-07-29,,,,,,0.49389693,0.49389693,0.49389693
A,MA2_76281,MA2,76281,0,671,0,2018-01-30,2019-12-01,,,,,,0.49389693,0.49389693,0.49389693
A,MA2_76308,MA2,76308,0,657,0,2018-01-30,2019-11-17,,,,,,0.49389693,0.49389696,0.49389693
A,MA2_7644,MA2,7644,0,419,0,2018-01-30,2019-03-24,,,,,,0.49389693,0.49389693,0.49389693
A,MA2_7645,MA2,7645,0,419,0,2018-01-30,2019-03-24,,,,,,0.49389693,0.49389693,0.49389693
A,MA2_76518,MA2,76518,0,459,0,2018-01-30,2019-05-03,,,,,,0.49389693,0.49389696,0.49389693
A,MA2_76983,MA2,76983,0,635,0,2018-01-30,2019-10-26,,,,,,0.49389693,0.49389687,0.49389693
A,MA2_77049,MA2,77049,0,671,0,2018-01-30,2019-12-01,,,,,,0.49389693,0.49389693,0.49389693
A,MA2_77116,MA2,77116,0,671,0,2018-01-30,2019-12-01,,,,,,0.49389693,0.49389693,0.49389693
A,MA2_77135,MA2,77135,0,398,0,2018-01-30,2019-03-03,,,,,,0.49389693,0.49389693,0.49389693
A,MA2_77173,MA2,77173,0,635,0,2018-01-30,2019-10-26,,,,,,0.49389693,0.49389687,0.49389693
A,MA2_77344,MA2,77344,0,200,0,2019-05-16,2019-12-01,,,,,,0.49389693,0.49389693,0.49389693
A,MA2_77384,MA2,77384,0,671,0,2018-01-30,2019-12-01,,,,,,0.49389693,0.49389693,0.49389693
A,MA2_77474,MA2,77474,0,671,0,2018-01-30,2019-12-01,,,,,,0.49389693,0.49389693,0.49389693
A,MA2_77526,MA2,77526,0,457,0,2018-01-30,2019-05-01,,,,,,0.49389693,0.49389696,0.49389693
A,MA2_77660,MA2,77660,0,659,0,2018-01-30,2019-11-19,,,,,,0.49389693,0.49389696,0.49389693
A,MA2_77695,MA2,77695,0,453,0,2018-01-30,2019-04-27,,,,,,0.49389693,0.49389693,0.49389693
A,MA2_77730,MA2,77730,0,336,0,2018-01-30,2018-12-31,,,,,,0.49389693,0.49389693,0.49389693
A,MA2_7781,MA2,7781,0,327,0,2018-01-30,2018-12-22,,,,,,0.49389693,0.4938969,0.49389693
A,MA2_77829,MA2,77829,0,657,0,2018-01-30,2019-11-17,,,,,,0.49389693,0.49389696,0.49389693
A,MA2_78311,MA2,78311,0,547,0,2018-01-30,2019-07-30,,,,,,0.49389693,0.49389693,0.49389693
A,MA2_78497,MA2,78497,0,457,0,2018-01-30,2019-05-01,,,,,,0.49389693,0.49389696,0.49389693
A,MA2_78506,MA2,78506,0,671,0,2018-01-30,2019-12-01,,,,,,0.49389693,0.49389693,0.49389693
A,MA2_78557,MA2,78557,0,635,0,2018-01-30,2019-10-26,,,,,,0.49389693,0.49389687,0.49389693
A,MA2_78576,MA2,78576,0,501,0,2018-01-30,2019-06-14,,,,,,0.49389693,0.4938969,0.49389693
A,MA2_78617,MA2,78617,0,671,0,2018-01-30,2019-12-01,,,,,,0.49389693,0.49389693,0.49389693
A,MA2_78625,MA2,78625,0,635,0,2018-01-30,2019-10-26,,,,,,0.49389693,0.49389687,0.49389693
A,MA2_78757,MA2,78757,0,170,0,2018-09-15,2019-03-03,,,,,,0.49389693,0.49389693,0.49389693
A,MA2_78779,MA2,78779,0,441,0,2018-01-30,2019-04-15,,,,,,0.49389693,0.4938969,0.49389693
A,MA2_79108,MA2,79108,0,635,0,2018-01-30,2019-10-26,,,,,,0.49389693,0.49389687,0.49389693
A,MA2_79159,MA2,79159,0,443,0,2018-01-30,2019-04-17,,,,,,0.49389693,0.4938969,0.49389693
A,MA2_79176,MA2,79176,0,671,0,2018-01-30,2019-12-01,,,,,,0.49389693,0.49389693,0.49389693
A,MA2_79224,MA2,79224,0,635,0,2018-01-30,2019-10-26,,,,,,0.49389693,0.49389687,0.49389693
A,MA2_79376,MA2,79376,0,460,0,2018-01-30,2019-05-04,,,,,,0.49389693,0.49389696,0.49389693
A,MA2_79474,MA2,79474,0,671,0,2018-01-30,2019-12-01,,,,,,0.49389693,0.49389693,0.49389693
A,MA2_79557,MA2,79557,0,251,0,2018-01-30,2018-10-07,,,,,,0.49389693,0.49389693,0.49389693
A,MA2_79563,MA2,79563,0,251,0,2018-01-30,2018-10-07,,,,,,0.49389693,0.49389693,0.49389693
A,MA2_79772,MA2,79772,0,520,0,2018-01-30,2019-07-03,,,,,,0.49389693,0.49389696,0.49389693
A,MA2_79864,MA2,79864,0,671,0,2018-01-30,2019-12-01,,,,,,0.49389693,0.49389693,0.49389693
A,MA2_79913,MA2,79913,0,327,0,2018-01-30,2018-12-22,,,,,,0.49389693,0.4938969,0.49389693
A,MA2_80112,MA2,80112,0,671,0,2018-01-30,2019-12-01,,,,,,0.49389693,0.49389693,0.49389693
A,MA2_80241,MA2,80241,0,671,0,2018-01-30,2019-12-01,,,,,,0.49389693,0.49389693,0.49389693
A,MA2_80243,MA2,80243,0,671,0,2018-01-30,2019-12-01,,,,,,0.49389693,0.49389693,0.49389693
A,MA2_80300,MA2,80300,0,671,0,2018-01-30,2019-12-01,,,,,,0.49389693,0.49389693,0.49389693
A,MA2_80366,MA2,80366,0,635,0,2018-01-30,2019-10-26,,,,,,0.49389693,0.49389687,0.49389693
A,MA2_80492,MA2,80492,0,253,0,2018-01-30,2018-10-09,,,,,,0.49389693,0.49389693,0.49389693
A,MA2_80586,MA2,80586,0,671,0,2018-01-30,2019-12-01,,,,,,0.49389693,0.49389693,0.49389693
A,MA2_80680,MA2,80680,0,671,0,2018-01-30,2019-12-01,,,,,,0.49389693,0.49389693,0.49389693
A,MA2_80729,MA2,80729,0,635,0,2018-01-30,2019-10-26,,,,,,0.49389693,0.49389687,0.49389693
A,MA2_80823,MA2,80823,0,601,0,2018-01-30,2019-09-22,,,,,,0.49389693,0.4938969,0.49389693
A,MA2_80907,MA2,80907,0,457,0,2018-01-30,2019-05-01,,,,,,0.49389693,0.49389696,0.49389693
A,MA2_80912,MA2,80912,0,657,0,2018-01-30,2019-11-17,,,,,,0.49389693,0.49389696,0.49389693
A,MA2_81441,MA2,81441,0,458,0,2018-01-30,2019-05-02,,,,,,0.49389693,0.49389696,0.49389693
A,MA2_81507,MA2,81507,0,664,0,2018-01-30,2019-11-24,,,,,,0.49389693,0.49389693,0.49389693
A,MA2_81551,MA2,81551,0,635,0,2018-01-30,2019-10-26,,,,,,0.49389693,0.49389687,0.49389693
A,MA2_81567,MA2,81567,0,671,0,2018-01-30,2019-12-01,,,,,,0.49389693,0.49389693,0.49389693
A,MA2_81585,MA2,81585,0,671,0,2018-01-30,2019-12-01,,,,,,0.49389693,0.49389693,0.49389693
A,MA2_8159,MA2,8159,0,418,0,2018-01-30,2019-03-23,,,,,,0.49389693,0.49389693,0.49389693
A,MA2_81592,MA2,81592,0,671,0,2018-01-30,2019-12-01,,,,,,0.49389693,0.49389693,0.49389693
A,MA2_81838,MA2,81838,0,327,0,2018-01-30,2018-12-22,,,,,,0.49389693,0.4938969,0.49389693
A,MA2_81911,MA2,81911,0,671,0,2018-01-30,2019-12-01,,,,,,0.49389693,0.49389693,0.49389693
A,MA2_81930,MA2,81930,0,671,0,2018-01-30,2019-12-01,,,,,,0.49389693,0.49389693,0.49389693
A,MA2_81932,MA2,81932,0,671,0,2018-01-30,2019-12-01,,,,,,0.49389693,0.49389693,0.49389693
A,MA2_81977,MA2,81977,0,635,0,2018-01-30,2019-10-26,,,,,,0.49389693,0.49389687,0.49389693
A,MA2_81987,MA2,81987,0,117,0,2018-01-30,2018-05-26,,,,,,0.49389693,0.4938969,0.49389693
A,MA2_82148,MA2,82148,0,363,0,2018-01-30,2019-01-27,,,,,,0.49389693,0.4938969,0.49389693
A,MA2_82218,MA2,82218,0,671,0,2018-01-30,2019-12-01,,,,,,0.49389693,0.49389693,0.49389693
A,MA2_82342,MA2,82342,0,669,0,2018-01-30,2019-11-29,,,,,,0.49389693,0.49389693,0.49389693
A,MA2_82698,MA2,82698,0,671,0,2018-01-30,2019-12-01,,,,,,0.49389693,0.49389693,0.49389693
A,MA2_82784,MA2,82784,0,671,0,2018-01-30,2019-12-01,,,,,,0.49389693,0.49389693,0.49389693
A,MA2_82833,MA2,82833,0,635,0,2018-01-30,2019-10-26,,,,,,0.49389693,0.49389687,0.49389693
A,MA2_82902,MA2,82902,0,657,0,2018-01-30,2019-11-17,,,,,,0.49389693,0.49389696,0.49389693
A,MA2_82906,MA2,82906,0,657,0,2018-01-30,2019-11-17,,,,,,0.49389693,0.49389696,0.49389693
A,MA2_82968,MA2,82968,0,671,0,2018-01-30,2019-12-01,,,,,,0.49389693,0.49389693,0.49389693
A,MA2_82977,MA2,82977,0,671,0,2018-01-30,2019-12-01,,,,,,0.49389693,0.49389693,0.49389693
A,MA2_83016,MA2,83016,0,671,0,2018-01-30,2019-12-01,,,,,,0.49389693,0.49389693,0.49389693
A,MA2_83057,MA2,83057,0,635,0,2018-01-30,2019-10-26,,,,,,0.49389693,0.49389687,0.49389693
A,MA2_8306,MA2,8306,0,671,0,2018-01-30,2019-12-01,,,,,,0.49389693,0.49389693,0.49389693
A,MA2_83148,MA2,83148,0,490,0,2018-01-30,2019-06-03,,,,,,0.49389693,0.49389693,0.49389693
A,MA2_83229,MA2,83229,0,657,0,2018-01-30,2019-11-17,,,,,,0.49389693,0.49389696,0.49389693
A,MA2_83479,MA2,83479,0,635,0,2018-01-30,2019-10-26,,,,,,0.49389693,0.49389687,0.49389693
A,MA2_83582,MA2,83582,0,635,0,2018-01-30,2019-10-26,,,,,,0.49389693,0.49389687,0.49389693
A,MA2_83921,MA2,83921,0,668,0,2018-01-30,2019-11-28,,,,,,0.49389693,0.49389693,0.49389693
A,MA2_8397,MA2,8397,0,671,0,2018-01-30,2019-12-01,,,,,,0.49389693,0.49389693,0.49389693
A,MA2_84118,MA2,84118,0,671,0,2018-01-30,2019-12-01,,,,,,0.49389693,0.49389693,0.49389693
A,MA2_84146,MA2,84146,0,433,0,2018-01-30,2019-04-07,,,,,,0.49389693,0.4938969,0.49389693
A,MA2_84246,MA2,84246,0,670,0,2018-01-31,2019-12-01,,,,,,0.49389693,0.49389693,0.49389693
A,MA2_84505,MA2,84505,0,434,0,2018-01-30,2019-04-08,,,,,,0.49389693,0.4938969,0.49389693
A,MA2_84558,MA2,84558,0,635,0,2018-01-30,2019-10-26,,,,,,0.49389693,0.49389687,0.49389693
A,MA2_84561,MA2,84561,0,635,0,2018-01-30,2019-10-26,,,,,,0.49389693,0.49389687,0.49389693
A,MA2_84613,MA2,84613,0,671,0,2018-01-30,2019-12-01,,,,,,0.49389693,0.49389693,0.49389693
A,MA2_84688,MA2,84688,0,501,0,2018-01-30,2019-06-14,,,,,,0.49389693,0.4938969,0.49389693
A,MA2_8515,MA2,8515,0,335,0,2018-01-30,2018-12-30,,,,,,0.49389693,0.49389693,0.49389693
A,MA2_85206,MA2,85206,0,671,0,2018-01-30,2019-12-01,,,,,,0.49389693,0.49389693,0.49389693
A,MA2_85462,MA2,85462,0,671,0,2018-01-30,2019-12-01,,,,,,0.49389693,0.49389693,0.49389693
A,MA2_85562,MA2,85562,0,302,0,2018-01-30,2018-11-27,,,,,,0.49389693,0.4938969,0.49389693
A,MA2_8562,MA2,8562,0,671,0,2018-01-30,2019-12-01,,,,,,0.49389693,0.49389693,0.49389693
A,MA2_85779,MA2,85779,0,635,0,2018-01-30,2019-10-26,,,,,,0.49389693,0.49389687,0.49389693
A,MA2_85952,MA2,85952,0,657,0,2018-01-30,2019-11-17,,,,,,0.49389693,0.49389696,0.49389693
A,MA2_86057,MA2,86057,0,453,0,2018-01-30,2019-04-27,,,,,,0.49389693,0.49389693,0.49389693
A,MA2_86142,MA2,86142,0,671,0,2018-01-30,2019-12-01,,,,,,0.49389693,0.49389693,0.49389693
A,MA2_86290,MA2,86290,0,457,0,2018-01-30,2019-05-01,,,,,,0.49389693,0.49389696,0.49389693
A,MA2_86367,MA2,86367,0,468,0,2018-01-30,2019-05-12,,,,,,0.49389693,0.49389693,0.49389693
A,MA2_86368,MA2,86368,0,468,0,2018-01-30,2019-05-12,,,,,,0.49389693,0.49389693,0.49389693
A,MA2_86520,MA2,86520,1,196,29,2018-01-30,2018-08-13,2018-07-15,2018-08-13,0.4938969314098358,0.4938969314098358,0.4938969314098358,0.49389693,0.4938969,0.49389693
A,MA2_86583,MA2,86583,0,671,0,2018-01-30,2019-12-01,,,,,,0.49389693,0.49389693,0.49389693
A,MA2_86853,MA2,86853,0,671,0,2018-01-30,2019-12-01,,,,,,0.49389693,0.49389693,0.49389693
A,MA2_86889,MA2,86889,0,635,0,2018-01-30,2019-10-26,,,,,,0.49389693,0.49389687,0.49389693
A,MA2_8701,MA2,8701,0,658,0,2018-01-31,2019-11-19,,,,,,0.49389693,0.49389696,0.49389693
A,MA2_87152,MA2,87152,0,671,0,2018-01-30,2019-12-01,,,,,,0.49389693,0.49389693,0.49389693
A,MA2_87174,MA2,87174,0,635,0,2018-01-30,2019-10-26,,,,,,0.49389693,0.49389687,0.49389693
A,MA2_8721,MA2,8721,0,671,0,2018-01-30,2019-12-01,,,,,,0.49389693,0.49389693,0.49389693
A,MA2_87237,MA2,87237,0,518,0,2018-01-30,2019-07-01,,,,,,0.49389693,0.49389696,0.49389693
A,MA2_8725,MA2,8725,0,671,0,2018-01-30,2019-12-01,,,,,,0.49389693,0.49389693,0.49389693
A,MA2_87294,MA2,87294,0,635,0,2018-01-30,2019-10-26,,,,,,0.49389693,0.49389687,0.49389693
A,MA2_87350,MA2,87350,0,671,0,2018-01-30,2019-12-01,,,,,,0.49389693,0.49389693,0.49389693
A,MA2_87380,MA2,87380,0,559,0,2018-01-30,2019-08-11,,,,,,0.49389693,0.49389693,0.49389693
A,MA2_87395,MA2,87395,0,407,0,2018-01-30,2019-03-12,,,,,,0.49389693,0.49389693,0.49389693
A,MA2_87604,MA2,87604,0,466,0,2018-01-30,2019-05-10,,,,,,0.49389693,0.49389693,0.49389693
A,MA2_87646,MA2,87646,0,467,0,2018-01-30,2019-05-11,,,,,,0.49389693,0.49389693,0.49389693
A,MA2_8794,MA2,8794,0,671,0,2018-01-30,2019-12-01,,,,,,0.49389693,0.49389693,0.49389693
A,MA2_88104,MA2,88104,0,277,0,2018-01-30,2018-11-02,,,,,,0.49389693,0.49389693,0.49389693
A,MA2_88180,MA2,88180,0,670,0,2018-01-31,2019-12-01,,,,,,0.49389693,0.49389693,0.49389693
A,MA2_88214,MA2,88214,0,671,0,2018-01-30,2019-12-01,,,,,,0.49389693,0.49389693,0.49389693
A,MA2_88345,MA2,88345,0,671,0,2018-01-30,2019-12-01,,,,,,0.49389693,0.49389693,0.49389693
A,MA2_88356,MA2,88356,0,671,0,2018-01-30,2019-12-01,,,,,,0.49389693,0.49389693,0.49389693
A,MA2_8847,MA2,8847,0,529,0,2018-01-30,2019-07-12,,,,,,0.49389693,0.49389693,0.49389693
A,MA2_88580,MA2,88580,0,312,0,2018-01-30,2018-12-07,,,,,,0.49389693,0.49389687,0.49389693
A,MA2_88870,MA2,88870,0,603,0,2018-01-30,2019-09-24,,,,,,0.49389693,0.4938969,0.49389693
A,MA2_88948,MA2,88948,0,457,0,2018-01-30,2019-05-01,,,,,,0.49389693,0.49389696,0.49389693
A,MA2_89113,MA2,89113,0,671,0,2018-01-30,2019-12-01,,,,,,0.49389693,0.49389693,0.49389693
A,MA2_89424,MA2,89424,0,635,0,2018-01-30,2019-10-26,,,,,,0.49389693,0.49389687,0.49389693
A,MA2_89498,MA2,89498,0,671,0,2018-01-30,2019-12-01,,,,,,0.49389693,0.49389693,0.49389693
A,MA2_89508,MA2,89508,0,595,0,2018-01-30,2019-09-16,,,,,,0.49389693,0.4938969,0.49389693
A,MA2_89557,MA2,89557,0,312,0,2018-01-30,2018-12-07,,,,,,0.49389693,0.49389687,0.49389693
A,MA2_89589,MA2,89589,0,671,0,2018-01-30,2019-12-01,,,,,,0.49389693,0.49389693,0.49389693
A,MA2_89622,MA2,89622,0,372,0,2018-01-30,2019-02-05,,,,,,0.49389693,0.4938969,0.49389693
A,MA2_89709,MA2,89709,0,416,0,2018-10-12,2019-12-01,,,,,,0.49389693,0.49389693,0.49389693
A,MA2_89730,MA2,89730,0,671,0,2018-01-30,2019-12-01,,,,,,0.49389693,0.49389693,0.49389693
A,MA2_89872,MA2,89872,0,671,0,2018-01-30,2019-12-01,,,,,,0.49389693,0.49389693,0.49389693
A,MA2_89951,MA2,89951,0,635,0,2018-01-30,2019-10-26,,,,,,0.49389693,0.49389687,0.49389693
A,MA2_90299,MA2,90299,0,671,0,2018-01-30,2019-12-01,,,,,,0.49389693,0.49389693,0.49389693
A,MA2_90459,MA2,90459,0,438,0,2018-01-30,2019-04-12,,,,,,0.49389693,0.4938969,0.49389693
A,MA2_90502,MA2,90502,0,631,0,2018-01-30,2019-10-22,,,,,,0.49389693,0.49389687,0.49389693
A,MA2_90530,MA2,90530,0,258,0,2018-01-30,2018-10-14,,,,,,0.49389693,0.49389696,0.49389693
A,MA2_90560,MA2,90560,0,468,0,2018-01-30,2019-05-12,,,,,,0.49389693,0.49389693,0.49389693
A,MA2_90605,MA2,90605,0,671,0,2018-01-30,2019-12-01,,,,,,0.49389693,0.49389693,0.49389693
A,MA2_90969,MA2,90969,0,671,0,2018-01-30,2019-12-01,,,,,,0.49389693,0.49389693,0.49389693
A,MA2_91153,MA2,91153,0,635,0,2018-01-30,2019-10-26,,,,,,0.49389693,0.49389687,0.49389693
A,MA2_91157,MA2,91157,0,635,0,2018-01-30,2019-10-26,,,,,,0.49389693,0.49389687,0.49389693
A,MA2_91165,MA2,91165,0,635,0,2018-01-30,2019-10-26,,,,,,0.49389693,0.49389687,0.49389693
A,MA2_91400,MA2,91400,0,371,0,2018-02-06,2019-02-11,,,,,,0.49389693,0.4938969,0.49389693
A,MA2_91412,MA2,91412,0,540,0,2018-01-30,2019-07-23,,,,,,0.49389693,0.49389693,0.49389693
A,MA2_9146,MA2,9146,0,671,0,2018-01-30,2019-12-01,,,,,,0.49389693,0.49389693,0.49389693
A,MA2_91530,MA2,91530,0,671,0,2018-01-30,2019-12-01,,,,,,0.49389693,0.49389693,0.49389693
A,MA2_91666,MA2,91666,0,671,0,2018-01-30,2019-12-01,,,,,,0.49389693,0.49389693,0.49389693
A,MA2_91723,MA2,91723,0,671,0,2018-01-30,2019-12-01,,,,,,0.49389693,0.49389693,0.49389693
A,MA2_91819,MA2,91819,0,635,0,2018-01-30,2019-10-26,,,,,,0.49389693,0.49389687,0.49389693
A,MA2_91872,MA2,91872,0,671,0,2018-01-30,2019-12-01,,,,,,0.49389693,0.49389693,0.49389693
A,MA2_91913,MA2,91913,0,671,0,2018-01-30,2019-12-01,,,,,,0.49389693,0.49389693,0.49389693
A,MA2_91931,MA2,91931,0,635,0,2018-01-30,2019-10-26,,,,,,0.49389693,0.49389687,0.49389693
A,MA2_92031,MA2,92031,0,620,0,2018-01-30,2019-10-11,,,,,,0.49389693,0.49389687,0.49389693
A,MA2_92131,MA2,92131,0,293,0,2018-01-30,2018-11-18,,,,,,0.49389693,0.4938969,0.49389693
A,MA2_92170,MA2,92170,0,671,0,2018-01-30,2019-12-01,,,,,,0.49389693,0.49389693,0.49389693
A,MA2_92370,MA2,92370,0,671,0,2018-01-30,2019-12-01,,,,,,0.49389693,0.49389693,0.49389693
A,MA2_92478,MA2,92478,0,671,0,2018-01-30,2019-12-01,,,,,,0.49389693,0.49389693,0.49389693
A,MA2_92708,MA2,92708,0,635,0,2018-01-30,2019-10-26,,,,,,0.49389693,0.49389687,0.49389693
A,MA2_92755,MA2,92755,0,357,0,2018-01-30,2019-01-21,,,,,,0.49389693,0.4938969,0.49389693
A,MA2_92972,MA2,92972,0,635,0,2018-01-30,2019-10-26,,,,,,0.49389693,0.49389687,0.49389693
A,MA2_93188,MA2,93188,0,327,0,2018-01-30,2018-12-22,,,,,,0.49389693,0.4938969,0.49389693
A,MA2_93361,MA2,93361,0,607,0,2018-01-30,2019-09-28,,,,,,0.49389693,0.49389687,0.49389693
A,MA2_93481,MA2,93481,0,671,0,2018-01-30,2019-12-01,,,,,,0.49389693,0.49389693,0.49389693
A,MA2_9383,MA2,9383,0,640,0,2018-01-30,2019-10-31,,,,,,0.49389693,0.4938969,0.49389693
A,MA2_94000,MA2,94000,0,671,0,2018-01-30,2019-12-01,,,,,,0.49389693,0.49389693,0.49389693
A,MA2_94041,MA2,94041,0,671,0,2018-01-30,2019-12-01,,,,,,0.49389693,0.49389693,0.49389693
A,MA2_94171,MA2,94171,0,631,0,2018-01-30,2019-10-22,,,,,,0.49389693,0.49389687,0.49389693
A,MA2_94174,MA2,94174,0,671,0,2018-01-30,2019-12-01,,,,,,0.49389693,0.49389693,0.49389693
A,MA2_94413,MA2,94413,0,659,0,2018-01-30,2019-11-19,,,,,,0.49389693,0.49389696,0.49389693
A,MA2_94614,MA2,94614,0,590,0,2018-01-30,2019-09-11,,,,,,0.49389693,0.4938969,0.49389693
A,MA2_94629,MA2,94629,0,633,0,2018-01-30,2019-10-24,,,,,,0.49389693,0.49389687,0.49389693
A,MA2_94640,MA2,94640,0,459,0,2018-01-30,2019-05-03,,,,,,0.49389693,0.49389696,0.49389693
A,MA2_94792,MA2,94792,0,634,0,2018-01-31,2019-10-26,,,,,,0.49389693,0.49389687,0.49389693
A,MA2_9482,MA2,9482,0,336,0,2018-01-30,2018-12-31,,,,,,0.49389693,0.49389693,0.49389693
A,MA2_95039,MA2,95039,0,671,0,2018-01-30,2019-12-01,,,,,,0.49389693,0.49389693,0.49389693
A,MA2_95130,MA2,95130,0,671,0,2018-01-30,2019-12-01,,,,,,0.49389693,0.49389693,0.49389693
A,MA2_95217,MA2,95217,0,671,0,2018-01-30,2019-12-01,,,,,,0.49389693,0.49389693,0.49389693
A,MA2_95676,MA2,95676,0,671,0,2018-01-30,2019-12-01,,,,,,0.49389693,0.49389693,0.49389693
A,MA2_9593,MA2,9593,0,671,0,2018-01-30,2019-12-01,,,,,,0.49389693,0.49389693,0.49389693
A,MA2_96055,MA2,96055,0,671,0,2018-01-30,2019-12-01,,,,,,0.49389693,0.49389693,0.49389693
A,MA2_96108,MA2,96108,0,635,0,2018-01-30,2019-10-26,,,,,,0.49389693,0.49389687,0.49389693
A,MA2_96153,MA2,96153,0,671,0,2018-01-30,2019-12-01,,,,,,0.49389693,0.49389693,0.49389693
A,MA2_96210,MA2,96210,0,659,0,2018-01-30,2019-11-19,,,,,,0.49389693,0.49389696,0.49389693
A,MA2_96329,MA2,96329,0,670,0,2018-01-31,2019-12-01,,,,,,0.49389693,0.49389693,0.49389693
A,MA2_96357,MA2,96357,0,327,0,2018-01-30,2018-12-22,,,,,,0.49389693,0.4938969,0.49389693
A,MA2_96453,MA2,96453,0,671,0,2018-01-30,2019-12-01,,,,,,0.49389693,0.49389693,0.49389693
A,MA2_96506,MA2,96506,0,586,0,2018-01-30,2019-09-07,,,,,,0.49389693,0.4938969,0.49389693
A,MA2_96581,MA2,96581,0,458,0,2018-01-30,2019-05-02,,,,,,0.49389693,0.49389696,0.49389693
A,MA2_96712,MA2,96712,0,671,0,2018-01-30,2019-12-01,,,,,,0.49389693,0.49389693,0.49389693
A,MA2_96772,MA2,96772,0,671,0,2018-01-30,2019-12-01,,,,,,0.49389693,0.49389693,0.49389693
A,MA2_96789,MA2,96789,0,559,0,2018-01-30,2019-08-11,,,,,,0.49389693,0.49389693,0.49389693
A,MA2_96877,MA2,96877,0,671,0,2018-01-30,2019-12-01,,,,,,0.49389693,0.49389693,0.49389693
A,MA2_96957,MA2,96957,0,657,0,2018-01-30,2019-11-17,,,,,,0.49389693,0.49389696,0.49389693
A,MA2_9719,MA2,9719,0,635,0,2018-01-30,2019-10-26,,,,,,0.49389693,0.49389687,0.49389693
A,MA2_97223,MA2,97223,0,663,0,2018-01-30,2019-11-23,,,,,,0.49389693,0.49389693,0.49389693
A,MA2_97352,MA2,97352,0,671,0,2018-01-30,2019-12-01,,,,,,0.49389693,0.49389693,0.49389693
A,MA2_97405,MA2,97405,0,376,0,2018-09-14,2019-09-24,,,,,,0.49389693,0.4938969,0.49389693
A,MA2_97510,MA2,97510,0,671,0,2018-01-30,2019-12-01,,,,,,0.49389693,0.49389693,0.49389693
A,MA2_97553,MA2,97553,0,671,0,2018-01-30,2019-12-01,,,,,,0.49389693,0.49389693,0.49389693
A,MA2_97557,MA2,97557,0,671,0,2018-01-30,2019-12-01,,,,,,0.49389693,0.49389693,0.49389693
A,MA2_98052,MA2,98052,0,670,0,2018-01-30,2019-11-30,,,,,,0.49389693,0.49389693,0.49389693
A,MA2_98156,MA2,98156,0,635,0,2018-01-30,2019-10-26,,,,,,0.49389693,0.49389687,0.49389693
A,MA2_98171,MA2,98171,0,635,0,2018-01-30,2019-10-26,,,,,,0.49389693,0.49389687,0.49389693
A,MA2_98375,MA2,98375,0,645,0,2018-01-30,2019-11-05,,,,,,0.49389693,0.4938969,0.49389693
A,MA2_98559,MA2,98559,0,460,0,2018-01-30,2019-05-04,,,,,,0.49389693,0.49389696,0.49389693
A,MA2_98626,MA2,98626,0,444,0,2018-09-14,2019-12-01,,,,,,0.49389693,0.4938969,0.49389693
A,MA2_98677,MA2,98677,0,258,0,2018-01-30,2018-10-14,,,,,,0.49389693,0.49389696,0.49389693
A,MA2_98692,MA2,98692,0,671,0,2018-01-30,2019-12-01,,,,,,0.49389693,0.49389693,0.49389693
A,MA2_98936,MA2,98936,0,645,0,2018-01-30,2019-11-05,,,,,,0.49389693,0.4938969,0.49389693
A,MA2_99179,MA2,99179,0,125,0,2018-01-30,2018-06-03,,,,,,0.49389693,0.4938969,0.49389693
A,MA2_99214,MA2,99214,0,302,0,2018-01-30,2018-11-27,,,,,,0.49389693,0.4938969,0.49389693
A,MA2_99363,MA2,99363,0,671,0,2018-01-30,2019-12-01,,,,,,0.49389693,0.49389693,0.49389693
A,MA2_9937,MA2,9937,0,671,0,2018-01-30,2019-12-01,,,,,,0.49389693,0.49389693,0.49389693
A,MA2_99388,MA2,99388,0,384,0,2018-01-30,2019-02-17,,,,,,0.49389693,0.49389693,0.49389693
A,MA2_997,MA2,997,0,671,0,2018-01-30,2019-12-01,,,,,,0.49389693,0.49389693,0.49389693
A,MA2_99835,MA2,99835,0,293,0,2018-01-30,2018-11-18,,,,,,0.49389693,0.4938969,0.49389693
