model,disk_id,drive_score,drive_label,n_final_windows,final_window_start,final_window_end
MC1,7,0.49570536613464355,0,30,2019-11-02,2019-12-01
MC1,15,0.5013796091079712,0,30,2019-11-02,2019-12-01
MC1,61,0.5122535228729248,0,30,2019-11-02,2019-12-01
MC1,161,0.4958869516849518,0,30,2019-11-02,2019-12-01
MC1,164,0.49589022994041443,0,30,2019-11-02,2019-12-01
MC1,223,0.4969176650047302,0,30,2019-10-03,2019-11-01
MC1,407,0.49213600158691406,0,30,2019-11-02,2019-12-01
MC1,431,0.5008101463317871,0,30,2019-11-02,2019-12-01
MC1,452,0.5262883305549622,0,30,2019-11-02,2019-12-01
MC1,565,0.481903612613678,0,30,2019-11-02,2019-12-01
MC1,671,0.4885506331920624,0,30,2019-11-02,2019-12-01
MC1,703,0.5030069947242737,0,30,2019-11-02,2019-12-01
MC1,731,0.503980278968811,0,30,2019-11-02,2019-12-01
MC1,770,0.5039836168289185,0,30,2019-11-02,2019-12-01
MC1,890,0.5138212442398071,1,30,2019-06-20,2019-07-19
MC1,1084,0.48194944858551025,0,30,2019-11-02,2019-12-01
MC1,1155,0.4981870949268341,0,30,2019-11-02,2019-12-01
MC1,1230,0.5186066031455994,0,30,2019-11-02,2019-12-01
MC1,1271,0.4954249858856201,0,30,2019-05-23,2019-06-21
MC1,1306,0.5083296298980713,0,30,2019-11-02,2019-12-01
MC1,1406,0.501248836517334,0,30,2019-11-02,2019-12-01
MC1,1465,0.48457637429237366,0,30,2019-11-02,2019-12-01
MC1,1492,0.4926512837409973,0,30,2019-11-02,2019-12-01
MC1,1510,0.4868362247943878,0,30,2019-11-02,2019-12-01
MC1,1637,0.49508771300315857,0,30,2019-11-02,2019-12-01
MC1,1854,0.5046010613441467,0,30,2019-11-02,2019-12-01
MC1,2032,0.4872605800628662,0,30,2019-11-02,2019-12-01
MC1,2624,0.5155644416809082,0,30,2018-12-27,2019-01-25
MC1,2835,0.4989635944366455,0,30,2019-11-02,2019-12-01
MC1,2891,0.5002430081367493,0,30,2019-11-02,2019-12-01
MC1,2925,0.5133220553398132,0,30,2019-11-02,2019-12-01
MC1,2977,0.4975554049015045,0,30,2019-11-02,2019-12-01
MC1,2990,0.5008901357650757,0,30,2019-11-02,2019-12-01
MC1,3188,0.5102953910827637,0,30,2019-11-02,2019-12-01
MC1,3300,0.519361138343811,0,30,2019-11-02,2019-12-01
MC1,3341,0.4960809648036957,0,30,2019-06-21,2019-07-20
MC1,3510,0.49809032678604126,0,30,2019-11-02,2019-12-01
MC1,3566,0.4954468011856079,0,30,2019-11-02,2019-12-01
MC1,3637,0.5058076977729797,0,30,2019-11-02,2019-12-01
MC1,3717,0.49879685044288635,0,30,2019-11-02,2019-12-01
MC1,3776,0.49808427691459656,0,30,2019-11-02,2019-12-01
MC1,3793,0.5195929408073425,0,30,2019-07-19,2019-08-17
MC1,3879,0.4986226558685303,0,30,2019-11-02,2019-12-01
MC1,3914,0.5129296779632568,0,30,2019-11-02,2019-12-01
MC1,4356,0.4975900650024414,1,30,2019-09-02,2019-10-01
MC1,4373,0.48857682943344116,0,30,2019-11-02,2019-12-01
MC1,4414,0.4932062029838562,0,30,2019-08-14,2019-09-12
MC1,4442,0.5047861933708191,0,30,2019-11-02,2019-12-01
MC1,4500,0.48767024278640747,0,30,2019-11-02,2019-12-01
MC1,4531,0.5042015910148621,0,30,2019-11-02,2019-12-01
MC1,4593,0.5085276365280151,0,30,2019-11-02,2019-12-01
MC1,4624,0.5057985186576843,0,30,2019-11-02,2019-12-01
MC1,4807,0.508798360824585,0,30,2019-11-02,2019-12-01
MC1,5154,0.4920312464237213,0,30,2019-11-02,2019-12-01
MC1,5386,0.5075002908706665,0,30,2019-11-02,2019-12-01
MC1,5396,0.5048081874847412,1,30,2019-05-03,2019-06-01
MC1,5551,0.6398520469665527,0,30,2019-11-02,2019-12-01
MC1,5968,0.4978905916213989,0,30,2019-11-02,2019-12-01
MC1,6124,0.4849662184715271,0,30,2019-11-02,2019-12-01
MC1,6222,0.5006372332572937,0,30,2019-11-02,2019-12-01
MC1,6242,0.5056548118591309,0,30,2019-11-02,2019-12-01
MC1,6472,0.49483877420425415,0,30,2019-10-19,2019-11-17
MC1,6501,0.5111144185066223,0,30,2019-11-02,2019-12-01
MC1,6512,0.5085431933403015,0,30,2019-11-02,2019-12-01
MC1,6549,0.49885833263397217,0,30,2019-11-02,2019-12-01
MC1,6736,0.5044944882392883,0,30,2019-11-02,2019-12-01
MC1,6789,0.5174182653427124,0,30,2019-11-02,2019-12-01
MC1,6801,0.49992960691452026,0,30,2019-11-02,2019-12-01
MC1,6802,0.5020678639411926,0,30,2019-11-02,2019-12-01
MC1,7112,0.5004276633262634,0,30,2019-11-02,2019-12-01
MC1,7209,0.5125737190246582,0,30,2019-11-02,2019-12-01
MC1,7246,0.4884131848812103,0,30,2019-11-02,2019-12-01
MC1,7251,0.4917718172073364,0,30,2019-11-02,2019-12-01
MC1,7298,0.5132558345794678,0,30,2019-11-02,2019-12-01
MC1,7425,0.5041660666465759,0,30,2019-10-19,2019-11-17
MC1,7447,0.5116483569145203,0,30,2019-11-02,2019-12-01
MC1,7498,0.49744847416877747,0,30,2019-11-02,2019-12-01
MC1,7689,0.5093785524368286,0,30,2019-11-02,2019-12-01
MC1,7715,0.5067554712295532,0,30,2019-11-02,2019-12-01
MC1,7800,0.4856475591659546,0,30,2019-11-02,2019-12-01
MC1,7937,0.4990819990634918,0,30,2019-11-02,2019-12-01
MC1,8242,0.5200648307800293,0,30,2018-12-29,2019-01-27
MC1,8394,0.5060853958129883,0,30,2019-11-02,2019-12-01
MC1,8613,0.49399837851524353,0,30,2019-10-19,2019-11-17
MC1,8765,0.4938800632953644,0,30,2019-11-02,2019-12-01
MC1,8923,0.504094660282135,0,30,2019-11-02,2019-12-01
MC1,9081,0.48402687907218933,0,30,2019-11-02,2019-12-01
MC1,9151,0.48982128500938416,0,30,2019-11-02,2019-12-01
MC1,9296,0.5103982090950012,0,30,2019-11-02,2019-12-01
MC1,9385,0.48843321204185486,0,30,2019-11-02,2019-12-01
MC1,9404,0.4874221980571747,0,30,2019-11-02,2019-12-01
MC1,9408,0.5037665963172913,0,30,2019-11-02,2019-12-01
MC1,9472,0.49794283509254456,0,30,2019-11-02,2019-12-01
MC1,9583,0.48694583773612976,0,30,2019-11-02,2019-12-01
MC1,9612,0.510884165763855,0,30,2019-11-02,2019-12-01
MC1,9628,0.5059482455253601,0,30,2019-11-02,2019-12-01
MC1,9654,0.485352098941803,0,30,2019-11-02,2019-12-01
MC1,10033,0.48946866393089294,0,30,2019-11-02,2019-12-01
MC1,10141,0.5039075016975403,0,30,2019-11-02,2019-12-01
MC1,10271,0.5039871335029602,0,30,2019-11-02,2019-12-01
MC1,10333,0.5030001997947693,0,30,2019-11-02,2019-12-01
MC1,10385,0.48194780945777893,0,30,2019-11-02,2019-12-01
MC1,10596,0.4822034537792206,0,30,2019-11-02,2019-12-01
MC1,10607,0.49791446328163147,0,30,2019-11-02,2019-12-01
MC1,10610,0.4819551706314087,0,30,2019-11-02,2019-12-01
MC1,10719,0.5109570622444153,0,30,2019-11-02,2019-12-01
MC1,10746,0.4995694160461426,0,30,2019-11-02,2019-12-01
MC1,10831,0.49275487661361694,0,30,2019-11-02,2019-12-01
MC1,11218,0.49594300985336304,0,30,2019-11-02,2019-12-01
MC1,11227,0.49594300985336304,0,30,2019-11-02,2019-12-01
MC1,11348,0.48504114151000977,0,30,2019-11-02,2019-12-01
MC1,11394,0.5042954087257385,0,30,2019-10-19,2019-11-17
MC1,11397,0.5042946338653564,0,30,2019-10-19,2019-11-17
MC1,11500,0.4991023540496826,1,30,2019-09-01,2019-09-30
MC1,11615,0.49360281229019165,0,30,2019-11-02,2019-12-01
MC1,11623,0.5109853744506836,0,30,2019-11-02,2019-12-01
MC1,11863,0.4893409311771393,0,30,2019-11-02,2019-12-01
MC1,11879,0.5179132223129272,0,30,2019-11-02,2019-12-01
MC1,11948,0.48742225766181946,0,30,2019-11-02,2019-12-01
MC1,11968,0.4820113778114319,0,30,2019-11-02,2019-12-01
MC1,12022,0.4924408495426178,0,30,2019-11-02,2019-12-01
MC1,12045,0.5008304119110107,0,30,2019-11-02,2019-12-01
MC1,12120,0.49651071429252625,0,30,2019-11-02,2019-12-01
MC1,12610,0.4966796934604645,0,30,2019-11-02,2019-12-01
MC1,12779,0.4957273006439209,0,30,2019-11-02,2019-12-01
MC1,12988,0.499207079410553,1,30,2019-09-19,2019-10-18
MC1,13015,0.6439497470855713,0,30,2018-08-19,2018-09-17
MC1,13138,0.49684953689575195,0,30,2019-10-03,2019-11-01
MC1,13139,0.49685171246528625,0,30,2019-10-03,2019-11-01
MC1,13174,0.49817076325416565,0,30,2019-11-02,2019-12-01
MC1,13400,0.5061448812484741,0,30,2019-11-02,2019-12-01
MC1,13584,0.5111837983131409,0,30,2019-11-02,2019-12-01
MC1,13670,0.5132258534431458,0,30,2019-11-02,2019-12-01
MC1,13730,0.4966348707675934,0,30,2019-11-02,2019-12-01
MC1,13773,0.4911794364452362,0,30,2019-10-19,2019-11-17
MC1,13915,0.5004838109016418,0,30,2019-11-02,2019-12-01
MC1,14238,0.49879419803619385,0,30,2019-11-02,2019-12-01
MC1,14311,0.5171211361885071,1,30,2018-06-17,2018-07-16
MC1,14326,0.5035343170166016,0,30,2019-11-02,2019-12-01
MC1,14455,0.4869467318058014,0,30,2019-11-02,2019-12-01
MC1,14665,0.5188734531402588,0,30,2019-11-01,2019-11-30
MC1,14738,0.4933294653892517,0,30,2019-11-02,2019-12-01
MC1,14878,0.4972192645072937,0,30,2019-07-11,2019-08-09
MC1,14935,0.5095354318618774,0,30,2019-11-02,2019-12-01
MC1,15011,0.4930465817451477,0,30,2019-11-02,2019-12-01
MC1,15316,0.4934515953063965,0,30,2019-11-02,2019-12-01
MC1,15443,0.516582727432251,0,30,2019-11-02,2019-12-01
MC1,15604,0.4968058168888092,0,30,2019-11-02,2019-12-01
MC1,15990,0.4990805685520172,0,30,2019-11-02,2019-12-01
MC1,15991,0.49907997250556946,0,30,2019-11-02,2019-12-01
MC1,16194,0.5041452050209045,0,30,2019-11-02,2019-12-01
MC1,16261,0.4950919449329376,0,30,2019-11-02,2019-12-01
MC1,16269,0.501704752445221,0,30,2019-11-02,2019-12-01
MC1,16532,0.49556609988212585,0,30,2019-09-03,2019-10-02
MC1,16571,0.4984431564807892,0,30,2019-11-02,2019-12-01
MC1,16625,0.4914821684360504,0,30,2019-08-18,2019-09-16
MC1,16672,0.4563901424407959,0,25,2019-11-07,2019-12-01
MC1,17713,0.500735342502594,0,30,2019-11-02,2019-12-01
MC1,17895,0.5173287987709045,0,30,2019-11-02,2019-12-01
MC1,18236,0.49794331192970276,0,30,2019-11-02,2019-12-01
MC1,18245,0.513923704624176,0,30,2019-10-19,2019-11-17
MC1,18388,0.4989663362503052,0,30,2019-11-02,2019-12-01
MC1,18814,0.5039418935775757,0,30,2019-11-02,2019-12-01
MC1,18855,0.0,1,30,2019-11-03,2019-12-02
MC1,18898,0.49202343821525574,0,30,2019-11-02,2019-12-01
MC1,18955,0.4948504567146301,0,30,2019-11-02,2019-12-01
MC1,18970,0.51523756980896,0,30,2019-11-02,2019-12-01
MC1,18986,0.6409342885017395,0,30,2019-11-02,2019-12-01
MC1,19001,0.510897159576416,0,30,2019-11-02,2019-12-01
MC1,19026,0.5284498929977417,0,30,2019-11-02,2019-12-01
MC1,19266,0.4926222562789917,0,30,2019-11-02,2019-12-01
MC1,19339,0.49581941962242126,0,30,2019-11-02,2019-12-01
MC1,19469,0.511355459690094,0,30,2019-11-02,2019-12-01
MC1,19618,0.4918825328350067,1,30,2019-08-19,2019-09-17
MC1,19735,0.49779558181762695,0,30,2019-11-02,2019-12-01
MC1,19744,0.4966279864311218,0,30,2019-11-02,2019-12-01
MC1,19905,0.49843692779541016,0,30,2019-11-02,2019-12-01
MC1,19974,0.5001158714294434,0,30,2019-11-02,2019-12-01
MC1,20071,0.5248034596443176,0,30,2019-11-02,2019-12-01
MC1,20123,0.5075132846832275,0,30,2019-11-02,2019-12-01
MC1,20147,0.49543169140815735,0,30,2019-05-23,2019-06-21
MC1,20151,0.5063860416412354,0,30,2019-11-02,2019-12-01
MC1,20254,0.5015057325363159,0,30,2019-11-02,2019-12-01
MC1,20270,0.5080972909927368,0,30,2019-11-02,2019-12-01
MC1,20287,0.4885603189468384,0,30,2019-11-02,2019-12-01
MC1,20330,0.5051230788230896,0,30,2019-11-02,2019-12-01
MC1,20409,0.5115213394165039,1,30,2019-09-18,2019-10-17
MC1,20412,0.49564796686172485,0,30,2019-11-02,2019-12-01
MC1,20875,0.5022761225700378,0,30,2019-11-02,2019-12-01
MC1,20881,0.4991678297519684,0,30,2019-11-02,2019-12-01
MC1,20884,0.4991678297519684,0,30,2019-11-02,2019-12-01
MC1,21009,0.0,0,30,2019-11-02,2019-12-01
MC1,21054,0.49969738721847534,0,30,2019-11-02,2019-12-01
MC1,21508,0.508533775806427,0,30,2019-11-02,2019-12-01
MC1,21533,0.5132870674133301,0,30,2019-11-02,2019-12-01
MC1,21553,0.5015945434570312,0,30,2019-11-02,2019-12-01
MC1,21629,0.6280423402786255,0,30,2019-11-02,2019-12-01
MC1,21688,0.4918985664844513,0,30,2019-11-02,2019-12-01
MC1,21865,0.515620231628418,0,30,2019-11-02,2019-12-01
MC1,21902,0.5260786414146423,0,30,2019-11-02,2019-12-01
MC1,22244,0.49704161286354065,0,30,2019-11-02,2019-12-01
MC1,22276,0.4954899847507477,1,30,2019-10-16,2019-11-14
MC1,22407,0.5008889436721802,0,30,2019-11-02,2019-12-01
MC1,22415,0.5129599571228027,0,30,2019-11-02,2019-12-01
MC1,22491,0.5195591449737549,0,30,2019-11-02,2019-12-01
MC1,22561,0.4966440498828888,0,30,2019-11-02,2019-12-01
MC1,22794,0.4980026185512543,0,30,2019-11-02,2019-12-01
MC1,22853,0.5081340670585632,0,30,2019-08-11,2019-09-09
MC1,22952,0.49517661333084106,0,30,2019-11-02,2019-12-01
MC1,23142,0.48701468110084534,0,30,2019-11-02,2019-12-01
MC1,23652,0.49751874804496765,0,30,2019-11-02,2019-12-01
MC1,23704,0.49060261249542236,0,30,2019-10-19,2019-11-17
MC1,23760,0.49734485149383545,0,30,2019-11-02,2019-12-01
MC1,23814,0.49638837575912476,0,30,2019-11-02,2019-12-01
MC1,23879,0.4991110861301422,0,30,2019-11-02,2019-12-01
MC1,24005,0.4819489121437073,0,30,2019-11-02,2019-12-01
MC1,24066,0.5116219520568848,0,30,2019-11-02,2019-12-01
MC1,24156,0.4908633828163147,0,30,2019-11-02,2019-12-01
MC1,24441,0.48402366042137146,0,30,2019-11-02,2019-12-01
MC1,24449,0.48402443528175354,0,30,2019-11-02,2019-12-01
MC1,24464,0.5114817023277283,0,30,2019-11-02,2019-12-01
MC1,24486,0.4999384880065918,0,30,2019-11-02,2019-12-01
MC1,24500,0.48716068267822266,0,30,2019-11-02,2019-12-01
MC1,24608,0.49356332421302795,0,30,2019-11-02,2019-12-01
MC1,24622,0.4888576865196228,0,30,2019-11-02,2019-12-01
MC1,24864,0.4898500144481659,0,30,2019-11-02,2019-12-01
MC1,25065,0.5011043548583984,0,30,2019-11-02,2019-12-01
MC1,25115,0.49291709065437317,0,30,2019-11-02,2019-12-01
MC1,25298,0.5036436319351196,0,30,2019-11-02,2019-12-01
MC1,25453,0.4959089756011963,0,30,2019-11-02,2019-12-01
MC1,25542,0.4869067072868347,0,30,2019-11-02,2019-12-01
MC1,25674,0.497543603181839,0,30,2019-11-02,2019-12-01
MC1,25788,0.4915587902069092,0,30,2019-11-02,2019-12-01
MC1,26006,0.5091695189476013,0,30,2019-02-21,2019-03-22
MC1,26050,0.49277058243751526,0,30,2019-10-19,2019-11-17
MC1,26408,0.500891387462616,0,30,2019-11-02,2019-12-01
MC1,26562,0.4979023039340973,0,30,2019-11-02,2019-12-01
MC1,26603,0.48970159888267517,0,30,2019-10-19,2019-11-17
MC1,26675,0.505723237991333,0,30,2019-11-02,2019-12-01
MC1,26861,0.4993211328983307,0,30,2019-11-02,2019-12-01
MC1,26939,0.4961240291595459,1,30,2019-07-05,2019-08-03
MC1,27259,0.511059582233429,0,30,2019-11-02,2019-12-01
MC1,27270,0.48913952708244324,0,30,2019-11-02,2019-12-01
MC1,27362,0.4952481985092163,0,30,2019-11-02,2019-12-01
MC1,27567,0.49688440561294556,0,30,2019-11-02,2019-12-01
MC1,28010,0.49109500646591187,1,30,2019-09-19,2019-10-18
MC1,28134,0.5139883756637573,0,30,2019-10-19,2019-11-17
MC1,28395,0.4991062879562378,0,30,2019-11-02,2019-12-01
MC1,28567,0.5059518218040466,0,30,2019-11-02,2019-12-01
MC1,28602,0.49793338775634766,0,30,2019-11-02,2019-12-01
MC1,28786,0.48743364214897156,0,30,2019-11-02,2019-12-01
MC1,28805,0.4850330650806427,0,30,2019-11-02,2019-12-01
MC1,28827,0.5121045112609863,0,30,2019-11-02,2019-12-01
MC1,28894,0.5108963251113892,0,30,2019-11-02,2019-12-01
MC1,29237,0.49516037106513977,0,30,2019-10-19,2019-11-17
MC1,29284,0.49506446719169617,0,30,2019-11-02,2019-12-01
MC1,29310,0.5084356665611267,0,30,2019-11-02,2019-12-01
MC1,29397,0.4951605498790741,0,30,2019-11-02,2019-12-01
MC1,29517,0.5110296010971069,0,30,2019-11-02,2019-12-01
MC1,29533,0.5123040080070496,0,30,2019-11-02,2019-12-01
MC1,29595,0.4938449263572693,0,30,2019-11-02,2019-12-01
MC1,29704,0.5120941996574402,0,30,2019-11-02,2019-12-01
MC1,29725,0.4819008409976959,0,30,2019-11-02,2019-12-01
MC1,29738,0.48983192443847656,0,30,2019-11-02,2019-12-01
MC1,29780,0.5056115984916687,1,30,2019-05-17,2019-06-15
MC1,29823,0.5208576917648315,0,30,2019-11-02,2019-12-01
MC1,29955,0.5059556365013123,0,30,2019-11-02,2019-12-01
MC1,29990,0.5101617574691772,0,30,2019-11-02,2019-12-01
MC1,30167,0.4820477366447449,0,30,2019-11-02,2019-12-01
MC1,30494,0.49050983786582947,0,30,2019-11-02,2019-12-01
MC1,30578,0.5070195198059082,0,30,2019-11-02,2019-12-01
MC1,30688,0.5134117007255554,0,30,2019-11-02,2019-12-01
MC1,30860,0.5061075091362,0,30,2019-11-02,2019-12-01
MC1,31067,0.4967620372772217,0,30,2019-11-02,2019-12-01
MC1,31192,0.5151919722557068,1,30,2019-06-27,2019-07-26
MC1,31334,0.4893236756324768,0,30,2019-11-02,2019-12-01
MC1,31576,0.49796411395072937,0,30,2019-11-02,2019-12-01
MC1,32070,0.4965478479862213,0,30,2019-11-02,2019-12-01
MC1,32081,0.5003299713134766,0,30,2019-11-02,2019-12-01
MC1,32083,0.4887559413909912,0,30,2019-11-02,2019-12-01
MC1,32090,0.48875388503074646,0,30,2019-11-02,2019-12-01
MC1,32183,0.4992925524711609,0,30,2019-11-02,2019-12-01
MC1,32231,0.48846256732940674,0,30,2019-11-02,2019-12-01
MC1,32330,0.48846200108528137,0,30,2019-11-02,2019-12-01
MC1,32442,0.4934253394603729,0,30,2019-08-23,2019-09-21
MC1,33062,0.49627336859703064,0,30,2019-11-02,2019-12-01
MC1,33112,0.4868975579738617,0,30,2019-11-02,2019-12-01
MC1,33114,0.486897736787796,0,30,2019-11-02,2019-12-01
MC1,33250,0.5182003378868103,0,30,2019-11-02,2019-12-01
MC1,33306,0.48747485876083374,0,30,2019-11-02,2019-12-01
MC1,33502,0.490757018327713,0,30,2019-11-02,2019-12-01
MC1,33649,0.4914076626300812,0,30,2019-11-02,2019-12-01
MC1,33766,0.5083339810371399,0,30,2019-11-02,2019-12-01
MC1,33821,0.5190857648849487,0,30,2019-11-01,2019-11-30
MC1,33927,0.489067941904068,0,30,2019-11-02,2019-12-01
MC1,33960,0.5007533431053162,0,30,2019-11-02,2019-12-01
MC1,34115,0.48229289054870605,0,30,2019-11-02,2019-12-01
MC1,34298,0.5131640434265137,0,30,2019-02-07,2019-03-08
MC1,34393,0.5048723220825195,0,30,2019-08-13,2019-09-11
MC1,34484,0.5153791904449463,0,30,2019-10-19,2019-11-17
MC1,34611,0.64272540807724,0,30,2019-11-02,2019-12-01
MC1,35048,0.504435658454895,0,30,2019-11-02,2019-12-01
MC1,35196,0.4992666244506836,0,30,2019-11-02,2019-12-01
MC1,35403,0.4937421381473541,0,30,2019-10-19,2019-11-17
MC1,35487,0.5291440486907959,0,30,2018-03-22,2018-04-20
MC1,35590,0.4966830909252167,0,30,2019-11-02,2019-12-01
MC1,35629,0.49261710047721863,0,30,2019-11-02,2019-12-01
MC1,35648,1.526318695540971e-16,0,13,2019-11-19,2019-12-01
MC1,35679,0.5133517980575562,0,30,2019-11-02,2019-12-01
MC1,35682,0.5133517980575562,0,30,2019-11-02,2019-12-01
MC1,36019,0.5125272274017334,0,30,2019-11-02,2019-12-01
MC1,36256,0.4845791459083557,0,30,2019-11-02,2019-12-01
MC1,36288,0.49887529015541077,0,30,2019-11-02,2019-12-01
MC1,36332,0.5059558153152466,0,30,2019-11-02,2019-12-01
MC1,36392,0.4958983063697815,0,30,2019-11-02,2019-12-01
MC1,36474,0.4967977702617645,0,30,2019-11-02,2019-12-01
MC1,36562,0.49878808856010437,0,30,2019-11-02,2019-12-01
MC1,36576,0.5084695219993591,0,30,2019-11-02,2019-12-01
MC1,36833,0.48412030935287476,0,30,2019-11-02,2019-12-01
MC1,36912,0.49879205226898193,0,30,2019-11-02,2019-12-01
MC1,36924,0.49538326263427734,0,30,2019-11-02,2019-12-01
MC1,36943,0.4819478988647461,0,30,2019-11-02,2019-12-01
MC1,36996,0.49960505962371826,0,30,2019-11-02,2019-12-01
MC1,37117,0.5275552272796631,0,30,2019-11-02,2019-12-01
MC1,37217,0.4840266704559326,0,30,2019-11-02,2019-12-01
MC1,37272,0.49800798296928406,0,30,2019-11-02,2019-12-01
MC1,37432,0.5037107467651367,0,30,2019-11-02,2019-12-01
MC1,37443,0.5037107467651367,0,30,2019-11-02,2019-12-01
MC1,37552,0.5171308517456055,0,30,2019-11-02,2019-12-01
MC1,37567,0.508333683013916,0,30,2019-11-02,2019-12-01
MC1,37617,0.49230602383613586,0,30,2019-11-02,2019-12-01
MC1,37626,0.4977535009384155,0,30,2019-11-02,2019-12-01
MC1,37686,0.4867458939552307,0,30,2019-11-02,2019-12-01
MC1,37757,0.4955127239227295,0,30,2019-11-02,2019-12-01
MC1,37792,0.49834439158439636,0,30,2019-11-02,2019-12-01
MC1,37817,0.5194878578186035,0,30,2019-11-02,2019-12-01
MC1,37818,0.5194878578186035,0,30,2019-11-02,2019-12-01
MC1,37844,0.49069368839263916,0,30,2019-11-02,2019-12-01
MC1,37951,0.48725956678390503,0,30,2019-11-02,2019-12-01
MC1,38078,0.4902224540710449,0,30,2019-11-02,2019-12-01
MC1,38154,0.4934751093387604,0,30,2019-11-02,2019-12-01
MC1,38413,0.5051138401031494,0,30,2019-11-02,2019-12-01
MC1,38424,0.5076747536659241,0,30,2019-11-02,2019-12-01
MC1,38459,0.493855744600296,0,30,2019-11-02,2019-12-01
MC1,38613,0.4917590022087097,0,30,2019-11-02,2019-12-01
MC1,38672,0.49314144253730774,0,30,2019-11-02,2019-12-01
MC1,38754,0.50259929895401,0,30,2019-11-02,2019-12-01
MC1,38856,0.5065410137176514,0,30,2019-10-19,2019-11-17
MC1,38882,0.4953012466430664,0,30,2019-11-02,2019-12-01
MC1,39085,0.4965772032737732,0,30,2019-11-02,2019-12-01
MC1,39090,0.5113719701766968,0,30,2019-11-02,2019-12-01
MC1,39109,0.4920414388179779,0,30,2019-11-02,2019-12-01
MC1,39159,0.493938684463501,0,30,2019-11-02,2019-12-01
MC1,39299,0.4884812831878662,0,30,2019-11-02,2019-12-01
MC1,39349,0.5012887716293335,1,30,2019-09-25,2019-10-24
MC1,39381,0.4911595284938812,0,30,2019-11-02,2019-12-01
MC1,39514,0.48534736037254333,0,30,2019-11-02,2019-12-01
MC1,39659,0.49484169483184814,0,30,2019-11-02,2019-12-01
MC1,39662,0.5116259455680847,0,30,2019-10-19,2019-11-17
MC1,39712,0.5109114646911621,0,30,2019-11-02,2019-12-01
MC1,39771,0.5020252466201782,0,30,2019-11-02,2019-12-01
MC1,39823,0.49259713292121887,0,30,2019-11-02,2019-12-01
MC1,39898,0.5203106999397278,1,30,2018-04-04,2018-05-03
MC1,40011,0.48674002289772034,0,30,2019-11-02,2019-12-01
MC1,40387,0.4991600215435028,0,30,2019-11-02,2019-12-01
MC1,40475,0.49956953525543213,0,30,2019-11-02,2019-12-01
MC1,40748,0.5004429221153259,0,30,2019-11-02,2019-12-01
MC1,40819,0.49758946895599365,0,30,2019-11-02,2019-12-01
MC1,41055,0.5618789792060852,0,30,2019-11-02,2019-12-01
MC1,41083,0.4989605247974396,0,30,2019-11-02,2019-12-01
MC1,41145,0.4911406636238098,1,30,2019-08-21,2019-09-19
MC1,41274,0.49284371733665466,0,30,2019-11-02,2019-12-01
MC1,41434,0.4842469394207001,0,30,2019-11-02,2019-12-01
MC1,41704,0.481899619102478,0,30,2019-11-02,2019-12-01
MC1,41723,0.4949791729450226,0,30,2019-11-02,2019-12-01
MC1,42036,0.4988844394683838,0,30,2019-11-02,2019-12-01
MC1,42093,0.5084649324417114,0,30,2019-11-02,2019-12-01
MC1,42416,0.5157157778739929,0,30,2019-10-19,2019-11-17
MC1,42619,0.5060018301010132,0,30,2019-11-02,2019-12-01
MC1,42812,0.5169233679771423,0,30,2019-11-02,2019-12-01
MC1,42880,0.4961491525173187,0,30,2019-11-02,2019-12-01
MC1,42907,0.486041784286499,0,30,2019-10-19,2019-11-17
MC1,42972,0.6392450332641602,0,30,2019-11-02,2019-12-01
MC1,43585,0.49953848123550415,0,30,2019-11-02,2019-12-01
MC1,43640,0.49414753913879395,0,30,2019-11-02,2019-12-01
MC1,43734,0.48720985651016235,0,30,2019-11-02,2019-12-01
MC1,43761,0.5132829546928406,0,30,2019-11-02,2019-12-01
MC1,43865,0.5083305239677429,0,30,2019-11-02,2019-12-01
MC1,44028,0.49658384919166565,0,30,2019-08-13,2019-09-11
MC1,44075,0.4999234676361084,1,30,2019-08-21,2019-09-19
MC1,44347,0.49809008836746216,0,30,2019-11-02,2019-12-01
MC1,44477,0.5035371780395508,0,30,2019-11-02,2019-12-01
MC1,44532,0.48966890573501587,0,30,2019-11-02,2019-12-01
MC1,44545,0.4850351810455322,0,30,2019-11-02,2019-12-01
MC1,44554,0.5084126591682434,0,30,2019-11-02,2019-12-01
MC1,44636,0.5039514303207397,0,30,2019-11-02,2019-12-01
MC1,44640,0.48959413170814514,0,30,2019-11-02,2019-12-01
MC1,44662,0.4955882430076599,0,30,2019-10-19,2019-11-17
MC1,44755,0.5504235625267029,0,30,2019-11-02,2019-12-01
MC1,45052,0.5246618986129761,0,30,2019-11-02,2019-12-01
MC1,45121,0.49006807804107666,0,30,2019-10-19,2019-11-17
MC1,45151,0.4980836808681488,1,30,2019-05-14,2019-06-12
MC1,45332,0.5050142407417297,0,30,2019-11-02,2019-12-01
MC1,45435,0.513085663318634,0,30,2019-11-02,2019-12-01
MC1,45447,0.501179575920105,0,30,2019-10-19,2019-11-17
MC1,45570,0.49662351608276367,0,30,2019-11-02,2019-12-01
MC1,45590,0.5075499415397644,0,30,2019-11-02,2019-12-01
MC1,45885,0.4951619505882263,0,30,2019-11-02,2019-12-01
MC1,45930,0.5113344788551331,0,30,2019-11-02,2019-12-01
MC1,46013,0.487173467874527,0,30,2019-11-02,2019-12-01
MC1,46050,0.5084818005561829,0,30,2019-11-02,2019-12-01
MC1,46320,0.5186235308647156,0,30,2019-11-02,2019-12-01
MC1,46618,0.5052038431167603,0,30,2019-11-02,2019-12-01
MC1,46750,0.4918298125267029,0,30,2019-09-28,2019-10-27
MC1,46776,0.49283096194267273,0,30,2019-11-02,2019-12-01
MC1,46806,0.49690917134284973,0,30,2019-11-02,2019-12-01
MC1,46899,0.4971940815448761,0,30,2019-11-02,2019-12-01
MC1,47080,0.5080209374427795,0,30,2019-11-02,2019-12-01
MC1,47118,0.5250648856163025,1,30,2018-10-19,2018-11-17
MC1,47131,0.5037132501602173,0,30,2019-11-02,2019-12-01
MC1,47217,0.5116589665412903,0,30,2019-11-02,2019-12-01
MC1,47321,0.4983366131782532,0,30,2019-11-02,2019-12-01
MC1,47403,0.49844589829444885,0,30,2019-11-02,2019-12-01
MC1,47519,0.48998013138771057,0,30,2019-11-02,2019-12-01
MC1,47705,0.5176634788513184,0,30,2019-02-09,2019-03-10
MC1,47914,0.49336910247802734,0,30,2019-11-02,2019-12-01
MC1,47961,0.4972705543041229,0,30,2019-11-02,2019-12-01
MC1,48028,0.4985869526863098,0,30,2019-11-02,2019-12-01
MC1,48376,0.503550112247467,0,30,2019-11-02,2019-12-01
MC1,48460,0.500011682510376,1,30,2019-04-27,2019-05-26
MC1,48846,0.4868914484977722,0,30,2019-11-02,2019-12-01
MC1,48924,0.4947850704193115,0,30,2019-11-02,2019-12-01
MC1,49247,0.48194459080696106,0,30,2019-11-02,2019-12-01
MC1,49359,0.4947379231452942,0,30,2019-11-02,2019-12-01
MC1,49445,0.4880119264125824,0,30,2019-11-02,2019-12-01
MC1,49560,0.5119565725326538,0,30,2019-11-02,2019-12-01
MC1,49824,0.5080934762954712,0,30,2019-11-02,2019-12-01
MC1,49840,0.4971010386943817,0,30,2019-11-02,2019-12-01
MC1,50067,0.5098189115524292,0,30,2019-11-02,2019-12-01
MC1,50153,0.5182557106018066,0,30,2019-11-02,2019-12-01
MC1,50184,0.5040003657341003,0,30,2019-11-02,2019-12-01
MC1,50204,0.5006715059280396,0,30,2019-11-02,2019-12-01
MC1,50382,0.5134605169296265,0,30,2019-11-02,2019-12-01
MC1,50481,0.4945100247859955,0,30,2019-11-02,2019-12-01
MC1,50547,0.5033318400382996,0,30,2019-11-02,2019-12-01
MC1,50698,0.5186179876327515,0,30,2019-11-02,2019-12-01
MC1,50774,0.5036217570304871,0,30,2019-11-02,2019-12-01
MC1,50881,0.4887544512748718,0,30,2019-11-02,2019-12-01
MC1,51044,0.49336007237434387,0,30,2019-11-02,2019-12-01
MC1,51262,0.49168044328689575,0,30,2019-11-02,2019-12-01
MC1,51275,0.49789437651634216,0,30,2019-11-02,2019-12-01
MC1,51764,0.4925967752933502,0,30,2019-11-02,2019-12-01
MC1,51839,0.5004916787147522,0,30,2019-10-19,2019-11-17
MC1,51880,0.5119575262069702,0,30,2019-11-02,2019-12-01
MC1,52183,0.48698416352272034,0,30,2019-11-02,2019-12-01
MC1,52253,0.5106407403945923,1,30,2018-12-29,2019-01-27
MC1,52381,0.487155944108963,0,30,2019-11-02,2019-12-01
MC1,52637,0.48854222893714905,0,30,2019-11-02,2019-12-01
MC1,52697,0.5036923885345459,0,30,2019-11-02,2019-12-01
MC1,52757,0.4975064694881439,0,30,2019-11-02,2019-12-01
MC1,52760,0.48748156428337097,0,30,2019-11-02,2019-12-01
MC1,52895,0.48738452792167664,0,30,2019-11-02,2019-12-01
MC1,53012,0.4959314465522766,0,30,2019-11-02,2019-12-01
MC1,53032,0.5132813453674316,0,30,2019-11-02,2019-12-01
MC1,53585,0.48397403955459595,0,30,2019-11-02,2019-12-01
MC1,53710,0.4999038279056549,0,30,2019-10-19,2019-11-17
MC1,53755,0.4869552254676819,0,30,2019-11-02,2019-12-01
MC1,53872,0.5045444369316101,0,30,2019-11-02,2019-12-01
MC1,54097,0.4958145022392273,0,30,2019-09-04,2019-10-03
MC1,54274,0.4880196154117584,0,30,2019-11-02,2019-12-01
MC1,54311,0.4918622374534607,0,30,2019-11-02,2019-12-01
MC1,54429,0.49903780221939087,0,30,2019-11-02,2019-12-01
MC1,54575,0.49957168102264404,0,30,2019-11-02,2019-12-01
MC1,54771,0.49642568826675415,0,30,2019-11-02,2019-12-01
MC1,55120,0.4999547600746155,1,30,2019-05-05,2019-06-03
MC1,55253,0.5059567093849182,0,30,2019-11-02,2019-12-01
MC1,55451,0.5049439668655396,0,30,2019-11-02,2019-12-01
MC1,55617,0.485108345746994,0,30,2019-11-02,2019-12-01
MC1,56022,0.0,0,30,2019-11-02,2019-12-01
MC1,56093,0.48550063371658325,1,30,2019-09-13,2019-10-12
MC1,56521,0.49612754583358765,0,30,2019-11-02,2019-12-01
MC1,56924,0.5152006149291992,0,30,2019-11-02,2019-12-01
MC1,57025,0.4983307123184204,0,30,2019-11-02,2019-12-01
MC1,57068,0.5052010416984558,0,30,2019-11-02,2019-12-01
MC1,57174,0.5161425471305847,0,30,2019-11-02,2019-12-01
MC1,57377,0.49341148138046265,0,30,2019-10-19,2019-11-17
MC1,57424,0.4955354332923889,0,30,2019-11-02,2019-12-01
MC1,57434,0.5149516463279724,0,30,2019-11-02,2019-12-01
MC1,57600,0.48530009388923645,0,30,2019-11-02,2019-12-01
MC1,57878,0.4845685362815857,0,30,2019-11-02,2019-12-01
MC1,57953,0.49745598435401917,0,30,2019-11-02,2019-12-01
MC1,58013,0.51398104429245,1,30,2019-10-26,2019-11-24
MC1,58321,0.6412790417671204,0,30,2019-08-29,2019-09-27
MC1,58323,0.4956496059894562,0,30,2019-08-29,2019-09-27
MC1,59010,0.5228008031845093,0,30,2018-08-20,2018-09-18
MC1,59127,0.5004268288612366,0,30,2019-11-02,2019-12-01
MC1,59201,3.099806008936574e-16,0,13,2019-11-19,2019-12-01
MC1,59393,0.5081627368927002,0,30,2019-11-02,2019-12-01
MC1,59576,0.5058058500289917,0,30,2019-11-02,2019-12-01
MC1,59636,0.5125322937965393,0,30,2019-11-02,2019-12-01
MC1,59665,0.49414560198783875,0,30,2019-11-02,2019-12-01
MC1,59670,0.49414771795272827,0,30,2019-11-02,2019-12-01
MC1,59846,0.48693010210990906,0,30,2019-11-02,2019-12-01
MC1,59963,0.4891277849674225,0,30,2019-11-02,2019-12-01
MC1,60156,0.48987993597984314,0,30,2019-11-02,2019-12-01
MC1,60264,0.4980843961238861,0,30,2019-11-02,2019-12-01
MC1,60319,0.5127435922622681,0,30,2019-11-02,2019-12-01
MC1,60533,0.4851454794406891,0,30,2019-11-02,2019-12-01
MC1,60549,8.126364509388726e-19,0,12,2019-11-20,2019-12-01
MC1,60595,0.49911442399024963,0,30,2019-11-02,2019-12-01
MC1,60693,0.5038986802101135,1,30,2019-06-17,2019-07-16
MC1,61157,0.4953524172306061,0,30,2019-09-04,2019-10-03
MC1,61201,0.49394291639328003,1,30,2019-10-16,2019-11-14
MC1,61229,0.49815526604652405,0,30,2019-11-02,2019-12-01
MC1,61400,0.49889522790908813,0,30,2019-10-19,2019-11-17
MC1,61485,0.5037029385566711,0,30,2019-11-02,2019-12-01
MC1,61565,0.5060832500457764,0,30,2019-11-02,2019-12-01
MC1,61667,0.4991496503353119,0,30,2019-11-02,2019-12-01
MC1,61671,0.4999873638153076,1,30,2019-10-17,2019-11-15
MC1,61729,0.48211631178855896,0,30,2019-11-02,2019-12-01
MC1,61902,0.49160027503967285,0,30,2019-11-02,2019-12-01
MC1,61926,0.4847410023212433,0,30,2019-11-02,2019-12-01
MC1,62491,0.4968067705631256,0,30,2019-11-02,2019-12-01
MC1,62564,0.4953406751155853,0,30,2019-11-02,2019-12-01
MC1,62812,0.0,0,30,2019-11-02,2019-12-01
MC1,63232,2.8316510250142117e-36,0,30,2019-10-19,2019-11-17
MC1,63322,0.5011301636695862,0,30,2019-11-02,2019-12-01
MC1,63385,0.5061841011047363,0,30,2019-11-02,2019-12-01
MC1,63553,0.5153804421424866,0,30,2019-11-02,2019-12-01
MC1,63770,0.5027936100959778,0,30,2019-06-17,2019-07-16
MC1,63847,0.5074841380119324,0,30,2019-11-02,2019-12-01
MC1,63892,0.4995022118091583,0,30,2019-11-02,2019-12-01
MC1,63999,0.482112318277359,0,30,2019-11-02,2019-12-01
MC1,64172,0.4994400441646576,0,30,2019-07-20,2019-08-18
MC1,64592,0.5107960104942322,0,30,2019-11-02,2019-12-01
MC1,64640,0.49911773204803467,0,30,2019-11-02,2019-12-01
MC1,64665,0.5188626646995544,0,30,2019-10-31,2019-11-29
MC1,64853,0.49962660670280457,0,30,2019-11-02,2019-12-01
MC1,64960,0.5058028697967529,0,30,2019-11-02,2019-12-01
MC1,64973,0.49940454959869385,0,30,2019-11-02,2019-12-01
MC1,65040,0.4938422441482544,0,30,2019-11-02,2019-12-01
MC1,65052,0.5135359764099121,0,30,2019-11-02,2019-12-01
MC1,65218,0.4973147511482239,0,30,2019-09-29,2019-10-28
MC1,65391,0.49677181243896484,0,30,2019-11-02,2019-12-01
MC1,65401,0.4893474876880646,0,30,2019-11-02,2019-12-01
MC1,65467,0.4932853877544403,0,30,2019-11-02,2019-12-01
MC1,65500,0.4840380549430847,0,30,2019-11-02,2019-12-01
MC1,65762,0.49679380655288696,0,30,2019-11-02,2019-12-01
MC1,65813,0.5132368803024292,0,30,2019-11-02,2019-12-01
MC1,65814,0.5132368803024292,0,30,2019-11-02,2019-12-01
MC1,65844,0.6431567072868347,0,30,2018-08-19,2018-09-17
MC1,66140,0.518735945224762,0,30,2019-11-02,2019-12-01
MC1,66341,0.5128673315048218,0,30,2019-11-02,2019-12-01
MC1,66357,0.5060455799102783,0,30,2019-06-08,2019-07-07
MC1,66380,0.5125203728675842,0,30,2019-11-02,2019-12-01
MC1,66391,0.5125095248222351,0,30,2019-11-02,2019-12-01
MC1,66523,0.48698991537094116,0,30,2019-11-02,2019-12-01
MC1,66651,0.5021703243255615,0,30,2019-11-02,2019-12-01
MC1,66681,0.5046283602714539,0,30,2019-11-02,2019-12-01
MC1,66824,0.4933722913265228,0,30,2019-11-02,2019-12-01
MC1,66852,0.4935013949871063,0,30,2019-11-02,2019-12-01
MC1,66884,0.49013352394104004,0,30,2019-11-02,2019-12-01
MC1,66922,0.4942294657230377,0,30,2019-11-02,2019-12-01
MC1,67079,0.49427348375320435,0,30,2019-11-02,2019-12-01
MC1,67277,0.5099748969078064,1,30,2018-10-03,2018-11-01
MC1,67544,0.49340903759002686,0,30,2019-11-02,2019-12-01
MC1,67690,0.4958066940307617,0,30,2019-11-02,2019-12-01
MC1,67698,0.49666479229927063,0,30,2019-11-02,2019-12-01
MC1,67727,0.491863489151001,0,30,2019-11-02,2019-12-01
MC1,67958,0.49514612555503845,0,30,2019-11-02,2019-12-01
MC1,68012,0.4927700459957123,0,30,2019-11-02,2019-12-01
MC1,68020,0.5124803781509399,0,30,2019-11-02,2019-12-01
MC1,68064,0.49459171295166016,0,30,2019-11-02,2019-12-01
MC1,68248,0.5057581067085266,0,30,2019-11-02,2019-12-01
MC1,68728,0.5083247423171997,0,30,2019-11-02,2019-12-01
MC1,68742,0.49673992395401,0,30,2019-11-02,2019-12-01
MC1,68791,0.4997783601284027,0,30,2019-04-14,2019-05-13
MC1,68835,0.49533113837242126,0,30,2019-11-02,2019-12-01
MC1,68968,0.5034226775169373,0,30,2019-11-02,2019-12-01
MC1,69245,0.4851788282394409,0,30,2019-11-02,2019-12-01
MC1,69640,0.5110007524490356,0,30,2019-11-02,2019-12-01
MC1,69917,0.48742660880088806,0,30,2019-11-02,2019-12-01
MC1,70008,0.4958951473236084,0,30,2019-11-02,2019-12-01
MC1,70054,0.49337509274482727,0,30,2019-11-02,2019-12-01
MC1,70106,0.4920339584350586,0,30,2019-11-02,2019-12-01
MC1,70351,0.5190606713294983,0,30,2019-11-01,2019-11-30
MC1,70383,0.48734036087989807,0,30,2019-11-02,2019-12-01
MC1,70567,0.5116199851036072,0,30,2019-11-02,2019-12-01
MC1,70634,0.4970497488975525,0,30,2019-11-02,2019-12-01
MC1,70636,0.4970497488975525,0,30,2019-11-02,2019-12-01
MC1,70772,0.493367999792099,0,30,2019-11-02,2019-12-01
MC1,70848,0.5037118196487427,0,30,2019-11-02,2019-12-01
MC1,70874,0.5023062229156494,0,30,2019-11-02,2019-12-01
MC1,70944,0.49088868498802185,0,30,2019-11-02,2019-12-01
MC1,71054,0.4954797625541687,0,30,2019-11-02,2019-12-01
MC1,71104,0.5018761157989502,0,30,2019-11-02,2019-12-01
MC1,71233,0.49434956908226013,0,30,2019-11-02,2019-12-01
MC1,71554,0.5048442482948303,1,30,2019-05-26,2019-06-24
MC1,71700,0.4942326545715332,0,30,2019-11-02,2019-12-01
MC1,71849,0.4979633092880249,0,30,2019-11-02,2019-12-01
MC1,71909,0.5132623910903931,0,30,2019-11-02,2019-12-01
MC1,71948,0.5106900930404663,0,30,2019-11-02,2019-12-01
MC1,71991,0.4899568557739258,0,30,2019-11-02,2019-12-01
MC1,72052,0.49675455689430237,0,30,2019-11-02,2019-12-01
MC1,72058,0.4839758276939392,0,30,2019-11-02,2019-12-01
MC1,72157,0.49988624453544617,0,30,2019-11-02,2019-12-01
MC1,72295,0.5186511278152466,0,30,2019-11-02,2019-12-01
MC1,72362,0.5013830065727234,0,30,2019-10-19,2019-11-17
MC1,72383,0.5015488862991333,0,30,2019-11-02,2019-12-01
MC1,72704,0.6405724287033081,0,30,2019-11-02,2019-12-01
MC1,72743,0.5058061480522156,0,30,2019-11-02,2019-12-01
MC1,72776,0.5186511278152466,0,30,2019-11-02,2019-12-01
MC1,72865,0.49790364503860474,0,30,2019-11-02,2019-12-01
MC1,73120,0.5019415020942688,0,30,2019-11-02,2019-12-01
MC1,73178,0.5081518888473511,0,30,2019-11-01,2019-11-30
MC1,73323,0.4958855211734772,0,30,2019-11-02,2019-12-01
MC1,73495,0.4990004003047943,0,30,2019-11-02,2019-12-01
MC1,73505,0.5196757316589355,1,30,2018-05-29,2018-06-27
MC1,73575,0.5052997469902039,1,30,2019-07-02,2019-07-31
MC1,73673,0.5040718913078308,0,30,2019-11-02,2019-12-01
MC1,73677,0.5040718913078308,0,30,2019-11-02,2019-12-01
MC1,73700,0.4992583096027374,0,30,2019-11-02,2019-12-01
MC1,73778,0.5005258321762085,0,30,2019-11-02,2019-12-01
MC1,73866,0.48489120602607727,0,30,2019-11-02,2019-12-01
MC1,73881,0.4996282160282135,0,30,2019-11-02,2019-12-01
MC1,73917,0.5132348537445068,0,30,2019-11-02,2019-12-01
MC1,74367,0.493502676486969,0,30,2019-11-02,2019-12-01
MC1,74428,0.5006443858146667,0,30,2019-09-29,2019-10-28
MC1,74579,0.49681034684181213,0,30,2019-11-02,2019-12-01
MC1,74617,0.5007733106613159,0,30,2019-11-02,2019-12-01
MC1,74843,0.48983749747276306,0,30,2019-11-02,2019-12-01
MC1,74878,0.5004578828811646,0,30,2019-11-02,2019-12-01
MC1,74900,0.4941544532775879,0,30,2019-11-02,2019-12-01
MC1,74993,0.5058566927909851,0,30,2019-11-02,2019-12-01
MC1,75068,0.4887154996395111,0,30,2019-11-02,2019-12-01
MC1,75082,0.5187108516693115,0,30,2019-11-02,2019-12-01
MC1,75120,0.5041308999061584,0,30,2019-07-16,2019-08-14
MC1,75135,0.4958929121494293,0,30,2019-11-02,2019-12-01
MC1,75158,0.5115970969200134,0,30,2019-10-19,2019-11-17
MC1,75237,0.4899049997329712,0,30,2019-11-02,2019-12-01
MC1,75275,0.4928973317146301,1,30,2019-09-02,2019-10-01
MC1,75363,0.4966033697128296,0,30,2019-11-02,2019-12-01
MC1,75504,0.5069435238838196,0,30,2019-09-08,2019-10-07
MC1,75526,0.510290265083313,0,30,2019-11-02,2019-12-01
MC1,75709,0.5052139163017273,0,30,2019-11-02,2019-12-01
MC1,75781,0.4974573254585266,0,30,2019-11-02,2019-12-01
MC1,76072,0.5113824009895325,0,30,2019-11-02,2019-12-01
MC1,76168,0.5132645964622498,0,30,2019-11-02,2019-12-01
MC1,76237,0.4874173104763031,0,30,2019-11-02,2019-12-01
MC1,76690,0.4888280928134918,0,30,2019-11-02,2019-12-01
MC1,77004,0.49658864736557007,0,30,2019-08-13,2019-09-11
MC1,77006,0.49658864736557007,0,30,2019-08-13,2019-09-11
MC1,77016,0.4987073540687561,0,30,2019-11-02,2019-12-01
MC1,77037,0.4901341199874878,0,30,2019-11-02,2019-12-01
MC1,77203,0.4862980246543884,0,30,2019-11-02,2019-12-01
MC1,77522,0.5059613585472107,0,30,2019-11-02,2019-12-01
MC1,77550,0.5135817527770996,0,30,2019-11-02,2019-12-01
MC1,77568,0.4892183840274811,0,30,2019-11-02,2019-12-01
MC1,77571,0.5074695944786072,1,30,2019-01-21,2019-02-19
MC1,77574,0.528560221195221,0,30,2019-11-02,2019-12-01
MC1,77676,0.5040062665939331,0,30,2019-11-02,2019-12-01
MC1,77719,0.49048590660095215,0,30,2019-11-02,2019-12-01
MC1,77781,0.4868871569633484,0,30,2019-11-02,2019-12-01
MC1,77988,0.4985034167766571,0,30,2019-11-02,2019-12-01
MC1,78105,0.4973989725112915,0,30,2019-09-19,2019-10-18
MC1,78130,0.51510089635849,0,30,2018-09-16,2018-10-15
MC1,78203,0.48932960629463196,0,30,2019-11-02,2019-12-01
MC1,78358,0.5048674941062927,0,30,2019-11-02,2019-12-01
MC1,78754,0.4995042383670807,0,30,2019-11-02,2019-12-01
MC1,79150,0.4960406422615051,0,30,2019-11-02,2019-12-01
MC1,79523,0.5037851929664612,0,30,2019-11-02,2019-12-01
MC1,79540,0.5181965231895447,0,30,2019-11-02,2019-12-01
MC1,79581,0.49964120984077454,0,30,2019-11-02,2019-12-01
MC1,79704,0.5057889819145203,0,30,2019-11-02,2019-12-01
MC1,80012,0.49496644735336304,0,30,2019-11-02,2019-12-01
MC1,80036,0.4978161156177521,0,30,2019-11-02,2019-12-01
MC1,80111,0.5190232992172241,0,30,2019-11-02,2019-12-01
MC1,80270,0.4961225092411041,0,30,2019-11-02,2019-12-01
MC1,80625,0.49345287680625916,0,30,2019-11-02,2019-12-01
MC1,80870,0.5120866894721985,0,30,2019-11-02,2019-12-01
MC1,80984,0.49417775869369507,0,30,2019-11-02,2019-12-01
MC1,80994,0.48969554901123047,0,30,2019-11-02,2019-12-01
MC1,81235,0.4908319115638733,0,30,2019-11-02,2019-12-01
MC1,81241,0.4908319115638733,0,30,2019-11-02,2019-12-01
MC1,81394,0.5147987008094788,1,30,2018-12-20,2019-01-18
MC1,81452,0.48913177847862244,0,30,2019-11-02,2019-12-01
MC1,81729,0.49279987812042236,0,30,2019-07-18,2019-08-16
MC1,81863,0.493715763092041,0,30,2019-11-02,2019-12-01
MC1,82300,0.505384087562561,0,30,2019-06-17,2019-07-16
MC1,82347,0.49681469798088074,0,30,2019-11-02,2019-12-01
MC1,82543,0.5004144906997681,0,30,2019-11-02,2019-12-01
MC1,82650,0.49787676334381104,0,30,2019-11-02,2019-12-01
MC1,82687,0.4906713664531708,0,30,2019-11-02,2019-12-01
MC1,82836,0.5008537769317627,0,30,2019-11-02,2019-12-01
MC1,82995,0.495869517326355,0,30,2019-11-02,2019-12-01
MC1,83074,0.4893259108066559,0,30,2019-11-02,2019-12-01
MC1,83121,0.5215669870376587,0,30,2019-11-02,2019-12-01
MC1,83267,0.6061884164810181,0,24,2019-01-26,2019-02-18
MC1,83355,0.5008890628814697,0,30,2019-11-02,2019-12-01
MC1,83677,0.6458930373191833,0,30,2018-03-22,2018-04-20
MC1,83786,0.4819197952747345,0,30,2019-11-02,2019-12-01
MC1,83967,0.495151549577713,0,30,2019-11-02,2019-12-01
MC1,83988,0.49610912799835205,0,30,2019-06-09,2019-07-08
MC1,84197,0.5056589841842651,0,30,2019-11-02,2019-12-01
MC1,84299,0.4984213709831238,0,30,2019-11-02,2019-12-01
MC1,84457,0.5006861090660095,0,30,2019-11-02,2019-12-01
MC1,84532,0.511002779006958,0,30,2019-11-02,2019-12-01
MC1,84667,0.5132836103439331,0,30,2019-11-02,2019-12-01
MC1,84710,0.4902012348175049,0,30,2019-11-02,2019-12-01
MC1,84803,0.5052762627601624,0,30,2019-11-02,2019-12-01
MC1,84831,0.5017340779304504,0,30,2019-11-02,2019-12-01
MC1,84838,0.5017359256744385,0,30,2019-11-02,2019-12-01
MC1,85186,0.5093234777450562,0,30,2019-11-02,2019-12-01
MC1,85448,0.4926157593727112,0,30,2019-11-02,2019-12-01
MC1,85460,0.5109879970550537,0,30,2019-11-02,2019-12-01
MC1,85622,0.4870140850543976,0,30,2019-11-02,2019-12-01
MC1,86059,0.5120975375175476,0,30,2019-10-19,2019-11-17
MC1,86076,0.5034370422363281,0,30,2019-11-02,2019-12-01
MC1,86148,0.499788373708725,0,30,2019-11-02,2019-12-01
MC1,86150,0.49978765845298767,0,30,2019-11-02,2019-12-01
MC1,86194,0.5187374949455261,0,30,2019-11-02,2019-12-01
MC1,86631,0.49917203187942505,0,30,2019-11-02,2019-12-01
MC1,86755,0.5002711415290833,0,30,2019-11-02,2019-12-01
MC1,86802,0.5098194479942322,1,30,2019-08-20,2019-09-18
MC1,87135,0.4980004131793976,0,30,2019-11-02,2019-12-01
MC1,87150,0.4967620372772217,0,30,2019-11-02,2019-12-01
MC1,87353,0.49574849009513855,0,30,2019-11-02,2019-12-01
MC1,87359,0.49600082635879517,0,30,2019-11-02,2019-12-01
MC1,87471,0.5037986040115356,0,30,2019-11-02,2019-12-01
MC1,87503,0.495801717042923,0,30,2019-11-02,2019-12-01
MC1,87625,0.5015461444854736,0,30,2019-11-02,2019-12-01
MC1,87695,0.498027503490448,0,30,2019-11-02,2019-12-01
MC1,87807,0.49789246916770935,0,30,2019-11-02,2019-12-01
MC1,88005,0.4872816503047943,0,30,2019-11-02,2019-12-01
MC1,88006,0.5132363438606262,0,30,2019-11-02,2019-12-01
MC1,88040,0.4949503242969513,0,30,2019-10-09,2019-11-07
MC1,88131,0.4964156150817871,0,30,2019-11-02,2019-12-01
MC1,88141,0.500238299369812,0,30,2019-11-02,2019-12-01
MC1,88440,0.5131838917732239,0,30,2019-11-02,2019-12-01
MC1,88567,0.49432045221328735,0,30,2019-11-02,2019-12-01
MC1,88572,0.4897565543651581,0,30,2019-11-02,2019-12-01
MC1,88602,0.493513822555542,0,30,2019-11-02,2019-12-01
MC1,88691,0.501325786113739,0,30,2019-10-19,2019-11-17
MC1,88786,0.49909114837646484,0,30,2019-08-12,2019-09-10
MC1,88888,0.49501001834869385,0,30,2019-11-02,2019-12-01
MC1,89023,0.48191702365875244,0,30,2019-11-02,2019-12-01
MC1,89072,0.6419807076454163,0,30,2019-11-02,2019-12-01
MC1,89100,0.4902699887752533,0,30,2019-11-02,2019-12-01
MC1,89164,0.4984743297100067,0,30,2019-10-27,2019-11-25
MC1,89387,0.49616381525993347,0,30,2019-11-02,2019-12-01
MC1,89454,0.5150725841522217,0,30,2019-03-24,2019-04-22
MC1,89491,0.500435471534729,0,30,2019-11-02,2019-12-01
MC1,89578,0.489206463098526,0,30,2019-11-02,2019-12-01
MC1,89756,0.5148239135742188,0,30,2019-11-02,2019-12-01
MC1,89785,0.49671146273612976,0,30,2019-11-02,2019-12-01
MC1,89850,0.5119590759277344,0,30,2019-11-02,2019-12-01
MC1,90005,0.5014703273773193,0,30,2019-11-02,2019-12-01
MC1,90062,0.4819926619529724,0,30,2019-11-02,2019-12-01
MC1,90473,0.5021424889564514,0,30,2019-08-14,2019-09-12
MC1,90498,0.4944554567337036,0,30,2019-11-02,2019-12-01
MC1,90574,0.508058488368988,0,30,2019-08-25,2019-09-23
MC1,90593,0.5071669816970825,0,30,2019-11-02,2019-12-01
MC1,90603,0.5054967999458313,0,30,2019-10-28,2019-11-26
MC1,91051,0.5120863914489746,0,30,2019-10-19,2019-11-17
MC1,91118,0.4858194887638092,0,30,2019-10-19,2019-11-17
MC1,91132,0.5066221952438354,0,30,2019-11-02,2019-12-01
MC1,91151,0.5022305846214294,0,30,2019-11-02,2019-12-01
MC1,91538,0.5059458017349243,0,30,2019-11-02,2019-12-01
MC1,91574,0.49921825528144836,0,30,2019-11-02,2019-12-01
MC1,91723,0.4845423698425293,0,30,2019-11-02,2019-12-01
MC1,91753,0.5035490989685059,0,30,2019-02-25,2019-03-26
MC1,91767,0.5013229846954346,0,30,2019-11-02,2019-12-01
MC1,91818,0.5064842104911804,0,30,2019-11-02,2019-12-01
MC1,91907,0.5051438212394714,0,30,2019-11-02,2019-12-01
MC1,91979,0.49667468667030334,0,30,2019-11-02,2019-12-01
MC1,92091,0.5039836168289185,0,30,2019-11-02,2019-12-01
MC1,92388,0.4877086877822876,0,30,2019-11-02,2019-12-01
MC1,92599,0.4934992492198944,0,30,2019-11-02,2019-12-01
MC1,92731,0.5052130818367004,0,30,2019-11-02,2019-12-01
MC1,92750,0.49960583448410034,0,30,2019-11-02,2019-12-01
MC1,92958,0.4849643111228943,0,30,2019-11-02,2019-12-01
MC1,93073,0.48891738057136536,0,30,2019-11-02,2019-12-01
MC1,93173,0.5034424662590027,0,30,2019-11-02,2019-12-01
MC1,93220,0.4855124354362488,0,30,2019-11-02,2019-12-01
MC1,93507,0.48402532935142517,0,30,2019-11-02,2019-12-01
MC1,93726,0.503178060054779,1,30,2019-07-26,2019-08-24
MC1,93727,0.6413783431053162,0,30,2019-11-02,2019-12-01
MC1,93916,0.4967447519302368,0,30,2019-11-02,2019-12-01
MC1,94112,0.500881552696228,0,30,2019-11-02,2019-12-01
MC1,94190,0.503948986530304,0,30,2019-11-02,2019-12-01
MC1,94445,0.5042790174484253,0,30,2019-11-02,2019-12-01
MC1,94532,0.5014786720275879,0,30,2019-11-02,2019-12-01
MC1,94608,0.49084535241127014,0,30,2019-10-19,2019-11-17
MC1,94623,0.4923555552959442,0,30,2019-11-02,2019-12-01
MC1,95081,0.5121059417724609,0,30,2019-04-01,2019-04-30
MC1,95090,0.48748862743377686,0,30,2019-11-02,2019-12-01
MC1,95146,0.4960387051105499,0,30,2019-11-02,2019-12-01
MC1,95148,0.49604037404060364,0,30,2019-11-02,2019-12-01
MC1,95360,0.4975193440914154,0,30,2019-11-02,2019-12-01
MC1,95587,0.5020319819450378,0,30,2019-11-02,2019-12-01
MC1,95605,0.4984322488307953,0,30,2019-11-02,2019-12-01
MC1,95608,0.4984322488307953,0,30,2019-11-02,2019-12-01
MC1,95672,0.5016306638717651,1,30,2019-09-07,2019-10-06
MC1,95716,0.4896273910999298,0,30,2019-10-19,2019-11-17
MC1,95718,0.5008872151374817,0,30,2019-11-02,2019-12-01
MC1,95852,0.5039014220237732,0,30,2019-11-02,2019-12-01
MC1,95897,0.503891110420227,0,30,2019-11-02,2019-12-01
MC1,95958,0.4933652877807617,0,30,2019-11-02,2019-12-01
MC1,96232,0.49959608912467957,0,30,2019-07-25,2019-08-23
MC1,96277,0.5041536688804626,0,30,2019-11-02,2019-12-01
MC1,96686,0.5113475918769836,0,30,2019-11-02,2019-12-01
MC1,96755,0.5126422643661499,0,30,2019-11-02,2019-12-01
MC1,96779,0.4900963604450226,0,30,2019-11-02,2019-12-01
MC1,97006,0.4892822504043579,0,30,2019-11-02,2019-12-01
MC1,97044,0.49485430121421814,0,30,2019-10-19,2019-11-17
MC1,97096,0.5270911455154419,0,30,2019-11-02,2019-12-01
MC1,97229,3.5694395137397805e-6,0,19,2019-11-13,2019-12-01
MC1,97535,0.49236705899238586,0,30,2019-11-02,2019-12-01
MC1,97557,0.4967615604400635,0,30,2019-11-02,2019-12-01
MC1,97661,0.502497673034668,1,30,2019-08-11,2019-09-09
MC1,97673,0.5059041976928711,1,30,2019-06-07,2019-07-06
MC1,97757,0.49976831674575806,0,30,2019-11-02,2019-12-01
MC1,97826,0.4850415289402008,0,30,2019-11-02,2019-12-01
MC1,97967,0.48397403955459595,0,30,2019-11-02,2019-12-01
MC1,97977,0.49520406126976013,0,30,2019-11-02,2019-12-01
MC1,98009,0.5074298977851868,0,30,2019-11-02,2019-12-01
MC1,98029,0.5135374665260315,0,30,2019-11-02,2019-12-01
MC1,98108,0.0,0,30,2019-10-19,2019-11-17
MC1,98153,0.49004513025283813,0,30,2019-11-02,2019-12-01
MC1,98303,0.5010005235671997,0,30,2019-11-02,2019-12-01
MC1,98363,0.5113436579704285,0,30,2019-09-27,2019-10-26
MC1,98447,0.5084781050682068,0,30,2019-11-02,2019-12-01
MC1,98702,0.4879896342754364,0,30,2019-11-02,2019-12-01
MC1,98852,0.5110034346580505,0,30,2019-11-02,2019-12-01
MC1,99021,0.493367999792099,0,30,2019-11-02,2019-12-01
MC1,99161,0.4996030032634735,0,30,2019-11-02,2019-12-01
MC1,99209,0.5039288401603699,0,30,2019-11-02,2019-12-01
MC1,99371,0.4957697093486786,0,30,2019-07-19,2019-08-17
MC1,99390,0.48772111535072327,0,30,2019-11-02,2019-12-01
MC1,99396,0.4877206087112427,0,30,2019-11-02,2019-12-01
MC1,99513,0.503002941608429,0,30,2019-11-02,2019-12-01
MC1,99520,0.493925541639328,0,30,2019-11-02,2019-12-01
MC1,100012,1.2075006312657548e-23,0,10,2019-11-22,2019-12-01
MC1,100030,0.4955340325832367,0,30,2019-11-02,2019-12-01
MC1,100103,0.49134561419487,0,30,2019-11-02,2019-12-01
MC1,100124,0.491653174161911,0,30,2019-11-02,2019-12-01
MC1,100154,0.5026188492774963,0,30,2019-11-02,2019-12-01
MC1,100163,0.4920676648616791,0,30,2019-08-01,2019-08-30
MC1,100249,0.5023154616355896,1,30,2019-08-15,2019-09-13
MC1,100376,0.4942792057991028,0,30,2019-11-02,2019-12-01
MC1,100470,0.5120739340782166,0,30,2019-11-02,2019-12-01
MC1,100595,0.5052599906921387,0,30,2019-11-02,2019-12-01
MC1,100643,0.5124069452285767,0,30,2019-11-02,2019-12-01
MC1,100921,0.48716282844543457,0,30,2019-11-02,2019-12-01
MC1,101310,0.5029430389404297,0,30,2019-11-02,2019-12-01
MC1,101457,0.49065443873405457,0,30,2019-11-02,2019-12-01
MC1,101486,0.515424907207489,0,30,2019-11-02,2019-12-01
MC1,101552,0.5199636816978455,0,30,2018-07-23,2018-08-21
MC1,101665,0.5102138519287109,0,30,2019-11-02,2019-12-01
MC1,101789,0.5111103057861328,0,30,2019-11-02,2019-12-01
MC1,101877,0.49758055806159973,0,30,2019-11-02,2019-12-01
MC1,102106,0.4989622235298157,0,30,2019-08-02,2019-08-31
MC1,102129,0.501555860042572,0,30,2019-11-02,2019-12-01
MC1,102327,0.5015046000480652,0,30,2019-04-22,2019-05-21
MC1,102330,0.4932277798652649,0,30,2019-11-02,2019-12-01
MC1,102465,0.5039817094802856,0,30,2019-11-02,2019-12-01
MC1,102576,0.5074723958969116,0,30,2019-11-02,2019-12-01
MC1,102721,0.4967955946922302,0,30,2019-11-02,2019-12-01
MC1,102907,0.4913681745529175,0,30,2019-11-02,2019-12-01
MC1,102980,0.4958885908126831,0,30,2019-11-02,2019-12-01
MC1,103019,0.5022587180137634,0,30,2019-11-02,2019-12-01
MC1,103151,0.5061486959457397,0,30,2019-11-02,2019-12-01
MC1,103409,0.5029489994049072,0,30,2019-11-02,2019-12-01
MC1,103741,0.4874020218849182,0,30,2019-11-02,2019-12-01
MC1,103766,0.4968039393424988,0,30,2019-11-02,2019-12-01
MC1,103810,0.498047798871994,0,30,2019-11-02,2019-12-01
MC1,104182,0.4987913966178894,0,30,2019-11-02,2019-12-01
MC1,104235,0.4951188862323761,0,30,2019-11-02,2019-12-01
MC1,104337,0.4985004961490631,0,30,2019-09-10,2019-10-09
MC1,104606,0.5084791779518127,0,30,2019-11-02,2019-12-01
MC1,104651,0.5070068836212158,0,30,2019-11-02,2019-12-01
MC1,104837,0.5008875727653503,0,30,2019-11-02,2019-12-01
MC1,104892,0.5174798369407654,0,30,2019-11-02,2019-12-01
MC1,105051,0.5064720511436462,0,30,2019-07-24,2019-08-22
MC1,105263,0.4982609152793884,0,30,2019-11-02,2019-12-01
MC1,105580,0.495888352394104,0,30,2019-11-02,2019-12-01
MC1,105685,0.0,0,30,2019-11-02,2019-12-01
MC1,105857,0.5168209671974182,0,30,2019-11-02,2019-12-01
MC1,105863,0.5168187618255615,0,30,2019-11-02,2019-12-01
MC1,105873,0.4887416362762451,0,30,2019-11-02,2019-12-01
MC1,105962,0.5146228075027466,0,30,2019-11-02,2019-12-01
MC1,105976,0.4889588952064514,0,30,2019-11-02,2019-12-01
MC1,105983,0.4972876310348511,0,30,2019-05-19,2019-06-17
MC1,106059,0.5116575360298157,0,30,2019-11-02,2019-12-01
MC1,106090,0.4984279274940491,0,30,2019-11-02,2019-12-01
MC1,106218,0.4939340353012085,0,30,2019-11-02,2019-12-01
MC1,106670,0.5083135962486267,1,30,2019-03-07,2019-04-05
MC1,107096,0.4872611463069916,0,30,2019-11-02,2019-12-01
MC1,107109,0.5129086375236511,0,30,2019-11-02,2019-12-01
MC1,107260,0.5035765171051025,0,30,2019-11-02,2019-12-01
MC1,107312,0.5093259215354919,0,30,2019-11-02,2019-12-01
MC1,107379,0.5265859365463257,0,30,2019-11-02,2019-12-01
MC1,107397,0.4839783012866974,0,30,2019-11-02,2019-12-01
MC1,107453,0.5012046694755554,0,30,2019-11-02,2019-12-01
MC1,107542,0.4944950342178345,0,30,2019-11-02,2019-12-01
MC1,107564,0.48788800835609436,0,30,2019-11-02,2019-12-01
MC1,107690,0.5022834539413452,0,30,2019-11-02,2019-12-01
MC1,107796,0.49243438243865967,0,30,2019-11-02,2019-12-01
MC1,107820,0.5090247988700867,0,30,2019-07-08,2019-08-06
MC1,107824,0.4822094440460205,0,30,2019-11-02,2019-12-01
MC1,107910,0.0,0,30,2019-11-02,2019-12-01
MC1,108218,0.5134590864181519,0,30,2019-11-02,2019-12-01
MC1,108375,0.4892740845680237,0,30,2019-11-02,2019-12-01
MC1,108572,0.49786409735679626,1,30,2019-04-27,2019-05-26
MC1,108691,0.48518723249435425,0,30,2019-11-02,2019-12-01
MC1,108791,0.4928307831287384,0,30,2019-11-02,2019-12-01
MC1,108834,0.4985939562320709,0,30,2019-11-02,2019-12-01
MC1,109123,0.49898087978363037,0,30,2019-11-02,2019-12-01
MC1,109316,0.49083662033081055,0,30,2019-11-02,2019-12-01
MC1,109385,0.4820198118686676,0,30,2019-11-02,2019-12-01
MC1,109538,0.49675068259239197,0,30,2019-11-02,2019-12-01
MC1,109584,0.5132394433021545,0,30,2019-11-02,2019-12-01
MC1,109587,0.5132386684417725,0,30,2019-11-02,2019-12-01
MC1,109628,0.4932844638824463,0,30,2019-11-02,2019-12-01
MC1,109639,0.4906729757785797,0,30,2019-11-02,2019-12-01
MC1,109640,0.4929931163787842,0,30,2019-11-02,2019-12-01
MC1,109680,0.4852670133113861,0,30,2019-11-02,2019-12-01
MC1,109871,0.6439378261566162,0,30,2019-11-02,2019-12-01
MC1,110058,0.49451112747192383,0,30,2019-11-02,2019-12-01
MC1,110074,0.5007829070091248,0,30,2019-11-02,2019-12-01
MC1,110084,0.521536111831665,1,30,2018-02-07,2018-03-08
MC1,110101,0.5171495079994202,0,30,2019-11-02,2019-12-01
MC1,110468,0.4925162196159363,0,30,2019-11-02,2019-12-01
MC1,110516,0.5087518095970154,0,30,2019-11-02,2019-12-01
MC1,110617,0.4950273633003235,0,30,2019-06-01,2019-06-30
MC1,110697,0.5009004473686218,0,30,2019-11-02,2019-12-01
MC1,110730,0.5004565119743347,0,30,2019-11-02,2019-12-01
MC1,111035,0.4933184087276459,0,30,2019-11-02,2019-12-01
MC1,111064,0.49882781505584717,0,30,2019-11-02,2019-12-01
MC1,111143,0.5168340802192688,0,30,2019-08-20,2019-09-18
MC1,111518,0.5028659701347351,1,30,2019-05-04,2019-06-02
MC1,111821,0.49200335144996643,0,30,2019-11-02,2019-12-01
MC1,111967,0.4849412143230438,0,30,2019-11-02,2019-12-01
MC1,112337,0.49716514348983765,0,30,2019-11-02,2019-12-01
MC1,112583,0.5028329491615295,0,30,2019-11-02,2019-12-01
MC1,112587,0.5028329491615295,0,30,2019-11-02,2019-12-01
MC1,112834,0.5084787607192993,0,30,2019-11-02,2019-12-01
MC1,112922,0.49656960368156433,0,30,2019-11-02,2019-12-01
MC1,113023,0.511283278465271,0,30,2019-11-02,2019-12-01
MC1,113391,0.493045449256897,0,30,2019-11-02,2019-12-01
MC1,113604,0.4934846758842468,0,30,2019-11-02,2019-12-01
MC1,113758,0.50235515832901,0,30,2019-11-02,2019-12-01
MC1,114142,0.499066025018692,0,30,2019-07-01,2019-07-30
MC1,114496,0.4923798143863678,0,30,2019-11-02,2019-12-01
MC1,114616,0.4902186095714569,0,30,2019-10-19,2019-11-17
MC1,114847,0.4986863136291504,0,30,2019-11-02,2019-12-01
MC1,114936,0.4906947910785675,0,30,2019-11-02,2019-12-01
MC1,115035,0.49676570296287537,0,30,2019-11-02,2019-12-01
MC1,115181,0.4874303936958313,0,30,2019-11-02,2019-12-01
MC1,115315,0.49515822529792786,0,30,2019-11-02,2019-12-01
MC1,115339,0.5132706761360168,0,30,2019-11-02,2019-12-01
MC1,115411,0.5035255551338196,0,30,2019-11-02,2019-12-01
MC1,115414,0.503524899482727,0,30,2019-11-02,2019-12-01
MC1,115526,0.4933652877807617,0,30,2019-11-02,2019-12-01
MC1,115630,0.5022773742675781,0,30,2019-11-02,2019-12-01
MC1,115743,0.4945758581161499,0,30,2019-11-02,2019-12-01
MC1,115779,0.4990842342376709,0,30,2019-08-01,2019-08-30
MC1,115859,0.5116525292396545,0,30,2019-11-02,2019-12-01
MC1,115932,0.4971930980682373,0,30,2019-11-02,2019-12-01
MC1,115974,0.48871150612831116,0,30,2019-11-02,2019-12-01
MC1,116044,0.48714157938957214,0,30,2019-11-02,2019-12-01
MC1,116170,0.5224868059158325,0,30,2019-11-02,2019-12-01
MC1,116208,0.4896901547908783,0,30,2019-11-02,2019-12-01
MC1,116282,0.49448710680007935,0,30,2019-11-02,2019-12-01
MC1,116291,0.49448448419570923,0,30,2019-11-02,2019-12-01
MC1,116537,0.5005108714103699,0,30,2019-11-02,2019-12-01
MC1,116709,0.4849603772163391,0,30,2019-11-02,2019-12-01
MC1,116744,0.5037204027175903,0,30,2019-11-02,2019-12-01
MC1,116768,0.493961900472641,0,30,2019-11-02,2019-12-01
MC1,117013,0.5039708018302917,0,30,2019-11-02,2019-12-01
MC1,117125,0.4824450612068176,0,30,2019-10-23,2019-11-21
MC1,117225,0.4931711256504059,0,30,2019-11-02,2019-12-01
MC1,117409,0.4988044500350952,0,30,2019-11-02,2019-12-01
MC1,117413,0.4988044500350952,0,30,2019-11-02,2019-12-01
MC1,117425,0.49611347913742065,0,30,2019-11-02,2019-12-01
MC1,117615,0.48426875472068787,0,30,2019-11-02,2019-12-01
MC1,117807,0.48741844296455383,0,30,2019-11-02,2019-12-01
MC1,117827,0.4968031048774719,0,30,2019-11-02,2019-12-01
MC1,118255,0.4978660047054291,0,30,2019-11-02,2019-12-01
MC1,118328,0.5012662410736084,0,30,2019-11-02,2019-12-01
MC1,118431,0.4988023042678833,0,30,2019-11-02,2019-12-01
MC1,118512,0.5184168219566345,0,30,2019-11-02,2019-12-01
MC1,118527,0.5129603147506714,0,30,2019-11-02,2019-12-01
MC1,118835,0.5050967931747437,0,30,2019-11-02,2019-12-01
MC1,118923,0.5884817838668823,0,30,2019-11-02,2019-12-01
MC1,119036,0.4845048189163208,0,30,2019-11-02,2019-12-01
MC1,119096,0.48952144384384155,0,30,2019-11-02,2019-12-01
MC1,119317,0.5061143040657043,0,30,2019-11-02,2019-12-01
MC1,119336,0.5109148025512695,0,30,2019-11-02,2019-12-01
MC1,119361,0.49751976132392883,0,30,2019-11-02,2019-12-01
MC1,119468,0.5057744979858398,0,30,2019-11-02,2019-12-01
MC1,119554,0.49570432305336,0,30,2019-05-19,2019-06-17
MC1,119985,0.4881493151187897,0,30,2019-11-02,2019-12-01
MC1,120203,0.5133327841758728,0,30,2019-11-02,2019-12-01
MC1,120464,0.5012259483337402,0,30,2019-11-01,2019-11-30
MC1,120689,0.4926268756389618,0,30,2019-11-02,2019-12-01
MC1,120814,0.4938254654407501,0,30,2019-11-02,2019-12-01
MC1,121008,0.4987913966178894,0,30,2019-11-02,2019-12-01
MC1,121051,0.5112869739532471,0,30,2019-11-02,2019-12-01
MC1,121170,0.5628761649131775,0,30,2019-11-02,2019-12-01
MC1,121281,0.5101675987243652,0,30,2019-11-02,2019-12-01
MC1,121355,0.5060833096504211,0,30,2019-11-02,2019-12-01
MC1,121452,0.49003756046295166,0,30,2019-11-02,2019-12-01
MC1,121462,0.5101173520088196,0,30,2019-11-02,2019-12-01
MC1,121489,0.49185726046562195,0,30,2019-10-02,2019-10-31
MC1,121781,0.4994944632053375,0,30,2019-11-02,2019-12-01
MC1,121911,0.5181914567947388,0,30,2019-11-02,2019-12-01
MC1,121926,0.4885150194168091,0,30,2019-10-21,2019-11-19
MC1,122072,0.4850695729255676,0,30,2019-11-02,2019-12-01
MC1,122086,0.5021162033081055,0,30,2019-11-02,2019-12-01
MC1,122124,0.48485901951789856,0,30,2019-11-02,2019-12-01
MC1,122154,0.4964146316051483,0,30,2019-11-02,2019-12-01
MC1,122179,0.4893321990966797,0,30,2019-11-02,2019-12-01
MC1,122188,0.48223933577537537,0,30,2019-11-02,2019-12-01
MC1,122381,0.5039664506912231,0,30,2019-11-02,2019-12-01
MC1,122737,0.4862997233867645,0,30,2019-11-02,2019-12-01
MC1,122934,0.49049142003059387,0,30,2019-11-02,2019-12-01
MC1,122940,0.6431191563606262,0,24,2019-11-08,2019-12-01
MC1,123030,0.501862108707428,0,30,2019-11-02,2019-12-01
MC1,123281,0.49546149373054504,0,30,2019-11-02,2019-12-01
MC1,123403,0.48798394203186035,0,30,2019-10-19,2019-11-17
MC1,123545,0.5004810094833374,0,30,2019-11-02,2019-12-01
MC1,123826,0.4926490783691406,0,30,2019-11-02,2019-12-01
MC1,123834,0.49278268218040466,0,30,2019-11-02,2019-12-01
MC1,123923,0.5047313570976257,0,30,2019-11-02,2019-12-01
MC1,124033,0.5114167332649231,1,30,2018-11-24,2018-12-23
MC1,124041,0.4941314160823822,0,30,2019-11-02,2019-12-01
MC1,124321,0.510892927646637,0,30,2019-11-02,2019-12-01
MC1,124367,0.494154691696167,0,30,2019-11-02,2019-12-01
MC1,124415,0.528899073600769,0,30,2019-10-19,2019-11-17
MC1,124625,0.5189713835716248,0,30,2019-11-02,2019-12-01
MC1,124849,0.4853871464729309,0,30,2019-11-02,2019-12-01
MC1,124953,0.4974512457847595,0,30,2019-11-02,2019-12-01
MC1,125438,0.4869367182254791,0,30,2019-11-02,2019-12-01
MC1,125473,0.489279568195343,0,30,2019-11-02,2019-12-01
MC1,125588,0.49679499864578247,0,30,2019-11-02,2019-12-01
MC1,125602,0.49642297625541687,0,30,2019-11-02,2019-12-01
MC1,125636,0.4975138008594513,0,30,2019-10-19,2019-11-17
MC1,125869,0.49885234236717224,0,30,2019-11-02,2019-12-01
MC1,125925,0.494052529335022,0,30,2019-11-02,2019-12-01
MC1,126038,0.518771231174469,0,30,2019-11-02,2019-12-01
MC1,126069,0.49783679842948914,0,30,2019-11-02,2019-12-01
MC1,126116,0.49665746092796326,0,30,2019-11-02,2019-12-01
MC1,126125,0.4951344132423401,1,30,2019-09-15,2019-10-14
MC1,126254,0.4934161901473999,0,30,2019-08-23,2019-09-21
MC1,126644,0.5081498622894287,0,30,2019-11-02,2019-12-01
MC1,126955,0.48696160316467285,0,30,2019-11-02,2019-12-01
MC1,126972,0.5145542025566101,0,30,2019-11-02,2019-12-01
MC1,126974,0.5145542025566101,0,30,2019-11-02,2019-12-01
MC1,127075,0.49557411670684814,0,30,2019-11-02,2019-12-01
MC1,127186,0.5093224048614502,0,30,2019-11-02,2019-12-01
MC1,127198,0.49273809790611267,0,30,2019-11-02,2019-12-01
MC1,127342,0.517175555229187,0,30,2019-11-02,2019-12-01
MC1,127493,0.5238202214241028,0,30,2018-05-13,2018-06-11
MC1,127655,0.4984852075576782,0,30,2019-09-10,2019-10-09
MC1,127740,0.4913966655731201,0,30,2019-10-03,2019-11-01
MC1,127835,0.5188918113708496,1,30,2019-07-22,2019-08-20
MC1,128003,0.4875216782093048,0,30,2019-11-02,2019-12-01
MC1,128037,0.49790874123573303,0,30,2019-11-02,2019-12-01
MC1,128121,0.510729968547821,0,30,2019-11-02,2019-12-01
MC1,128150,0.4950157403945923,0,30,2019-11-02,2019-12-01
MC1,128276,0.5036399960517883,0,30,2019-11-02,2019-12-01
MC1,128278,0.5036352276802063,0,30,2019-11-02,2019-12-01
MC1,128447,0.4947010576725006,0,30,2019-11-02,2019-12-01
MC1,128517,0.49675774574279785,0,30,2019-11-02,2019-12-01
MC1,128590,0.5058650374412537,0,30,2019-11-02,2019-12-01
MC1,129240,0.49816828966140747,0,30,2019-11-02,2019-12-01
MC1,129390,0.5018327236175537,0,30,2019-11-02,2019-12-01
MC1,129444,0.48990556597709656,0,30,2019-11-02,2019-12-01
MC1,129774,0.49667468667030334,0,30,2019-11-02,2019-12-01
MC1,129821,0.5051794052124023,0,30,2019-11-02,2019-12-01
MC1,129906,0.48911499977111816,0,30,2019-11-02,2019-12-01
MC1,129913,0.5132464170455933,0,30,2019-11-02,2019-12-01
MC1,129940,0.49962180852890015,0,30,2019-11-02,2019-12-01
MC1,129961,0.5133569836616516,0,30,2019-11-02,2019-12-01
MC1,130000,0.4927361309528351,0,30,2019-11-02,2019-12-01
MC1,130025,0.4873553514480591,0,30,2019-11-02,2019-12-01
MC1,130186,0.4868929088115692,0,30,2019-11-02,2019-12-01
MC1,130233,0.4869295060634613,0,30,2019-11-02,2019-12-01
MC1,130425,0.4986686408519745,0,30,2019-11-02,2019-12-01
MC1,130438,0.4975801408290863,0,30,2019-11-02,2019-12-01
MC1,130497,0.5132322311401367,1,30,2019-10-28,2019-11-26
MC1,130543,0.5054250359535217,0,30,2019-11-02,2019-12-01
MC1,130668,0.4872654378414154,0,30,2019-11-02,2019-12-01
MC1,130674,0.0,1,30,2019-11-03,2019-12-02
MC1,130701,0.4854870140552521,0,30,2019-11-02,2019-12-01
MC1,130748,0.5054143667221069,0,30,2019-10-19,2019-11-17
MC1,130769,0.5082880854606628,0,30,2019-11-02,2019-12-01
MC1,131105,0.4979586899280548,0,30,2019-11-02,2019-12-01
MC1,131227,0.49517813324928284,0,30,2019-11-02,2019-12-01
MC1,131280,0.4934220016002655,0,30,2019-11-02,2019-12-01
MC1,131302,0.5133192539215088,0,30,2019-11-02,2019-12-01
MC1,131621,0.4978850185871124,1,30,2019-04-08,2019-05-07
MC1,131735,0.49338263273239136,0,30,2019-11-02,2019-12-01
MC1,131928,0.4871589243412018,0,30,2019-11-02,2019-12-01
MC1,131984,0.4832995533943176,0,30,2019-11-02,2019-12-01
MC1,132006,0.5099483728408813,0,30,2019-11-02,2019-12-01
MC1,132025,0.49773624539375305,1,30,2019-04-16,2019-05-15
MC1,132054,0.5061602592468262,0,30,2019-11-02,2019-12-01
MC1,132070,0.49871259927749634,0,30,2019-11-02,2019-12-01
MC1,132096,0.5121144652366638,0,30,2019-11-02,2019-12-01
MC1,132426,0.4893032908439636,0,30,2019-10-19,2019-11-17
MC1,132446,0.48904770612716675,0,30,2019-11-02,2019-12-01
MC1,132481,0.5007697343826294,0,30,2019-11-02,2019-12-01
MC1,132936,0.49744901061058044,0,30,2019-11-02,2019-12-01
MC1,132963,0.4881831407546997,0,30,2019-11-02,2019-12-01
MC1,132988,0.49348539113998413,0,30,2019-11-02,2019-12-01
MC1,133007,0.48914599418640137,0,30,2019-11-02,2019-12-01
MC1,133044,0.5125517845153809,1,30,2018-12-02,2018-12-31
MC1,133323,0.5005089640617371,0,30,2019-11-02,2019-12-01
MC1,133340,0.4892039895057678,0,30,2019-11-02,2019-12-01
MC1,133403,0.5039452910423279,0,30,2019-11-02,2019-12-01
MC1,133413,0.49448418617248535,0,30,2019-11-02,2019-12-01
MC1,133552,0.49166572093963623,0,30,2019-11-02,2019-12-01
MC1,133902,0.5039636492729187,0,30,2019-11-02,2019-12-01
MC1,133912,0.49866095185279846,0,30,2019-11-02,2019-12-01
MC1,134063,0.48511311411857605,0,30,2019-11-02,2019-12-01
MC1,134232,0.4986717402935028,0,30,2019-11-02,2019-12-01
MC1,134437,0.5115336179733276,0,30,2019-11-02,2019-12-01
MC1,134501,0.5018505454063416,0,30,2019-11-02,2019-12-01
MC1,134520,0.505742609500885,0,30,2019-11-02,2019-12-01
MC1,134554,0.5092843174934387,0,30,2019-10-31,2019-11-29
MC1,134628,0.4877478778362274,0,30,2019-11-02,2019-12-01
MC1,134634,0.643987774848938,0,30,2018-03-22,2018-04-20
MC1,134668,0.4926629662513733,0,30,2019-11-02,2019-12-01
MC1,134684,0.5035958290100098,0,30,2019-11-02,2019-12-01
MC1,134687,0.5035841464996338,0,30,2019-11-02,2019-12-01
MC1,134941,0.5058487057685852,0,30,2019-11-02,2019-12-01
MC1,135059,0.0,0,30,2019-11-02,2019-12-01
MC1,135144,0.49822285771369934,0,30,2019-11-02,2019-12-01
MC1,135185,0.48411279916763306,0,30,2019-11-02,2019-12-01
MC1,135355,0.5006466507911682,0,30,2019-11-02,2019-12-01
MC1,135388,0.49259012937545776,0,30,2019-11-02,2019-12-01
MC1,135423,0.0,0,30,2019-11-02,2019-12-01
MC1,135427,0.5259625911712646,0,30,2019-11-02,2019-12-01
MC1,135532,0.496420681476593,0,30,2019-11-02,2019-12-01
MC1,135637,0.49845340847969055,0,30,2019-11-02,2019-12-01
MC1,135733,0.4990985691547394,0,30,2019-11-02,2019-12-01
MC1,135819,0.4996911883354187,0,30,2019-11-02,2019-12-01
MC1,135986,0.5187135934829712,0,30,2019-11-02,2019-12-01
MC1,136091,0.5116204619407654,0,30,2019-11-02,2019-12-01
MC1,136228,0.5057927370071411,0,30,2019-11-02,2019-12-01
MC1,136625,0.5051209330558777,0,30,2019-11-02,2019-12-01
MC1,136682,0.5113466382026672,0,30,2019-11-02,2019-12-01
MC1,136859,0.505763590335846,0,30,2019-11-02,2019-12-01
MC1,136979,0.5098010301589966,0,30,2019-11-02,2019-12-01
MC1,137196,0.4991733431816101,0,30,2019-11-02,2019-12-01
MC1,137394,0.49274110794067383,0,30,2019-11-02,2019-12-01
MC1,137514,0.5020557641983032,0,30,2019-11-02,2019-12-01
MC1,137564,0.49634385108947754,0,30,2019-11-02,2019-12-01
MC1,137866,0.4978788197040558,1,30,2019-11-03,2019-12-02
MC1,137945,0.5051378011703491,0,30,2019-11-02,2019-12-01
MC1,137956,0.4929492473602295,0,30,2019-11-02,2019-12-01
MC1,138052,0.4955090880393982,1,30,2019-10-29,2019-11-27
MC1,138053,0.5049943327903748,0,30,2019-11-02,2019-12-01
MC1,138066,0.5219661593437195,0,30,2019-11-02,2019-12-01
MC1,138101,0.497227281332016,1,30,2019-08-06,2019-09-04
MC1,138365,0.49410924315452576,0,30,2019-11-02,2019-12-01
MC1,138398,0.5088772773742676,0,30,2019-11-02,2019-12-01
MC1,138465,0.48725762963294983,0,30,2019-11-02,2019-12-01
MC1,138494,0.4892740845680237,0,30,2019-11-02,2019-12-01
MC1,138828,0.4982142746448517,0,30,2019-11-02,2019-12-01
MC1,138983,0.499306321144104,0,30,2019-11-02,2019-12-01
MC1,139008,0.5145190954208374,0,30,2019-11-02,2019-12-01
MC1,139198,0.5184310078620911,0,30,2019-11-02,2019-12-01
MC1,139238,0.5104678869247437,0,30,2019-11-02,2019-12-01
MC1,139622,0.4996013343334198,0,30,2019-11-02,2019-12-01
MC1,139634,0.5002273917198181,0,30,2019-11-02,2019-12-01
MC1,139776,0.49490341544151306,0,30,2019-06-02,2019-07-01
MC1,140030,0.49404409527778625,0,30,2019-11-02,2019-12-01
MC1,140265,0.4989601671695709,0,30,2019-10-19,2019-11-17
MC1,140276,0.4891234040260315,0,30,2019-11-02,2019-12-01
MC1,140350,0.5113466382026672,0,30,2019-11-02,2019-12-01
MC1,140511,0.49384719133377075,0,30,2019-10-19,2019-11-17
MC1,140520,0.4972824454307556,0,30,2019-11-02,2019-12-01
MC1,140665,0.4955528676509857,0,30,2019-11-02,2019-12-01
MC1,140695,0.5188594460487366,0,30,2019-11-01,2019-11-30
MC1,140815,0.4821799397468567,0,30,2019-11-02,2019-12-01
MC1,140867,0.5279146432876587,1,30,2018-06-10,2018-07-09
MC1,141039,0.6398053169250488,0,30,2019-11-02,2019-12-01
MC1,141073,0.5125313997268677,0,30,2019-11-02,2019-12-01
MC1,141130,0.5035627484321594,0,30,2019-11-02,2019-12-01
MC1,141155,0.4929211437702179,0,30,2019-11-02,2019-12-01
MC1,141205,0.5035561919212341,0,30,2019-11-02,2019-12-01
MC1,141250,0.4997507333755493,0,30,2019-09-26,2019-10-25
MC1,141330,0.48909521102905273,0,30,2019-11-02,2019-12-01
MC1,141443,0.5281344652175903,0,30,2019-11-02,2019-12-01
MC1,141603,0.518646240234375,0,30,2019-11-02,2019-12-01
MC1,142045,0.5024745464324951,0,30,2019-11-02,2019-12-01
MC1,142161,0.5570648312568665,1,30,2019-02-05,2019-03-06
MC1,142577,0.493925541639328,0,30,2019-11-02,2019-12-01
MC1,142753,0.49203526973724365,0,30,2019-11-02,2019-12-01
MC1,142801,0.49750375747680664,0,30,2019-11-02,2019-12-01
MC1,142821,0.511547327041626,0,30,2019-11-02,2019-12-01
MC1,143158,0.5169336199760437,1,30,2018-05-29,2018-06-27
MC1,143343,0.5291237831115723,0,30,2019-11-02,2019-12-01
MC1,143359,0.4993576407432556,0,30,2019-11-02,2019-12-01
MC1,143459,0.507515013217926,0,30,2019-11-02,2019-12-01
MC1,143800,0.4933774173259735,0,30,2019-11-02,2019-12-01
MC1,143862,0.4984549582004547,0,30,2019-11-02,2019-12-01
MC1,143877,0.49121958017349243,0,30,2019-10-19,2019-11-17
MC1,143945,0.49898236989974976,0,30,2019-11-02,2019-12-01
MC1,144154,0.49809154868125916,0,30,2019-11-02,2019-12-01
MC1,144541,0.497514933347702,0,30,2019-11-02,2019-12-01
MC1,144589,0.49731510877609253,0,30,2019-09-29,2019-10-28
MC1,144662,0.5196585059165955,1,30,2018-02-18,2018-03-19
MC1,144932,0.48773738741874695,0,30,2019-11-02,2019-12-01
MC1,144960,0.4916723072528839,0,30,2019-11-02,2019-12-01
MC1,145009,0.49308642745018005,0,30,2019-11-02,2019-12-01
MC1,145013,0.4979557394981384,0,30,2019-11-02,2019-12-01
MC1,145182,0.5090057849884033,1,30,2019-02-14,2019-03-15
MC1,145423,0.4991612136363983,0,30,2019-11-02,2019-12-01
MC1,145434,0.5052289366722107,0,30,2019-11-02,2019-12-01
MC1,145526,0.504709005355835,0,30,2019-10-19,2019-11-17
MC1,145563,0.486987441778183,0,30,2019-11-02,2019-12-01
MC1,146045,0.49348899722099304,0,30,2019-11-02,2019-12-01
MC1,146153,0.5073622465133667,0,30,2019-11-02,2019-12-01
MC1,146177,0.5186511278152466,0,30,2019-11-02,2019-12-01
MC1,146280,0.4978106915950775,0,30,2019-11-02,2019-12-01
MC1,146373,0.5187699198722839,0,30,2019-11-02,2019-12-01
MC1,146377,0.5187681317329407,0,30,2019-11-02,2019-12-01
MC1,146386,0.4991036057472229,0,30,2019-11-02,2019-12-01
MC1,146617,0.5251269340515137,1,30,2018-08-02,2018-08-31
MC1,146732,0.5083271861076355,0,30,2019-11-02,2019-12-01
MC1,146750,0.5119518637657166,0,30,2019-11-02,2019-12-01
MC1,146870,0.4950089752674103,0,30,2019-11-02,2019-12-01
MC1,147177,0.5052436590194702,0,30,2019-11-02,2019-12-01
MC1,147780,0.5194644927978516,0,30,2019-10-30,2019-11-28
MC1,147986,0.5180122256278992,0,30,2019-11-02,2019-12-01
MC1,147989,0.5180122256278992,0,30,2019-11-02,2019-12-01
MC1,148177,0.5116904973983765,0,30,2019-11-02,2019-12-01
MC1,148212,0.4879632890224457,0,30,2019-11-02,2019-12-01
MC1,148393,0.48464736342430115,0,30,2019-11-02,2019-12-01
MC1,148765,0.494157612323761,0,30,2019-11-02,2019-12-01
MC1,149043,0.48494282364845276,0,30,2019-11-02,2019-12-01
MC1,149159,0.5049959421157837,0,30,2019-11-02,2019-12-01
MC1,149286,0.5059528350830078,0,30,2019-11-02,2019-12-01
MC1,149397,0.5083157420158386,0,30,2019-11-02,2019-12-01
MC1,149521,0.5059743523597717,0,30,2019-11-02,2019-12-01
MC1,149640,0.4954966604709625,0,30,2019-11-02,2019-12-01
MC1,149677,0.4950995445251465,0,30,2019-11-02,2019-12-01
MC1,149697,0.49240803718566895,0,30,2019-11-02,2019-12-01
MC1,149717,0.5040873885154724,0,30,2019-11-02,2019-12-01
MC1,149899,0.49970096349716187,0,30,2019-11-02,2019-12-01
MC1,149900,0.4996963143348694,0,30,2019-11-02,2019-12-01
MC1,149940,0.519471287727356,0,30,2019-10-19,2019-11-17
MC1,150127,0.5124583840370178,0,30,2019-11-02,2019-12-01
MC1,150264,0.48875752091407776,0,30,2019-11-02,2019-12-01
MC1,150534,0.5125325918197632,0,30,2019-11-02,2019-12-01
MC1,150569,0.5106680393218994,0,30,2019-11-02,2019-12-01
MC1,150591,0.4928972125053406,0,30,2019-11-02,2019-12-01
MC1,150620,0.4977562129497528,0,30,2019-09-28,2019-10-27
MC1,150691,0.4904531240463257,0,30,2019-11-02,2019-12-01
MC1,150787,0.49082133173942566,0,30,2019-11-02,2019-12-01
MC1,151007,0.5073696374893188,0,30,2019-11-02,2019-12-01
MC1,151075,0.5108655691146851,0,30,2019-11-02,2019-12-01
MC1,151102,0.49795064330101013,0,30,2019-11-02,2019-12-01
MC1,151212,0.6434929370880127,0,30,2019-11-02,2019-12-01
MC1,151302,0.498445063829422,0,30,2019-11-02,2019-12-01
MC1,151526,0.49388372898101807,0,30,2019-11-02,2019-12-01
MC1,151592,2.3111880698613e-21,0,11,2019-11-21,2019-12-01
MC1,151893,0.5111413598060608,0,30,2019-11-02,2019-12-01
MC1,151980,0.49809107184410095,0,30,2019-11-02,2019-12-01
MC1,151991,0.6413136124610901,0,30,2019-11-02,2019-12-01
MC1,152046,0.5061960220336914,0,30,2019-11-02,2019-12-01
MC1,152165,0.5156654715538025,0,30,2019-11-02,2019-12-01
MC1,152405,0.5073843598365784,0,30,2019-11-02,2019-12-01
MC1,152648,0.4974626898765564,0,30,2019-11-02,2019-12-01
MC1,152967,0.5045264959335327,0,30,2019-11-02,2019-12-01
MC1,153370,0.5108804106712341,0,30,2019-11-02,2019-12-01
MC1,153457,0.4819486439228058,0,30,2019-11-02,2019-12-01
MC1,153883,0.4894616901874542,0,30,2019-11-02,2019-12-01
MC1,154030,0.4991110861301422,0,30,2019-11-02,2019-12-01
MC1,154289,0.49681782722473145,1,30,2019-06-06,2019-07-05
MC1,154311,0.4878896176815033,0,30,2019-11-02,2019-12-01
MC1,154461,0.49320679903030396,0,30,2019-11-02,2019-12-01
MC1,154470,0.4968428909778595,0,30,2019-08-22,2019-09-20
MC1,154555,0.4879646897315979,0,30,2019-11-02,2019-12-01
MC1,154574,0.4965894818305969,0,30,2019-11-02,2019-12-01
MC1,154848,0.4944603145122528,0,30,2019-11-02,2019-12-01
MC1,154916,0.5007420182228088,0,30,2019-10-19,2019-11-17
MC1,154933,0.5051621198654175,0,30,2019-11-02,2019-12-01
MC1,155119,0.5080184936523438,1,30,2019-05-16,2019-06-14
MC1,155177,0.49263063073158264,0,30,2019-11-02,2019-12-01
MC1,155254,0.4982157349586487,0,30,2019-11-02,2019-12-01
MC1,155301,0.4991525411605835,0,30,2019-11-02,2019-12-01
MC1,155385,0.48704060912132263,0,30,2019-11-02,2019-12-01
MC1,155673,0.5058557987213135,0,30,2019-11-02,2019-12-01
MC1,155731,0.4958879351615906,0,30,2019-11-02,2019-12-01
MC1,155755,0.5043250322341919,0,30,2019-11-02,2019-12-01
MC1,155789,0.49548232555389404,0,30,2019-11-02,2019-12-01
MC1,155919,0.49785134196281433,0,30,2019-11-02,2019-12-01
MC1,155925,0.49785134196281433,0,30,2019-11-02,2019-12-01
MC1,155973,0.5126972198486328,0,30,2019-10-19,2019-11-17
MC1,155977,0.510137140750885,0,30,2019-11-02,2019-12-01
MC1,156551,0.5058143138885498,0,30,2019-11-02,2019-12-01
MC1,156780,0.5057846307754517,0,30,2019-11-02,2019-12-01
MC1,156967,0.49824562668800354,0,30,2019-11-02,2019-12-01
MC1,157034,0.495108425617218,0,30,2019-11-02,2019-12-01
MC1,157042,0.495108425617218,0,30,2019-11-02,2019-12-01
MC1,157210,0.49926894903182983,0,30,2019-11-02,2019-12-01
MC1,157242,0.49414119124412537,0,30,2019-11-02,2019-12-01
MC1,157254,0.48904258012771606,0,30,2019-11-02,2019-12-01
MC1,157296,0.5266343355178833,1,30,2018-04-30,2018-05-29
MC1,157458,0.49298644065856934,0,30,2019-11-02,2019-12-01
MC1,157738,0.4834267199039459,0,30,2019-11-02,2019-12-01
MC1,157877,0.5006649494171143,0,30,2019-11-02,2019-12-01
MC1,157885,0.4993375837802887,0,30,2019-11-02,2019-12-01
MC1,158001,0.4986439347267151,0,30,2019-11-02,2019-12-01
MC1,158155,0.4989529252052307,0,30,2019-11-02,2019-12-01
MC1,158389,0.5230400562286377,0,30,2019-04-30,2019-05-29
MC1,158416,0.5116194486618042,0,30,2019-11-02,2019-12-01
MC1,158710,0.5108685493469238,0,30,2019-11-02,2019-12-01
MC1,158826,0.4984643757343292,0,30,2019-11-02,2019-12-01
MC1,159152,0.5092577338218689,0,30,2019-11-02,2019-12-01
MC1,159189,0.49843624234199524,0,30,2019-11-02,2019-12-01
MC1,159233,0.4896579682826996,0,30,2019-11-02,2019-12-01
MC1,159240,0.48802119493484497,0,30,2019-11-02,2019-12-01
MC1,159252,0.5119982957839966,1,30,2018-10-23,2018-11-21
MC1,159408,0.4850325584411621,0,30,2019-11-02,2019-12-01
MC1,159549,0.49233925342559814,1,30,2019-07-30,2019-08-28
MC1,159682,0.5004286170005798,0,30,2019-11-02,2019-12-01
MC1,159744,0.511447548866272,0,30,2019-10-19,2019-11-17
MC1,159762,0.48268601298332214,0,30,2019-10-19,2019-11-17
MC1,159898,0.5035561919212341,0,30,2019-11-02,2019-12-01
MC1,159933,0.4989716112613678,0,30,2019-08-02,2019-08-31
MC1,159993,0.5274743437767029,1,30,2018-04-20,2018-05-19
MC1,159994,0.5053382515907288,0,30,2019-06-23,2019-07-22
MC1,160142,0.4868871569633484,0,30,2019-11-02,2019-12-01
MC1,160443,0.4981690049171448,0,30,2019-11-02,2019-12-01
MC1,160495,0.5042953491210938,0,30,2019-11-02,2019-12-01
MC1,160577,0.5038944482803345,0,30,2019-11-02,2019-12-01
MC1,160622,0.49495357275009155,0,30,2019-09-19,2019-10-18
MC1,160860,0.5163468718528748,0,30,2019-11-02,2019-12-01
MC1,160897,0.5283346176147461,0,30,2019-11-02,2019-12-01
MC1,160979,0.5152042508125305,0,30,2019-11-02,2019-12-01
MC1,161129,0.5009914636611938,0,30,2019-11-02,2019-12-01
MC1,161184,0.5133892297744751,0,30,2019-11-02,2019-12-01
MC1,161267,0.5076974630355835,0,30,2019-04-27,2019-05-26
MC1,161577,0.49527397751808167,0,30,2019-11-02,2019-12-01
MC1,161609,0.4967558681964874,0,30,2019-11-02,2019-12-01
MC1,161641,0.49746057391166687,0,30,2019-11-02,2019-12-01
MC1,161693,0.5122306942939758,0,30,2019-11-02,2019-12-01
MC1,161723,0.4898894429206848,0,30,2019-11-02,2019-12-01
MC1,161730,0.49420446157455444,0,30,2019-11-02,2019-12-01
MC1,162099,0.49228549003601074,0,30,2019-11-02,2019-12-01
MC1,162149,0.4918273985385895,0,30,2019-11-02,2019-12-01
MC1,162184,0.5008739233016968,0,30,2019-11-02,2019-12-01
MC1,162370,0.4907591938972473,0,30,2019-11-02,2019-12-01
MC1,162395,0.5253075957298279,1,30,2019-06-27,2019-07-26
MC1,162645,0.49779558181762695,0,30,2019-11-02,2019-12-01
MC1,162949,0.5047634243965149,0,30,2019-10-19,2019-11-17
MC1,163030,0.5152186751365662,0,30,2019-11-02,2019-12-01
MC1,163170,0.4961587190628052,0,30,2019-11-02,2019-12-01
MC1,163337,0.5113494992256165,0,30,2019-11-02,2019-12-01
MC1,163398,0.4954655170440674,0,30,2019-11-02,2019-12-01
MC1,163409,0.4999210834503174,1,30,2019-04-27,2019-05-26
MC1,163472,0.6411650776863098,1,30,2019-07-22,2019-08-20
MC1,163703,0.5004663467407227,0,30,2019-11-02,2019-12-01
MC1,163798,0.48850882053375244,0,30,2019-11-02,2019-12-01
MC1,163942,0.4970853626728058,0,30,2019-11-02,2019-12-01
MC1,164018,0.49270081520080566,0,30,2019-11-02,2019-12-01
MC1,164046,0.49518901109695435,0,30,2019-11-02,2019-12-01
MC1,164179,0.49914008378982544,0,30,2019-11-02,2019-12-01
MC1,164464,0.495046466588974,0,30,2019-11-02,2019-12-01
MC1,164778,0.49591097235679626,0,30,2019-11-02,2019-12-01
MC1,164781,0.49591103196144104,0,30,2019-11-02,2019-12-01
MC1,164925,0.5510268807411194,0,30,2019-11-02,2019-12-01
MC1,164995,0.4869387745857239,0,30,2019-11-02,2019-12-01
MC1,164998,0.48815086483955383,1,30,2019-10-10,2019-11-08
MC1,165026,0.48885390162467957,1,30,2019-10-01,2019-10-30
MC1,165239,0.5132521390914917,0,30,2019-11-02,2019-12-01
MC1,165297,0.4967159330844879,0,30,2019-11-02,2019-12-01
MC1,165307,0.4900813102722168,0,30,2019-11-02,2019-12-01
MC1,165373,0.48192763328552246,0,30,2019-11-02,2019-12-01
MC1,165682,0.4952159821987152,0,30,2019-11-02,2019-12-01
MC1,165686,0.5052076578140259,0,30,2019-11-02,2019-12-01
MC1,165875,0.49570924043655396,0,30,2019-11-02,2019-12-01
MC1,166549,0.494069367647171,0,30,2019-11-02,2019-12-01
MC1,166587,0.48888707160949707,0,30,2019-11-02,2019-12-01
MC1,166623,0.49914056062698364,0,30,2019-11-02,2019-12-01
MC1,166831,0.49932608008384705,0,30,2019-11-02,2019-12-01
MC1,166854,0.4961871802806854,0,30,2019-10-19,2019-11-17
MC1,167118,0.4888280928134918,0,30,2019-11-02,2019-12-01
MC1,167297,0.49128368496894836,0,30,2019-11-02,2019-12-01
MC1,167346,0.4917192757129669,0,30,2019-11-02,2019-12-01
MC1,167367,0.5040674209594727,0,30,2019-10-19,2019-11-17
MC1,167427,0.5211764574050903,1,30,2019-07-15,2019-08-13
MC1,167547,0.49421316385269165,0,30,2019-11-02,2019-12-01
MC1,167553,0.49420982599258423,0,30,2019-11-02,2019-12-01
MC1,167828,0.48868948221206665,0,30,2019-11-02,2019-12-01
MC1,167857,0.49871549010276794,0,30,2019-03-26,2019-04-24
MC1,167913,0.5048319101333618,0,30,2019-11-02,2019-12-01
MC1,168345,0.4983906149864197,0,30,2019-11-02,2019-12-01
MC1,168363,0.5113497972488403,0,30,2019-11-02,2019-12-01
MC1,168388,0.5003730058670044,0,30,2019-11-02,2019-12-01
MC1,168467,0.4961072504520416,0,30,2019-11-02,2019-12-01
MC1,168701,0.49616539478302,1,30,2019-09-24,2019-10-23
MC1,168846,0.48694244027137756,0,30,2019-11-02,2019-12-01
MC1,168938,0.517160177230835,1,30,2018-10-02,2018-10-31
MC1,169011,0.4908820688724518,0,30,2019-11-02,2019-12-01
MC1,169035,0.4897198975086212,0,30,2019-11-02,2019-12-01
MC1,169155,0.4978916049003601,0,30,2019-11-02,2019-12-01
MC1,169178,0.5219924449920654,0,30,2019-11-02,2019-12-01
MC1,169402,0.4958820044994354,0,30,2019-11-02,2019-12-01
MC1,169544,0.5052095055580139,0,30,2019-11-02,2019-12-01
MC1,169550,0.5184139013290405,1,30,2018-05-08,2018-06-06
MC1,169560,0.5043982863426208,0,30,2019-11-02,2019-12-01
MC1,169663,0.5206801295280457,0,30,2019-04-23,2019-05-22
MC1,169751,0.49498605728149414,0,30,2019-11-02,2019-12-01
MC1,169792,0.5190638303756714,0,30,2019-11-01,2019-11-30
MC1,169887,0.4904875159263611,0,30,2019-11-02,2019-12-01
MC1,169904,0.5054733753204346,1,30,2019-06-15,2019-07-14
MC1,169955,0.4969199001789093,0,30,2019-10-03,2019-11-01
MC1,170070,0.4969550371170044,0,30,2019-11-02,2019-12-01
MC1,170131,0.49332883954048157,0,30,2019-11-02,2019-12-01
MC1,170149,0.5082538723945618,0,30,2019-11-02,2019-12-01
MC1,170365,0.5085463523864746,0,30,2019-11-02,2019-12-01
MC1,170422,0.5124031901359558,0,30,2019-11-02,2019-12-01
MC1,170567,0.5250740647315979,0,30,2019-11-02,2019-12-01
MC1,170708,0.4980259835720062,0,30,2019-11-02,2019-12-01
MC1,170802,0.49669015407562256,0,30,2019-11-02,2019-12-01
MC1,170818,0.484993577003479,0,30,2019-11-02,2019-12-01
MC1,170879,0.49684619903564453,0,30,2019-11-02,2019-12-01
MC1,171038,0.5077159404754639,0,30,2019-11-02,2019-12-01
MC1,171220,0.00038847033283673227,0,20,2019-11-12,2019-12-01
MC1,171266,0.4852744936943054,0,30,2019-11-02,2019-12-01
MC1,171271,0.4853253960609436,0,30,2019-11-02,2019-12-01
MC1,171280,0.5110049843788147,0,30,2019-11-02,2019-12-01
MC1,171823,0.4953992962837219,0,30,2019-11-02,2019-12-01
MC1,171890,0.4966732859611511,0,30,2019-11-02,2019-12-01
MC1,171918,0.5039822459220886,0,30,2019-11-02,2019-12-01
MC1,171929,0.4931202232837677,0,30,2019-11-02,2019-12-01
MC1,172096,0.503671407699585,1,30,2019-07-16,2019-08-14
MC1,172315,0.501230776309967,0,30,2019-11-01,2019-11-30
MC1,172453,0.5037808418273926,0,30,2019-11-02,2019-12-01
MC1,172557,0.6425264477729797,0,30,2019-11-02,2019-12-01
MC1,172689,0.49021488428115845,0,30,2019-11-02,2019-12-01
MC1,172859,0.493315190076828,0,30,2019-11-02,2019-12-01
MC1,172955,0.49544790387153625,0,30,2019-11-02,2019-12-01
MC1,173065,0.505801796913147,0,30,2019-11-02,2019-12-01
MC1,173218,0.48535072803497314,0,30,2019-11-02,2019-12-01
MC1,173431,0.5151002407073975,0,30,2018-09-16,2018-10-15
MC1,173647,0.4869597256183624,0,30,2019-11-02,2019-12-01
MC1,173748,0.49524983763694763,0,30,2019-11-02,2019-12-01
MC1,173778,0.487296462059021,0,30,2019-11-02,2019-12-01
MC1,173897,0.511462390422821,0,30,2018-11-08,2018-12-07
MC1,173908,0.48688217997550964,0,30,2019-11-02,2019-12-01
MC1,173950,0.4886864125728607,0,30,2019-11-02,2019-12-01
MC1,173977,0.4964577555656433,0,30,2019-11-02,2019-12-01
MC1,174169,0.4926012456417084,0,30,2019-11-02,2019-12-01
MC1,174250,0.49462246894836426,0,30,2019-11-02,2019-12-01
MC1,174258,0.49462246894836426,0,30,2019-11-02,2019-12-01
MC1,174497,0.49478286504745483,0,30,2019-11-02,2019-12-01
MC1,174536,0.5052387714385986,0,30,2019-11-02,2019-12-01
MC1,174570,0.4914573132991791,0,30,2019-11-02,2019-12-01
MC1,174593,0.5025268793106079,0,30,2019-11-02,2019-12-01
MC1,174664,0.49785277247428894,0,30,2019-11-02,2019-12-01
MC1,174665,0.49785006046295166,0,30,2019-11-02,2019-12-01
MC1,174745,0.48831886053085327,1,30,2019-10-16,2019-11-14
MC1,174785,0.48190805315971375,0,30,2019-11-02,2019-12-01
MC1,174805,0.4871640205383301,0,30,2019-11-02,2019-12-01
MC1,174841,0.4995846748352051,0,30,2019-11-02,2019-12-01
MC1,174997,0.4944559931755066,0,30,2019-11-02,2019-12-01
MC1,175055,0.4932776093482971,0,30,2019-11-02,2019-12-01
MC1,175468,0.5049858689308167,0,30,2019-11-02,2019-12-01
MC1,175591,0.508144736289978,0,30,2019-11-02,2019-12-01
MC1,175789,0.4933701455593109,0,30,2019-11-02,2019-12-01
MC1,176153,0.00007624114368809387,0,20,2019-11-12,2019-12-01
MC1,176194,0.4970241189002991,1,30,2019-09-09,2019-10-08
MC1,176406,0.5156049132347107,0,30,2019-03-28,2019-04-26
MC1,176450,0.4996834695339203,0,30,2019-11-02,2019-12-01
MC1,176635,0.5113522410392761,0,30,2019-11-02,2019-12-01
MC1,176717,0.4978989362716675,0,30,2019-11-02,2019-12-01
MC1,176740,0.4854464530944824,0,30,2019-11-01,2019-11-30
MC1,176823,0.4867902994155884,0,30,2019-10-19,2019-11-17
MC1,177031,0.49844974279403687,0,30,2019-11-02,2019-12-01
MC1,177042,0.49562695622444153,0,30,2019-11-02,2019-12-01
MC1,177432,0.496785044670105,0,30,2019-11-02,2019-12-01
MC1,177674,0.5125300884246826,0,30,2019-11-02,2019-12-01
MC1,177965,0.5092855095863342,0,30,2019-11-02,2019-12-01
MC1,178030,0.48754915595054626,0,30,2019-11-02,2019-12-01
MC1,178142,0.5047723054885864,0,30,2019-11-02,2019-12-01
MC1,178150,0.5104867219924927,0,30,2019-11-02,2019-12-01
MC1,178361,0.5020628571510315,0,30,2019-11-02,2019-12-01
MC1,178384,0.5039282441139221,0,30,2019-11-02,2019-12-01
MC1,178394,0.5196967124938965,0,30,2019-10-31,2019-11-29
MC1,178480,0.4854779839515686,0,30,2019-11-02,2019-12-01
MC1,178482,0.4854849576950073,0,30,2019-11-02,2019-12-01
MC1,178635,0.5267250537872314,0,30,2019-11-02,2019-12-01
MC1,178766,0.4995769262313843,0,30,2019-11-02,2019-12-01
MC1,178913,0.4988807439804077,0,30,2019-11-02,2019-12-01
MC1,179018,0.49500662088394165,0,30,2019-11-02,2019-12-01
MC1,179174,0.5187504291534424,0,30,2019-11-02,2019-12-01
MC1,179249,0.492020845413208,0,30,2019-11-02,2019-12-01
MC1,179509,0.4930016100406647,0,30,2019-11-02,2019-12-01
MC1,179539,0.49306926131248474,0,30,2019-11-02,2019-12-01
MC1,179720,0.4941478371620178,0,30,2019-11-02,2019-12-01
MC1,179999,0.5130526423454285,0,30,2019-11-02,2019-12-01
MC1,180030,0.5117642879486084,0,30,2019-11-02,2019-12-01
MC1,180148,0.49753493070602417,1,30,2019-11-08,2019-12-07
MC1,180260,0.497906357049942,0,30,2019-11-02,2019-12-01
MC1,180582,0.5116598606109619,0,30,2019-11-02,2019-12-01
MC1,180607,0.4960804879665375,0,30,2019-10-27,2019-11-25
MC1,180665,0.5055586695671082,1,30,2019-05-06,2019-06-04
MC1,180811,0.5086676478385925,0,30,2019-11-02,2019-12-01
MC1,180833,0.49843302369117737,0,30,2019-11-02,2019-12-01
MC1,180915,0.497401624917984,0,30,2019-09-22,2019-10-21
MC1,180941,0.5522379875183105,0,30,2019-11-02,2019-12-01
MC1,181539,0.4996007978916168,0,30,2019-11-02,2019-12-01
MC1,181571,0.5004274845123291,0,30,2019-11-02,2019-12-01
MC1,181584,0.5027564764022827,0,30,2019-10-19,2019-11-17
MC1,181729,0.49291443824768066,1,30,2019-10-31,2019-11-29
MC1,182577,0.49700480699539185,0,30,2019-11-02,2019-12-01
MC1,182639,0.4934293031692505,0,30,2019-11-02,2019-12-01
MC1,182718,0.5011087656021118,1,30,2019-10-03,2019-11-01
MC1,182723,0.4994853138923645,1,30,2019-11-03,2019-12-02
MC1,182878,0.49902966618537903,0,30,2019-11-02,2019-12-01
MC1,183209,0.48194703459739685,0,30,2019-11-02,2019-12-01
MC1,183225,0.49879521131515503,0,30,2019-11-02,2019-12-01
MC1,183676,0.49004465341567993,0,30,2019-11-02,2019-12-01
MC1,183685,0.5131797194480896,0,30,2019-11-02,2019-12-01
MC1,183776,0.5020840764045715,0,30,2019-08-23,2019-09-21
MC1,183933,0.4901345670223236,0,30,2019-11-02,2019-12-01
MC1,184010,0.4933592975139618,0,30,2019-11-02,2019-12-01
MC1,184051,0.4954189360141754,0,30,2019-11-02,2019-12-01
MC1,184115,0.6426445841789246,0,30,2019-10-19,2019-11-17
MC1,184119,0.487151175737381,0,30,2019-10-19,2019-11-17
MC1,184316,0.4987958073616028,0,30,2019-11-02,2019-12-01
MC1,184442,0.49478182196617126,0,30,2019-11-02,2019-12-01
MC1,184625,0.5188019871711731,0,30,2019-11-01,2019-11-30
MC1,184703,0.4989423453807831,1,30,2019-04-18,2019-05-17
MC1,184826,0.5016466975212097,0,30,2019-11-02,2019-12-01
MC1,184856,0.49262768030166626,0,30,2019-11-02,2019-12-01
MC1,184924,0.4978838562965393,0,30,2019-11-02,2019-12-01
MC1,184941,0.49465250968933105,0,30,2019-11-02,2019-12-01
MC1,184991,0.5007162690162659,0,30,2019-11-02,2019-12-01
MC1,185035,0.4935881793498993,0,30,2019-11-01,2019-11-30
MC1,185095,0.49367600679397583,0,30,2019-11-02,2019-12-01
MC1,185338,0.48689472675323486,0,30,2019-11-02,2019-12-01
MC1,185532,0.4901237487792969,0,30,2019-11-02,2019-12-01
MC1,185711,0.49547407031059265,0,30,2019-11-02,2019-12-01
MC1,185741,3.67740993548278e-21,0,11,2019-11-21,2019-12-01
MC1,185916,0.49559900164604187,0,30,2019-11-02,2019-12-01
MC1,186002,0.48729386925697327,0,30,2019-11-02,2019-12-01
MC1,186017,0.4840236008167267,0,30,2019-11-02,2019-12-01
MC1,186038,0.5108949542045593,0,30,2019-11-02,2019-12-01
MC1,186122,0.5003955960273743,0,30,2019-11-02,2019-12-01
MC1,186183,0.4993314743041992,0,30,2019-11-02,2019-12-01
MC1,186256,0.489605575799942,0,30,2019-11-02,2019-12-01
MC1,186307,0.4920339584350586,0,30,2019-11-02,2019-12-01
MC1,186405,0.5091705918312073,0,30,2019-11-02,2019-12-01
MC1,186865,0.4907646179199219,0,30,2019-11-02,2019-12-01
MC1,186901,0.5051942467689514,0,30,2019-11-02,2019-12-01
MC1,187018,0.49160245060920715,0,30,2019-11-02,2019-12-01
MC1,187094,0.5089702606201172,0,30,2018-11-10,2018-12-09
MC1,187178,0.5041529536247253,0,30,2019-11-02,2019-12-01
MC1,187487,0.5121151804924011,0,30,2019-11-02,2019-12-01
MC1,187769,0.5039595365524292,0,30,2019-11-02,2019-12-01
MC1,187917,0.5087264180183411,1,30,2019-04-14,2019-05-13
MC1,187961,0.493603378534317,0,30,2019-11-02,2019-12-01
MC1,187979,0.5131957530975342,0,30,2019-11-02,2019-12-01
MC1,187985,0.4981001317501068,0,30,2019-11-02,2019-12-01
MC1,188077,0.5040404796600342,0,30,2019-11-02,2019-12-01
MC1,188331,0.49740204215049744,0,30,2019-09-22,2019-10-21
MC1,188534,0.5133070945739746,1,30,2019-05-02,2019-05-31
MC1,188562,0.48720550537109375,0,30,2019-11-02,2019-12-01
MC1,189154,0.4974519610404968,0,30,2019-11-02,2019-12-01
MC1,189273,0.5058301091194153,0,30,2019-11-02,2019-12-01
MC1,189295,0.5029523372650146,0,30,2019-11-02,2019-12-01
MC1,189319,0.49823930859565735,0,30,2019-11-02,2019-12-01
MC1,189362,0.49276936054229736,0,30,2019-11-02,2019-12-01
MC1,189456,0.4912846088409424,0,30,2019-11-02,2019-12-01
MC1,189529,0.48511528968811035,0,30,2019-11-02,2019-12-01
MC1,189553,0.49111083149909973,0,30,2019-11-02,2019-12-01
MC1,189558,0.5051829814910889,0,30,2019-11-02,2019-12-01
MC1,189573,0.5138141512870789,0,30,2019-11-02,2019-12-01
MC1,189607,0.49695420265197754,0,30,2019-11-02,2019-12-01
MC1,189771,0.48498499393463135,0,30,2019-11-02,2019-12-01
MC1,189822,0.4880024492740631,0,30,2019-11-02,2019-12-01
MC1,189841,0.4964432418346405,0,30,2019-11-02,2019-12-01
MC1,190006,0.4890657961368561,0,30,2019-11-02,2019-12-01
MC1,190353,0.49676939845085144,0,30,2019-11-02,2019-12-01
MC1,190487,0.496163010597229,0,30,2019-11-02,2019-12-01
MC1,191157,0.49304473400115967,0,30,2019-11-02,2019-12-01
MC1,191184,0.5046457648277283,0,30,2019-11-02,2019-12-01
MC1,191232,0.4947233200073242,0,30,2019-11-02,2019-12-01
MC1,191368,0.5205327868461609,0,30,2019-11-02,2019-12-01
MC1,191412,0.49871626496315,0,30,2019-11-02,2019-12-01
MC1,191577,0.4920286238193512,0,30,2019-11-02,2019-12-01
MC1,191586,0.5068080425262451,0,30,2019-11-02,2019-12-01
MC1,191611,0.4912704527378082,0,30,2019-11-02,2019-12-01
MC1,191780,0.4926622211933136,0,30,2019-11-02,2019-12-01
MC1,191990,0.48968514800071716,0,30,2019-11-02,2019-12-01
MC1,192051,0.5036023855209351,0,30,2019-11-02,2019-12-01
MC1,192184,0.5041787028312683,0,30,2019-11-02,2019-12-01
MC1,192271,0.5113843083381653,0,30,2019-11-02,2019-12-01
MC1,192310,0.5161694884300232,0,30,2018-10-23,2018-11-21
MC1,192352,0.4839778542518616,0,30,2019-11-02,2019-12-01
MC1,192353,0.4839753806591034,0,30,2019-11-02,2019-12-01
MC1,192382,0.49456197023391724,0,30,2019-11-02,2019-12-01
MC1,192392,0.4945613443851471,0,30,2019-11-02,2019-12-01
MC1,192439,0.49899861216545105,0,30,2019-11-02,2019-12-01
MC1,192447,0.4918711185455322,0,30,2019-11-02,2019-12-01
MC1,192547,0.491329163312912,0,30,2019-11-02,2019-12-01
MC1,192620,0.510617733001709,0,30,2019-11-02,2019-12-01
MC1,192749,0.49202701449394226,0,30,2019-11-02,2019-12-01
MC1,192870,0.5068249106407166,0,30,2019-11-02,2019-12-01
MC1,192883,0.5084829926490784,0,30,2019-11-02,2019-12-01
MC1,193490,0.4926260709762573,0,30,2019-11-02,2019-12-01
MC1,193492,0.4898916184902191,0,30,2019-11-02,2019-12-01
MC1,193703,0.5180131196975708,0,30,2019-11-02,2019-12-01
MC1,193810,0.5006272792816162,0,30,2019-11-02,2019-12-01
MC1,194004,0.49614158272743225,0,30,2019-11-02,2019-12-01
MC1,194037,0.4944300949573517,0,30,2019-11-02,2019-12-01
MC1,194235,0.5188013911247253,0,30,2019-11-02,2019-12-01
MC1,194252,0.4966306984424591,0,30,2019-07-26,2019-08-24
MC1,194513,0.48482686281204224,0,30,2019-11-02,2019-12-01
MC1,194600,0.5116599202156067,0,30,2019-11-02,2019-12-01
MC1,194700,0.4950893521308899,0,30,2019-11-02,2019-12-01
MC1,194747,0.4993229806423187,0,30,2019-11-02,2019-12-01
MC1,194815,0.5169883370399475,0,30,2019-11-02,2019-12-01
MC1,194860,0.49699655175209045,0,30,2019-11-02,2019-12-01
MC1,195076,0.48203349113464355,0,30,2019-11-02,2019-12-01
MC1,195196,0.5073727965354919,0,30,2019-11-02,2019-12-01
MC1,195268,0.5109019875526428,0,30,2019-11-02,2019-12-01
MC1,195425,0.4948296844959259,0,30,2019-11-02,2019-12-01
MC1,195577,0.4840252697467804,0,30,2019-11-02,2019-12-01
MC1,195606,0.49646127223968506,0,30,2019-11-02,2019-12-01
MC1,195820,0.4943492114543915,0,30,2019-11-02,2019-12-01
MC1,195933,0.49870243668556213,0,30,2019-11-02,2019-12-01
MC1,196035,0.48847439885139465,0,30,2019-11-02,2019-12-01
MC1,196109,0.5148010849952698,0,30,2019-11-02,2019-12-01
MC1,196161,0.4867382049560547,0,30,2019-11-02,2019-12-01
MC1,196429,0.4967332184314728,0,30,2019-11-02,2019-12-01
MC1,196586,0.4948556423187256,0,30,2019-11-02,2019-12-01
MC1,196684,0.5004228353500366,0,30,2019-11-02,2019-12-01
MC1,196893,0.5118606686592102,0,30,2019-11-02,2019-12-01
MC1,196955,0.48882827162742615,0,30,2019-11-02,2019-12-01
MC1,197165,0.48846200108528137,0,30,2019-11-02,2019-12-01
MC1,197248,0.4820191264152527,0,30,2019-11-02,2019-12-01
MC1,197498,0.499750554561615,0,30,2019-11-02,2019-12-01
MC1,197556,0.4892822504043579,0,30,2019-11-02,2019-12-01
MC1,197662,0.4966530501842499,1,30,2019-10-22,2019-11-20
MC1,197677,0.4853377044200897,0,30,2019-11-02,2019-12-01
MC1,197820,0.48966100811958313,0,30,2019-11-02,2019-12-01
MC1,197897,0.5291380882263184,0,30,2018-04-21,2018-05-20
MC1,198093,0.5156232118606567,0,30,2019-11-02,2019-12-01
MC1,198116,0.48754140734672546,0,30,2019-11-02,2019-12-01
MC1,198225,0.5091642737388611,0,30,2019-11-02,2019-12-01
MC1,198365,0.4984317421913147,0,30,2019-11-02,2019-12-01
MC1,198409,0.49790382385253906,0,30,2019-11-02,2019-12-01
MC1,198422,0.48608681559562683,0,30,2019-11-02,2019-12-01
MC1,198727,0.626738429069519,0,30,2019-11-02,2019-12-01
MC1,198787,0.5039737820625305,0,30,2019-11-02,2019-12-01
MC1,199209,0.4990599453449249,0,30,2019-11-02,2019-12-01
MC1,199428,0.49791181087493896,0,30,2019-11-02,2019-12-01
MC1,199468,0.5039839148521423,0,30,2019-11-02,2019-12-01
MC1,199547,0.5124293565750122,0,30,2019-11-02,2019-12-01
MC1,199561,0.4869164824485779,0,30,2019-11-02,2019-12-01
MC1,199651,0.503960132598877,0,30,2019-11-02,2019-12-01
MC1,199706,0.5033896565437317,0,30,2019-11-02,2019-12-01
MC1,199840,0.498429536819458,0,30,2019-11-02,2019-12-01
MC1,199924,0.5131005644798279,0,30,2019-11-02,2019-12-01
MC1,200029,0.487966924905777,0,30,2019-11-02,2019-12-01
MC1,200210,0.4906424283981323,0,30,2019-11-02,2019-12-01
MC2,106,0.5181135535240173,0,30,2019-11-02,2019-12-01
MC2,168,0.517174243927002,0,30,2019-10-04,2019-11-02
MC2,249,0.5089883804321289,0,30,2019-11-02,2019-12-01
MC2,473,0.518311083316803,0,30,2019-11-02,2019-12-01
MC2,655,0.5133705139160156,0,30,2019-11-02,2019-12-01
MC2,695,0.5123823285102844,0,30,2019-11-02,2019-12-01
MC2,1260,0.5084214210510254,0,30,2019-11-02,2019-12-01
MC2,1272,0.5149778127670288,0,30,2019-11-02,2019-12-01
MC2,1553,0.49164652824401855,0,30,2019-11-02,2019-12-01
MC2,2001,0.5260224342346191,1,30,2018-10-23,2018-11-21
MC2,2003,0.5187135338783264,0,30,2019-11-02,2019-12-01
MC2,2037,0.511717677116394,0,30,2019-11-02,2019-12-01
MC2,2169,0.49276646971702576,0,30,2019-10-19,2019-11-17
MC2,2376,0.5187839865684509,0,30,2019-11-02,2019-12-01
MC2,2565,0.5043591260910034,0,30,2019-11-02,2019-12-01
MC2,2584,0.4946851134300232,0,30,2019-11-02,2019-12-01
MC2,2602,0.506685733795166,0,30,2019-10-19,2019-11-17
MC2,2824,0.5182324647903442,0,30,2019-11-02,2019-12-01
MC2,2853,0.517052948474884,0,30,2019-10-09,2019-11-07
MC2,2914,0.5165536403656006,0,30,2019-11-02,2019-12-01
MC2,3116,0.5163986086845398,0,30,2019-10-19,2019-11-17
MC2,3181,0.5169408917427063,0,30,2019-11-02,2019-12-01
MC2,3204,0.5104082226753235,0,30,2019-11-02,2019-12-01
MC2,3267,0.5106543302536011,0,30,2019-11-02,2019-12-01
MC2,3693,0.49417629837989807,0,30,2019-11-02,2019-12-01
MC2,3933,0.5169131755828857,0,30,2019-11-02,2019-12-01
MC2,3934,0.5132237076759338,0,30,2019-11-02,2019-12-01
MC2,4021,0.5128029584884644,0,30,2019-11-02,2019-12-01
MC2,4131,0.5139719247817993,0,30,2019-11-02,2019-12-01
MC2,4707,0.5182754397392273,0,30,2019-11-02,2019-12-01
MC2,4807,0.5156519412994385,0,30,2019-11-02,2019-12-01
MC2,4832,0.5091550946235657,0,30,2019-11-02,2019-12-01
MC2,4867,0.5077121257781982,0,30,2019-11-02,2019-12-01
MC2,5026,0.52784663438797,1,30,2018-11-07,2018-12-06
MC2,5097,0.5121687650680542,0,30,2019-11-02,2019-12-01
MC2,5144,0.5184355974197388,0,30,2019-11-02,2019-12-01
MC2,5446,0.5108445882797241,0,30,2019-11-02,2019-12-01
MC2,5597,0.5194748044013977,0,30,2019-10-05,2019-11-03
MC2,5669,0.4939720630645752,0,30,2019-11-02,2019-12-01
MC2,5705,0.5123922824859619,0,30,2019-11-02,2019-12-01
MC2,5804,0.5237574577331543,0,30,2019-11-02,2019-12-01
MC2,6136,0.5186893939971924,0,30,2019-11-01,2019-11-30
MC2,6301,0.5117053389549255,0,30,2019-11-02,2019-12-01
MC2,6380,0.5101178288459778,0,30,2019-11-02,2019-12-01
MC2,6421,0.5054551959037781,0,30,2019-11-02,2019-12-01
MC2,6428,0.5235719680786133,0,30,2019-03-08,2019-04-06
MC2,6649,0.5139389038085938,0,30,2019-11-02,2019-12-01
MC2,6666,0.5035310387611389,0,30,2019-11-02,2019-12-01
MC2,6870,0.5177097916603088,0,30,2019-11-02,2019-12-01
MC2,6950,0.5181642174720764,0,30,2019-11-02,2019-12-01
MC2,6951,0.5124951004981995,0,30,2019-11-02,2019-12-01
MC2,7237,0.5059152245521545,0,30,2019-11-02,2019-12-01
MC2,7329,0.5181128978729248,0,30,2019-11-02,2019-12-01
MC2,7330,0.5249258279800415,0,30,2019-11-02,2019-12-01
MC2,7606,0.5117812752723694,0,30,2019-11-02,2019-12-01
MC2,7682,0.5092449188232422,0,30,2019-11-02,2019-12-01
MC2,7968,0.5182212591171265,0,30,2019-11-02,2019-12-01
MC2,7973,0.5102639198303223,0,30,2019-11-02,2019-12-01
MC2,7996,0.5081294178962708,0,30,2019-11-02,2019-12-01
MC2,8026,0.526412308216095,0,30,2019-11-02,2019-12-01
MC2,8085,0.6269192099571228,0,25,2018-12-18,2019-01-11
MC2,8287,0.5114049911499023,0,30,2019-11-02,2019-12-01
MC2,8784,0.504105269908905,0,30,2019-11-02,2019-12-01
MC2,9057,0.5065542459487915,0,30,2019-11-02,2019-12-01
MC2,9100,0.5152180194854736,0,30,2019-11-02,2019-12-01
MC2,9260,0.511826753616333,0,30,2019-11-02,2019-12-01
MC2,9269,0.5081512928009033,0,30,2019-11-02,2019-12-01
MC2,9401,0.5146216154098511,0,30,2019-11-02,2019-12-01
MC2,9542,0.5063958168029785,0,30,2019-11-02,2019-12-01
MC2,10074,0.5139678716659546,0,30,2019-11-02,2019-12-01
MC2,10296,0.519422709941864,1,30,2019-10-31,2019-11-29
MC2,10368,0.5105302929878235,0,30,2019-11-02,2019-12-01
MC2,10384,0.5066113471984863,0,30,2019-11-02,2019-12-01
MC2,10490,0.5184775590896606,0,30,2019-11-02,2019-12-01
MC2,10516,0.5132901072502136,0,30,2019-11-02,2019-12-01
MC2,10903,0.5060480833053589,0,30,2019-11-02,2019-12-01
MC2,10923,0.5182594656944275,0,30,2019-11-02,2019-12-01
MC2,10955,0.6404132843017578,0,30,2019-02-12,2019-03-13
MC2,11042,0.5057691335678101,0,30,2019-11-02,2019-12-01
MC2,11431,0.5165501236915588,0,30,2019-11-02,2019-12-01
MC2,11599,0.5116825103759766,0,30,2019-11-02,2019-12-01
MC2,11691,0.5171410441398621,0,30,2019-11-02,2019-12-01
MC2,11772,0.5093371868133545,0,30,2019-10-19,2019-11-17
MC2,11930,0.49202874302864075,0,30,2019-11-02,2019-12-01
MC2,12038,0.5063425302505493,0,30,2019-11-02,2019-12-01
MC2,12172,0.5155096650123596,0,30,2019-11-02,2019-12-01
MC2,12178,0.5060439705848694,0,30,2019-11-02,2019-12-01
MC2,12255,0.5076324939727783,0,30,2019-08-26,2019-09-24
MC2,12263,0.5135498642921448,1,30,2019-06-04,2019-07-03
MC2,12312,0.5187175273895264,0,30,2019-11-02,2019-12-01
MC2,12331,0.5076937675476074,0,30,2019-11-02,2019-12-01
MC2,12399,0.5188850164413452,0,30,2019-11-02,2019-12-01
MC2,12531,0.5182706117630005,0,30,2019-11-02,2019-12-01
MC2,12533,0.5142890810966492,0,30,2019-10-19,2019-11-17
MC2,12568,0.49319687485694885,0,30,2019-11-02,2019-12-01
MC2,12660,0.5249409675598145,0,30,2019-11-02,2019-12-01
MC2,12833,0.5130398869514465,0,30,2019-11-02,2019-12-01
MC2,13031,0.513295590877533,0,30,2019-11-02,2019-12-01
MC2,13119,0.5105365514755249,0,30,2019-11-02,2019-12-01
MC2,13180,0.5060011744499207,0,30,2019-11-02,2019-12-01
MC2,13239,0.4916386604309082,0,30,2019-11-02,2019-12-01
MC2,13466,0.5142205953598022,0,30,2019-09-25,2019-10-24
MC2,13478,0.5062149167060852,0,30,2019-11-02,2019-12-01
MC2,13536,0.5120285749435425,0,30,2019-11-02,2019-12-01
MC2,13576,0.5109801888465881,0,30,2019-11-02,2019-12-01
MC2,13878,0.5116791129112244,0,30,2019-11-02,2019-12-01
MC2,13895,0.518688440322876,0,30,2019-10-05,2019-11-03
MC2,14080,0.4921090006828308,0,30,2019-11-02,2019-12-01
MC2,14501,0.513267993927002,0,30,2019-11-02,2019-12-01
MC2,14724,0.509149432182312,0,30,2019-11-02,2019-12-01
MC2,14803,0.5168096423149109,0,30,2019-11-02,2019-12-01
MC2,14812,0.5066458582878113,0,30,2019-11-02,2019-12-01
MC2,14863,0.5147635340690613,0,30,2019-11-02,2019-12-01
MC2,14902,0.5096604228019714,0,30,2019-10-19,2019-11-17
MC2,15088,0.5174962878227234,1,30,2019-07-29,2019-08-27
MC2,15107,0.5083038806915283,0,30,2019-11-02,2019-12-01
MC2,15129,0.5204237103462219,1,30,2019-05-19,2019-06-17
MC2,15199,0.519802451133728,0,30,2019-09-27,2019-10-26
MC2,15412,0.49266159534454346,0,30,2019-11-02,2019-12-01
MC2,15498,0.5172743797302246,0,30,2019-10-19,2019-11-17
MC2,15705,0.6144583225250244,0,30,2018-10-15,2018-11-13
MC2,15786,0.5126838684082031,0,30,2019-11-02,2019-12-01
MC2,15800,0.5050808191299438,0,30,2019-10-19,2019-11-17
MC2,15885,0.507881760597229,0,30,2019-11-02,2019-12-01
MC2,16096,0.49318021535873413,0,30,2019-11-02,2019-12-01
MC2,16196,0.5195016264915466,0,30,2019-10-04,2019-11-02
MC2,16433,0.5171598792076111,0,30,2019-11-02,2019-12-01
MC2,16517,0.5114029049873352,0,30,2019-11-02,2019-12-01
MC2,16604,0.5042992234230042,0,30,2019-11-02,2019-12-01
MC2,16623,0.514896035194397,0,30,2019-11-02,2019-12-01
MC2,16739,0.5181592106819153,0,30,2019-11-02,2019-12-01
MC2,16767,0.5151491165161133,0,30,2019-11-02,2019-12-01
MC2,16857,0.5180962085723877,0,30,2019-11-02,2019-12-01
MC2,16895,1.1227358188384707e-15,0,13,2019-11-19,2019-12-01
MC2,17024,0.5138921737670898,0,30,2019-11-02,2019-12-01
MC2,17047,0.5066156387329102,0,30,2019-11-02,2019-12-01
MC2,17058,0.5062851309776306,0,30,2019-11-02,2019-12-01
MC2,17306,0.5153650045394897,0,30,2019-11-02,2019-12-01
MC2,17445,0.512384295463562,0,30,2019-11-02,2019-12-01
MC2,17549,0.5133355855941772,0,30,2019-11-02,2019-12-01
MC2,17788,0.5035665035247803,0,30,2019-11-02,2019-12-01
MC2,17864,0.5133082866668701,0,30,2019-11-02,2019-12-01
MC2,18444,0.5058166980743408,0,30,2019-11-02,2019-12-01
MC2,18466,0.5084706544876099,0,30,2019-11-02,2019-12-01
MC2,18478,0.5084443688392639,0,30,2019-11-02,2019-12-01
MC2,18517,0.5057424902915955,0,30,2019-11-02,2019-12-01
MC2,18938,0.5117039680480957,0,30,2019-11-02,2019-12-01
MC2,18947,0.5065873265266418,0,30,2019-11-02,2019-12-01
MC2,18971,0.5290335416793823,0,30,2019-11-02,2019-12-01
MC2,19195,0.5118078589439392,0,30,2019-11-02,2019-12-01
MC2,19373,0.5270589590072632,0,30,2019-11-02,2019-12-01
MC2,19402,0.5115301609039307,0,30,2019-11-02,2019-12-01
MC2,19481,0.509556233882904,0,30,2019-11-02,2019-12-01
MC2,19563,0.5114942789077759,0,30,2019-11-02,2019-12-01
MC2,19613,0.501438319683075,0,30,2019-11-02,2019-12-01
MC2,19656,0.5060930848121643,0,30,2019-11-02,2019-12-01
MC2,19671,0.5148245096206665,0,30,2019-11-02,2019-12-01
MC2,19932,0.5132165551185608,0,30,2019-11-02,2019-12-01
MC2,19973,0.503515362739563,0,30,2019-11-02,2019-12-01
MC2,19975,0.5171664953231812,0,30,2019-11-02,2019-12-01
MC2,20008,0.5112618207931519,0,30,2019-11-02,2019-12-01
MC2,20141,0.6081653237342834,1,15,2018-09-25,2018-10-09
MC2,20387,0.5127096772193909,0,30,2019-11-02,2019-12-01
MC2,20525,0.5197363495826721,0,30,2019-10-05,2019-11-03
MC2,20554,0.5248805284500122,0,30,2019-11-02,2019-12-01
MC2,20579,0.5199927687644958,1,30,2019-08-26,2019-09-24
MC2,20744,0.5168271660804749,0,30,2019-11-02,2019-12-01
MC2,20875,0.5182710886001587,0,30,2019-11-02,2019-12-01
MC2,20935,0.5093498229980469,0,30,2019-09-27,2019-10-26
MC2,20963,0.5195353627204895,0,30,2019-10-04,2019-11-02
MC2,21238,0.5056921243667603,0,30,2019-11-02,2019-12-01
MC2,21382,0.5169558525085449,0,30,2019-11-02,2019-12-01
MC2,21477,0.505491316318512,0,30,2019-11-02,2019-12-01
MC2,21663,0.5042908787727356,0,30,2019-11-02,2019-12-01
MC2,21930,0.5057786703109741,0,30,2019-11-02,2019-12-01
MC2,21941,0.5223653316497803,0,30,2019-06-03,2019-07-02
MC2,22065,0.4999328851699829,0,30,2019-11-02,2019-12-01
MC2,22145,0.5248323082923889,0,5,2019-11-27,2019-12-01
MC2,22159,0.5162127614021301,0,30,2019-11-02,2019-12-01
MC2,22492,0.5234500169754028,0,30,2019-05-04,2019-06-02
MC2,22499,0.5079168677330017,0,30,2019-11-02,2019-12-01
MC2,22506,0.516488790512085,0,30,2019-11-02,2019-12-01
MC2,22563,0.5222517848014832,1,30,2019-04-24,2019-05-23
MC2,22603,0.5286781787872314,1,30,2018-08-26,2018-09-24
MC2,22644,0.5125567317008972,0,30,2019-11-02,2019-12-01
MC2,22845,0.5040919780731201,0,30,2019-11-02,2019-12-01
MC2,23050,0.5116042494773865,0,30,2019-11-02,2019-12-01
MC2,23352,0.4920256435871124,0,30,2019-11-02,2019-12-01
MC2,23481,0.5180611610412598,0,30,2019-11-02,2019-12-01
MC2,23530,0.5191971659660339,0,30,2019-10-19,2019-11-17
MC2,23656,0.5131261348724365,0,30,2019-11-02,2019-12-01
MC2,23725,0.5110451579093933,0,30,2019-11-02,2019-12-01
