drive_id,model,disk_id,window_date,probability,label
MA1_10251,MA1,10251,2019-12-01,0.56385106,0
MA1_10401,MA1,10401,2018-10-28,0.5052986,0
MA1_10515,MA1,10515,2019-12-01,0.5594368,0
MA1_11165,MA1,11165,2018-03-19,0.48668122,0
MA1_11482,MA1,11482,2019-12-01,0.58779114,0
MA1_12587,MA1,12587,2018-08-10,0.54648006,1
MA1_12597,MA1,12597,2019-12-01,0.54058665,0
MA1_12844,MA1,12844,2018-11-27,0.54671836,0
MA1_13281,MA1,13281,2019-10-26,0.5566791,0
MA1_13492,MA1,13492,2018-10-28,0.5272633,0
MA1_13830,MA1,13830,2019-12-01,0.54443526,0
MA1_14476,MA1,14476,2018-07-27,0.53272486,0
MA1_14541,MA1,14541,2019-12-01,0.5660762,0
MA1_14634,MA1,14634,2019-07-12,0.56669647,0
MA1_14822,MA1,14822,2019-12-01,0.5580782,0
MA1_14831,MA1,14831,2019-12-01,0.5566503,0
MA1_14955,MA1,14955,2019-02-11,0.5517912,0
MA1_14964,MA1,14964,2018-07-26,0.5382273,0
MA1_154,MA1,154,2018-04-24,0.5014767,0
MA1_15767,MA1,15767,2019-12-01,0.560861,0
MA1_15873,MA1,15873,2019-12-01,0.5928877,0
MA1_15930,MA1,15930,2019-12-01,0.5689494,0
MA1_16362,MA1,16362,2019-12-01,0.5826482,0
MA1_16501,MA1,16501,2018-08-07,0.5340812,0
MA1_16662,MA1,16662,2019-04-07,0.53788877,0
MA1_16751,MA1,16751,2019-04-26,0.5226496,0
MA1_17446,MA1,17446,2019-12-01,0.5648935,0
MA1_17632,MA1,17632,2019-12-01,0.56515455,0
MA1_17648,MA1,17648,2018-07-12,0.51617795,1
MA1_17711,MA1,17711,2019-12-01,0.55369806,0
MA1_17740,MA1,17740,2018-11-28,0.51917475,0
MA1_17743,MA1,17743,2018-11-28,0.519169,0
MA1_17842,MA1,17842,2019-12-01,0.54403234,0
MA1_17848,MA1,17848,2019-12-01,0.58898747,0
MA1_17867,MA1,17867,2019-10-12,0.55644375,0
MA1_18192,MA1,18192,2019-04-02,0.53180224,0
MA1_18431,MA1,18431,2019-12-01,0.5732574,0
MA1_18441,MA1,18441,2019-12-01,0.57328635,0
MA1_18578,MA1,18578,2019-11-18,0.5587802,0
MA1_18738,MA1,18738,2019-12-01,0.5320759,0
MA1_18757,MA1,18757,2019-11-23,0.55666345,0
MA1_18872,MA1,18872,2019-12-01,0.58983165,0
MA1_19015,MA1,19015,2019-07-12,0.5689227,0
MA1_1914,MA1,1914,2019-12-01,0.5590673,0
MA1_1918,MA1,1918,2019-12-01,0.5591078,0
MA1_19202,MA1,19202,2019-10-26,0.5919758,0
MA1_19266,MA1,19266,2019-12-01,0.5626567,0
MA1_19272,MA1,19272,2018-08-10,0.5322674,1
MA1_19403,MA1,19403,2019-12-01,0.54779416,0
MA1_19444,MA1,19444,2019-10-26,0.5833418,0
MA1_19612,MA1,19612,2019-03-06,0.5299488,0
MA1_19761,MA1,19761,2019-12-01,0.55739117,0
MA1_20174,MA1,20174,2019-12-01,0.53470874,0
MA1_20291,MA1,20291,2019-12-01,0.585979,0
MA1_20387,MA1,20387,2019-12-01,0.53577167,0
MA1_20390,MA1,20390,2019-12-01,0.53579533,0
MA1_20504,MA1,20504,2019-12-01,0.5667282,0
MA1_20641,MA1,20641,2019-03-08,0.5326488,0
MA1_2124,MA1,2124,2018-11-03,0.508996,0
MA1_21269,MA1,21269,2019-12-01,0.5887854,0
MA1_21511,MA1,21511,2019-12-01,0.55975986,0
MA1_21723,MA1,21723,2019-12-01,0.58240473,0
MA1_22063,MA1,22063,2018-11-27,0.5123792,0
MA1_2267,MA1,2267,2019-12-01,0.56506675,0
MA1_22768,MA1,22768,2019-04-15,0.5618476,0
MA1_23330,MA1,23330,2019-12-01,0.55879974,0
MA1_23394,MA1,23394,2019-12-01,0.54057205,0
MA1_23398,MA1,23398,2019-12-01,0.5404868,0
MA1_23430,MA1,23430,2019-12-01,0.558152,0
MA1_23536,MA1,23536,2019-11-17,0.55765617,0
MA1_2386,MA1,2386,2018-12-27,0.5486887,0
MA1_23896,MA1,23896,2018-04-28,0.52221733,0
MA1_23898,MA1,23898,2018-04-28,0.522774,0
MA1_24034,MA1,24034,2019-08-09,0.556731,0
MA1_24426,MA1,24426,2018-06-25,0.5234702,0
MA1_24456,MA1,24456,2019-12-01,0.5558474,0
MA1_24920,MA1,24920,2018-10-09,0.5039379,0
MA1_24930,MA1,24930,2018-10-09,0.5040612,0
MA1_25020,MA1,25020,2019-12-01,0.59183216,0
MA1_25517,MA1,25517,2019-03-08,0.55260676,0
MA1_25640,MA1,25640,2018-11-03,0.5189806,0
MA1_25980,MA1,25980,2019-10-26,0.55579215,0
MA1_26174,MA1,26174,2019-12-01,0.5887958,0
MA1_26385,MA1,26385,2018-08-10,0.5429228,1
MA1_26465,MA1,26465,2019-12-01,0.56096834,0
MA1_26532,MA1,26532,2018-04-28,0.5017015,0
MA1_26626,MA1,26626,2018-12-06,0.5529705,0
MA1_26666,MA1,26666,2019-04-11,0.52099764,0
MA1_26671,MA1,26671,2019-04-11,0.5204507,0
MA1_26734,MA1,26734,2019-10-15,0.52764,0
MA1_26818,MA1,26818,2019-10-26,0.590722,0
MA1_26864,MA1,26864,2019-12-01,0.5905412,0
MA1_26906,MA1,26906,2019-12-01,0.56097573,0
MA1_27102,MA1,27102,2019-03-08,0.5521082,0
MA1_2740,MA1,2740,2019-07-06,0.5360264,0
MA1_281,MA1,281,2019-12-01,0.5722204,0
MA1_28175,MA1,28175,2018-10-30,0.52119046,0
MA1_2825,MA1,2825,2019-10-26,0.54554814,0
MA1_28461,MA1,28461,2018-11-07,0.5498737,0
MA1_28540,MA1,28540,2019-09-11,0.5811807,0
MA1_2874,MA1,2874,2019-12-01,0.5533007,0
MA1_29378,MA1,29378,2019-10-26,0.5569287,0
MA1_29398,MA1,29398,2018-11-08,0.52177197,1
MA1_29566,MA1,29566,2018-05-11,0.5020172,0
MA1_29580,MA1,29580,2019-10-26,0.56355345,0
MA1_29650,MA1,29650,2019-10-21,0.5785886,0
MA1_2975,MA1,2975,2019-12-01,0.5610762,0
MA1_30037,MA1,30037,2019-10-26,0.55538106,0
MA1_30303,MA1,30303,2019-02-11,0.5334593,0
MA1_30756,MA1,30756,2019-02-19,0.5269818,0
MA1_30862,MA1,30862,2019-12-01,0.56079996,0
MA1_30904,MA1,30904,2019-10-26,0.58100754,0
MA1_3113,MA1,3113,2018-10-28,0.5104323,0
MA1_31179,MA1,31179,2019-12-01,0.5726504,0
MA1_31466,MA1,31466,2019-12-01,0.5863045,0
MA1_3188,MA1,3188,2019-11-08,0.5250383,0
MA1_31960,MA1,31960,2019-12-01,0.5367981,0
MA1_32005,MA1,32005,2019-12-01,0.5632338,0
MA1_32027,MA1,32027,2019-10-26,0.5735329,0
MA1_32103,MA1,32103,2018-12-27,0.54957336,0
MA1_32482,MA1,32482,2019-12-01,0.58955836,0
MA1_32505,MA1,32505,2018-10-01,0.51618564,0
MA1_33036,MA1,33036,2019-12-01,0.56207514,0
MA1_33122,MA1,33122,2019-12-01,0.56438226,0
MA1_33187,MA1,33187,2018-12-22,0.5243634,0
MA1_33254,MA1,33254,2019-12-01,0.54345036,0
MA1_33365,MA1,33365,2019-10-26,0.56851596,0
MA1_33533,MA1,33533,2019-02-02,0.53234917,0
MA1_34039,MA1,34039,2019-07-12,0.56870925,0
MA1_34379,MA1,34379,2018-10-09,0.50059503,0
MA1_3443,MA1,3443,2019-03-08,0.5171758,0
MA1_34772,MA1,34772,2018-04-23,0.5243689,0
MA1_34967,MA1,34967,2019-12-01,0.5629201,0
MA1_35942,MA1,35942,2019-04-26,0.5520558,0
MA1_35944,MA1,35944,2019-02-11,0.55023193,0
MA1_36051,MA1,36051,2018-02-25,0.48956808,0
MA1_3620,MA1,3620,2019-10-09,0.5781803,0
MA1_36584,MA1,36584,2019-10-26,0.58564115,0
MA1_36984,MA1,36984,2019-11-23,0.53729063,0
MA1_37088,MA1,37088,2019-03-03,0.5360466,0
MA1_37190,MA1,37190,2019-12-01,0.5628831,0
MA1_37734,MA1,37734,2019-03-15,0.51099217,0
MA1_37758,MA1,37758,2019-07-06,0.5424605,0
MA1_37760,MA1,37760,2019-07-06,0.5426143,0
MA1_37909,MA1,37909,2019-12-01,0.5734679,0
MA1_37910,MA1,37910,2019-12-01,0.57359695,0
MA1_38065,MA1,38065,2018-12-18,0.5118224,0
MA1_38082,MA1,38082,2019-10-26,0.5566645,0
MA1_38234,MA1,38234,2018-05-07,0.5034283,0
MA1_38240,MA1,38240,2018-05-07,0.5032945,0
MA1_38617,MA1,38617,2019-11-23,0.5391901,0
MA1_38744,MA1,38744,2019-06-24,0.53859335,0
MA1_38783,MA1,38783,2019-02-17,0.5377226,0
MA1_38784,MA1,38784,2019-02-17,0.5377768,0
MA1_39053,MA1,39053,2019-10-12,0.5426224,0
MA1_39545,MA1,39545,2019-05-30,0.56571084,0
MA1_39586,MA1,39586,2019-03-08,0.55165935,0
MA1_39727,MA1,39727,2018-11-27,0.5174107,0
MA1_39731,MA1,39731,2018-11-27,0.5173752,0
MA1_39744,MA1,39744,2019-12-01,0.5915076,0
MA1_39807,MA1,39807,2019-09-13,0.58585787,0
MA1_40079,MA1,40079,2019-12-01,0.5436367,0
MA1_40092,MA1,40092,2019-07-06,0.5276245,0
MA1_40302,MA1,40302,2018-05-11,0.5027394,0
MA1_40416,MA1,40416,2019-06-01,0.56057763,0
MA1_41055,MA1,41055,2019-02-11,0.5503475,0
MA1_4121,MA1,4121,2019-11-30,0.5620169,0
MA1_41290,MA1,41290,2019-12-01,0.55855155,0
MA1_41394,MA1,41394,2019-10-14,0.55080074,0
MA1_41498,MA1,41498,2019-12-01,0.5636206,0
MA1_41504,MA1,41504,2018-11-27,0.5413678,0
MA1_41747,MA1,41747,2018-04-23,0.4987767,0
MA1_41946,MA1,41946,2019-12-01,0.5883155,0
MA1_42256,MA1,42256,2018-11-26,0.5392346,0
MA1_42279,MA1,42279,2019-03-09,0.52665603,0
MA1_42733,MA1,42733,2019-10-19,0.56032205,0
MA1_42976,MA1,42976,2019-10-26,0.56201977,0
MA1_4663,MA1,4663,2019-12-01,0.565615,0
MA1_4764,MA1,4764,2019-10-26,0.59260064,0
MA1_516,MA1,516,2019-12-01,0.5439854,0
MA1_5311,MA1,5311,2019-12-01,0.56297773,0
MA1_5317,MA1,5317,2019-12-01,0.5662345,0
MA1_533,MA1,533,2019-12-01,0.5576248,0
MA1_5402,MA1,5402,2019-10-26,0.5377064,0
MA1_5623,MA1,5623,2019-12-01,0.5886771,0
MA1_563,MA1,563,2019-10-26,0.5855526,0
MA1_5687,MA1,5687,2019-12-01,0.567192,0
MA1_570,MA1,570,2019-10-26,0.58540606,0
MA1_6063,MA1,6063,2018-12-22,0.52761173,0
MA1_616,MA1,616,2019-10-19,0.5613127,0
MA1_6206,MA1,6206,2019-12-01,0.5880312,0
MA1_6584,MA1,6584,2019-03-08,0.5337564,0
MA1_6654,MA1,6654,2019-12-01,0.56527114,0
MA1_6819,MA1,6819,2018-10-09,0.5191727,0
MA1_7499,MA1,7499,2019-02-12,0.50737506,0
MA1_7553,MA1,7553,2019-02-11,0.5545454,0
MA1_769,MA1,769,2019-12-01,0.5564141,0
MA1_8154,MA1,8154,2019-02-17,0.5196771,0
MA1_8306,MA1,8306,2018-02-09,0.47506228,0
MA1_8328,MA1,8328,2019-12-01,0.56317955,0
MA1_862,MA1,862,2018-05-11,0.5012267,0
MA1_867,MA1,867,2018-05-11,0.5013483,0
MA1_8818,MA1,8818,2018-07-21,0.511318,0
MA1_8869,MA1,8869,2019-12-01,0.5633511,0
MA1_9066,MA1,9066,2019-12-01,0.5593163,0
MA1_9070,MA1,9070,2019-12-01,0.55923414,0
MA1_9074,MA1,9074,2018-10-02,0.5218611,1
MA1_915,MA1,915,2019-04-15,0.5613616,0
MA1_9225,MA1,9225,2019-12-01,0.5584631,0
MA1_9561,MA1,9561,2018-05-27,0.5051742,0
MA1_9604,MA1,9604,2019-12-01,0.5878167,0
MA1_9607,MA1,9607,2019-12-01,0.5878974,0
MA1_9713,MA1,9713,2019-12-01,0.5590033,0
MA1_9969,MA1,9969,2019-12-01,0.5714205,0
MA2_100066,MA2,100066,2019-10-26,0.35537565,0
MA2_100184,MA2,100184,2019-04-27,0.32741296,0
MA2_100191,MA2,100191,2019-04-27,0.33341357,0
MA2_10061,MA2,10061,2019-01-23,0.37312877,0
MA2_100702,MA2,100702,2019-12-01,0.3392863,0
MA2_100932,MA2,100932,2019-07-31,0.39958873,0
MA2_100950,MA2,100950,2019-12-01,0.34459108,0
MA2_101179,MA2,101179,2019-12-01,0.35687837,0
MA2_101278,MA2,101278,2019-08-21,0.35325176,0
MA2_101299,MA2,101299,2019-03-03,0.35455522,0
MA2_101476,MA2,101476,2019-11-28,0.3465193,0
MA2_10172,MA2,10172,2019-10-26,0.36576664,0
MA2_10174,MA2,10174,2018-12-31,0.3487192,0
MA2_101938,MA2,101938,2019-12-01,0.3404878,0
MA2_102041,MA2,102041,2019-12-01,0.46368214,0
MA2_102887,MA2,102887,2018-11-08,0.34776783,0
MA2_102897,MA2,102897,2019-12-01,0.33598432,0
MA2_102905,MA2,102905,2019-12-01,0.33880356,0
MA2_102967,MA2,102967,2019-06-29,0.3513164,0
MA2_103168,MA2,103168,2019-05-27,0.36156172,0
MA2_103335,MA2,103335,2019-04-15,0.40412435,0
MA2_103474,MA2,103474,2019-08-28,0.39860922,0
MA2_103585,MA2,103585,2019-07-13,0.38614792,0
MA2_103856,MA2,103856,2018-05-21,0.39654687,0
MA2_10412,MA2,10412,2019-10-26,0.33348572,0
MA2_104167,MA2,104167,2019-10-26,0.34938923,0
MA2_104460,MA2,104460,2019-12-01,0.3474827,0
MA2_104644,MA2,104644,2019-10-26,0.33345217,0
MA2_104824,MA2,104824,2019-12-01,0.38851225,0
MA2_105242,MA2,105242,2019-10-22,0.36266485,0
MA2_105264,MA2,105264,2019-10-26,0.43279213,0
MA2_105369,MA2,105369,2019-12-01,0.39030793,0
MA2_105442,MA2,105442,2019-10-26,0.36629426,0
MA2_105470,MA2,105470,2019-10-26,0.34180298,0
MA2_105528,MA2,105528,2019-12-01,0.36676344,0
MA2_105534,MA2,105534,2019-12-01,0.867814,0
MA2_105707,MA2,105707,2019-10-26,0.34652406,0
MA2_1059,MA2,1059,2019-12-01,0.34956628,0
MA2_106008,MA2,106008,2019-05-12,0.3524713,0
MA2_106186,MA2,106186,2019-12-01,0.32503414,0
MA2_106661,MA2,106661,2019-04-27,0.33342406,0
MA2_106749,MA2,106749,2019-06-17,0.39713863,0
MA2_106931,MA2,106931,2019-12-01,0.35289648,0
MA2_1071,MA2,1071,2019-12-01,0.36899224,0
MA2_107143,MA2,107143,2019-10-26,0.3432812,0
MA2_107365,MA2,107365,2019-12-01,0.38693476,0
MA2_107574,MA2,107574,2019-12-01,0.4432078,0
MA2_10766,MA2,10766,2019-12-01,0.36551812,0
MA2_107762,MA2,107762,2019-12-01,0.35697165,0
MA2_107807,MA2,107807,2019-10-26,0.35768265,0
MA2_107975,MA2,107975,2019-11-05,0.33939734,0
MA2_107997,MA2,107997,2019-12-01,0.34053323,0
MA2_108011,MA2,108011,2019-12-01,0.35276115,0
MA2_108023,MA2,108023,2019-12-01,0.36470604,0
MA2_108053,MA2,108053,2019-11-17,0.35899588,0
MA2_108220,MA2,108220,2019-12-01,0.38480577,0
MA2_108354,MA2,108354,2019-12-01,0.34985605,0
MA2_108364,MA2,108364,2019-12-01,0.34984896,0
MA2_10844,MA2,10844,2019-12-01,0.34661078,0
MA2_108447,MA2,108447,2019-10-26,0.35138962,0
MA2_108575,MA2,108575,2018-12-03,0.33730906,0
MA2_108946,MA2,108946,2019-10-21,0.34358317,0
MA2_108971,MA2,108971,2019-12-01,0.34856126,0
MA2_109031,MA2,109031,2019-11-29,0.35838643,0
MA2_109125,MA2,109125,2019-03-08,0.3402647,0
MA2_109170,MA2,109170,2018-12-03,0.34018955,0
MA2_109216,MA2,109216,2019-12-01,0.34588546,0
MA2_10925,MA2,10925,2019-12-01,0.34954497,0
MA2_109535,MA2,109535,2019-03-24,0.3369739,0
MA2_10956,MA2,10956,2019-12-01,0.34796068,0
MA2_109802,MA2,109802,2019-12-01,0.34898943,0
MA2_110071,MA2,110071,2019-10-26,0.3512112,0
MA2_110253,MA2,110253,2019-10-26,0.3668667,0
MA2_11035,MA2,11035,2019-11-17,0.3621178,0
MA2_111003,MA2,111003,2019-12-01,0.35332233,0
MA2_111078,MA2,111078,2019-12-01,0.35211265,0
MA2_111210,MA2,111210,2019-12-01,0.36431172,0
MA2_111458,MA2,111458,2019-12-01,0.33947045,0
MA2_111486,MA2,111486,2018-12-09,0.36331603,0
MA2_11156,MA2,11156,2019-12-01,0.3696675,0
MA2_111638,MA2,111638,2019-12-01,0.31939125,0
MA2_111771,MA2,111771,2019-11-05,0.35535342,0
MA2_111813,MA2,111813,2019-12-01,0.34705624,0
MA2_112057,MA2,112057,2019-04-07,0.37101108,0
MA2_112058,MA2,112058,2019-04-07,0.3710142,0
MA2_11224,MA2,11224,2019-12-01,0.39186943,0
MA2_112408,MA2,112408,2019-12-01,0.35653025,0
MA2_112458,MA2,112458,2019-12-01,0.34812054,0
MA2_112689,MA2,112689,2019-12-01,0.39532596,0
MA2_112738,MA2,112738,2018-07-23,0.37776053,0
MA2_112746,MA2,112746,2019-11-23,0.48521936,0
MA2_112770,MA2,112770,2019-12-01,0.3705759,0
MA2_113047,MA2,113047,2019-12-01,0.3751347,0
MA2_113176,MA2,113176,2019-10-22,0.34948316,0
MA2_113354,MA2,113354,2019-07-12,0.33579925,0
MA2_11338,MA2,11338,2019-12-01,0.37842417,0
MA2_113399,MA2,113399,2019-12-01,0.37420943,0
MA2_113439,MA2,113439,2019-10-26,0.3454218,0
MA2_113473,MA2,113473,2019-07-08,0.34675202,0
MA2_113504,MA2,113504,2019-11-17,0.41286233,0
MA2_113661,MA2,113661,2019-12-01,0.34814948,0
MA2_113752,MA2,113752,2019-06-27,0.3589811,0
MA2_113777,MA2,113777,2019-05-03,0.36990988,0
MA2_113915,MA2,113915,2019-03-24,0.34844336,1
MA2_114074,MA2,114074,2019-12-01,0.34817585,0
MA2_114155,MA2,114155,2019-12-01,0.3609147,0
MA2_114247,MA2,114247,2018-10-30,0.38987085,0
MA2_114328,MA2,114328,2019-12-01,0.35454717,0
MA2_115078,MA2,115078,2019-12-01,0.34459066,0
MA2_11549,MA2,11549,2018-12-18,0.36128846,0
MA2_11552,MA2,11552,2018-12-18,0.36129135,0
MA2_115631,MA2,115631,2019-12-01,0.39177677,0
MA2_115638,MA2,115638,2019-12-01,0.38929826,0
MA2_115762,MA2,115762,2018-12-22,0.35355502,0
MA2_115813,MA2,115813,2019-12-01,0.33674636,0
MA2_115819,MA2,115819,2019-12-01,0.33584777,0
MA2_116015,MA2,116015,2019-06-29,0.32583967,0
MA2_116112,MA2,116112,2019-12-01,0.35131952,0
MA2_116155,MA2,116155,2019-12-01,0.36443737,0
MA2_116233,MA2,116233,2019-12-01,0.36202717,0
MA2_116274,MA2,116274,2019-12-01,0.36606586,0
MA2_116537,MA2,116537,2019-02-17,0.33755696,0
MA2_116649,MA2,116649,2019-10-26,0.35538143,0
MA2_116770,MA2,116770,2019-11-17,0.36082292,0
MA2_11682,MA2,11682,2019-10-26,0.35405996,0
MA2_117144,MA2,117144,2019-12-01,0.33488494,0
MA2_117386,MA2,117386,2019-05-03,0.35432464,0
MA2_117558,MA2,117558,2019-12-01,0.3413908,0
MA2_117838,MA2,117838,2019-01-27,0.3558096,0
MA2_117883,MA2,117883,2018-09-18,0.3407392,0
MA2_117906,MA2,117906,2019-12-01,0.41314286,0
MA2_118069,MA2,118069,2018-05-28,0.35210747,0
MA2_118136,MA2,118136,2019-09-11,0.38110235,0
MA2_118830,MA2,118830,2019-11-29,0.40717316,0
MA2_119072,MA2,119072,2019-10-26,0.34637144,0
MA2_120105,MA2,120105,2019-10-26,0.3466522,0
MA2_120125,MA2,120125,2019-12-01,0.3601121,0
MA2_120152,MA2,120152,2019-12-01,0.35356387,0
MA2_120225,MA2,120225,2019-12-01,0.3406916,0
MA2_120370,MA2,120370,2019-11-27,0.34797487,0
MA2_12066,MA2,12066,2019-12-01,0.46578535,0
MA2_120741,MA2,120741,2019-12-01,0.37132707,0
MA2_12140,MA2,12140,2019-10-26,0.3405977,0
MA2_12430,MA2,12430,2019-10-26,0.37221932,0
MA2_12667,MA2,12667,2019-12-01,0.3603988,0
MA2_12673,MA2,12673,2019-10-26,0.36316484,0
MA2_12705,MA2,12705,2019-12-01,0.36196256,0
MA2_12741,MA2,12741,2019-04-22,0.3425561,0
MA2_12837,MA2,12837,2019-12-01,0.34288952,0
MA2_1325,MA2,1325,2019-10-26,0.3465072,0
MA2_1351,MA2,1351,2019-12-01,0.3422658,0
MA2_1352,MA2,1352,2019-11-17,0.33265504,0
MA2_13655,MA2,13655,2019-05-10,0.37299055,0
MA2_1368,MA2,1368,2019-01-28,0.44888535,0
MA2_13779,MA2,13779,2019-05-10,0.38324523,0
MA2_14276,MA2,14276,2019-10-18,0.38728723,0
MA2_14372,MA2,14372,2019-12-01,0.3475122,0
MA2_1458,MA2,1458,2019-12-01,0.34898734,0
MA2_14714,MA2,14714,2018-02-13,0.42272392,0
MA2_15115,MA2,15115,2018-10-07,0.38810533,0
MA2_15344,MA2,15344,2019-12-01,0.3460749,0
MA2_15409,MA2,15409,2019-12-01,0.35117608,0
MA2_15588,MA2,15588,2019-05-13,0.3783403,0
MA2_15812,MA2,15812,2019-12-01,0.38178593,0
MA2_16280,MA2,16280,2019-12-01,0.33633855,0
MA2_16354,MA2,16354,2019-12-01,0.34050566,0
MA2_16539,MA2,16539,2019-12-01,0.3597412,0
MA2_1663,MA2,1663,2019-12-01,0.35234758,0
MA2_16638,MA2,16638,2019-12-01,0.36628804,0
MA2_16659,MA2,16659,2019-12-01,0.35849547,0
MA2_16739,MA2,16739,2019-12-01,0.3805578,0
MA2_1679,MA2,1679,2019-12-01,0.33112004,0
MA2_16927,MA2,16927,2019-11-17,0.3328158,0
MA2_17138,MA2,17138,2019-05-03,0.35706505,0
MA2_17291,MA2,17291,2019-12-01,0.33633828,0
MA2_17330,MA2,17330,2018-12-07,0.46059912,0
MA2_17387,MA2,17387,2019-12-01,0.3810639,0
MA2_17416,MA2,17416,2019-10-26,0.3695691,0
MA2_17418,MA2,17418,2019-04-26,0.34793767,0
MA2_17774,MA2,17774,2019-10-26,0.36742333,0
MA2_17963,MA2,17963,2019-12-01,0.35154584,0
MA2_18114,MA2,18114,2019-12-01,0.52134246,0
MA2_18362,MA2,18362,2019-12-01,0.3479557,0
MA2_18406,MA2,18406,2019-12-01,0.36117783,0
MA2_18409,MA2,18409,2019-12-01,0.34126142,0
MA2_18429,MA2,18429,2019-05-02,0.356955,0
MA2_18467,MA2,18467,2019-07-29,0.34674937,0
MA2_18479,MA2,18479,2019-08-02,1.5740536e-17,0
MA2_18485,MA2,18485,2019-12-01,0.3651706,0
MA2_18568,MA2,18568,2018-08-21,0.37996688,0
MA2_18642,MA2,18642,2019-12-01,0.3363882,0
MA2_18692,MA2,18692,2019-05-02,0.35696357,0
MA2_18790,MA2,18790,2019-12-01,0.3793031,0
MA2_1884,MA2,1884,2019-12-01,0.35362998,0
MA2_18975,MA2,18975,2019-11-23,0.33051026,0
MA2_19234,MA2,19234,2019-03-03,0.37878084,0
MA2_19297,MA2,19297,2019-10-26,0.37516564,0
MA2_195,MA2,195,2019-10-26,0.3623165,0
MA2_19583,MA2,19583,2019-07-01,0.36701456,0
MA2_19678,MA2,19678,2019-12-01,0.3962822,0
MA2_19711,MA2,19711,2019-11-17,0.34411663,0
MA2_19785,MA2,19785,2019-12-01,0.35545954,0
MA2_19923,MA2,19923,2019-12-01,0.81579554,0
MA2_19990,MA2,19990,2019-12-01,0.3790502,0
MA2_20042,MA2,20042,2019-12-01,0.34194073,0
MA2_20177,MA2,20177,2019-11-28,0.3220389,0
MA2_2026,MA2,2026,2019-12-01,0.35609686,0
MA2_2041,MA2,2041,2019-10-27,0.38605946,0
MA2_20759,MA2,20759,2019-11-26,0.3594305,0
MA2_20853,MA2,20853,2019-12-01,0.33923158,0
MA2_20984,MA2,20984,2019-11-23,0.33053955,0
MA2_21099,MA2,21099,2019-12-01,0.35941333,0
MA2_21295,MA2,21295,2019-02-24,0.43861568,1
MA2_21468,MA2,21468,2019-12-01,0.33931115,0
MA2_21532,MA2,21532,2019-08-11,0.3531007,0
MA2_21783,MA2,21783,2019-02-05,0.3484466,0
MA2_2205,MA2,2205,2019-12-01,0.33828846,0
MA2_22186,MA2,22186,2019-10-26,0.3555073,0
MA2_22464,MA2,22464,2019-10-21,0.36278564,0
MA2_22551,MA2,22551,2019-12-01,0.3286777,0
MA2_22729,MA2,22729,2019-12-01,0.36251333,0
MA2_22971,MA2,22971,2019-10-26,0.34981865,0
MA2_22974,MA2,22974,2019-10-26,0.35455656,0
MA2_23161,MA2,23161,2019-07-13,0.3698358,0
MA2_23230,MA2,23230,2019-12-01,0.34557444,0
MA2_23384,MA2,23384,2019-12-01,0.34291026,0
MA2_23396,MA2,23396,2019-02-05,0.3483643,0
MA2_23441,MA2,23441,2019-04-28,0.37662435,0
MA2_23455,MA2,23455,2019-05-05,0.3613413,0
MA2_23983,MA2,23983,2019-12-01,0.35701376,0
MA2_23994,MA2,23994,2019-10-26,0.34924996,0
MA2_23997,MA2,23997,2019-11-03,0.35496557,0
MA2_24004,MA2,24004,2019-01-13,0.37628084,0
MA2_24313,MA2,24313,2019-12-01,0.34845546,0
MA2_24492,MA2,24492,2019-06-29,0.33478191,0
MA2_24498,MA2,24498,2019-12-01,0.46247733,0
MA2_24595,MA2,24595,2019-10-26,0.33961797,0
MA2_24830,MA2,24830,2019-12-01,0.35416734,0
MA2_24848,MA2,24848,2019-12-01,0.3787099,0
MA2_24858,MA2,24858,2019-10-26,0.34978575,0
MA2_24974,MA2,24974,2018-12-31,0.35304615,0
MA2_25317,MA2,25317,2019-10-26,0.36589032,0
MA2_25588,MA2,25588,2019-11-17,0.3682164,0
MA2_25687,MA2,25687,2019-12-01,0.33787397,0
MA2_25962,MA2,25962,2019-12-01,0.3655522,0
MA2_25985,MA2,25985,2018-09-04,0.39537925,0
MA2_25992,MA2,25992,2018-09-04,0.37578008,0
MA2_26005,MA2,26005,2019-12-01,0.33343345,0
MA2_26177,MA2,26177,2019-12-01,0.35574943,0
MA2_26246,MA2,26246,2018-10-14,0.38088128,0
MA2_26261,MA2,26261,2018-04-15,0.49140623,0
MA2_2651,MA2,2651,2019-12-01,0.349214,0
MA2_2673,MA2,2673,2019-12-01,0.33789548,0
MA2_26740,MA2,26740,2019-05-12,0.36901888,0
MA2_26747,MA2,26747,2019-05-12,0.36676255,0
MA2_26760,MA2,26760,2019-12-01,0.36337635,0
MA2_27065,MA2,27065,2019-12-01,0.33928242,0
MA2_27243,MA2,27243,2019-10-26,0.35761392,0
MA2_27301,MA2,27301,2019-10-26,0.34670466,0
MA2_27515,MA2,27515,2019-10-26,0.3766139,0
MA2_27770,MA2,27770,2019-02-15,0.3345135,0
MA2_27784,MA2,27784,2019-12-01,0.36414942,0
MA2_28044,MA2,28044,2018-07-23,0.41379088,0
MA2_28439,MA2,28439,2019-11-17,0.3604328,0
MA2_2845,MA2,2845,2019-12-01,0.33640805,0
MA2_28462,MA2,28462,2019-10-26,0.36801654,0
MA2_28551,MA2,28551,2019-12-01,0.35629058,0
MA2_28703,MA2,28703,2019-09-11,0.3681556,0
MA2_28737,MA2,28737,2019-10-19,0.36393952,0
MA2_28809,MA2,28809,2019-05-03,0.35813528,0
MA2_2885,MA2,2885,2019-05-03,0.32514775,0
MA2_28904,MA2,28904,2019-01-30,0.35012516,0
MA2_28934,MA2,28934,2019-05-02,0.42977253,0
MA2_29128,MA2,29128,2019-10-26,0.38635692,0
MA2_29184,MA2,29184,2019-12-01,0.38561788,0
MA2_29523,MA2,29523,2019-12-01,0.3491846,0
MA2_29902,MA2,29902,2019-05-02,0.36659598,0
MA2_30237,MA2,30237,2019-12-01,0.34557375,0
MA2_30350,MA2,30350,2019-12-01,0.36260173,0
MA2_3057,MA2,3057,2019-12-01,0.34438047,0
MA2_3084,MA2,3084,2019-05-03,0.354901,0
MA2_30898,MA2,30898,2019-04-26,0.39060637,0
MA2_30914,MA2,30914,2019-11-25,0.37211698,0
MA2_31006,MA2,31006,2019-03-25,0.33729717,0
MA2_31191,MA2,31191,2018-12-11,0.4145282,0
MA2_31243,MA2,31243,2019-12-01,0.38135198,0
MA2_31365,MA2,31365,2019-05-01,0.35937163,0
MA2_31636,MA2,31636,2019-12-01,0.348173,0
MA2_31784,MA2,31784,2019-12-01,0.37641564,0
MA2_31792,MA2,31792,2019-10-26,0.3344326,0
MA2_3181,MA2,3181,2019-10-26,0.3729973,0
MA2_31871,MA2,31871,2019-10-26,0.3602233,0
MA2_3193,MA2,3193,2019-12-01,0.3540951,0
MA2_32217,MA2,32217,2019-12-01,0.34800467,0
MA2_32250,MA2,32250,2019-12-01,0.3370107,0
MA2_32257,MA2,32257,2019-12-01,0.37618804,0
MA2_323,MA2,323,2019-12-01,0.3471995,0
MA2_32348,MA2,32348,2018-12-31,0.3367451,0
MA2_32401,MA2,32401,2019-10-26,0.34822443,0
MA2_32490,MA2,32490,2019-05-12,0.35247985,0
MA2_32600,MA2,32600,2019-12-01,0.360278,0
MA2_32690,MA2,32690,2019-12-01,0.3504724,0
MA2_33048,MA2,33048,2019-12-01,0.34557074,0
MA2_33069,MA2,33069,2019-12-01,0.360326,0
MA2_33153,MA2,33153,2019-10-26,0.4297657,0
MA2_33450,MA2,33450,2019-10-26,0.35741988,0
MA2_33548,MA2,33548,2019-12-01,0.36852816,0
MA2_33878,MA2,33878,2019-05-04,0.4294091,0
MA2_33998,MA2,33998,2018-12-22,0.3456504,0
MA2_34112,MA2,34112,2019-12-01,0.35286587,0
MA2_34257,MA2,34257,2019-12-01,0.394142,0
MA2_34360,MA2,34360,2019-12-01,0.3451754,0
MA2_34435,MA2,34435,2019-11-30,0.36107156,0
MA2_34477,MA2,34477,2019-11-16,0.34803724,0
MA2_3453,MA2,3453,2019-02-11,0.34067184,0
MA2_34537,MA2,34537,2019-12-01,0.348415,0
MA2_34552,MA2,34552,2019-10-26,0.33057612,0
MA2_34670,MA2,34670,2019-02-28,0.3413067,0
MA2_34706,MA2,34706,2019-12-01,0.37255964,0
MA2_34743,MA2,34743,2019-05-04,0.41837567,0
MA2_3477,MA2,3477,2019-12-01,0.33207014,0
MA2_34865,MA2,34865,2018-12-18,0.3683243,0
MA2_34873,MA2,34873,2018-12-18,0.3613811,0
MA2_35365,MA2,35365,2019-12-01,0.33842915,0
MA2_35378,MA2,35378,2019-10-25,0.32922852,0
MA2_35386,MA2,35386,2019-12-01,0.3592833,0
MA2_35506,MA2,35506,2018-11-18,0.3600802,0
MA2_35841,MA2,35841,2019-02-05,0.36052772,0
MA2_36283,MA2,36283,2019-12-01,0.36654153,0
MA2_36367,MA2,36367,2019-12-01,0.3455744,0
MA2_36375,MA2,36375,2019-12-01,0.34557375,0
MA2_36432,MA2,36432,2019-10-22,0.35782996,0
MA2_36528,MA2,36528,2019-12-01,0.38021308,0
MA2_36544,MA2,36544,2019-12-01,0.3393222,0
MA2_36744,MA2,36744,2019-12-01,0.34259677,0
MA2_36777,MA2,36777,2019-12-01,0.33568043,0
MA2_36788,MA2,36788,2019-10-26,0.3506936,0
MA2_369,MA2,369,2019-12-01,0.37139195,0
MA2_37195,MA2,37195,2019-12-01,0.37778988,0
MA2_37216,MA2,37216,2019-11-03,0.43594608,0
MA2_3723,MA2,3723,2019-12-01,0.37163264,0
MA2_37399,MA2,37399,2018-12-31,0.33377987,0
MA2_3748,MA2,3748,2019-12-01,0.39478648,0
MA2_37538,MA2,37538,2019-10-26,0.45890695,0
MA2_38109,MA2,38109,2019-12-01,0.39364526,0
MA2_38265,MA2,38265,2019-05-04,0.4131633,0
MA2_38351,MA2,38351,2018-12-30,0.33973366,0
MA2_39195,MA2,39195,2019-04-30,0.35662162,0
MA2_39696,MA2,39696,2018-12-22,0.3512298,0
MA2_40115,MA2,40115,2019-10-26,0.35672557,0
MA2_40123,MA2,40123,2019-01-28,0.3711692,0
MA2_40133,MA2,40133,2019-11-24,0.35764435,0
MA2_40241,MA2,40241,2019-05-03,0.39348528,0
MA2_40292,MA2,40292,2019-10-26,0.3644667,0
MA2_40605,MA2,40605,2019-12-01,0.35926372,0
MA2_40973,MA2,40973,2019-12-01,0.33639228,0
MA2_41024,MA2,41024,2019-12-01,0.32906875,0
MA2_41050,MA2,41050,2019-10-26,0.36681268,0
MA2_41294,MA2,41294,2019-12-01,0.3503754,0
MA2_41412,MA2,41412,2018-09-21,0.38187075,0
MA2_41751,MA2,41751,2019-11-17,0.35946262,0
MA2_41886,MA2,41886,2019-02-11,0.34073475,0
MA2_42,MA2,42,2019-04-27,0.3424737,0
MA2_42047,MA2,42047,2019-12-01,0.3488744,0
MA2_4252,MA2,4252,2019-12-01,0.3607155,0
MA2_4263,MA2,4263,2019-12-01,0.40502745,0
MA2_4280,MA2,4280,2019-12-01,0.34444177,0
MA2_42814,MA2,42814,2019-11-29,0.3445005,0
MA2_42947,MA2,42947,2019-05-21,0.35601127,0
MA2_4309,MA2,4309,2019-10-19,0.35907128,0
MA2_43102,MA2,43102,2019-05-17,0.36236328,0
MA2_43361,MA2,43361,2019-11-17,0.34943733,0
MA2_43570,MA2,43570,2018-07-10,0.38015822,0
MA2_43648,MA2,43648,2019-12-01,0.34472147,0
MA2_43744,MA2,43744,2019-07-01,0.3678902,0
MA2_43863,MA2,43863,2019-12-01,0.35548833,0
MA2_44003,MA2,44003,2019-11-25,0.36474687,0
MA2_44058,MA2,44058,2019-12-01,0.3319975,0
MA2_44134,MA2,44134,2019-01-27,0.3319629,0
MA2_44140,MA2,44140,2019-01-27,0.3319635,0
MA2_44242,MA2,44242,2019-12-01,0.40682343,0
MA2_44315,MA2,44315,2019-05-12,0.35031405,0
MA2_44544,MA2,44544,2019-10-26,0.33040717,0
MA2_44585,MA2,44585,2019-12-01,0.33433327,0
MA2_44606,MA2,44606,2019-05-02,0.48882002,0
MA2_44927,MA2,44927,2019-10-26,0.35872796,0
MA2_45062,MA2,45062,2019-05-02,0.35941303,0
MA2_45281,MA2,45281,2019-12-01,0.3499037,0
MA2_45647,MA2,45647,2019-12-01,0.3529491,0
MA2_45696,MA2,45696,2018-12-22,0.35849196,0
MA2_4577,MA2,4577,2019-12-01,0.32565007,0
MA2_45966,MA2,45966,2019-12-01,0.3824179,0
MA2_46002,MA2,46002,2019-10-11,0.35900685,0
MA2_46264,MA2,46264,2019-06-21,0.36498892,0
MA2_46313,MA2,46313,2019-12-01,0.34524316,0
MA2_46361,MA2,46361,2019-05-01,0.35219118,0
MA2_4646,MA2,4646,2019-10-26,0.36467287,0
MA2_4684,MA2,4684,2019-10-26,0.34904313,0
MA2_46916,MA2,46916,2018-12-28,0.38866076,0
MA2_47235,MA2,47235,2019-11-24,0.36417416,0
MA2_47302,MA2,47302,2019-10-26,0.35838008,0
MA2_47334,MA2,47334,2019-12-01,0.37110895,0
MA2_47440,MA2,47440,2019-07-28,0.35200968,0
MA2_47582,MA2,47582,2019-11-17,0.37797645,0
MA2_47642,MA2,47642,2019-10-26,0.3632334,0
MA2_47819,MA2,47819,2019-10-26,0.38455766,0
MA2_48004,MA2,48004,2019-12-01,0.35548908,0
MA2_48123,MA2,48123,2019-12-01,0.33636683,0
MA2_48387,MA2,48387,2019-10-26,0.35982206,0
MA2_48511,MA2,48511,2019-03-03,0.34576294,0
MA2_48571,MA2,48571,2019-12-01,0.3586081,0
MA2_48785,MA2,48785,2019-12-01,0.36858287,0
MA2_4882,MA2,4882,2019-05-24,0.34484252,0
MA2_48857,MA2,48857,2019-12-01,0.33397245,0
MA2_49438,MA2,49438,2019-12-01,0.3480556,0
MA2_4952,MA2,4952,2019-12-01,0.3349005,0
MA2_49632,MA2,49632,2019-12-01,0.35100505,0
MA2_49839,MA2,49839,2019-10-26,0.35048538,0
MA2_49934,MA2,49934,2019-10-26,0.35372993,0
MA2_50550,MA2,50550,2019-12-01,0.37310973,0
MA2_50734,MA2,50734,2018-09-22,0.38889945,0
MA2_50793,MA2,50793,2019-10-26,0.34272367,0
MA2_50901,MA2,50901,2019-12-01,0.36489412,0
MA2_51071,MA2,51071,2019-10-26,0.35871932,0
MA2_51436,MA2,51436,2019-05-04,0.35655585,0
MA2_5145,MA2,5145,2019-12-01,0.42750093,0
MA2_5160,MA2,5160,2019-12-01,0.5146546,0
MA2_5166,MA2,5166,2019-12-01,0.35844138,0
MA2_51663,MA2,51663,2019-07-29,0.34887323,0
MA2_5180,MA2,5180,2019-12-01,0.3653554,0
MA2_51820,MA2,51820,2018-09-21,0.40339017,0
MA2_51846,MA2,51846,2019-10-26,0.36686778,0
MA2_5192,MA2,5192,2019-10-11,0.35588858,0
MA2_51975,MA2,51975,2019-12-01,0.3874171,0
MA2_52274,MA2,52274,2019-11-17,0.34806773,0
MA2_5233,MA2,5233,2019-10-26,0.3531518,0
MA2_52374,MA2,52374,2019-10-26,0.34180295,0
MA2_52447,MA2,52447,2019-12-01,0.35406256,0
MA2_52463,MA2,52463,2019-06-04,0.49565044,0
MA2_5254,MA2,5254,2019-12-01,0.3507712,0
MA2_52553,MA2,52553,2019-10-11,0.34710643,0
MA2_52863,MA2,52863,2019-12-01,0.33353987,0
MA2_52954,MA2,52954,2019-12-01,0.35598728,0
MA2_52961,MA2,52961,2018-10-24,0.33982658,0
MA2_53110,MA2,53110,2019-09-11,0.35377404,0
MA2_5317,MA2,5317,2019-12-01,0.33879158,0
MA2_53557,MA2,53557,2019-10-18,0.33372608,0
MA2_53659,MA2,53659,2019-12-01,0.35685423,0
MA2_54126,MA2,54126,2019-12-01,0.36048412,0
MA2_54241,MA2,54241,2019-12-01,0.3382718,0
MA2_5433,MA2,5433,2019-12-01,0.3480463,0
MA2_54331,MA2,54331,2019-06-22,0.35552922,0
MA2_54340,MA2,54340,2019-11-17,0.35043114,0
MA2_54425,MA2,54425,2019-11-17,0.47921234,0
MA2_54481,MA2,54481,2019-10-26,0.4104566,0
MA2_54527,MA2,54527,2019-09-07,0.3438101,0
MA2_54775,MA2,54775,2019-12-01,0.3483121,0
MA2_55063,MA2,55063,2019-10-26,0.33140206,0
MA2_55066,MA2,55066,2019-12-01,0.39342642,0
MA2_55071,MA2,55071,2019-12-01,0.39413497,0
MA2_55334,MA2,55334,2019-12-01,0.3603063,0
MA2_55388,MA2,55388,2019-12-01,0.3439108,0
MA2_5539,MA2,5539,2019-12-01,0.3568835,0
MA2_55394,MA2,55394,2018-10-30,0.3875449,0
MA2_55817,MA2,55817,2019-10-26,0.33940807,0
MA2_56152,MA2,56152,2019-11-17,0.38373512,0
MA2_5618,MA2,5618,2019-12-01,0.36456722,0
MA2_56397,MA2,56397,2019-10-26,0.38423452,0
MA2_56501,MA2,56501,2019-12-01,0.3285628,0
MA2_56749,MA2,56749,2019-07-23,0.37651426,0
MA2_56828,MA2,56828,2019-05-10,0.38341212,0
MA2_56888,MA2,56888,2019-02-26,0.36032212,0
MA2_56959,MA2,56959,2019-07-16,0.37197796,0
MA2_57004,MA2,57004,2019-10-31,0.33374408,0
MA2_57010,MA2,57010,2019-12-01,0.3398654,0
MA2_5706,MA2,5706,2019-11-24,0.37499306,0
MA2_57529,MA2,57529,2019-12-01,0.35064718,0
MA2_57704,MA2,57704,2019-01-27,0.3378995,0
MA2_5776,MA2,5776,2019-05-01,0.35942152,0
MA2_57828,MA2,57828,2019-01-25,0.3451899,0
MA2_58438,MA2,58438,2019-10-26,0.35590383,0
MA2_58498,MA2,58498,2019-02-26,0.34829348,0
MA2_5858,MA2,5858,2019-10-26,0.35607347,0
MA2_58824,MA2,58824,2019-12-01,0.35360935,0
MA2_58968,MA2,58968,2019-12-01,0.33697966,0
MA2_5904,MA2,5904,2019-05-03,0.35439885,0
MA2_59275,MA2,59275,2019-12-01,0.33100608,0
MA2_59632,MA2,59632,2019-12-01,0.33681068,0
MA2_59662,MA2,59662,2019-12-01,0.3303933,0
MA2_5981,MA2,5981,2019-04-02,0.36646214,0
MA2_60048,MA2,60048,2019-12-01,0.353157,0
MA2_60124,MA2,60124,2019-08-27,0.33868685,0
MA2_60316,MA2,60316,2019-12-01,0.3454573,0
MA2_60542,MA2,60542,2019-10-26,0.35390794,0
MA2_60732,MA2,60732,2019-05-02,0.37141755,0
MA2_60831,MA2,60831,2019-10-26,0.34318122,0
MA2_60906,MA2,60906,2019-12-01,0.3552083,0
MA2_61220,MA2,61220,2019-10-26,0.3628854,0
MA2_6125,MA2,6125,2019-12-01,0.3392776,0
MA2_61362,MA2,61362,2018-10-01,0.3854125,0
MA2_61470,MA2,61470,2019-12-01,0.33575684,0
MA2_61821,MA2,61821,2018-11-03,0.3894654,0
MA2_61826,MA2,61826,2018-11-03,0.38860294,0
MA2_61981,MA2,61981,2019-12-01,0.36071318,0
MA2_61990,MA2,61990,2019-01-27,0.3532458,0
MA2_62092,MA2,62092,2019-12-01,0.35935703,0
MA2_62187,MA2,62187,2018-04-13,0.4124475,0
MA2_62193,MA2,62193,2019-12-01,0.35097963,0
MA2_6239,MA2,6239,2019-12-01,0.3465879,0
MA2_6245,MA2,6245,2019-12-01,0.3333093,0
MA2_62527,MA2,62527,2019-12-01,0.3594031,0
MA2_62685,MA2,62685,2019-01-08,0.39668867,1
MA2_62829,MA2,62829,2019-12-01,0.3294381,0
MA2_63028,MA2,63028,2019-10-26,0.34855542,0
MA2_63192,MA2,63192,2019-11-27,0.34646285,0
MA2_63199,MA2,63199,2019-04-14,0.35268894,0
MA2_63291,MA2,63291,2019-09-24,0.36839262,0
MA2_63356,MA2,63356,2019-11-17,0.3467432,0
MA2_63394,MA2,63394,2019-05-04,0.4051211,0
MA2_63449,MA2,63449,2019-10-26,0.35276163,0
MA2_6349,MA2,6349,2019-12-01,0.33445847,0
MA2_63540,MA2,63540,2019-10-26,0.3682605,0
MA2_63721,MA2,63721,2018-09-02,0.38642272,0
MA2_63786,MA2,63786,2019-03-16,0.33715504,0
MA2_64172,MA2,64172,2019-12-01,0.33293834,0
MA2_64344,MA2,64344,2019-10-26,0.35323256,0
MA2_64499,MA2,64499,2019-02-26,0.33737466,0
MA2_64578,MA2,64578,2019-12-01,0.37574488,0
MA2_64600,MA2,64600,2019-04-27,0.33638534,0
MA2_6469,MA2,6469,2019-12-01,0.35950372,0
MA2_64776,MA2,64776,2019-12-01,0.34223586,0
MA2_64832,MA2,64832,2019-10-26,0.36320642,0
MA2_64860,MA2,64860,2019-04-30,0.3565401,0
MA2_65026,MA2,65026,2019-09-24,0.3587724,0
MA2_65290,MA2,65290,2019-10-29,0.37205058,0
MA2_65741,MA2,65741,2019-12-01,0.3565248,0
MA2_65870,MA2,65870,2019-12-01,0.34897286,0
MA2_66062,MA2,66062,2019-12-01,0.32510123,0
MA2_66093,MA2,66093,2019-02-17,0.3483507,0
MA2_66252,MA2,66252,2019-10-26,0.35330653,0
MA2_66297,MA2,66297,2019-12-01,0.35690725,0
MA2_66475,MA2,66475,2019-11-24,0.36657834,0
MA2_66817,MA2,66817,2019-12-01,0.36385626,0
MA2_66924,MA2,66924,2019-05-12,0.3534859,0
MA2_66946,MA2,66946,2018-10-07,0.39117527,0
MA2_66953,MA2,66953,2018-10-07,0.39380592,0
MA2_67108,MA2,67108,2019-08-03,0.33674788,0
MA2_67272,MA2,67272,2019-01-27,0.45622176,0
MA2_67387,MA2,67387,2019-12-01,0.42987508,0
MA2_67494,MA2,67494,2019-12-01,0.32353565,0
MA2_67663,MA2,67663,2019-10-26,0.35582638,0
MA2_67877,MA2,67877,2019-12-01,0.36186436,0
MA2_67882,MA2,67882,2019-11-17,0.36374715,0
MA2_67898,MA2,67898,2019-10-26,0.36189315,0
MA2_67989,MA2,67989,2019-11-17,0.3514907,0
MA2_68028,MA2,68028,2019-10-26,0.42781916,0
MA2_68261,MA2,68261,2019-12-01,0.3393097,0
MA2_68588,MA2,68588,2019-08-26,0.34789684,0
MA2_69269,MA2,69269,2019-12-01,0.36499414,0
MA2_69394,MA2,69394,2019-12-01,0.3692669,0
MA2_69430,MA2,69430,2019-12-01,0.3693865,0
MA2_69658,MA2,69658,2018-06-08,0.35705113,0
MA2_69854,MA2,69854,2019-09-24,0.3918958,0
MA2_70097,MA2,70097,2019-12-01,0.34862506,0
MA2_70135,MA2,70135,2019-02-15,0.34810472,0
MA2_7024,MA2,7024,2019-10-26,0.34873202,0
MA2_70241,MA2,70241,2019-05-01,0.48722956,0
MA2_70546,MA2,70546,2019-12-01,0.3723445,0
MA2_70559,MA2,70559,2019-12-01,0.34557214,0
MA2_70607,MA2,70607,2019-05-01,0.36176947,0
MA2_70653,MA2,70653,2019-12-01,0.34455448,0
MA2_70683,MA2,70683,2019-12-01,0.3434707,0
MA2_70721,MA2,70721,2019-12-01,0.36413914,0
MA2_71011,MA2,71011,2019-02-15,0.34595552,0
MA2_71043,MA2,71043,2018-12-30,0.39724717,0
MA2_7123,MA2,7123,2019-10-25,0.34920835,0
MA2_71594,MA2,71594,2019-12-01,0.3410316,0
MA2_71617,MA2,71617,2019-12-01,0.33924094,0
MA2_7183,MA2,7183,2019-11-17,0.35741323,0
MA2_71954,MA2,71954,2019-05-04,0.37396473,0
MA2_72188,MA2,72188,2019-12-01,0.366277,0
MA2_72205,MA2,72205,2019-11-19,0.3696405,0
MA2_72495,MA2,72495,2019-12-01,0.40299687,0
MA2_72521,MA2,72521,2019-12-01,0.33751667,0
MA2_72680,MA2,72680,2019-12-01,0.35610557,0
MA2_72807,MA2,72807,2019-12-01,0.44560176,0
MA2_73028,MA2,73028,2019-05-03,0.3521776,0
MA2_73036,MA2,73036,2019-01-28,0.35735103,0
MA2_73213,MA2,73213,2018-12-04,0.36701772,0
MA2_73255,MA2,73255,2019-10-26,0.36089024,0
MA2_73342,MA2,73342,2019-10-26,0.36586508,0
MA2_73597,MA2,73597,2019-02-12,0.37934855,0
MA2_73731,MA2,73731,2019-12-01,0.345575,0
MA2_73737,MA2,73737,2019-12-01,0.5182327,0
MA2_73875,MA2,73875,2019-12-01,0.3488288,0
MA2_7396,MA2,7396,2019-10-26,0.33946216,0
MA2_74231,MA2,74231,2019-12-01,0.34053317,0
MA2_74798,MA2,74798,2019-12-01,0.34985554,0
MA2_74911,MA2,74911,2019-12-01,0.34557325,0
MA2_74955,MA2,74955,2019-12-01,0.3452204,0
MA2_7508,MA2,7508,2019-12-01,0.3435422,0
MA2_75277,MA2,75277,2019-11-02,0.34354845,0
MA2_75507,MA2,75507,2019-10-26,0.35360053,0
MA2_75600,MA2,75600,2019-12-01,0.34403613,0
MA2_75765,MA2,75765,2019-10-26,0.37393212,0
MA2_75844,MA2,75844,2019-04-25,0.4383147,0
MA2_75861,MA2,75861,2019-12-01,0.34694797,0
MA2_7591,MA2,7591,2019-05-02,0.36181816,0
MA2_7641,MA2,7641,2018-12-30,0.40788567,0
MA2_76574,MA2,76574,2019-12-01,0.47835144,0
MA2_76789,MA2,76789,2019-06-12,0.36807868,0
MA2_76814,MA2,76814,2018-12-22,0.33986923,0
MA2_76877,MA2,76877,2019-02-26,0.3984591,0
MA2_76934,MA2,76934,2019-12-01,0.36655813,0
MA2_76945,MA2,76945,2019-01-23,0.35798976,0
MA2_77050,MA2,77050,2019-12-01,0.39109057,0
MA2_77128,MA2,77128,2018-11-19,0.34971756,0
MA2_7739,MA2,7739,2019-12-01,0.35371152,0
MA2_77588,MA2,77588,2019-12-01,0.35006502,0
MA2_78208,MA2,78208,2019-05-10,0.49283746,0
MA2_78287,MA2,78287,2019-12-01,0.3652657,0
MA2_78320,MA2,78320,2019-12-01,0.39707857,0
MA2_78385,MA2,78385,2019-02-05,0.3605436,0
MA2_7852,MA2,7852,2019-04-26,0.3941924,0
MA2_78587,MA2,78587,2019-11-19,0.33897388,0
MA2_78647,MA2,78647,2019-02-05,0.35576415,0
MA2_78835,MA2,78835,2019-12-01,0.50864226,0
MA2_79055,MA2,79055,2019-12-01,0.36947316,0
MA2_79264,MA2,79264,2019-12-01,0.38012907,0
MA2_79304,MA2,79304,2019-10-26,0.3456227,0
MA2_79388,MA2,79388,2019-04-22,0.8910371,0
MA2_79413,MA2,79413,2019-12-01,0.34514856,0
MA2_79594,MA2,79594,2019-12-01,0.35782743,0
MA2_79663,MA2,79663,2019-12-01,0.3399504,0
MA2_79726,MA2,79726,2019-12-01,0.364207,0
MA2_79749,MA2,79749,2019-11-24,0.3641708,0
MA2_79869,MA2,79869,2019-12-01,0.3712704,0
MA2_79886,MA2,79886,2019-10-26,0.34872398,0
MA2_7990,MA2,7990,2019-01-23,0.38073978,0
MA2_79935,MA2,79935,2019-12-01,0.3393155,0
MA2_79969,MA2,79969,2019-12-01,0.34827676,0
MA2_7999,MA2,7999,2019-01-23,0.3792734,0
MA2_80030,MA2,80030,2019-10-27,0.35707504,0
MA2_8007,MA2,8007,2019-10-26,0.34679845,0
MA2_80263,MA2,80263,2019-03-12,0.375555,0
MA2_80691,MA2,80691,2019-12-01,0.3452539,0
MA2_8092,MA2,8092,2019-09-30,0.34518105,0
MA2_80979,MA2,80979,2019-12-01,0.33725798,0
MA2_81190,MA2,81190,2019-05-03,0.35549775,0
MA2_81215,MA2,81215,2019-11-17,0.3609202,0
MA2_81367,MA2,81367,2019-12-01,0.36792812,0
MA2_81549,MA2,81549,2019-10-26,0.35387436,0
MA2_81558,MA2,81558,2019-12-01,0.34993976,0
MA2_81674,MA2,81674,2019-10-26,0.35602078,0
MA2_81745,MA2,81745,2019-07-23,0.3249524,0
MA2_81811,MA2,81811,2019-10-26,0.33642668,0
MA2_81818,MA2,81818,2019-10-26,0.33345684,0
MA2_82104,MA2,82104,2019-12-01,0.34494054,0
MA2_82291,MA2,82291,2019-12-01,0.3564828,0
MA2_82371,MA2,82371,2019-12-01,0.36190346,0
MA2_82394,MA2,82394,2019-12-01,0.3570893,0
MA2_82396,MA2,82396,2019-12-01,0.34895983,0
MA2_82426,MA2,82426,2019-11-17,0.35602018,0
MA2_8249,MA2,8249,2019-10-26,0.35772175,0
MA2_82545,MA2,82545,2019-12-01,0.34288883,0
MA2_82550,MA2,82550,2019-04-27,0.3424796,0
MA2_82570,MA2,82570,2019-12-01,0.4035673,0
MA2_82620,MA2,82620,2019-04-27,0.33639675,0
MA2_82652,MA2,82652,2018-10-30,0.40209928,0
MA2_83019,MA2,83019,2019-12-01,0.35414985,0
MA2_83198,MA2,83198,2019-04-27,0.33640572,0
MA2_83213,MA2,83213,2019-12-01,0.0,0
MA2_83231,MA2,83231,2019-11-17,0.34609282,0
MA2_83428,MA2,83428,2019-12-01,0.36038107,0
MA2_83488,MA2,83488,2019-09-24,0.3632095,0
MA2_83511,MA2,83511,2019-12-01,0.35808074,0
MA2_83556,MA2,83556,2019-12-01,0.35662976,0
MA2_83601,MA2,83601,2019-08-17,0.34431317,0
MA2_84279,MA2,84279,2019-05-02,0.33909792,0
MA2_84325,MA2,84325,2019-09-07,0.3663759,0
MA2_84462,MA2,84462,2019-10-11,0.3601257,0
MA2_84463,MA2,84463,2019-10-11,0.35951874,0
MA2_84500,MA2,84500,2019-04-08,0.35498255,0
MA2_84719,MA2,84719,2019-12-01,0.36169517,0
MA2_84760,MA2,84760,2019-12-01,0.3281341,0
MA2_84820,MA2,84820,2019-12-01,0.3672876,0
MA2_84826,MA2,84826,2019-12-01,0.36632237,0
MA2_84858,MA2,84858,2019-11-30,0.37353757,0
MA2_84946,MA2,84946,2019-10-26,0.34327614,0
MA2_85407,MA2,85407,2019-12-01,0.33251604,0
MA2_85457,MA2,85457,2019-12-01,0.36695397,0
MA2_85483,MA2,85483,2019-11-25,0.37548915,0
MA2_85650,MA2,85650,2019-12-01,0.37604895,0
MA2_85667,MA2,85667,2019-12-01,0.3421489,0
MA2_85961,MA2,85961,2019-12-01,0.36134025,0
MA2_86020,MA2,86020,2019-10-26,0.3575228,0
MA2_86035,MA2,86035,2019-07-21,0.36070666,0
MA2_86069,MA2,86069,2019-12-01,0.35430965,0
MA2_86280,MA2,86280,2018-01-30,0.5216317,0
MA2_86462,MA2,86462,2018-03-02,0.36928648,0
MA2_8661,MA2,8661,2019-04-27,0.3423558,0
MA2_86693,MA2,86693,2019-02-05,0.37487668,0
MA2_86876,MA2,86876,2019-12-01,0.36239052,0
MA2_87051,MA2,87051,2019-12-01,0.3479335,0
MA2_87463,MA2,87463,2019-12-01,0.36422142,0
MA2_87582,MA2,87582,2019-12-01,0.33633015,0
MA2_87765,MA2,87765,2019-10-26,0.35358223,0
MA2_87770,MA2,87770,2019-10-26,0.35597637,0
MA2_87794,MA2,87794,2019-07-08,0.37185538,0
MA2_88131,MA2,88131,2018-12-22,0.33437672,0
MA2_88161,MA2,88161,2019-12-01,0.35228506,0
MA2_882,MA2,882,2019-11-16,0.32802084,0
MA2_88382,MA2,88382,2019-12-01,0.3513976,0
MA2_88493,MA2,88493,2019-12-01,0.3452314,0
MA2_88516,MA2,88516,2019-12-01,0.3899247,0
MA2_88561,MA2,88561,2019-12-01,0.33387372,0
MA2_88583,MA2,88583,2019-12-01,0.39859092,0
MA2_88743,MA2,88743,2019-10-26,0.3628646,0
MA2_89102,MA2,89102,2018-12-08,0.35779414,0
MA2_89209,MA2,89209,2019-01-28,0.35739332,0
MA2_89417,MA2,89417,2019-03-13,0.34173152,0
MA2_89470,MA2,89470,2019-12-01,0.35442388,0
MA2_89543,MA2,89543,2019-10-26,0.87303287,0
MA2_89586,MA2,89586,2019-12-01,0.3554633,0
MA2_89614,MA2,89614,2019-10-26,0.34320408,0
MA2_89787,MA2,89787,2019-12-01,0.35624027,0
MA2_8987,MA2,8987,2019-12-01,0.35209107,0
MA2_90309,MA2,90309,2019-11-05,0.34687555,0
MA2_90311,MA2,90311,2019-12-01,0.35789344,0
MA2_90339,MA2,90339,2019-10-26,0.36929706,0
MA2_90393,MA2,90393,2019-05-03,0.3644742,0
MA2_90550,MA2,90550,2019-10-26,0.36226836,0
MA2_91000,MA2,91000,2019-12-01,0.37372336,0
MA2_91006,MA2,91006,2019-12-01,0.37164438,0
MA2_91062,MA2,91062,2019-12-01,0.35595146,0
MA2_91161,MA2,91161,2019-10-26,0.3637816,0
MA2_91288,MA2,91288,2019-12-01,0.3474538,0
MA2_91293,MA2,91293,2019-04-05,0.36881453,0
MA2_91426,MA2,91426,2018-08-10,0.35438222,0
MA2_91447,MA2,91447,2019-10-26,0.33937562,0
MA2_91465,MA2,91465,2019-12-01,0.35172737,0
MA2_91495,MA2,91495,2019-12-01,0.3776194,0
MA2_91564,MA2,91564,2019-05-02,0.3689821,0
MA2_9162,MA2,9162,2019-12-01,0.3694762,0
MA2_91728,MA2,91728,2019-12-01,0.3562539,0
MA2_91859,MA2,91859,2019-12-01,0.3374545,0
MA2_91927,MA2,91927,2019-12-01,0.35524952,0
MA2_92088,MA2,92088,2019-12-01,0.34922877,0
MA2_92186,MA2,92186,2019-12-01,0.35605937,0
MA2_92291,MA2,92291,2019-12-01,0.33055174,0
MA2_92321,MA2,92321,2019-12-01,0.33473986,0
MA2_92427,MA2,92427,2019-12-01,0.34475183,0
MA2_92542,MA2,92542,2019-10-26,0.34526613,0
MA2_92555,MA2,92555,2019-12-01,0.35212016,0
MA2_92688,MA2,92688,2019-02-26,0.3506219,0
MA2_9270,MA2,9270,2019-12-01,0.34272262,0
MA2_93007,MA2,93007,2018-12-03,0.34317735,0
MA2_93062,MA2,93062,2019-12-01,0.32894224,0
MA2_93283,MA2,93283,2019-12-01,0.38662547,0
MA2_93419,MA2,93419,2019-11-24,0.3665807,0
MA2_93593,MA2,93593,2019-12-01,0.36892483,0
MA2_93652,MA2,93652,2019-12-01,0.50883263,0
MA2_93767,MA2,93767,2019-12-01,0.34524292,0
MA2_93867,MA2,93867,2019-12-01,0.34232017,0
MA2_94051,MA2,94051,2019-11-19,0.3409505,0
MA2_94431,MA2,94431,2019-02-05,0.5074827,0
MA2_94578,MA2,94578,2019-12-01,0.34520072,0
MA2_9483,MA2,9483,2019-12-01,0.36256063,0
MA2_95145,MA2,95145,2019-12-01,0.33497474,0
MA2_95226,MA2,95226,2019-12-01,0.3546331,0
MA2_95257,MA2,95257,2019-12-01,0.443695,0
MA2_95486,MA2,95486,2019-08-25,0.34941438,0
MA2_95679,MA2,95679,2019-12-01,0.33930188,0
MA2_9578,MA2,9578,2019-02-24,0.43627608,1
MA2_96028,MA2,96028,2019-02-26,0.35002705,0
MA2_96130,MA2,96130,2018-10-09,0.3711227,0
MA2_96170,MA2,96170,2019-05-03,0.38606754,0
MA2_96330,MA2,96330,2018-12-03,0.39330098,0
MA2_96452,MA2,96452,2019-11-25,0.40776154,0
MA2_96482,MA2,96482,2019-12-01,0.39384905,0
MA2_96561,MA2,96561,2019-06-26,0.34355414,0
MA2_96962,MA2,96962,2018-11-06,0.40765128,0
MA2_97067,MA2,97067,2019-10-26,0.37640432,0
MA2_97086,MA2,97086,2019-12-01,0.4970416,0
MA2_97189,MA2,97189,2019-12-01,0.33653185,0
MA2_97193,MA2,97193,2019-12-01,0.3687838,0
MA2_97406,MA2,97406,2019-09-24,0.36877522,0
MA2_97614,MA2,97614,2019-12-01,0.3582733,0
MA2_9766,MA2,9766,2019-09-11,0.3569256,0
MA2_9769,MA2,9769,2019-09-11,0.35692558,0
MA2_98012,MA2,98012,2018-12-02,0.38958177,0
MA2_98013,MA2,98013,2019-12-01,0.36665037,0
MA2_98301,MA2,98301,2019-12-01,0.35792977,0
MA2_98314,MA2,98314,2019-12-01,0.33403146,0
MA2_98415,MA2,98415,2019-10-26,0.37308058,0
MA2_98545,MA2,98545,2019-12-01,0.34658834,0
MA2_98684,MA2,98684,2019-12-01,0.3662843,0
MA2_98730,MA2,98730,2019-11-29,0.36258772,0
MA2_98779,MA2,98779,2019-12-01,0.35251516,0
MA2_99024,MA2,99024,2019-10-22,0.33077133,0
MA2_99045,MA2,99045,2019-10-26,0.34395286,0
MA2_9906,MA2,9906,2019-12-01,0.36003408,0
MA2_99120,MA2,99120,2019-05-02,0.35456797,0
MA2_99491,MA2,99491,2019-12-01,0.41750914,0
MC1_100052,MC1,100052,2019-12-01,0.36551118,0
MC1_100084,MC1,100084,2019-12-01,0.50562066,0
MC1_100106,MC1,100106,2019-12-01,0.36785945,0
MC1_100136,MC1,100136,2019-11-17,0.5031616,0
MC1_100245,MC1,100245,2019-09-29,0.4777977,0
MC1_100320,MC1,100320,2019-09-05,0.49144292,0
MC1_10034,MC1,10034,2019-12-01,0.5038978,0
MC1_100423,MC1,100423,2019-12-01,0.5152182,0
MC1_10060,MC1,10060,2019-11-30,0.37971908,0
MC1_100623,MC1,100623,2019-11-30,0.46632954,1
MC1_100630,MC1,100630,2019-12-01,0.4012468,0
MC1_100701,MC1,100701,2019-06-25,0.5282502,0
MC1_100870,MC1,100870,2019-12-01,0.38670933,0
MC1_101049,MC1,101049,2019-12-01,0.40983814,0
MC1_101069,MC1,101069,2019-12-01,0.39226502,0
MC1_101128,MC1,101128,2019-12-01,0.48304155,0
MC1_101281,MC1,101281,2019-12-01,0.37224427,0
MC1_101491,MC1,101491,2019-12-01,0.47474653,0
MC1_101669,MC1,101669,2019-12-01,0.38652962,0
MC1_101711,MC1,101711,2019-12-01,0.4434388,0
MC1_101800,MC1,101800,2019-12-01,0.44522363,0
MC1_101810,MC1,101810,2019-12-01,0.49362966,0
MC1_102048,MC1,102048,2019-05-19,0.7423858,1
MC1_102190,MC1,102190,2019-12-01,0.54162955,0
MC1_102191,MC1,102191,2019-12-01,0.7011079,0
MC1_10236,MC1,10236,2019-12-01,0.510181,0
MC1_102436,MC1,102436,2019-12-01,0.40347427,0
MC1_102755,MC1,102755,2019-12-01,0.68966544,0
MC1_103007,MC1,103007,2019-12-01,0.69260085,0
MC1_103017,MC1,103017,2019-12-01,0.48053977,0
MC1_103053,MC1,103053,2019-12-01,0.47016853,0
MC1_103441,MC1,103441,2019-12-01,0.35989678,0
MC1_103556,MC1,103556,2019-12-01,0.35231867,0
MC1_103609,MC1,103609,2019-12-01,0.45798635,0
MC1_103857,MC1,103857,2019-12-01,0.36486256,0
MC1_103907,MC1,103907,2019-12-01,0.5137332,0
MC1_104055,MC1,104055,2019-12-01,0.38374645,0
MC1_104130,MC1,104130,2019-12-01,0.38462034,0
MC1_104405,MC1,104405,2019-12-01,0.51934046,0
MC1_104419,MC1,104419,2019-12-01,0.45266992,0
MC1_104538,MC1,104538,2019-12-01,0.5102151,0
MC1_104621,MC1,104621,2019-12-01,0.5133207,0
MC1_105062,MC1,105062,2019-12-01,0.42461413,0
MC1_105101,MC1,105101,2019-12-01,0.46881375,0
MC1_105126,MC1,105126,2019-11-26,0.4415286,0
MC1_105308,MC1,105308,2019-12-01,0.5019592,0
MC1_10562,MC1,10562,2019-12-01,0.4082589,0
MC1_105660,MC1,105660,2019-10-30,0.39881715,0
MC1_105752,MC1,105752,2019-12-01,0.493957,0
MC1_106144,MC1,106144,2019-12-01,0.4878962,0
MC1_106199,MC1,106199,2019-12-01,0.53155166,0
MC1_106219,MC1,106219,2019-12-01,0.47962967,0
MC1_106255,MC1,106255,2019-12-01,0.46569,0
MC1_106314,MC1,106314,2019-12-01,0.51257205,0
MC1_106351,MC1,106351,2019-12-01,0.49805292,0
MC1_106451,MC1,106451,2019-06-07,0.50729245,0
MC1_106568,MC1,106568,2019-02-26,0.40918663,1
MC1_106572,MC1,106572,2019-12-01,0.4073077,0
MC1_106841,MC1,106841,2019-12-01,0.51395494,0
MC1_107103,MC1,107103,2019-12-01,0.37208867,0
MC1_107256,MC1,107256,2019-12-01,0.4505718,0
MC1_10749,MC1,10749,2019-12-01,0.49441543,0
MC1_107580,MC1,107580,2019-11-05,0.35999644,0
MC1_107603,MC1,107603,2019-12-01,0.47426823,0
MC1_107701,MC1,107701,2019-12-01,0.3551309,0
MC1_107815,MC1,107815,2019-12-01,0.50995904,0
MC1_107868,MC1,107868,2019-12-01,0.5018929,0
MC1_108031,MC1,108031,2019-11-30,0.47225547,0
MC1_108233,MC1,108233,2019-12-01,0.4597367,0
MC1_108973,MC1,108973,2019-12-01,0.37995535,0
MC1_10899,MC1,10899,2018-06-10,0.3698155,0
MC1_109208,MC1,109208,2019-12-01,0.49205253,0
MC1_109247,MC1,109247,2019-12-01,0.5179483,0
MC1_10940,MC1,10940,2019-12-01,0.363868,0
MC1_109443,MC1,109443,2019-12-01,0.5053589,0
MC1_109569,MC1,109569,2019-11-17,0.5052507,0
MC1_109714,MC1,109714,2019-12-01,0.50923157,0
MC1_11014,MC1,11014,2019-07-30,0.47444946,0
MC1_110818,MC1,110818,2019-08-22,0.5234407,0
MC1_111060,MC1,111060,2019-12-01,0.47688428,0
MC1_11113,MC1,11113,2019-12-01,0.41211414,0
MC1_111203,MC1,111203,2019-12-01,0.45612493,0
MC1_111366,MC1,111366,2019-02-24,0.44808447,0
MC1_111425,MC1,111425,2019-12-01,0.40517825,0
MC1_11150,MC1,11150,2019-12-01,0.3832185,0
MC1_111874,MC1,111874,2019-12-01,0.44873744,0
MC1_111940,MC1,111940,2019-09-12,0.4860422,0
MC1_112043,MC1,112043,2019-09-21,0.51743907,0
MC1_112063,MC1,112063,2019-12-01,0.5171898,0
MC1_112172,MC1,112172,2019-12-01,0.45061553,0
MC1_112191,MC1,112191,2018-10-24,0.37586004,0
MC1_112469,MC1,112469,2019-12-01,0.3530173,0
MC1_112479,MC1,112479,2019-12-01,0.5042378,0
MC1_112590,MC1,112590,2019-12-01,0.47591284,0
MC1_112710,MC1,112710,2019-12-01,0.5028326,0
MC1_11293,MC1,11293,2019-12-01,0.47404793,0
MC1_112966,MC1,112966,2019-12-01,0.5154771,0
MC1_11317,MC1,11317,2019-05-27,0.3512751,0
MC1_113362,MC1,113362,2019-12-01,0.4555828,0
MC1_113493,MC1,113493,2019-12-01,0.40805545,0
MC1_113524,MC1,113524,2019-12-01,0.5167378,0
MC1_113529,MC1,113529,2019-12-01,0.5167378,0
MC1_11353,MC1,11353,2019-12-01,0.54912317,0
MC1_113600,MC1,113600,2019-12-01,0.46644145,0
MC1_113601,MC1,113601,2019-12-01,0.46644145,0
MC1_113713,MC1,113713,2019-12-01,0.39028555,0
MC1_113833,MC1,113833,2019-12-01,0.51602495,0
MC1_113845,MC1,113845,2019-12-01,0.47699225,0
MC1_1139,MC1,1139,2019-12-01,0.5009961,0
MC1_114106,MC1,114106,2019-11-17,0.35799825,0
MC1_114115,MC1,114115,2019-12-01,0.4976955,0
MC1_114120,MC1,114120,2019-12-01,0.39491558,0
MC1_114172,MC1,114172,2019-12-01,0.51140785,0
MC1_114175,MC1,114175,2019-12-01,0.5133984,0
MC1_114204,MC1,114204,2019-03-20,0.40793526,0
MC1_114578,MC1,114578,2019-12-01,0.6136154,0
MC1_114961,MC1,114961,2019-12-01,0.49909648,0
MC1_115195,MC1,115195,2019-12-01,0.5131692,0
MC1_115221,MC1,115221,2019-12-01,0.4808636,0
MC1_115235,MC1,115235,2019-12-01,0.48821035,0
MC1_115273,MC1,115273,2019-12-01,0.35750148,0
MC1_115358,MC1,115358,2019-12-01,0.48029855,0
MC1_115361,MC1,115361,2019-12-01,0.51734775,0
MC1_115491,MC1,115491,2019-12-01,0.51485246,0
MC1_115519,MC1,115519,2019-12-01,0.45134616,0
MC1_115549,MC1,115549,2019-12-01,0.4745298,0
MC1_115627,MC1,115627,2019-12-01,0.4829568,0
MC1_115775,MC1,115775,2019-12-01,0.4748393,0
MC1_115841,MC1,115841,2019-12-01,0.51405853,0
MC1_11588,MC1,11588,2019-12-01,0.49640295,0
MC1_115950,MC1,115950,2019-12-01,0.46688673,0
MC1_116287,MC1,116287,2019-12-01,0.5158022,0
MC1_116364,MC1,116364,2019-08-19,0.5048114,1
MC1_116413,MC1,116413,2019-08-22,0.42595297,0
MC1_116459,MC1,116459,2019-12-01,0.5160454,0
MC1_116697,MC1,116697,2019-12-01,0.475157,0
MC1_116941,MC1,116941,2019-12-01,0.498786,0
MC1_11709,MC1,11709,2019-12-01,0.37552863,0
MC1_117248,MC1,117248,2019-11-30,0.37583438,0
MC1_117308,MC1,117308,2019-12-01,0.5122895,0
MC1_117364,MC1,117364,2019-08-09,0.44587478,0
MC1_117445,MC1,117445,2019-12-01,0.4974551,0
MC1_117729,MC1,117729,2019-12-01,0.4846852,0
MC1_117822,MC1,117822,2018-11-21,0.47516024,1
MC1_117856,MC1,117856,2019-12-01,0.37276655,0
MC1_117859,MC1,117859,2019-12-01,0.37256265,0
MC1_117903,MC1,117903,2019-12-01,0.3856661,0
MC1_117909,MC1,117909,2019-12-01,0.49789715,0
MC1_117930,MC1,117930,2019-12-01,0.4403794,0
MC1_118113,MC1,118113,2019-11-17,0.36760598,0
MC1_118724,MC1,118724,2019-11-02,0.46251482,0
MC1_118729,MC1,118729,2019-11-02,0.46251482,0
MC1_118964,MC1,118964,2019-06-14,0.35867205,0
MC1_118969,MC1,118969,2019-12-01,0.4606224,0
MC1_118976,MC1,118976,2019-12-01,0.44944102,0
MC1_119276,MC1,119276,2019-12-01,0.44881654,0
MC1_119283,MC1,119283,2019-12-01,0.44881654,0
MC1_11934,MC1,11934,2019-12-01,0.47116974,0
MC1_119349,MC1,119349,2019-12-01,0.50147665,0
MC1_119352,MC1,119352,2019-12-01,0.48757637,0
MC1_119410,MC1,119410,2019-11-21,0.9286495,1
MC1_119482,MC1,119482,2019-12-01,0.43457994,0
MC1_119524,MC1,119524,2019-12-01,0.44667223,0
MC1_119535,MC1,119535,2019-12-01,0.49862164,0
MC1_11975,MC1,11975,2019-12-01,0.454033,0
MC1_119878,MC1,119878,2019-12-01,0.4733781,0
MC1_120100,MC1,120100,2019-12-01,0.36848336,0
MC1_120118,MC1,120118,2019-12-01,0.3554232,0
MC1_120269,MC1,120269,2019-12-01,0.51766,0
MC1_120476,MC1,120476,2019-12-01,0.5052683,0
MC1_120871,MC1,120871,2019-12-01,0.40737176,0
MC1_120993,MC1,120993,2019-12-01,0.40376115,0
MC1_121046,MC1,121046,2019-12-01,0.37610307,0
MC1_121331,MC1,121331,2019-12-01,0.51632875,0
MC1_121545,MC1,121545,2019-12-01,0.64345527,0
MC1_121563,MC1,121563,2019-12-01,0.49330458,0
MC1_121569,MC1,121569,2019-12-01,0.49923572,0
MC1_121593,MC1,121593,2019-12-01,0.38297164,0
MC1_121610,MC1,121610,2019-12-01,0.5017448,0
MC1_121627,MC1,121627,2019-12-01,0.5099433,0
MC1_121638,MC1,121638,2019-12-01,0.50889826,0
MC1_12173,MC1,12173,2019-12-01,0.50910497,0
MC1_122369,MC1,122369,2019-12-01,0.5165367,0
MC1_122561,MC1,122561,2018-12-28,0.63509595,1
MC1_12292,MC1,12292,2019-10-16,0.5356227,0
MC1_123271,MC1,123271,2019-12-01,0.5141227,0
MC1_123501,MC1,123501,2019-11-23,0.51083684,0
MC1_123592,MC1,123592,2019-12-01,0.5145918,0
MC1_123611,MC1,123611,2019-12-01,0.45739123,0
MC1_123617,MC1,123617,2019-12-01,0.45739123,0
MC1_123670,MC1,123670,2019-12-01,0.5174325,0
MC1_123768,MC1,123768,2019-11-17,0.3854372,0
MC1_123911,MC1,123911,2019-12-01,0.37529692,0
MC1_124045,MC1,124045,2019-12-01,0.515227,0
MC1_1241,MC1,1241,2019-12-01,0.3781015,0
MC1_124416,MC1,124416,2019-09-13,0.50981987,1
MC1_124724,MC1,124724,2019-11-17,0.43261486,0
MC1_124772,MC1,124772,2019-12-01,0.49548087,0
MC1_124777,MC1,124777,2019-09-10,0.45429367,0
MC1_124893,MC1,124893,2019-11-17,0.43689555,0
MC1_125257,MC1,125257,2019-12-01,0.40825924,0
MC1_125360,MC1,125360,2019-12-01,0.65872777,0
MC1_125379,MC1,125379,2019-12-01,0.37677726,0
MC1_125406,MC1,125406,2019-12-01,0.50177836,0
MC1_125432,MC1,125432,2019-12-01,0.5106295,0
MC1_12548,MC1,12548,2019-12-01,0.51003915,0
MC1_125485,MC1,125485,2019-12-01,0.3668271,0
MC1_125524,MC1,125524,2019-12-01,0.4052861,0
MC1_125557,MC1,125557,2019-12-01,0.5142959,0
MC1_125689,MC1,125689,2019-12-01,0.49931216,0
MC1_125701,MC1,125701,2019-12-01,0.5149147,0
MC1_125728,MC1,125728,2019-12-01,0.50375044,0
MC1_125762,MC1,125762,2019-12-01,0.35542402,0
MC1_125836,MC1,125836,2019-12-01,0.35272628,0
MC1_126034,MC1,126034,2019-12-01,0.38879332,0
MC1_12635,MC1,12635,2019-12-01,0.47863945,0
MC1_126400,MC1,126400,2019-05-15,0.35747692,0
MC1_126453,MC1,126453,2019-12-01,0.36394766,0
MC1_126477,MC1,126477,2018-04-25,0.38496727,0
MC1_126584,MC1,126584,2019-12-01,0.5146196,0
MC1_126585,MC1,126585,2019-12-01,0.514624,0
MC1_126739,MC1,126739,2019-12-01,0.36885786,0
MC1_126781,MC1,126781,2019-12-01,0.39725995,0
MC1_12703,MC1,12703,2019-12-01,0.4937804,0
MC1_127050,MC1,127050,2019-12-01,0.4729757,0
MC1_12726,MC1,12726,2019-12-01,0.4806789,0
MC1_127346,MC1,127346,2019-12-01,0.3546261,0
MC1_127753,MC1,127753,2019-11-30,0.38447535,0
MC1_12781,MC1,12781,2019-12-01,0.4238329,0
MC1_128065,MC1,128065,2019-12-01,0.36597523,0
MC1_12813,MC1,12813,2019-11-17,0.51940614,0
MC1_128177,MC1,128177,2019-12-01,0.4076902,0
MC1_128266,MC1,128266,2019-12-01,0.41362134,0
MC1_128281,MC1,128281,2019-12-01,0.43369678,0
MC1_128520,MC1,128520,2019-12-01,0.49704754,0
MC1_128680,MC1,128680,2019-07-22,0.37804145,1
MC1_129116,MC1,129116,2019-08-25,0.4635285,0
MC1_129322,MC1,129322,2019-12-01,0.40095633,0
MC1_129478,MC1,129478,2019-12-01,0.47652474,0
MC1_129496,MC1,129496,2019-12-01,0.35537848,0
MC1_129697,MC1,129697,2019-12-01,0.5142638,0
MC1_129729,MC1,129729,2019-12-01,0.37240928,0
MC1_129873,MC1,129873,2019-12-01,0.5146573,0
MC1_129925,MC1,129925,2019-10-14,0.8812993,1
MC1_129937,MC1,129937,2019-02-19,0.77555645,0
MC1_130105,MC1,130105,2019-12-01,0.4087055,0
MC1_130346,MC1,130346,2019-12-01,0.5122654,0
MC1_131026,MC1,131026,2019-11-16,0.4944971,0
MC1_131082,MC1,131082,2019-12-01,0.5317343,0
MC1_131154,MC1,131154,2019-12-01,0.502149,0
MC1_131191,MC1,131191,2019-11-17,0.5050252,0
MC1_131404,MC1,131404,2019-12-01,0.51893675,0
MC1_131465,MC1,131465,2019-12-01,0.39987797,0
MC1_131476,MC1,131476,2019-12-01,0.5156139,0
MC1_131540,MC1,131540,2019-12-01,0.39362586,0
MC1_131576,MC1,131576,2019-09-16,0.35375637,0
MC1_1321,MC1,1321,2019-12-01,0.4942634,0
MC1_132100,MC1,132100,2019-12-01,0.3766061,0
MC1_132230,MC1,132230,2019-12-01,0.50615734,0
MC1_132265,MC1,132265,2019-10-15,0.41192067,0
MC1_132919,MC1,132919,2019-04-02,0.47882107,0
MC1_133029,MC1,133029,2019-12-01,0.5059916,0
MC1_133070,MC1,133070,2019-09-07,0.45491293,0
MC1_133185,MC1,133185,2019-12-01,0.46994546,0
MC1_133325,MC1,133325,2019-12-01,0.5012672,0
MC1_133512,MC1,133512,2019-12-01,0.42045352,0
MC1_13353,MC1,13353,2019-12-01,0.4706529,0
MC1_133792,MC1,133792,2019-12-01,0.5154549,0
MC1_134157,MC1,134157,2019-12-01,0.3653711,0
MC1_134305,MC1,134305,2019-12-01,0.52347195,0
MC1_134696,MC1,134696,2019-11-30,0.3791534,0
MC1_13471,MC1,13471,2019-12-01,0.3764479,0
MC1_134972,MC1,134972,2019-12-01,0.5142047,0
MC1_135016,MC1,135016,2019-11-17,0.37590328,0
MC1_135330,MC1,135330,2019-12-01,0.47630557,0
MC1_135490,MC1,135490,2019-12-01,0.51029795,0
MC1_135713,MC1,135713,2019-12-01,0.383136,0
MC1_135716,MC1,135716,2019-12-01,0.38313675,0
MC1_135738,MC1,135738,2019-12-01,0.50287545,0
MC1_135817,MC1,135817,2019-12-01,0.49612686,0
MC1_136105,MC1,136105,2019-12-01,0.4855502,0
MC1_13621,MC1,13621,2019-12-01,0.3782562,0
MC1_136445,MC1,136445,2019-09-11,0.44519225,1
MC1_136736,MC1,136736,2019-12-01,0.50949275,0
MC1_136783,MC1,136783,2019-12-01,0.51397043,0
MC1_137321,MC1,137321,2019-12-01,0.5136265,0
MC1_137429,MC1,137429,2019-10-10,0.4785271,1
MC1_13789,MC1,13789,2019-12-01,0.5069357,0
MC1_137900,MC1,137900,2019-12-01,0.5024442,0
MC1_137987,MC1,137987,2019-12-01,0.47471306,0
MC1_137997,MC1,137997,2019-12-01,0.47471306,0
MC1_13817,MC1,13817,2019-12-01,0.4973266,0
MC1_138258,MC1,138258,2019-12-01,0.74476534,0
MC1_138434,MC1,138434,2019-12-01,0.44632134,0
MC1_138553,MC1,138553,2019-12-01,0.5032394,0
MC1_138633,MC1,138633,2019-12-01,0.50894874,0
MC1_13871,MC1,13871,2019-08-29,0.45542905,0
MC1_138742,MC1,138742,2019-03-23,0.5013663,1
MC1_138762,MC1,138762,2019-05-24,0.50946975,1
MC1_138898,MC1,138898,2019-12-01,0.422765,0
MC1_138974,MC1,138974,2019-12-01,0.4997084,0
MC1_139003,MC1,139003,2019-12-01,0.5223465,0
MC1_139065,MC1,139065,2019-08-24,0.50088304,0
MC1_139306,MC1,139306,2019-12-01,0.4806367,0
MC1_139530,MC1,139530,2018-10-21,0.9341927,1
MC1_139607,MC1,139607,2019-11-01,0.51409256,0
MC1_140068,MC1,140068,2019-12-01,0.5122948,0
MC1_140191,MC1,140191,2019-12-01,0.3632459,0
MC1_140218,MC1,140218,2019-12-01,0.49801493,0
MC1_14024,MC1,14024,2019-12-01,0.39187455,0
MC1_140528,MC1,140528,2019-12-01,0.51508236,0
MC1_14072,MC1,14072,2019-12-01,0.5092807,0
MC1_14097,MC1,14097,2019-09-29,0.51764834,0
MC1_140976,MC1,140976,2019-11-17,0.5157323,0
MC1_141152,MC1,141152,2019-11-17,0.39699525,0
MC1_141765,MC1,141765,2019-10-18,0.5169207,0
MC1_141869,MC1,141869,2019-12-01,0.51706773,0
MC1_141872,MC1,141872,2019-11-30,0.37896696,0
MC1_141881,MC1,141881,2019-11-30,0.37896696,0
MC1_141915,MC1,141915,2019-12-01,0.5160144,0
MC1_142417,MC1,142417,2019-02-01,0.35243186,0
MC1_142539,MC1,142539,2019-05-20,0.5142712,0
MC1_142617,MC1,142617,2019-10-09,0.51732665,0
MC1_142628,MC1,142628,2019-12-01,0.4056226,0
MC1_142878,MC1,142878,2019-12-01,0.39839324,0
MC1_143044,MC1,143044,2019-12-01,0.58527094,0
MC1_143215,MC1,143215,2019-12-01,0.39113742,0
MC1_143579,MC1,143579,2019-11-17,0.5091294,0
MC1_143643,MC1,143643,2019-12-01,0.51709014,0
MC1_143709,MC1,143709,2019-06-15,0.4893822,1
MC1_143791,MC1,143791,2019-12-01,0.45130002,0
MC1_143796,MC1,143796,2019-12-01,0.47630298,0
MC1_143807,MC1,143807,2019-12-01,0.4763033,0
MC1_143812,MC1,143812,2019-09-15,0.458676,1
MC1_143825,MC1,143825,2019-12-01,0.36812174,0
MC1_143860,MC1,143860,2019-12-01,0.50752604,0
MC1_144156,MC1,144156,2019-12-01,0.51226753,0
MC1_144270,MC1,144270,2019-12-01,0.5041274,0
MC1_144404,MC1,144404,2018-07-06,0.37557724,0
MC1_144550,MC1,144550,2019-12-01,0.510781,0
MC1_144599,MC1,144599,2019-10-28,0.51595205,0
MC1_144689,MC1,144689,2019-12-01,0.5131593,0
MC1_144868,MC1,144868,2019-12-01,0.52475274,0
MC1_144892,MC1,144892,2019-12-01,0.597286,0
MC1_14495,MC1,14495,2019-12-01,0.5110996,0
MC1_145021,MC1,145021,2019-12-01,0.5191333,0
MC1_145081,MC1,145081,2019-12-01,0.51659256,0
MC1_145316,MC1,145316,2019-11-17,0.42232254,0
MC1_145523,MC1,145523,2019-12-01,0.5134313,0
MC1_14565,MC1,14565,2018-05-31,0.3558542,0
MC1_145678,MC1,145678,2019-12-01,0.5096214,0
MC1_14588,MC1,14588,2019-12-01,0.49600142,0
MC1_146144,MC1,146144,2019-12-01,0.4605688,0
MC1_146161,MC1,146161,2019-12-01,0.4181067,0
MC1_14630,MC1,14630,2019-12-01,0.45053884,0
MC1_146335,MC1,146335,2019-12-01,0.49441665,0
MC1_14643,MC1,14643,2019-08-25,0.46347642,0
MC1_146526,MC1,146526,2019-12-01,0.5034448,0
MC1_146860,MC1,146860,2019-12-01,0.5098883,0
MC1_146901,MC1,146901,2019-12-01,0.4979283,0
MC1_146908,MC1,146908,2019-12-01,0.51682186,0
MC1_146950,MC1,146950,2019-12-01,0.37067994,0
MC1_146958,MC1,146958,2019-12-01,0.5027404,0
MC1_147139,MC1,147139,2019-08-17,0.39157125,0
MC1_147593,MC1,147593,2019-12-01,0.44988713,0
MC1_147839,MC1,147839,2019-12-01,0.50943214,0
MC1_14793,MC1,14793,2019-12-01,0.5168685,0
MC1_14796,MC1,14796,2019-12-01,0.51686835,0
MC1_148146,MC1,148146,2019-12-01,0.46022713,0
MC1_148276,MC1,148276,2019-12-01,0.50403464,0
MC1_148325,MC1,148325,2019-12-01,0.49688467,0
MC1_148360,MC1,148360,2019-12-01,0.5128039,0
MC1_148537,MC1,148537,2019-12-01,0.5249462,0
MC1_148857,MC1,148857,2019-12-01,0.5151001,0
MC1_149073,MC1,149073,2019-11-17,0.5140336,0
MC1_149310,MC1,149310,2019-12-01,0.50906676,0
MC1_149526,MC1,149526,2019-08-14,0.48523057,0
MC1_149535,MC1,149535,2019-08-14,0.45965287,0
MC1_149545,MC1,149545,2018-04-20,0.41057366,0
MC1_14964,MC1,14964,2019-12-01,0.3580581,0
MC1_150294,MC1,150294,2019-12-01,0.5127682,0
MC1_150338,MC1,150338,2019-12-01,0.5099874,0
MC1_150354,MC1,150354,2019-12-01,0.46950236,0
MC1_150539,MC1,150539,2018-09-17,0.41256052,0
MC1_150911,MC1,150911,2019-12-01,0.52511096,0
MC1_151325,MC1,151325,2019-12-01,0.43605778,0
MC1_1515,MC1,1515,2019-07-07,0.526337,0
MC1_151630,MC1,151630,2019-12-01,0.3517276,0
MC1_151777,MC1,151777,2019-10-18,0.516631,0
MC1_151839,MC1,151839,2019-07-16,0.45325345,0
MC1_15190,MC1,15190,2019-12-01,0.5195058,0
MC1_15195,MC1,15195,2019-12-01,0.61886525,0
MC1_152162,MC1,152162,2019-12-01,0.5803453,0
MC1_152163,MC1,152163,2019-12-01,0.5149683,0
MC1_152294,MC1,152294,2019-12-01,0.39099693,0
MC1_152870,MC1,152870,2019-12-01,0.44527355,0
MC1_152998,MC1,152998,2019-12-01,0.51241904,0
MC1_15300,MC1,15300,2019-12-01,0.4711928,0
MC1_153120,MC1,153120,2019-12-01,0.51348317,0
MC1_153201,MC1,153201,2019-12-01,0.40375113,0
MC1_153297,MC1,153297,2019-12-01,0.43690604,0
MC1_153375,MC1,153375,2019-12-01,0.35346034,0
MC1_153405,MC1,153405,2019-12-01,0.4940345,0
MC1_153550,MC1,153550,2019-12-01,0.40965894,0
MC1_153668,MC1,153668,2019-12-01,0.44909823,0
MC1_153707,MC1,153707,2019-12-01,0.5068606,0
MC1_15392,MC1,15392,2019-12-01,0.44431388,0
MC1_153928,MC1,153928,2019-10-18,0.5119238,0
MC1_154002,MC1,154002,2019-12-01,0.45627585,0
MC1_154092,MC1,154092,2019-12-01,0.47551906,0
MC1_154142,MC1,154142,2019-12-01,0.5123119,0
MC1_154182,MC1,154182,2019-12-01,0.5276329,0
MC1_154278,MC1,154278,2019-12-01,0.5172339,0
MC1_154428,MC1,154428,2019-12-01,0.5080014,0
MC1_154906,MC1,154906,2019-11-17,0.4972176,0
MC1_154934,MC1,154934,2018-11-17,0.37425905,1
MC1_15509,MC1,15509,2019-12-01,0.49704185,0
MC1_155264,MC1,155264,2019-12-01,0.5128478,0
MC1_155591,MC1,155591,2019-11-17,0.49326676,0
MC1_155972,MC1,155972,2019-11-17,0.39669722,0
MC1_156107,MC1,156107,2019-02-18,0.38710278,0
MC1_156259,MC1,156259,2019-12-01,0.51997197,0
MC1_156341,MC1,156341,2019-12-01,0.35401228,0
MC1_156373,MC1,156373,2019-07-11,0.3755778,1
MC1_156379,MC1,156379,2019-12-01,0.5089819,0
MC1_156547,MC1,156547,2019-12-01,0.4421293,0
MC1_156599,MC1,156599,2019-12-01,0.4859793,0
MC1_156601,MC1,156601,2019-07-01,0.5151397,0
MC1_15665,MC1,15665,2019-12-01,0.5169779,0
MC1_156794,MC1,156794,2019-12-01,0.48584226,0
MC1_156798,MC1,156798,2019-12-01,0.48815224,0
MC1_157580,MC1,157580,2019-12-01,0.45514414,0
MC1_15774,MC1,15774,2019-12-01,0.37424308,0
MC1_157778,MC1,157778,2019-11-17,0.396165,0
MC1_15780,MC1,15780,2019-05-20,0.46287033,0
MC1_157889,MC1,157889,2019-12-01,0.5377374,0
MC1_1579,MC1,1579,2019-12-01,0.5204761,0
MC1_157972,MC1,157972,2019-12-01,0.3646408,0
MC1_158272,MC1,158272,2019-12-01,0.45904794,0
MC1_158487,MC1,158487,2019-11-17,0.49529377,0
MC1_158528,MC1,158528,2019-06-30,0.40123734,1
MC1_158599,MC1,158599,2019-12-01,0.5032337,0
MC1_15863,MC1,15863,2019-11-17,0.4964369,0
MC1_158822,MC1,158822,2019-07-07,0.50272787,0
MC1_158909,MC1,158909,2019-12-01,0.5230513,0
MC1_159141,MC1,159141,2019-12-01,0.49907902,0
MC1_159142,MC1,159142,2019-12-01,0.5209991,0
MC1_159330,MC1,159330,2019-09-16,0.5111002,0
MC1_159333,MC1,159333,2019-12-01,0.4969152,0
MC1_159372,MC1,159372,2019-12-01,0.49535015,0
MC1_159376,MC1,159376,2019-12-01,0.40629318,0
MC1_159514,MC1,159514,2019-12-01,0.3759349,0
MC1_159557,MC1,159557,2019-12-01,0.5106908,0
MC1_159791,MC1,159791,2019-12-01,0.5220231,0
MC1_160017,MC1,160017,2019-12-01,0.48030227,0
MC1_160138,MC1,160138,2019-12-01,0.47857204,0
MC1_160161,MC1,160161,2019-12-01,0.46853083,0
MC1_160599,MC1,160599,2019-12-01,0.4909466,0
MC1_160743,MC1,160743,2019-12-01,0.45905954,0
MC1_160874,MC1,160874,2019-09-11,0.51735485,0
MC1_161018,MC1,161018,2019-07-20,0.379042,0
MC1_161105,MC1,161105,2019-12-01,0.50498956,0
MC1_161372,MC1,161372,2018-04-20,0.39983833,0
MC1_16141,MC1,16141,2019-12-01,0.50509447,0
MC1_161582,MC1,161582,2019-12-01,0.5150305,0
MC1_162286,MC1,162286,2019-12-01,0.5140322,0
MC1_162358,MC1,162358,2019-12-01,0.49120808,0
MC1_162605,MC1,162605,2019-12-01,0.41325065,0
MC1_162719,MC1,162719,2019-12-01,0.452451,0
MC1_162828,MC1,162828,2019-12-01,0.49622333,0
MC1_162874,MC1,162874,2019-12-01,0.43940717,0
MC1_162909,MC1,162909,2019-05-31,0.36072117,0
MC1_16292,MC1,16292,2019-12-01,0.3537142,0
MC1_162985,MC1,162985,2019-12-01,0.37534535,0
MC1_16311,MC1,16311,2019-12-01,0.51211506,0
MC1_163740,MC1,163740,2019-12-01,0.46419072,0
MC1_164041,MC1,164041,2019-12-01,0.49332622,0
MC1_16421,MC1,16421,2019-12-01,0.4516858,0
MC1_16427,MC1,16427,2019-12-01,0.35741147,0
MC1_164338,MC1,164338,2019-12-01,0.45715207,0
MC1_164470,MC1,164470,2019-12-01,0.5154247,0
MC1_164759,MC1,164759,2019-12-01,0.53012747,0
MC1_165023,MC1,165023,2019-12-01,0.49480772,0
MC1_165039,MC1,165039,2019-12-01,0.49165028,0
MC1_165251,MC1,165251,2019-07-23,0.41831723,1
MC1_165256,MC1,165256,2019-12-01,0.49188745,0
MC1_165438,MC1,165438,2019-12-01,0.50501215,0
MC1_165519,MC1,165519,2019-11-17,0.48293585,0
MC1_165681,MC1,165681,2019-12-01,0.5231851,0
MC1_165707,MC1,165707,2019-09-18,0.48917553,0
MC1_16579,MC1,16579,2019-12-01,0.377216,0
MC1_165926,MC1,165926,2019-12-01,0.4593304,0
MC1_166098,MC1,166098,2019-12-01,0.44455397,0
MC1_16620,MC1,16620,2019-12-01,0.50272644,0
MC1_166234,MC1,166234,2019-04-10,0.4996781,0
MC1_166577,MC1,166577,2019-08-16,0.47967955,1
MC1_166588,MC1,166588,2019-12-01,0.5063083,0
MC1_166755,MC1,166755,2019-05-29,0.4412096,1
MC1_166875,MC1,166875,2019-12-01,0.47394893,0
MC1_166892,MC1,166892,2019-12-01,0.4073684,0
MC1_167037,MC1,167037,2019-08-29,0.45606282,0
MC1_16722,MC1,16722,2019-12-01,0.49810663,0
MC1_167225,MC1,167225,2019-12-01,0.4920123,0
MC1_167228,MC1,167228,2019-12-01,0.4920123,0
MC1_167246,MC1,167246,2019-12-01,0.47819054,0
MC1_167334,MC1,167334,2019-12-01,0.5153721,0
MC1_167391,MC1,167391,2019-12-01,0.42410007,0
MC1_16741,MC1,16741,2019-12-01,0.5085714,0
MC1_167458,MC1,167458,2019-12-01,0.38545302,0
MC1_167492,MC1,167492,2019-12-01,0.49558765,0
MC1_167517,MC1,167517,2019-12-01,0.372793,0
MC1_167565,MC1,167565,2019-12-01,0.49386376,0
MC1_167634,MC1,167634,2019-09-04,0.52440155,0
MC1_167669,MC1,167669,2019-12-01,0.5019774,0
MC1_167679,MC1,167679,2019-12-01,0.48871282,0
MC1_167703,MC1,167703,2019-12-01,0.40055838,0
MC1_167714,MC1,167714,2019-12-01,0.49816716,0
MC1_167788,MC1,167788,2018-12-13,0.37817025,0
MC1_167796,MC1,167796,2019-12-01,0.51150167,0
MC1_167807,MC1,167807,2019-12-01,0.5165988,0
MC1_16787,MC1,16787,2019-12-01,0.5019366,0
MC1_1681,MC1,1681,2019-07-12,0.98190373,1
MC1_168141,MC1,168141,2019-11-05,0.36634004,0
MC1_168217,MC1,168217,2019-12-01,0.51600206,0
MC1_16829,MC1,16829,2019-12-01,0.46366057,0
MC1_168397,MC1,168397,2019-12-01,0.49915826,0
MC1_16847,MC1,16847,2019-12-01,0.37920374,0
MC1_168688,MC1,168688,2019-10-07,0.5138009,0
MC1_168704,MC1,168704,2019-10-26,0.3932231,0
MC1_168736,MC1,168736,2019-12-01,0.5134409,0
MC1_168800,MC1,168800,2019-12-01,0.44559222,0
MC1_168988,MC1,168988,2019-08-18,0.50301147,0
MC1_169075,MC1,169075,2019-12-01,0.532185,0
MC1_169487,MC1,169487,2019-12-01,0.49384016,0
MC1_169834,MC1,169834,2019-12-01,0.4857847,0
MC1_170012,MC1,170012,2019-12-02,0.5016918,1
MC1_170039,MC1,170039,2019-10-13,0.49263898,1
MC1_170078,MC1,170078,2019-09-13,0.47373208,0
MC1_170319,MC1,170319,2019-12-01,0.5116201,0
MC1_170364,MC1,170364,2019-12-01,0.40528527,0
MC1_170447,MC1,170447,2019-12-01,0.49481624,0
MC1_171253,MC1,171253,2019-12-01,0.47489187,0
MC1_171484,MC1,171484,2019-12-01,0.5146566,0
MC1_171598,MC1,171598,2019-02-20,0.43637258,0
MC1_171761,MC1,171761,2019-12-01,0.37368393,0
MC1_172111,MC1,172111,2019-12-01,0.90017045,0
MC1_172281,MC1,172281,2019-12-01,0.47780672,0
MC1_17233,MC1,17233,2019-12-01,0.44828796,0
MC1_172362,MC1,172362,2019-12-01,0.4728683,0
MC1_172645,MC1,172645,2019-12-01,0.63822484,0
MC1_173165,MC1,173165,2019-12-01,0.5111151,0
MC1_173427,MC1,173427,2018-10-15,0.35500422,0
MC1_173591,MC1,173591,2019-12-01,0.35478017,0
MC1_173886,MC1,173886,2019-10-16,0.5077226,0
MC1_173943,MC1,173943,2019-12-01,0.44569603,0
MC1_17396,MC1,17396,2019-12-01,0.50379884,0
MC1_173967,MC1,173967,2019-12-01,0.4783223,0
MC1_174477,MC1,174477,2019-11-17,0.4644821,0
MC1_174547,MC1,174547,2019-12-01,0.67618144,0
MC1_174574,MC1,174574,2019-09-15,0.5175047,0
MC1_174671,MC1,174671,2019-12-01,0.51400137,0
MC1_17493,MC1,17493,2019-12-01,0.37406322,0
MC1_174959,MC1,174959,2019-12-01,0.46520355,0
MC1_175110,MC1,175110,2019-08-09,0.47493592,0
MC1_175242,MC1,175242,2019-12-01,0.48066512,0
MC1_175247,MC1,175247,2019-12-01,0.5167615,0
MC1_175345,MC1,175345,2019-12-01,0.46222678,0
MC1_175441,MC1,175441,2019-12-01,0.3729976,0
MC1_175570,MC1,175570,2019-12-01,0.37108523,0
MC1_175642,MC1,175642,2019-12-01,0.5037764,0
MC1_175684,MC1,175684,2019-12-01,0.40445155,0
MC1_17575,MC1,17575,2019-12-01,0.50994116,0
MC1_175758,MC1,175758,2019-12-01,0.4940279,0
MC1_17589,MC1,17589,2019-12-01,0.50918156,0
MC1_176398,MC1,176398,2019-12-01,0.51765275,0
MC1_176726,MC1,176726,2019-12-01,0.3681839,0
MC1_176857,MC1,176857,2019-12-01,0.5735858,0
MC1_177072,MC1,177072,2018-04-13,0.96030974,1
MC1_177266,MC1,177266,2019-12-01,0.47546315,0
MC1_177323,MC1,177323,2019-12-01,0.4540173,0
MC1_177349,MC1,177349,2019-12-01,0.4947056,0
MC1_177419,MC1,177419,2019-05-28,0.35946262,0
MC1_177428,MC1,177428,2019-12-01,0.5153701,0
MC1_177517,MC1,177517,2019-12-01,0.5106549,0
MC1_177536,MC1,177536,2019-11-17,0.50300497,0
MC1_177594,MC1,177594,2019-12-01,0.4388029,0
MC1_177641,MC1,177641,2019-12-01,0.47702214,0
MC1_177680,MC1,177680,2019-12-01,0.3717995,0
MC1_177741,MC1,177741,2019-12-01,0.4560434,0
MC1_177799,MC1,177799,2019-12-01,0.5205966,0
MC1_177954,MC1,177954,2019-12-01,0.48273623,0
MC1_178050,MC1,178050,2019-12-01,0.5145976,0
MC1_178179,MC1,178179,2019-12-01,0.42860547,0
MC1_178376,MC1,178376,2019-12-01,0.45724896,0
MC1_178674,MC1,178674,2019-12-01,0.50751156,0
MC1_17876,MC1,17876,2019-12-01,0.47721922,0
MC1_17882,MC1,17882,2019-10-09,0.47115448,1
MC1_178917,MC1,178917,2019-12-01,0.35626432,0
MC1_178950,MC1,178950,2019-12-01,0.51620126,0
MC1_179325,MC1,179325,2019-12-01,0.37483105,0
MC1_17942,MC1,17942,2019-12-01,0.4620337,0
MC1_179522,MC1,179522,2019-12-01,0.5285973,0
MC1_17956,MC1,17956,2019-10-14,0.48663148,0
MC1_17985,MC1,17985,2019-08-11,0.46830234,1
MC1_179905,MC1,179905,2019-11-30,0.3822603,0
MC1_180112,MC1,180112,2019-12-01,0.5151501,0
MC1_180318,MC1,180318,2019-12-01,0.66181433,0
MC1_18048,MC1,18048,2019-12-01,0.47388104,0
MC1_180516,MC1,180516,2019-12-01,0.5149664,0
MC1_180562,MC1,180562,2019-12-01,0.5198207,0
MC1_180694,MC1,180694,2019-12-01,0.49054843,0
MC1_18079,MC1,18079,2019-12-01,0.46493855,0
MC1_180990,MC1,180990,2019-12-01,0.5157255,0
MC1_181005,MC1,181005,2019-12-01,0.4738382,0
MC1_181096,MC1,181096,2019-12-01,0.45969635,0
MC1_181374,MC1,181374,2019-12-01,0.5028728,0
MC1_181525,MC1,181525,2019-12-01,0.5140246,0
MC1_181526,MC1,181526,2019-12-01,0.5140246,0
MC1_181654,MC1,181654,2019-12-01,0.4938062,0
MC1_181731,MC1,181731,2019-12-01,0.446452,0
MC1_181881,MC1,181881,2019-12-01,0.5099187,0
MC1_181918,MC1,181918,2019-12-01,0.44704318,0
MC1_181950,MC1,181950,2019-12-01,0.5014505,0
MC1_182092,MC1,182092,2019-12-01,0.4003908,0
MC1_182125,MC1,182125,2019-12-01,0.36492187,0
MC1_182206,MC1,182206,2019-12-01,0.4954989,0
MC1_182239,MC1,182239,2019-12-01,0.5135923,0
MC1_182445,MC1,182445,2019-12-01,0.5003372,0
MC1_182446,MC1,182446,2019-12-01,0.5024655,0
MC1_183010,MC1,183010,2019-12-01,0.47976783,0
MC1_183382,MC1,183382,2019-12-01,0.50548744,0
MC1_183529,MC1,183529,2019-12-01,0.5060724,0
MC1_183543,MC1,183543,2019-12-01,0.47454762,0
MC1_183653,MC1,183653,2019-12-01,0.5029239,0
MC1_18407,MC1,18407,2019-12-01,0.41788527,0
MC1_184227,MC1,184227,2019-12-06,0.5150592,1
MC1_184353,MC1,184353,2019-07-13,0.5082542,1
MC1_184607,MC1,184607,2019-12-01,0.34839895,0
MC1_184622,MC1,184622,2019-12-01,0.4779376,0
MC1_184756,MC1,184756,2019-12-01,0.48764682,0
MC1_184842,MC1,184842,2019-09-10,0.45484415,0
MC1_184902,MC1,184902,2019-12-01,0.5131433,0
MC1_185108,MC1,185108,2019-12-01,0.4433297,0
MC1_185975,MC1,185975,2019-12-01,0.45460874,0
MC1_186154,MC1,186154,2019-12-01,0.49907058,0
MC1_186739,MC1,186739,2019-12-01,0.3654475,0
MC1_187029,MC1,187029,2019-12-01,0.46990237,0
MC1_187034,MC1,187034,2019-12-01,0.51521665,0
MC1_187159,MC1,187159,2019-09-21,0.51543766,0
MC1_187269,MC1,187269,2019-12-01,0.49978575,0
MC1_187581,MC1,187581,2019-12-01,0.5307036,0
MC1_187755,MC1,187755,2019-12-01,0.55649567,0
MC1_187852,MC1,187852,2019-12-01,0.43557915,0
MC1_188128,MC1,188128,2019-12-01,0.4590355,0
MC1_188172,MC1,188172,2019-12-01,0.51164436,0
MC1_188580,MC1,188580,2019-12-01,0.45295691,0
MC1_188694,MC1,188694,2019-12-01,0.37440166,0
MC1_188709,MC1,188709,2019-12-01,0.4111108,0
MC1_18901,MC1,18901,2019-12-01,0.51030624,0
MC1_189016,MC1,189016,2018-10-03,0.9357137,0
MC1_18906,MC1,18906,2018-03-25,0.97256655,0
MC1_189262,MC1,189262,2019-12-01,0.49826464,0
MC1_18932,MC1,18932,2019-12-01,0.44500488,0
MC1_189339,MC1,189339,2019-12-01,0.480063,0
MC1_189554,MC1,189554,2019-05-08,0.41645327,0
MC1_189774,MC1,189774,2019-12-01,0.4983307,0
MC1_190028,MC1,190028,2019-12-01,0.5067406,0
MC1_190044,MC1,190044,2019-12-01,0.35544005,0
MC1_190122,MC1,190122,2019-12-01,0.49042144,0
MC1_190133,MC1,190133,2019-12-01,0.5048607,0
MC1_190471,MC1,190471,2019-07-30,0.4985574,0
MC1_190513,MC1,190513,2019-12-01,0.49101475,0
MC1_19079,MC1,19079,2019-12-01,0.38918483,0
MC1_191123,MC1,191123,2019-12-01,0.4763501,0
MC1_191258,MC1,191258,2019-12-01,0.4359648,0
MC1_191318,MC1,191318,2019-12-01,0.36649865,0
MC1_191459,MC1,191459,2019-12-01,0.4038738,0
MC1_191500,MC1,191500,2019-12-01,0.4506149,0
MC1_191515,MC1,191515,2019-12-01,0.44031802,0
MC1_191633,MC1,191633,2019-12-01,0.5014403,0
MC1_191642,MC1,191642,2019-12-01,0.41280538,0
MC1_191700,MC1,191700,2019-12-01,0.44017982,0
MC1_19177,MC1,19177,2019-12-01,0.49799925,0
MC1_191782,MC1,191782,2019-12-01,0.49457347,0
MC1_191886,MC1,191886,2019-12-01,0.51181465,0
MC1_192036,MC1,192036,2019-12-01,0.7463003,0
MC1_192068,MC1,192068,2019-12-01,0.3613067,0
MC1_192219,MC1,192219,2019-12-01,0.36072588,0
MC1_193018,MC1,193018,2019-12-01,0.55835235,0
MC1_193138,MC1,193138,2019-12-01,0.5096542,0
MC1_193160,MC1,193160,2019-12-01,0.509252,0
MC1_193401,MC1,193401,2019-12-01,0.49100235,0
MC1_193447,MC1,193447,2019-12-01,0.43452078,0
MC1_19372,MC1,19372,2019-12-01,0.36600882,0
MC1_193773,MC1,193773,2019-12-01,0.48744282,0
MC1_194058,MC1,194058,2019-12-01,0.51552033,0
MC1_194400,MC1,194400,2019-12-01,0.5129799,0
MC1_194403,MC1,194403,2019-12-01,0.51297396,0
MC1_194433,MC1,194433,2019-08-14,0.51544476,0
MC1_194487,MC1,194487,2019-04-23,0.3556418,1
MC1_194574,MC1,194574,2019-12-01,0.42189503,0
MC1_195071,MC1,195071,2019-12-01,0.45251808,0
MC1_19514,MC1,19514,2019-12-01,0.50756633,0
MC1_195282,MC1,195282,2019-12-01,0.4990174,0
MC1_195357,MC1,195357,2019-11-17,0.50529665,0
MC1_195470,MC1,195470,2019-12-01,0.51297224,0
MC1_195507,MC1,195507,2019-12-01,0.37901863,0
MC1_195616,MC1,195616,2019-12-01,0.5167962,0
MC1_195920,MC1,195920,2019-12-01,0.42710793,0
MC1_195923,MC1,195923,2019-12-01,0.42710793,0
MC1_19593,MC1,19593,2019-12-01,0.3867416,0
MC1_196058,MC1,196058,2019-11-05,0.35717323,0
MC1_196084,MC1,196084,2019-11-16,0.5151392,0
MC1_196231,MC1,196231,2019-12-01,0.4762629,0
MC1_196252,MC1,196252,2019-12-01,0.529705,0
MC1_196315,MC1,196315,2019-10-25,0.5147652,0
MC1_196561,MC1,196561,2019-12-01,0.5094739,0
MC1_196793,MC1,196793,2019-12-01,0.4644807,0
MC1_196940,MC1,196940,2019-12-01,0.51052076,0
MC1_197066,MC1,197066,2019-11-30,0.68709564,0
MC1_197150,MC1,197150,2019-12-01,0.40789765,0
MC1_197172,MC1,197172,2019-12-01,0.52162117,0
MC1_197207,MC1,197207,2019-06-26,0.38825902,1
MC1_197404,MC1,197404,2019-12-01,0.51256114,0
MC1_197495,MC1,197495,2019-08-17,0.382479,0
MC1_197496,MC1,197496,2019-08-17,0.382479,0
MC1_197740,MC1,197740,2019-12-01,0.5099997,0
MC1_198007,MC1,198007,2019-12-01,0.5122491,0
MC1_198018,MC1,198018,2019-12-01,0.5122543,0
MC1_198072,MC1,198072,2019-12-01,0.50217885,0
MC1_198112,MC1,198112,2019-12-01,0.42151955,0
MC1_198244,MC1,198244,2019-12-01,0.5178183,0
MC1_198335,MC1,198335,2019-08-10,0.36183676,1
MC1_198587,MC1,198587,2019-12-01,0.36147258,0
MC1_198737,MC1,198737,2019-12-01,0.4324098,0
MC1_198928,MC1,198928,2019-12-01,0.4945453,0
MC1_199182,MC1,199182,2019-10-27,0.5010345,0
MC1_19920,MC1,19920,2019-10-09,0.37837473,0
MC1_199358,MC1,199358,2019-12-01,0.51386714,0
MC1_199635,MC1,199635,2019-12-01,0.92066985,0
MC1_199939,MC1,199939,2019-06-28,0.5063656,1
MC1_199985,MC1,199985,2019-12-01,0.5056606,0
MC1_200088,MC1,200088,2019-12-01,0.5109105,0
MC1_200097,MC1,200097,2019-12-01,0.5141712,0
MC1_200145,MC1,200145,2019-12-01,0.51658654,0
MC1_20373,MC1,20373,2019-12-01,0.51662695,0
MC1_20376,MC1,20376,2019-12-01,0.51662695,0
MC1_20740,MC1,20740,2019-12-01,0.5129811,0
MC1_20810,MC1,20810,2019-12-01,0.5247407,0
MC1_20933,MC1,20933,2019-12-01,0.5237248,0
MC1_21369,MC1,21369,2019-12-01,0.5055331,0
MC1_21422,MC1,21422,2019-12-01,0.48642093,0
MC1_21469,MC1,21469,2019-09-15,0.51011,1
MC1_21541,MC1,21541,2019-12-01,0.48397473,0
MC1_21800,MC1,21800,2019-12-01,0.45369518,0
MC1_2182,MC1,2182,2019-12-01,0.47816172,0
MC1_21832,MC1,21832,2019-12-01,0.4859772,0
MC1_21958,MC1,21958,2019-12-01,0.5023127,0
MC1_21985,MC1,21985,2019-08-14,0.5211454,1
MC1_22118,MC1,22118,2019-12-01,0.37116632,0
MC1_22309,MC1,22309,2019-12-01,0.4963631,0
MC1_22395,MC1,22395,2019-11-29,0.5068302,0
MC1_22647,MC1,22647,2019-08-18,0.50569755,0
MC1_22776,MC1,22776,2019-12-01,0.44251153,0
MC1_22979,MC1,22979,2019-12-01,0.49890056,0
MC1_23064,MC1,23064,2019-12-01,0.38176852,0
MC1_23374,MC1,23374,2019-12-01,0.47187072,0
MC1_23383,MC1,23383,2019-12-01,0.35344672,0
MC1_23400,MC1,23400,2019-12-01,0.481248,0
MC1_23475,MC1,23475,2018-04-20,0.40874386,0
MC1_23496,MC1,23496,2019-12-01,0.3556054,0
MC1_23520,MC1,23520,2019-12-01,0.5176502,0
MC1_2355,MC1,2355,2019-12-01,0.5157197,0
MC1_23625,MC1,23625,2019-12-01,0.5134851,0
MC1_23940,MC1,23940,2019-09-29,0.51093054,1
MC1_2404,MC1,2404,2019-12-01,0.5037332,0
MC1_241,MC1,241,2019-11-17,0.5086456,0
MC1_24101,MC1,24101,2019-12-01,0.5007809,0
MC1_24145,MC1,24145,2019-12-01,0.46430779,0
MC1_24526,MC1,24526,2019-12-01,0.51635456,0
MC1_24666,MC1,24666,2019-12-01,0.52149296,0
MC1_24716,MC1,24716,2019-12-01,0.51074684,0
MC1_24774,MC1,24774,2019-12-01,0.5016168,0
MC1_24816,MC1,24816,2019-12-01,0.49621314,0
MC1_2484,MC1,2484,2019-12-01,0.5122113,0
MC1_24847,MC1,24847,2019-12-01,0.36507836,0
MC1_24881,MC1,24881,2019-12-01,0.46011078,0
MC1_24972,MC1,24972,2019-12-01,0.5065058,0
MC1_25091,MC1,25091,2019-12-01,0.51500386,0
MC1_25367,MC1,25367,2019-08-23,0.44476634,0
MC1_2559,MC1,2559,2019-12-01,0.50899565,0
MC1_25594,MC1,25594,2019-12-01,0.5246719,0
MC1_25617,MC1,25617,2019-12-01,0.52029234,0
MC1_25619,MC1,25619,2019-12-01,0.51331645,0
MC1_25631,MC1,25631,2019-12-01,0.6882347,0
MC1_25700,MC1,25700,2019-12-01,0.51420456,0
MC1_25829,MC1,25829,2019-12-01,0.46013618,0
MC1_25884,MC1,25884,2019-12-01,0.51118034,0
MC1_2612,MC1,2612,2019-12-01,0.48142558,0
MC1_26400,MC1,26400,2019-12-01,0.44650954,0
MC1_26502,MC1,26502,2019-12-01,0.42400676,0
MC1_26611,MC1,26611,2019-12-01,0.50917155,0
MC1_26866,MC1,26866,2019-12-01,0.5063595,0
MC1_26910,MC1,26910,2019-12-01,0.46005136,0
MC1_27121,MC1,27121,2019-04-11,0.42497674,0
MC1_27215,MC1,27215,2019-12-01,0.44175836,0
MC1_2723,MC1,2723,2019-12-01,0.5111165,0
MC1_27585,MC1,27585,2019-12-01,0.35907692,0
MC1_2769,MC1,2769,2019-12-01,0.43956396,0
MC1_28083,MC1,28083,2019-12-01,0.453344,0
MC1_2831,MC1,2831,2019-12-01,0.5011344,0
MC1_28316,MC1,28316,2019-12-01,0.5088757,0
MC1_28383,MC1,28383,2019-12-01,0.5012502,0
MC1_28400,MC1,28400,2019-12-01,0.4959815,0
MC1_28499,MC1,28499,2019-10-01,0.5148389,0
MC1_28749,MC1,28749,2019-12-01,0.44292897,0
MC1_29137,MC1,29137,2019-12-01,0.5239804,0
MC1_29435,MC1,29435,2019-12-01,0.44118628,0
MC1_29504,MC1,29504,2019-10-18,0.4629416,0
MC1_29772,MC1,29772,2019-12-01,0.5220267,0
MC1_29790,MC1,29790,2019-12-01,0.4457206,0
MC1_29851,MC1,29851,2019-12-01,0.5191476,0
MC1_29997,MC1,29997,2019-12-01,0.46504766,0
MC1_30306,MC1,30306,2019-12-01,0.44416794,0
MC1_30584,MC1,30584,2019-12-01,0.4684357,0
MC1_30633,MC1,30633,2019-12-01,0.4502125,0
MC1_30799,MC1,30799,2019-12-01,0.37784743,0
MC1_30825,MC1,30825,2019-12-01,0.37208292,0
MC1_30852,MC1,30852,2019-12-01,0.3531202,0
MC1_30943,MC1,30943,2019-12-01,0.43057665,0
MC1_3101,MC1,3101,2019-12-01,0.5130305,0
MC1_31116,MC1,31116,2019-12-01,0.5110344,0
MC1_31151,MC1,31151,2019-12-01,0.36557502,0
MC1_31210,MC1,31210,2019-12-01,0.47864872,0
MC1_31405,MC1,31405,2019-12-01,0.45626187,0
MC1_31429,MC1,31429,2019-12-01,0.3742939,0
MC1_31444,MC1,31444,2019-12-01,0.38177022,0
MC1_31770,MC1,31770,2019-12-01,0.4260376,0
MC1_31801,MC1,31801,2019-12-01,0.4502189,0
MC1_31969,MC1,31969,2019-12-01,0.5029843,0
MC1_32444,MC1,32444,2019-09-21,0.49212027,0
MC1_32475,MC1,32475,2019-12-01,0.42640468,0
MC1_32580,MC1,32580,2019-05-08,0.37715372,0
MC1_32704,MC1,32704,2019-12-01,0.35588238,0
MC1_32751,MC1,32751,2019-12-01,0.37199652,0
MC1_32945,MC1,32945,2019-12-01,0.4907371,0
MC1_33323,MC1,33323,2019-12-01,0.3958856,0
MC1_33380,MC1,33380,2019-12-01,0.52512306,0
MC1_33438,MC1,33438,2019-06-17,0.51484245,0
MC1_33901,MC1,33901,2019-12-01,0.50626475,0
MC1_34062,MC1,34062,2019-12-01,0.37732792,0
MC1_34578,MC1,34578,2019-12-01,0.44970557,0
MC1_3461,MC1,3461,2019-12-01,0.5208905,0
MC1_34622,MC1,34622,2019-12-01,0.48800996,0
MC1_34655,MC1,34655,2019-03-24,0.41976616,0
MC1_34705,MC1,34705,2019-12-01,0.5058183,0
MC1_34975,MC1,34975,2019-12-01,0.47963995,0
MC1_35124,MC1,35124,2018-11-21,0.9403435,1
MC1_35134,MC1,35134,2019-12-01,0.5052704,0
MC1_3527,MC1,3527,2019-12-01,0.49128956,0
MC1_35310,MC1,35310,2019-12-01,0.5122551,0
MC1_35347,MC1,35347,2019-12-01,0.45369714,0
MC1_35652,MC1,35652,2019-12-01,0.48432568,0
MC1_35684,MC1,35684,2019-12-01,0.37508005,0
MC1_35740,MC1,35740,2019-11-23,0.57077634,0
MC1_3591,MC1,3591,2019-12-01,0.42835754,0
MC1_35920,MC1,35920,2019-12-01,0.3517258,0
MC1_35951,MC1,35951,2019-12-01,0.4240066,0
MC1_36024,MC1,36024,2019-12-01,0.4424441,0
MC1_36390,MC1,36390,2019-12-01,0.52383053,0
MC1_36686,MC1,36686,2019-12-01,0.3720167,0
MC1_36764,MC1,36764,2019-12-01,0.49730876,0
MC1_36775,MC1,36775,2019-12-01,0.37207884,0
MC1_36940,MC1,36940,2019-12-01,0.4241903,0
MC1_37252,MC1,37252,2019-12-01,0.4357471,0
MC1_37318,MC1,37318,2019-12-01,0.498064,0
MC1_37462,MC1,37462,2019-12-01,0.46350828,0
MC1_37553,MC1,37553,2019-03-03,0.41468242,1
MC1_3757,MC1,3757,2019-12-01,0.47472697,0
MC1_37593,MC1,37593,2019-12-01,0.36408213,0
MC1_37605,MC1,37605,2019-12-01,0.38496476,0
MC1_37743,MC1,37743,2019-12-01,0.494316,0
MC1_37916,MC1,37916,2019-12-01,0.50916874,0
MC1_37945,MC1,37945,2019-12-01,0.44027865,0
MC1_3799,MC1,3799,2019-12-01,0.44663018,0
MC1_37995,MC1,37995,2019-12-01,0.44173226,0
MC1_38119,MC1,38119,2019-12-01,0.52382576,0
MC1_38348,MC1,38348,2019-12-01,0.451325,0
MC1_38533,MC1,38533,2019-12-01,0.40867466,0
MC1_38657,MC1,38657,2019-11-17,0.50930125,0
MC1_38747,MC1,38747,2019-12-01,0.4800989,0
MC1_38850,MC1,38850,2019-11-17,0.4364672,0
MC1_38862,MC1,38862,2019-12-01,0.45788184,0
MC1_38991,MC1,38991,2019-12-01,0.5069909,0
MC1_38992,MC1,38992,2019-12-01,0.5069909,0
MC1_39300,MC1,39300,2019-12-01,0.48836476,0
MC1_39524,MC1,39524,2019-12-01,0.5113645,0
MC1_39547,MC1,39547,2019-12-01,0.3850319,0
MC1_39684,MC1,39684,2019-12-01,0.48912954,0
MC1_39706,MC1,39706,2019-12-01,0.50581604,0
MC1_39925,MC1,39925,2019-12-01,0.5233526,0
MC1_39931,MC1,39931,2019-12-01,0.5320348,0
MC1_40046,MC1,40046,2019-12-01,0.46945274,0
MC1_40142,MC1,40142,2019-12-01,0.50512815,0
MC1_40304,MC1,40304,2019-12-01,0.36635712,0
MC1_40455,MC1,40455,2019-12-01,0.3612714,0
MC1_40479,MC1,40479,2018-03-08,0.6964365,0
MC1_40542,MC1,40542,2019-12-01,0.46257004,0
MC1_40578,MC1,40578,2019-12-01,0.48640406,0
MC1_40671,MC1,40671,2019-12-01,0.5151873,0
MC1_40758,MC1,40758,2019-12-01,0.4952645,0
MC1_40765,MC1,40765,2019-12-01,0.5215581,0
MC1_40861,MC1,40861,2019-12-01,0.47599956,0
MC1_4094,MC1,4094,2019-12-01,0.39328262,0
MC1_41152,MC1,41152,2019-12-01,0.49085626,0
MC1_41177,MC1,41177,2019-12-01,0.36932632,0
MC1_4123,MC1,4123,2019-12-01,0.41267487,0
MC1_41360,MC1,41360,2019-01-19,0.44364667,0
MC1_41464,MC1,41464,2019-12-01,0.52140427,0
MC1_41860,MC1,41860,2019-12-01,0.41730246,0
MC1_41898,MC1,41898,2019-12-01,0.47120044,0
MC1_41948,MC1,41948,2019-12-01,0.4994376,0
MC1_42104,MC1,42104,2019-12-01,0.4862561,0
MC1_42125,MC1,42125,2019-12-01,0.38344815,0
MC1_42376,MC1,42376,2019-12-01,0.6105667,0
MC1_42499,MC1,42499,2019-11-17,0.4684359,0
MC1_42583,MC1,42583,2019-12-01,0.36928457,0
MC1_42888,MC1,42888,2019-12-01,0.5141029,0
MC1_42979,MC1,42979,2019-12-01,0.5179417,0
MC1_42981,MC1,42981,2019-12-01,0.5179417,0
MC1_43056,MC1,43056,2019-12-01,0.39263502,0
MC1_43173,MC1,43173,2019-12-01,0.5086628,0
MC1_43234,MC1,43234,2019-12-01,0.5073187,0
MC1_4328,MC1,4328,2019-12-01,0.49688882,0
MC1_43554,MC1,43554,2019-12-01,0.48271322,0
MC1_43653,MC1,43653,2019-12-01,0.3714796,0
MC1_43670,MC1,43670,2019-12-01,0.5171995,0
MC1_43769,MC1,43769,2019-12-01,0.47126767,0
MC1_44186,MC1,44186,2019-12-01,0.48551923,0
MC1_44596,MC1,44596,2019-12-01,0.40073714,0
MC1_44692,MC1,44692,2019-12-01,0.5929602,0
MC1_44775,MC1,44775,2019-12-01,0.66834986,0
MC1_44798,MC1,44798,2019-12-01,0.44281498,0
MC1_45024,MC1,45024,2019-12-01,0.50994074,0
MC1_45099,MC1,45099,2019-12-01,0.3612714,0
MC1_45362,MC1,45362,2019-12-01,0.41540164,0
MC1_45792,MC1,45792,2019-12-01,0.5123679,0
MC1_45867,MC1,45867,2019-12-01,0.5057148,0
MC1_46011,MC1,46011,2019-12-01,0.38640466,0
MC1_46199,MC1,46199,2019-12-01,0.46549124,0
MC1_46298,MC1,46298,2019-11-17,0.51021826,0
MC1_46384,MC1,46384,2019-12-01,0.52341086,0
MC1_46419,MC1,46419,2019-12-01,0.3972757,0
MC1_46459,MC1,46459,2019-12-01,0.4445657,0
MC1_47032,MC1,47032,2019-12-01,0.5232561,0
MC1_47135,MC1,47135,2019-12-01,0.37615538,0
MC1_47176,MC1,47176,2019-12-01,0.39092687,0
MC1_47186,MC1,47186,2019-12-01,0.5101541,0
MC1_47316,MC1,47316,2019-12-01,0.51641995,0
MC1_47480,MC1,47480,2019-12-01,0.38413814,0
MC1_47695,MC1,47695,2019-12-01,0.406707,0
MC1_4775,MC1,4775,2019-11-17,0.482149,0
MC1_47750,MC1,47750,2019-09-02,0.45018476,0
MC1_47857,MC1,47857,2019-11-17,0.46601048,0
MC1_48061,MC1,48061,2019-12-01,0.3553206,0
MC1_48236,MC1,48236,2019-01-06,0.35351786,1
MC1_48606,MC1,48606,2019-12-01,0.45200574,0
MC1_48717,MC1,48717,2019-12-01,0.45080397,0
MC1_48829,MC1,48829,2019-12-01,0.45412925,0
MC1_48983,MC1,48983,2019-12-01,0.46704015,0
MC1_49251,MC1,49251,2019-12-01,0.4241654,0
MC1_49429,MC1,49429,2019-12-01,0.36980653,0
MC1_49442,MC1,49442,2019-12-01,0.47163582,0
MC1_49587,MC1,49587,2019-12-01,0.45037523,0
MC1_49722,MC1,49722,2019-12-01,0.47159445,0
MC1_4991,MC1,4991,2019-12-01,0.47630924,0
MC1_50149,MC1,50149,2019-12-01,0.44933674,0
MC1_50231,MC1,50231,2019-12-01,0.5228268,0
MC1_50288,MC1,50288,2019-12-01,0.3675903,0
MC1_50315,MC1,50315,2019-12-01,0.3720847,0
MC1_50567,MC1,50567,2019-12-01,0.4488245,0
MC1_50574,MC1,50574,2019-12-01,0.49417856,0
MC1_50591,MC1,50591,2019-12-01,0.47226852,0
MC1_50592,MC1,50592,2019-12-01,0.47226852,0
MC1_50679,MC1,50679,2019-12-01,0.51796144,0
MC1_50737,MC1,50737,2019-03-01,0.37160194,1
MC1_50889,MC1,50889,2019-12-01,0.5139827,0
MC1_51265,MC1,51265,2019-12-01,0.51308775,0
MC1_51606,MC1,51606,2019-12-01,0.45445576,0
MC1_51656,MC1,51656,2019-12-01,0.7359181,0
MC1_51865,MC1,51865,2019-12-01,0.37469065,0
MC1_51940,MC1,51940,2019-12-01,0.37110034,0
MC1_52029,MC1,52029,2019-08-14,0.51556176,0
MC1_52033,MC1,52033,2019-08-14,0.5143661,0
MC1_52056,MC1,52056,2019-12-01,0.3955427,0
MC1_52107,MC1,52107,2019-11-17,0.5112038,0
MC1_52216,MC1,52216,2019-12-01,0.41070983,0
MC1_52295,MC1,52295,2019-12-01,0.51082826,0
MC1_52417,MC1,52417,2019-12-01,0.36026105,0
MC1_52467,MC1,52467,2019-12-01,0.92992365,0
MC1_52553,MC1,52553,2019-12-01,0.46468794,0
MC1_5262,MC1,5262,2019-12-01,0.49692926,0
MC1_52771,MC1,52771,2019-12-01,0.5095861,0
MC1_52937,MC1,52937,2019-12-01,0.4744427,0
MC1_52964,MC1,52964,2019-12-01,0.5051326,0
MC1_53191,MC1,53191,2019-12-01,0.5126699,0
MC1_53324,MC1,53324,2019-12-01,0.4640376,0
MC1_53420,MC1,53420,2019-12-01,0.40735596,0
MC1_53594,MC1,53594,2018-04-20,0.40050012,0
MC1_53709,MC1,53709,2019-11-17,0.5051808,0
MC1_53842,MC1,53842,2019-12-01,0.47458118,0
MC1_54080,MC1,54080,2019-11-30,0.38162363,0
MC1_54179,MC1,54179,2019-11-30,0.38300118,0
MC1_54363,MC1,54363,2019-12-01,0.5098486,0
MC1_54423,MC1,54423,2019-12-01,0.489535,0
MC1_54797,MC1,54797,2019-11-17,0.4849916,0
MC1_55129,MC1,55129,2019-12-01,0.4924323,0
MC1_55411,MC1,55411,2019-12-01,0.50768054,0
MC1_55584,MC1,55584,2019-12-01,0.5070281,0
MC1_55807,MC1,55807,2019-11-29,0.5160864,0
MC1_55870,MC1,55870,2019-12-01,0.3954476,0
MC1_55987,MC1,55987,2019-12-01,0.5238427,0
MC1_56049,MC1,56049,2019-12-01,0.5242199,0
MC1_56351,MC1,56351,2019-12-01,0.49693885,0
MC1_56366,MC1,56366,2019-12-01,0.5125612,0
MC1_56472,MC1,56472,2019-12-01,0.4499182,0
MC1_5687,MC1,5687,2019-12-01,0.5204757,0
MC1_56907,MC1,56907,2019-12-01,0.48955894,0
MC1_5720,MC1,5720,2019-12-01,0.4777828,0
MC1_57375,MC1,57375,2019-11-17,0.71548283,0
MC1_57463,MC1,57463,2019-11-17,0.517277,0
MC1_57567,MC1,57567,2019-12-01,0.5118605,0
MC1_57719,MC1,57719,2019-12-01,0.5053293,0
MC1_57897,MC1,57897,2019-10-27,0.50510955,0
MC1_5802,MC1,5802,2019-12-01,0.3774607,0
MC1_58182,MC1,58182,2018-08-23,0.3918145,1
MC1_58334,MC1,58334,2019-12-01,0.5156984,0
MC1_58633,MC1,58633,2019-12-01,0.5197795,0
MC1_58700,MC1,58700,2019-12-01,0.39647338,0
MC1_58822,MC1,58822,2019-12-01,0.43928668,0
MC1_59247,MC1,59247,2019-12-01,0.3556003,0
MC1_59427,MC1,59427,2019-12-01,0.4784661,0
MC1_59591,MC1,59591,2018-11-21,0.4206389,1
MC1_59602,MC1,59602,2019-12-01,0.5192672,0
MC1_59984,MC1,59984,2019-11-17,0.5143519,0
MC1_60146,MC1,60146,2019-12-01,0.36680228,0
MC1_60171,MC1,60171,2019-12-01,0.5061864,0
MC1_60179,MC1,60179,2019-12-01,0.5099803,0
MC1_60249,MC1,60249,2019-12-01,0.4672912,0
MC1_60289,MC1,60289,2019-12-01,0.48757717,0
MC1_60473,MC1,60473,2019-12-01,0.45079035,0
MC1_60732,MC1,60732,2019-12-01,0.5114899,0
MC1_61144,MC1,61144,2019-10-20,0.40623748,0
MC1_61528,MC1,61528,2019-10-23,0.46204346,1
MC1_6171,MC1,6171,2019-12-01,0.52194387,0
MC1_61801,MC1,61801,2019-09-29,0.50388676,0
MC1_6195,MC1,6195,2019-12-01,0.5157603,0
MC1_62015,MC1,62015,2019-12-01,0.5190527,0
MC1_62049,MC1,62049,2019-12-01,0.48134327,0
MC1_6206,MC1,6206,2019-12-01,0.48288718,0
MC1_62083,MC1,62083,2019-12-01,0.49484742,0
MC1_62219,MC1,62219,2019-12-01,0.49623168,0
MC1_62307,MC1,62307,2019-12-01,0.38587537,0
MC1_62442,MC1,62442,2019-12-01,0.51558536,0
MC1_62521,MC1,62521,2019-12-01,0.50984305,0
MC1_62645,MC1,62645,2019-12-01,0.40715408,0
MC1_63038,MC1,63038,2019-12-01,0.50955945,0
MC1_63062,MC1,63062,2019-12-01,0.4492998,0
MC1_63107,MC1,63107,2019-12-01,0.522325,0
MC1_63130,MC1,63130,2019-12-01,0.5031535,0
MC1_63280,MC1,63280,2019-12-01,0.48067817,0
MC1_63297,MC1,63297,2019-12-01,0.47021905,0
MC1_63357,MC1,63357,2019-11-30,0.49452898,0
MC1_6357,MC1,6357,2019-11-23,0.491226,0
MC1_63762,MC1,63762,2019-10-07,0.50170416,1
MC1_64101,MC1,64101,2019-11-30,0.49452448,0
MC1_64234,MC1,64234,2019-12-01,0.37209266,0
MC1_64539,MC1,64539,2018-09-17,0.41328517,0
MC1_64726,MC1,64726,2019-12-07,0.5068885,1
MC1_64757,MC1,64757,2019-12-01,0.4675093,0
MC1_64896,MC1,64896,2019-12-01,0.5067365,0
MC1_65304,MC1,65304,2019-09-11,0.5031204,0
MC1_65361,MC1,65361,2019-12-01,0.35880876,0
MC1_65656,MC1,65656,2019-12-01,0.6110822,0
MC1_65855,MC1,65855,2019-12-01,0.50515807,0
MC1_66084,MC1,66084,2019-09-17,0.47762868,0
MC1_6618,MC1,6618,2019-12-01,0.49588016,0
MC1_66314,MC1,66314,2019-12-01,0.5105944,0
MC1_66638,MC1,66638,2019-12-01,0.51414615,0
MC1_66749,MC1,66749,2019-12-01,0.44933212,0
MC1_66834,MC1,66834,2019-12-01,0.411131,0
MC1_67147,MC1,67147,2019-12-07,0.51387936,1
MC1_67312,MC1,67312,2019-12-01,0.51078814,0
MC1_67530,MC1,67530,2019-11-17,0.5015376,0
MC1_67641,MC1,67641,2019-12-01,0.35310724,0
MC1_67792,MC1,67792,2019-12-01,0.47971833,0
MC1_67807,MC1,67807,2019-11-05,0.48223582,0
MC1_67935,MC1,67935,2019-12-01,0.5257009,0
MC1_67936,MC1,67936,2019-12-01,0.5165885,0
MC1_68082,MC1,68082,2019-12-01,0.39478067,0
MC1_6815,MC1,6815,2019-11-27,0.38906,0
MC1_68229,MC1,68229,2019-10-21,0.5119648,0
MC1_68511,MC1,68511,2019-12-01,0.37465808,0
MC1_68514,MC1,68514,2019-12-01,0.4969053,0
MC1_68988,MC1,68988,2019-12-01,0.46316448,0
MC1_69549,MC1,69549,2019-12-01,0.51517403,0
MC1_69651,MC1,69651,2019-12-01,0.49604493,0
MC1_7032,MC1,7032,2019-10-16,0.3663975,1
MC1_7087,MC1,7087,2019-12-01,0.5173457,0
MC1_70917,MC1,70917,2019-12-01,0.5050345,0
MC1_70996,MC1,70996,2019-12-01,0.508245,0
MC1_7101,MC1,7101,2019-12-01,0.5207963,0
MC1_71011,MC1,71011,2019-05-26,0.8040132,1
MC1_71125,MC1,71125,2019-12-01,0.45701727,0
MC1_71193,MC1,71193,2019-12-01,0.5149955,0
MC1_71430,MC1,71430,2019-12-01,0.50823665,0
MC1_71555,MC1,71555,2019-12-01,0.51429856,0
MC1_71574,MC1,71574,2019-12-01,0.511024,0
MC1_71603,MC1,71603,2018-11-21,0.7938209,1
MC1_71819,MC1,71819,2019-12-01,0.36739796,0
MC1_71874,MC1,71874,2019-12-01,0.50122005,0
MC1_71969,MC1,71969,2019-12-01,0.4144918,0
MC1_71999,MC1,71999,2019-12-01,0.4446894,0
MC1_72381,MC1,72381,2019-12-01,0.48616654,0
MC1_72400,MC1,72400,2019-12-01,0.4562624,0
MC1_72582,MC1,72582,2019-12-01,0.48567638,0
MC1_72597,MC1,72597,2019-12-01,0.5006471,0
MC1_72604,MC1,72604,2019-12-01,0.503292,0
MC1_7262,MC1,7262,2019-12-01,0.4990603,0
MC1_7277,MC1,7277,2019-12-01,0.52466834,0
MC1_72780,MC1,72780,2019-12-01,0.5157535,0
MC1_72929,MC1,72929,2019-12-01,0.5100602,0
MC1_73097,MC1,73097,2019-12-01,0.5086307,0
MC1_73352,MC1,73352,2019-12-01,0.5127846,0
MC1_73525,MC1,73525,2019-12-01,0.43524715,0
MC1_73532,MC1,73532,2019-12-01,0.42023313,0
MC1_7358,MC1,7358,2019-12-01,0.5149573,0
MC1_73603,MC1,73603,2019-12-01,0.4634536,0
MC1_73906,MC1,73906,2019-11-21,0.47054595,0
MC1_74053,MC1,74053,2019-11-17,0.35192594,0
MC1_74103,MC1,74103,2019-12-01,0.49777678,0
MC1_74158,MC1,74158,2019-12-01,0.44668055,0
MC1_74684,MC1,74684,2019-12-01,0.5192736,0
MC1_74745,MC1,74745,2019-12-01,0.5172111,0
MC1_74771,MC1,74771,2019-12-01,0.50716364,0
MC1_75027,MC1,75027,2019-12-01,0.3554594,0
MC1_75183,MC1,75183,2019-12-01,0.5193278,0
MC1_75208,MC1,75208,2019-12-01,0.5860861,0
MC1_75374,MC1,75374,2019-11-17,0.5086059,0
MC1_75386,MC1,75386,2019-12-01,0.5104144,0
MC1_75496,MC1,75496,2019-12-01,0.4457812,0
MC1_75544,MC1,75544,2019-12-01,0.5026896,0
MC1_75626,MC1,75626,2019-12-01,0.5166343,0
MC1_760,MC1,760,2019-12-01,0.50493294,0
MC1_76704,MC1,76704,2019-12-01,0.5136985,0
MC1_76746,MC1,76746,2019-12-01,0.36641735,0
MC1_76804,MC1,76804,2019-12-01,0.42945763,0
MC1_76814,MC1,76814,2019-12-01,0.44884807,0
MC1_76832,MC1,76832,2019-12-01,0.45435238,0
MC1_77146,MC1,77146,2019-12-01,0.48274174,0
MC1_77163,MC1,77163,2019-12-01,0.40079847,0
MC1_7734,MC1,7734,2019-12-01,0.45088038,0
MC1_77423,MC1,77423,2019-12-01,0.44543698,0
MC1_77618,MC1,77618,2019-12-01,0.51501065,0
MC1_77634,MC1,77634,2019-12-01,0.4556226,0
MC1_77637,MC1,77637,2019-12-01,0.45878446,0
MC1_77907,MC1,77907,2019-12-01,0.37864742,0
MC1_77913,MC1,77913,2019-12-01,0.47357145,0
MC1_78017,MC1,78017,2019-06-10,0.51262355,0
MC1_78139,MC1,78139,2019-06-26,0.510944,1
MC1_7828,MC1,7828,2019-12-01,0.38511327,0
MC1_78302,MC1,78302,2019-12-01,0.4265411,0
MC1_78380,MC1,78380,2019-12-01,0.40343893,0
MC1_78497,MC1,78497,2019-12-01,0.50420314,0
MC1_7892,MC1,7892,2019-12-01,0.50871634,0
MC1_78975,MC1,78975,2019-12-01,0.51552194,0
MC1_79161,MC1,79161,2019-12-01,0.5241636,0
MC1_79302,MC1,79302,2019-06-30,0.51628613,0
MC1_79306,MC1,79306,2019-06-30,0.7442965,0
MC1_79588,MC1,79588,2019-12-01,0.4887967,0
MC1_79596,MC1,79596,2019-01-17,0.36471394,1
MC1_79650,MC1,79650,2019-12-01,0.5161534,0
MC1_79686,MC1,79686,2019-12-01,0.49538338,0
MC1_79687,MC1,79687,2019-12-01,0.501257,0
MC1_79710,MC1,79710,2019-12-01,0.3741129,0
MC1_79738,MC1,79738,2019-11-17,0.4686032,0
MC1_79953,MC1,79953,2019-10-15,0.5163918,1
MC1_80081,MC1,80081,2019-11-17,0.74467176,0
MC1_80082,MC1,80082,2018-07-14,0.49009195,1
MC1_80297,MC1,80297,2019-12-01,0.47871417,0
MC1_80352,MC1,80352,2019-09-11,0.35923275,1
MC1_80378,MC1,80378,2019-12-01,0.48033637,0
MC1_80492,MC1,80492,2019-12-01,0.48571134,0
MC1_81062,MC1,81062,2019-12-01,0.47833443,0
MC1_81085,MC1,81085,2019-12-01,0.45838386,0
MC1_8111,MC1,8111,2019-11-30,0.3758386,0
MC1_8133,MC1,8133,2019-12-01,0.44652253,0
MC1_81413,MC1,81413,2019-12-01,0.44989687,0
MC1_8155,MC1,8155,2019-12-01,0.47353584,0
MC1_81622,MC1,81622,2019-12-01,0.48587137,0
MC1_81841,MC1,81841,2019-12-01,0.37935793,0
MC1_81844,MC1,81844,2019-12-01,0.5098479,0
MC1_82073,MC1,82073,2019-11-17,0.4360558,0
MC1_82095,MC1,82095,2019-12-01,0.49221018,0
MC1_82200,MC1,82200,2019-12-01,0.44657573,0
MC1_82291,MC1,82291,2019-12-01,0.40814027,0
MC1_82460,MC1,82460,2019-12-01,0.35245547,0
MC1_82478,MC1,82478,2019-12-01,0.3632682,0
MC1_82621,MC1,82621,2019-12-01,0.48482135,0
MC1_82765,MC1,82765,2019-09-02,0.45462137,0
MC1_82895,MC1,82895,2019-12-01,0.44253433,0
MC1_83327,MC1,83327,2019-12-01,0.4865494,0
MC1_83522,MC1,83522,2019-12-01,0.69371986,0
MC1_83727,MC1,83727,2019-10-25,0.00407759,0
MC1_8378,MC1,8378,2019-12-01,0.4786597,0
MC1_83841,MC1,83841,2019-12-01,0.4776058,0
MC1_84015,MC1,84015,2019-12-01,0.47706822,0
MC1_84160,MC1,84160,2019-12-01,0.5976999,0
MC1_84305,MC1,84305,2019-12-01,0.50844276,0
MC1_8492,MC1,8492,2019-12-01,0.4418815,0
MC1_853,MC1,853,2019-12-01,0.5221206,0
MC1_8530,MC1,8530,2019-12-01,0.5217536,0
MC1_85300,MC1,85300,2019-12-01,0.4498852,0
MC1_85530,MC1,85530,2019-12-01,0.37008893,0
MC1_85568,MC1,85568,2019-12-01,0.5175645,0
MC1_85606,MC1,85606,2019-12-01,0.47730508,0
MC1_8564,MC1,8564,2019-12-01,0.49153182,0
MC1_85747,MC1,85747,2019-12-01,0.4408713,0
MC1_8597,MC1,8597,2019-12-01,0.49808607,0
MC1_86188,MC1,86188,2019-12-01,0.3549576,0
MC1_86258,MC1,86258,2019-12-01,0.4331686,0
MC1_86785,MC1,86785,2019-12-01,0.46421173,0
MC1_86977,MC1,86977,2019-12-01,0.55236506,0
MC1_87038,MC1,87038,2019-12-01,0.464979,0
MC1_87057,MC1,87057,2019-11-17,0.48205325,0
MC1_8709,MC1,8709,2019-12-01,0.5029204,0
MC1_87325,MC1,87325,2019-07-13,0.37168875,0
MC1_87401,MC1,87401,2019-12-01,0.524708,0
MC1_87476,MC1,87476,2019-12-01,0.4465958,0
MC1_87698,MC1,87698,2019-12-01,0.51921123,0
MC1_87765,MC1,87765,2019-08-24,0.5147915,0
MC1_87776,MC1,87776,2019-12-01,0.39679936,0
MC1_87872,MC1,87872,2019-12-01,0.38841304,0
MC1_88107,MC1,88107,2019-12-01,0.39710206,0
MC1_88109,MC1,88109,2019-12-01,0.48033518,0
MC1_88616,MC1,88616,2019-12-01,0.50602806,0
MC1_88713,MC1,88713,2019-12-01,0.35282898,0
MC1_88909,MC1,88909,2019-12-01,0.50286067,0
MC1_89029,MC1,89029,2019-12-01,0.49643,0
MC1_89085,MC1,89085,2019-12-01,0.49165443,0
MC1_891,MC1,891,2019-12-01,0.41791883,0
MC1_89245,MC1,89245,2019-12-01,0.50144047,0
MC1_89304,MC1,89304,2019-12-01,0.53304774,0
MC1_89368,MC1,89368,2019-05-27,0.5619036,1
MC1_89721,MC1,89721,2019-12-01,0.4691268,0
MC1_89727,MC1,89727,2019-12-01,0.51536703,0
MC1_89774,MC1,89774,2019-12-01,0.9224713,0
MC1_89930,MC1,89930,2019-12-01,0.50048447,0
MC1_90012,MC1,90012,2019-11-17,0.43431804,0
MC1_90781,MC1,90781,2019-12-01,0.4559145,0
MC1_90836,MC1,90836,2019-09-14,0.47932482,1
MC1_90837,MC1,90837,2019-12-01,0.4986051,0
MC1_91249,MC1,91249,2019-12-01,0.5220202,0
MC1_91435,MC1,91435,2019-12-01,0.4254249,0
MC1_9149,MC1,9149,2019-12-01,0.5244827,0
MC1_91710,MC1,91710,2019-12-01,0.5136994,0
MC1_91915,MC1,91915,2019-12-01,0.451531,0
MC1_92135,MC1,92135,2019-12-01,0.52285004,0
MC1_92181,MC1,92181,2019-12-01,0.5249058,0
MC1_92205,MC1,92205,2019-12-01,0.49265367,0
MC1_92346,MC1,92346,2019-12-01,0.37444586,0
MC1_92463,MC1,92463,2019-12-01,0.44815665,0
MC1_92520,MC1,92520,2019-12-01,0.36414248,0
MC1_92575,MC1,92575,2019-09-17,0.5156075,1
MC1_92814,MC1,92814,2019-07-20,0.49189383,0
MC1_92835,MC1,92835,2019-12-01,0.3634803,0
MC1_93261,MC1,93261,2019-11-17,0.50856936,0
MC1_93278,MC1,93278,2018-12-28,0.5979664,1
MC1_93298,MC1,93298,2019-12-01,0.51407295,0
MC1_93388,MC1,93388,2018-04-25,0.38589558,0
MC1_93566,MC1,93566,2019-12-01,0.37431186,0
MC1_93918,MC1,93918,2019-11-30,0.50311935,0
MC1_94089,MC1,94089,2019-11-17,0.38905716,0
MC1_94351,MC1,94351,2019-12-01,0.47964394,0
MC1_94667,MC1,94667,2019-12-01,0.5023163,0
MC1_94848,MC1,94848,2019-12-01,0.39364207,0
MC1_94890,MC1,94890,2019-12-01,0.37200737,0
MC1_94988,MC1,94988,2019-12-01,0.36555123,0
MC1_95005,MC1,95005,2019-12-01,0.35556564,0
MC1_95316,MC1,95316,2019-12-01,0.4746753,0
MC1_95362,MC1,95362,2019-09-01,0.5042472,1
MC1_9539,MC1,9539,2019-12-01,0.3744453,0
MC1_95572,MC1,95572,2019-11-19,0.44492874,0
MC1_95704,MC1,95704,2019-12-01,0.51376957,0
MC1_95924,MC1,95924,2019-12-01,0.47776744,0
MC1_96307,MC1,96307,2019-12-01,0.5059889,0
MC1_96343,MC1,96343,2019-08-04,0.5245484,0
MC1_96551,MC1,96551,2019-12-01,0.41336867,0
MC1_96661,MC1,96661,2019-05-08,0.37715372,0
MC1_96666,MC1,96666,2019-12-01,0.3874417,0
MC1_96901,MC1,96901,2019-12-01,0.5377203,0
MC1_97099,MC1,97099,2019-12-01,0.51393276,0
MC1_97104,MC1,97104,2019-12-01,0.52334493,0
MC1_97157,MC1,97157,2019-12-01,0.47738796,0
MC1_97167,MC1,97167,2019-12-01,0.47738796,0
MC1_97318,MC1,97318,2019-12-01,0.5083819,0
MC1_97444,MC1,97444,2019-12-01,0.4973072,0
MC1_98069,MC1,98069,2019-12-01,0.41665632,0
MC1_98106,MC1,98106,2019-12-01,0.5066089,0
MC1_98231,MC1,98231,2019-12-01,0.36834842,0
MC1_98403,MC1,98403,2019-12-01,0.51226956,0
MC1_9852,MC1,9852,2019-12-01,0.4287748,0
MC1_98854,MC1,98854,2019-12-01,0.3790618,0
MC1_98895,MC1,98895,2019-12-01,0.5034836,0
MC1_99136,MC1,99136,2019-12-01,0.4699376,0
MC1_9920,MC1,9920,2019-11-18,0.35141516,0
MC1_9923,MC1,9923,2019-11-18,0.35141516,0
MC1_99319,MC1,99319,2019-12-01,0.51130253,0
MC1_99444,MC1,99444,2019-12-01,0.46182582,0
MC1_99552,MC1,99552,2019-08-09,0.49869344,0
MC1_99704,MC1,99704,2019-12-01,0.39379904,0
MC2_10131,MC2,10131,2019-12-01,0.43341273,0
MC2_10448,MC2,10448,2019-12-01,0.44741485,0
MC2_10581,MC2,10581,2019-12-01,0.53830695,0
MC2_10861,MC2,10861,2019-11-30,0.43624935,0
MC2_1088,MC2,1088,2019-12-01,0.43381098,0
MC2_10896,MC2,10896,2019-12-01,0.40809742,0
MC2_10928,MC2,10928,2019-11-03,0.3528482,0
MC2_10939,MC2,10939,2019-12-01,0.42886037,0
MC2_1101,MC2,1101,2019-12-01,0.4021925,0
MC2_11219,MC2,11219,2018-12-19,0.41140053,1
MC2_11322,MC2,11322,2019-11-17,0.36234027,0
MC2_11471,MC2,11471,2019-12-01,0.37667385,0
MC2_11488,MC2,11488,2019-12-01,0.51594317,0
MC2_11533,MC2,11533,2019-12-01,0.36592,0
MC2_11623,MC2,11623,2018-07-30,0.41927737,0
MC2_11700,MC2,11700,2019-12-01,0.38980317,0
MC2_12192,MC2,12192,2019-12-01,0.36836806,0
MC2_12492,MC2,12492,2019-12-01,0.5114182,0
MC2_12523,MC2,12523,2018-08-15,0.4169296,1
MC2_12710,MC2,12710,2019-12-01,0.35260534,0
MC2_12722,MC2,12722,2019-12-01,0.4149885,0
MC2_12880,MC2,12880,2019-12-01,0.41373026,0
MC2_13006,MC2,13006,2019-12-01,0.46078467,0
MC2_13028,MC2,13028,2019-08-06,0.49849552,0
MC2_1306,MC2,1306,2019-12-01,0.5176243,0
MC2_13121,MC2,13121,2019-12-01,0.51119363,0
MC2_13310,MC2,13310,2019-11-17,0.496502,0
MC2_13483,MC2,13483,2019-12-01,0.4302648,0
MC2_13651,MC2,13651,2019-12-01,0.3687214,0
MC2_1371,MC2,1371,2019-12-01,0.3704323,0
MC2_13849,MC2,13849,2019-12-01,0.35320193,0
MC2_14031,MC2,14031,2019-12-01,0.3801929,0
MC2_14069,MC2,14069,2018-12-02,0.41536307,1
MC2_1423,MC2,1423,2019-12-01,0.48849022,0
MC2_14526,MC2,14526,2019-12-01,0.41436163,0
MC2_14531,MC2,14531,2019-10-26,0.35978064,0
MC2_14690,MC2,14690,2019-12-01,0.41911042,0
MC2_14798,MC2,14798,2019-12-01,0.3919649,0
MC2_14927,MC2,14927,2019-12-01,0.36661747,0
MC2_15280,MC2,15280,2019-12-01,0.37881827,0
MC2_1533,MC2,1533,2019-12-01,0.42384124,0
MC2_15456,MC2,15456,2019-12-01,0.37056082,0
MC2_1558,MC2,1558,2019-12-01,0.46864638,0
MC2_15611,MC2,15611,2019-12-01,0.51089585,0
MC2_15797,MC2,15797,2019-11-17,0.3691845,0
MC2_16126,MC2,16126,2019-12-01,0.41980672,0
MC2_16163,MC2,16163,2019-12-01,0.350743,0
MC2_1644,MC2,1644,2019-12-01,0.51655096,0
MC2_16557,MC2,16557,2019-11-17,0.51709145,0
MC2_16602,MC2,16602,2019-12-01,0.3711662,0
MC2_16603,MC2,16603,2019-12-01,0.3891309,0
MC2_16837,MC2,16837,2019-12-01,0.4003496,0
MC2_17052,MC2,17052,2019-12-01,0.37035817,0
MC2_17100,MC2,17100,2019-12-01,0.51347613,0
MC2_17134,MC2,17134,2019-12-01,0.49885252,0
MC2_17158,MC2,17158,2018-07-28,0.4197321,1
MC2_17386,MC2,17386,2019-12-01,0.3851713,0
MC2_17389,MC2,17389,2019-12-01,0.37346494,0
MC2_17574,MC2,17574,2019-12-01,0.3512811,0
MC2_17576,MC2,17576,2019-11-17,0.38398808,0
MC2_17686,MC2,17686,2018-08-06,0.41248336,1
MC2_17928,MC2,17928,2019-11-03,0.3557705,0
MC2_17943,MC2,17943,2019-12-01,0.3548194,0
MC2_18204,MC2,18204,2019-12-01,0.43401414,0
MC2_18244,MC2,18244,2019-12-01,0.41362077,0
MC2_18305,MC2,18305,2019-12-01,0.35365078,0
MC2_18421,MC2,18421,2018-08-30,1.0,1
MC2_18539,MC2,18539,2019-12-01,0.35153246,0
MC2_18925,MC2,18925,2019-12-01,0.36275473,0
MC2_1920,MC2,1920,2019-12-01,0.36542624,0
MC2_19363,MC2,19363,2019-11-03,0.35502964,0
MC2_19389,MC2,19389,2019-12-01,0.40184397,0
MC2_19634,MC2,19634,2019-10-26,0.38458782,0
MC2_19672,MC2,19672,2019-12-01,0.4324697,0
MC2_19785,MC2,19785,2019-12-01,0.43297142,0
MC2_19936,MC2,19936,2019-12-01,0.3547517,0
MC2_20035,MC2,20035,2019-12-01,0.42612237,0
MC2_2019,MC2,2019,2019-12-01,0.35267496,0
MC2_20230,MC2,20230,2019-12-01,0.3817814,0
MC2_20314,MC2,20314,2019-12-01,0.3751522,0
MC2_20702,MC2,20702,2018-07-06,0.41539744,1
MC2_20913,MC2,20913,2019-12-01,0.3582768,0
MC2_21027,MC2,21027,2019-12-01,0.41168228,0
MC2_2125,MC2,2125,2019-12-01,0.357417,0
MC2_21293,MC2,21293,2019-12-01,0.37886366,0
MC2_21297,MC2,21297,2019-12-01,0.43817753,0
MC2_21366,MC2,21366,2019-12-01,0.36294895,0
MC2_21507,MC2,21507,2018-09-26,0.43443042,1
MC2_21774,MC2,21774,2019-12-01,0.44432524,0
MC2_21789,MC2,21789,2019-12-01,0.35409176,0
MC2_2184,MC2,2184,2019-12-01,0.3643293,0
MC2_21850,MC2,21850,2019-10-26,0.37374467,0
MC2_22072,MC2,22072,2019-12-01,0.37274313,0
MC2_22216,MC2,22216,2019-12-01,0.36418587,0
MC2_22353,MC2,22353,2019-12-01,0.4055611,0
MC2_22474,MC2,22474,2019-12-01,0.40266627,0
MC2_22481,MC2,22481,2019-12-01,0.3767043,0
MC2_22606,MC2,22606,2019-12-01,0.5135822,0
MC2_22754,MC2,22754,2019-12-01,0.3741855,0
MC2_22877,MC2,22877,2019-12-01,0.49818918,0
MC2_23077,MC2,23077,2019-12-01,0.4218313,0
MC2_23173,MC2,23173,2019-12-01,0.42999777,0
MC2_23238,MC2,23238,2019-12-01,0.43507305,0
MC2_23411,MC2,23411,2019-12-01,0.3976127,0
MC2_23547,MC2,23547,2019-12-01,0.35888654,0
MC2_23738,MC2,23738,2019-11-17,0.40691957,0
MC2_23772,MC2,23772,2019-12-18,0.38600776,1
MC2_2409,MC2,2409,2019-12-01,0.43870485,0
MC2_2474,MC2,2474,2019-12-01,0.3738001,0
MC2_2486,MC2,2486,2019-12-01,0.3739024,0
MC2_2611,MC2,2611,2019-12-01,0.42954192,0
MC2_2651,MC2,2651,2019-12-01,0.398302,0
MC2_2895,MC2,2895,2019-12-01,0.35298982,0
MC2_3008,MC2,3008,2019-12-01,0.43191823,0
MC2_3039,MC2,3039,2019-12-01,0.44435036,0
MC2_3247,MC2,3247,2019-12-01,0.4465013,0
MC2_3410,MC2,3410,2019-12-01,0.4055545,0
MC2_3441,MC2,3441,2019-12-01,0.37749133,0
MC2_3541,MC2,3541,2019-12-01,0.35668868,0
MC2_3569,MC2,3569,2019-12-01,0.38767165,0
MC2_3664,MC2,3664,2019-12-01,0.51014847,0
MC2_3701,MC2,3701,2019-12-01,0.366884,0
MC2_3966,MC2,3966,2019-12-01,0.3683371,0
MC2_4434,MC2,4434,2019-12-01,0.40723094,0
MC2_4450,MC2,4450,2019-12-01,0.43674585,0
MC2_4660,MC2,4660,2019-12-01,0.36435795,0
MC2_5210,MC2,5210,2019-12-01,0.37916672,0
MC2_5297,MC2,5297,2019-12-01,0.3816786,0
MC2_5565,MC2,5565,2019-12-01,0.3710609,0
MC2_5692,MC2,5692,2019-12-01,0.40796956,0
MC2_5714,MC2,5714,2019-12-25,0.43333238,1
MC2_5718,MC2,5718,2019-12-01,0.35527012,0
MC2_5757,MC2,5757,2019-12-01,0.41568103,0
MC2_5805,MC2,5805,2019-12-01,0.3638895,0
MC2_5917,MC2,5917,2019-12-01,0.38951936,0
MC2_6518,MC2,6518,2019-12-01,0.43705025,0
MC2_6613,MC2,6613,2019-12-01,0.51180845,0
MC2_6633,MC2,6633,2019-12-01,0.5116303,0
MC2_6646,MC2,6646,2019-10-27,0.3752461,0
MC2_6755,MC2,6755,2019-12-01,0.3545872,0
MC2_6815,MC2,6815,2019-12-01,0.35825038,0
MC2_7023,MC2,7023,2019-12-01,0.40047765,0
MC2_7140,MC2,7140,2019-12-01,0.5108538,0
MC2_7371,MC2,7371,2019-12-01,0.36298984,0
MC2_739,MC2,739,2019-12-01,0.4380826,0
MC2_7434,MC2,7434,2019-12-01,0.35403958,0
MC2_750,MC2,750,2019-12-01,0.43824944,0
MC2_7526,MC2,7526,2019-11-17,0.40170836,0
MC2_7547,MC2,7547,2019-11-13,0.3552362,0
MC2_7566,MC2,7566,2019-12-01,0.35380068,0
MC2_7629,MC2,7629,2019-12-01,0.45093802,0
MC2_7737,MC2,7737,2019-12-01,0.41467336,0
MC2_7783,MC2,7783,2019-12-01,0.35322952,0
MC2_784,MC2,784,2019-12-01,0.37373942,0
MC2_7895,MC2,7895,2019-11-17,0.3965527,0
MC2_8367,MC2,8367,2019-12-01,0.3924988,0
MC2_8384,MC2,8384,2019-12-01,0.43820462,0
MC2_9003,MC2,9003,2019-12-01,0.44780943,0
MC2_931,MC2,931,2019-12-01,0.5147628,0
MC2_9314,MC2,9314,2019-12-01,0.35201302,0
MC2_9389,MC2,9389,2019-12-01,0.36335838,0
MC2_9511,MC2,9511,2019-12-01,0.43562737,0
MC2_9582,MC2,9582,2019-12-01,0.38199654,0
MC2_9741,MC2,9741,2019-12-01,0.5045128,0
MC2_9742,MC2,9742,2019-11-17,0.35416853,0
