model,disk_id,drive_score,drive_label,n_final_windows,final_window_start,final_window_end
MC1,7,0.4949793487787247,0,30,2019-11-02,2019-12-01
MC1,15,0.5006322334210078,0,30,2019-11-02,2019-12-01
MC1,61,0.5115369518597921,0,30,2019-11-02,2019-12-01
MC1,161,0.49513967434565226,0,30,2019-11-02,2019-12-01
MC1,164,0.4951430131991704,0,30,2019-11-02,2019-12-01
MC1,223,0.49615870614846547,0,30,2019-10-03,2019-11-01
MC1,407,0.49138917624950407,0,30,2019-11-02,2019-12-01
MC1,431,0.500062886873881,0,30,2019-11-02,2019-12-01
MC1,452,0.5255491455396016,0,30,2019-11-02,2019-12-01
MC1,565,0.48115335603555043,0,30,2019-11-02,2019-12-01
MC1,671,0.48780523737271625,0,30,2019-11-02,2019-12-01
MC1,703,0.5022581617037455,0,30,2019-11-02,2019-12-01
MC1,731,0.5032332479953766,0,30,2019-11-02,2019-12-01
MC1,770,0.5032363792260488,0,30,2019-11-02,2019-12-01
MC1,890,0.5130620658397674,1,30,2019-06-20,2019-07-19
MC1,1084,0.48120341897010804,0,30,2019-11-02,2019-12-01
MC1,1155,0.49743906954924266,0,30,2019-11-02,2019-12-01
MC1,1230,0.5178584059079488,0,30,2019-11-02,2019-12-01
MC1,1271,0.49466602901617684,0,30,2019-05-23,2019-06-21
MC1,1306,0.5075830399990082,0,30,2019-11-02,2019-12-01
MC1,1406,0.5005015860001246,0,30,2019-11-02,2019-12-01
MC1,1465,0.4838300327459971,0,30,2019-11-02,2019-12-01
MC1,1492,0.49190448224544525,0,30,2019-11-02,2019-12-01
MC1,1510,0.4860907475153605,0,30,2019-11-02,2019-12-01
MC1,1637,0.49434050818284353,0,30,2019-11-02,2019-12-01
MC1,1854,0.5038528919219971,0,30,2019-11-02,2019-12-01
MC1,2032,0.4865166405836741,0,30,2019-11-02,2019-12-01
MC1,2624,0.5148044387499492,0,30,2018-12-27,2019-01-25
MC1,2835,0.4982195615768433,0,30,2019-11-02,2019-12-01
MC1,2891,0.49949570099512736,0,30,2019-11-02,2019-12-01
MC1,2925,0.5125610450903575,0,30,2019-11-02,2019-12-01
MC1,2977,0.4968070944150289,0,30,2019-11-02,2019-12-01
MC1,2990,0.5001434733470281,0,30,2019-11-02,2019-12-01
MC1,3188,0.5095500032107035,0,30,2019-11-02,2019-12-01
MC1,3300,0.5186136742432912,0,30,2019-11-02,2019-12-01
MC1,3341,0.49532141784826916,0,30,2019-06-21,2019-07-20
MC1,3510,0.4973435451587041,0,30,2019-11-02,2019-12-01
MC1,3566,0.49470607936382294,0,30,2019-11-02,2019-12-01
MC1,3637,0.5050587753454844,0,30,2019-11-02,2019-12-01
MC1,3717,0.4980496674776077,0,30,2019-11-02,2019-12-01
MC1,3776,0.4973391344149907,0,30,2019-11-02,2019-12-01
MC1,3793,0.5188322007656098,0,30,2019-07-19,2019-08-17
MC1,3879,0.4978753676017125,0,30,2019-11-02,2019-12-01
MC1,3914,0.5121851861476898,0,30,2019-11-02,2019-12-01
MC1,4356,0.4968307415644328,1,30,2019-09-02,2019-10-01
MC1,4373,0.4878339946269989,0,30,2019-11-02,2019-12-01
MC1,4414,0.492446834842364,0,30,2019-08-14,2019-09-12
MC1,4442,0.504047836860021,0,30,2019-11-02,2019-12-01
MC1,4500,0.4869229346513748,0,30,2019-11-02,2019-12-01
MC1,4531,0.5034545520941417,0,30,2019-11-02,2019-12-01
MC1,4593,0.5077808380126954,0,30,2019-11-02,2019-12-01
MC1,4624,0.5050513267517089,0,30,2019-11-02,2019-12-01
MC1,4807,0.5080318073431651,0,30,2019-11-02,2019-12-01
MC1,5154,0.4912841280301412,0,30,2019-11-02,2019-12-01
MC1,5386,0.5067532539367676,0,30,2019-11-02,2019-12-01
MC1,5396,0.5040487627188365,1,30,2019-05-03,2019-06-01
MC1,5551,0.5953736146291096,0,30,2019-11-02,2019-12-01
MC1,5968,0.49714112281799316,0,30,2019-11-02,2019-12-01
MC1,6124,0.48440953890482585,0,30,2019-11-02,2019-12-01
MC1,6222,0.4998899390300115,0,30,2019-11-02,2019-12-01
MC1,6242,0.5049043814341228,0,30,2019-11-02,2019-12-01
MC1,6472,0.4940825233856837,0,30,2019-10-19,2019-11-17
MC1,6501,0.5103663702805837,0,30,2019-11-02,2019-12-01
MC1,6512,0.5077955563863118,0,30,2019-11-02,2019-12-01
MC1,6549,0.4981088121732076,0,30,2019-11-02,2019-12-01
MC1,6736,0.503749406337738,0,30,2019-11-02,2019-12-01
MC1,6789,0.5166709264119466,0,30,2019-11-02,2019-12-01
MC1,6801,0.49931700925032296,0,30,2019-11-02,2019-12-01
MC1,6802,0.5013198117415111,0,30,2019-11-02,2019-12-01
MC1,7112,0.49968175689379374,0,30,2019-11-02,2019-12-01
MC1,7209,0.5118257264296214,0,30,2019-11-02,2019-12-01
MC1,7246,0.4876665492852529,0,30,2019-11-02,2019-12-01
MC1,7251,0.4910274902979533,0,30,2019-11-02,2019-12-01
MC1,7298,0.5125055253505707,0,30,2019-11-02,2019-12-01
MC1,7425,0.5034118274847666,0,30,2019-10-19,2019-11-17
MC1,7447,0.5109001596768697,0,30,2019-11-02,2019-12-01
MC1,7498,0.49670160611470543,0,30,2019-11-02,2019-12-01
MC1,7689,0.5086316545804341,0,30,2019-11-02,2019-12-01
MC1,7715,0.5060074905554454,0,30,2019-11-02,2019-12-01
MC1,7800,0.4848925540844599,0,30,2019-11-02,2019-12-01
MC1,7937,0.4983353763818741,0,30,2019-11-02,2019-12-01
MC1,8242,0.519305960337321,0,30,2018-12-29,2019-01-27
MC1,8394,0.5053384462992351,0,30,2019-11-02,2019-12-01
MC1,8613,0.4932397703329722,0,30,2019-10-19,2019-11-17
MC1,8765,0.4931354115406672,0,30,2019-11-02,2019-12-01
MC1,8923,0.5033474485079448,0,30,2019-11-02,2019-12-01
MC1,9081,0.48328055838743844,0,30,2019-11-02,2019-12-01
MC1,9151,0.4890745331843694,0,30,2019-11-02,2019-12-01
MC1,9296,0.5098322212696076,0,30,2019-11-02,2019-12-01
MC1,9385,0.487686683734258,0,30,2019-11-02,2019-12-01
MC1,9404,0.48667613168557483,0,30,2019-11-02,2019-12-01
MC1,9408,0.5030202845732371,0,30,2019-11-02,2019-12-01
MC1,9472,0.4971935381491979,0,30,2019-11-02,2019-12-01
MC1,9583,0.48619928658008577,0,30,2019-11-02,2019-12-01
MC1,9612,0.5101363440354665,0,30,2019-11-02,2019-12-01
MC1,9628,0.5051988581816356,0,30,2019-11-02,2019-12-01
MC1,9654,0.4846010039250056,0,30,2019-11-02,2019-12-01
MC1,10033,0.48872204025586446,0,30,2019-11-02,2019-12-01
MC1,10141,0.5031607588132222,0,30,2019-11-02,2019-12-01
MC1,10271,0.5032393614451091,0,30,2019-11-02,2019-12-01
MC1,10333,0.5022529582182567,0,30,2019-11-02,2019-12-01
MC1,10385,0.48120183845361075,0,30,2019-11-02,2019-12-01
MC1,10596,0.4814568102359772,0,30,2019-11-02,2019-12-01
MC1,10607,0.497164652744929,0,30,2019-11-02,2019-12-01
MC1,10610,0.4812119742234548,0,30,2019-11-02,2019-12-01
MC1,10719,0.5102087994416554,0,30,2019-11-02,2019-12-01
MC1,10746,0.4988225112358729,0,30,2019-11-02,2019-12-01
MC1,10831,0.49200962285200756,0,30,2019-11-02,2019-12-01
MC1,11218,0.4951942016681035,0,30,2019-11-02,2019-12-01
MC1,11227,0.4951942016681035,0,30,2019-11-02,2019-12-01
MC1,11348,0.4842942396799723,0,30,2019-11-02,2019-12-01
MC1,11394,0.5035395383834839,0,30,2019-10-19,2019-11-17
MC1,11397,0.5035388708114624,0,30,2019-10-19,2019-11-17
MC1,11500,0.498339714606603,1,30,2019-09-01,2019-09-30
MC1,11615,0.49323825538158417,0,30,2019-11-02,2019-12-01
MC1,11623,0.5102374176184337,0,30,2019-11-02,2019-12-01
MC1,11863,0.48859336276849114,0,30,2019-11-02,2019-12-01
MC1,11879,0.5171663880348205,0,30,2019-11-02,2019-12-01
MC1,11948,0.4866757780313492,0,30,2019-11-02,2019-12-01
MC1,11968,0.4812654117743174,0,30,2019-11-02,2019-12-01
MC1,12022,0.4924215257167816,0,30,2019-11-02,2019-12-01
MC1,12045,0.5000841349363327,0,30,2019-11-02,2019-12-01
MC1,12120,0.4957671155532201,0,30,2019-11-02,2019-12-01
MC1,12610,0.4959324518839518,0,30,2019-11-02,2019-12-01
MC1,12779,0.49498011569182077,0,30,2019-11-02,2019-12-01
MC1,12988,0.4984472076098124,1,30,2019-09-19,2019-10-18
MC1,13015,0.49559800465365245,0,30,2018-08-19,2018-09-17
MC1,13138,0.49609037935733796,0,30,2019-10-03,2019-11-01
MC1,13139,0.496092559893926,0,30,2019-10-03,2019-11-01
MC1,13174,0.49730107287565867,0,30,2019-11-02,2019-12-01
MC1,13400,0.5053978264331818,0,30,2019-11-02,2019-12-01
MC1,13584,0.5104341963926952,0,30,2019-11-02,2019-12-01
MC1,13670,0.512476642926534,0,30,2019-11-02,2019-12-01
MC1,13730,0.49588769177595776,0,30,2019-11-02,2019-12-01
MC1,13773,0.4904236614704132,0,30,2019-10-19,2019-11-17
MC1,13915,0.4997365484635035,0,30,2019-11-02,2019-12-01
MC1,14238,0.49804514249165854,0,30,2019-11-02,2019-12-01
MC1,14311,0.5164676507314047,1,30,2018-06-17,2018-07-16
MC1,14326,0.5027870694796245,0,30,2019-11-02,2019-12-01
MC1,14455,0.48620350658893585,0,30,2019-11-02,2019-12-01
MC1,14665,0.518126102288564,0,30,2019-11-01,2019-11-30
MC1,14738,0.49258475402990975,0,30,2019-11-02,2019-12-01
MC1,14878,0.49645898838837943,0,30,2019-07-11,2019-08-09
MC1,14935,0.5087899545828501,0,30,2019-11-02,2019-12-01
MC1,15011,0.4922953426837921,0,30,2019-11-02,2019-12-01
MC1,15316,0.49270436068375906,0,30,2019-11-02,2019-12-01
MC1,15443,0.5158351163069407,0,30,2019-11-02,2019-12-01
MC1,15604,0.49606058100859324,0,30,2019-11-02,2019-12-01
MC1,15990,0.4983333766460419,0,30,2019-11-02,2019-12-01
MC1,15991,0.4983327070871989,0,30,2019-11-02,2019-12-01
MC1,16194,0.5033986608187357,0,30,2019-11-02,2019-12-01
MC1,16261,0.49434470931688945,0,30,2019-11-02,2019-12-01
MC1,16269,0.5009574830532074,0,30,2019-11-02,2019-12-01
MC1,16532,0.4948059548934301,0,30,2019-09-03,2019-10-02
MC1,16571,0.4976958771546682,0,30,2019-11-02,2019-12-01
MC1,16625,0.49072387913862864,0,30,2019-08-18,2019-09-16
MC1,16672,0.046940643182208676,0,25,2019-11-07,2019-12-01
MC1,17713,0.4999880284070969,0,30,2019-11-02,2019-12-01
MC1,17895,0.5165807843208313,0,30,2019-11-02,2019-12-01
MC1,18236,0.49719734489917755,0,30,2019-11-02,2019-12-01
MC1,18245,0.5131664574146271,0,30,2019-10-19,2019-11-17
MC1,18388,0.4982192764679591,0,30,2019-11-02,2019-12-01
MC1,18814,0.5031948804855346,0,30,2019-11-02,2019-12-01
MC1,18855,0.0,1,30,2019-11-03,2019-12-02
MC1,18898,0.4912765234708786,0,30,2019-11-02,2019-12-01
MC1,18955,0.4941033730904261,0,30,2019-11-02,2019-12-01
MC1,18970,0.5144883513450622,0,30,2019-11-02,2019-12-01
MC1,18986,0.601069575548172,0,30,2019-11-02,2019-12-01
MC1,19001,0.5101480762163798,0,30,2019-11-02,2019-12-01
MC1,19026,0.5278339207172393,0,30,2019-11-02,2019-12-01
MC1,19266,0.4918759683767954,0,30,2019-11-02,2019-12-01
MC1,19339,0.49507258633772533,0,30,2019-11-02,2019-12-01
MC1,19469,0.51060777703921,0,30,2019-11-02,2019-12-01
MC1,19618,0.4911239435275396,1,30,2019-08-19,2019-09-17
MC1,19735,0.49704936643441516,0,30,2019-11-02,2019-12-01
MC1,19744,0.49588244756062827,0,30,2019-11-02,2019-12-01
MC1,19905,0.4983745137850443,0,30,2019-11-02,2019-12-01
MC1,19974,0.4993675152460734,0,30,2019-11-02,2019-12-01
MC1,20071,0.5240626533826193,0,30,2019-11-02,2019-12-01
MC1,20123,0.506765478849411,0,30,2019-11-02,2019-12-01
MC1,20147,0.49469534158706663,0,30,2019-05-23,2019-06-21
MC1,20151,0.5056192417939503,0,30,2019-11-02,2019-12-01
MC1,20254,0.5007597366968791,0,30,2019-11-02,2019-12-01
MC1,20270,0.5073503375053405,0,30,2019-11-02,2019-12-01
MC1,20287,0.4878125657637914,0,30,2019-11-02,2019-12-01
MC1,20330,0.5043758730093638,0,30,2019-11-02,2019-12-01
MC1,20409,0.5107619245847066,1,30,2019-09-18,2019-10-17
MC1,20412,0.4953848381837209,0,30,2019-11-02,2019-12-01
MC1,20875,0.5015274902184804,0,30,2019-11-02,2019-12-01
MC1,20881,0.4984206259250641,0,30,2019-11-02,2019-12-01
MC1,20884,0.4984206259250641,0,30,2019-11-02,2019-12-01
MC1,21009,0.0,0,30,2019-11-02,2019-12-01
MC1,21054,0.49895017345746356,0,30,2019-11-02,2019-12-01
MC1,21508,0.5077773193518321,0,30,2019-11-02,2019-12-01
MC1,21533,0.5125218272209168,0,30,2019-11-02,2019-12-01
MC1,21553,0.5008685032526652,0,30,2019-11-02,2019-12-01
MC1,21629,0.5684626539548238,0,30,2019-11-02,2019-12-01
MC1,21688,0.49115152657032013,0,30,2019-11-02,2019-12-01
MC1,21865,0.5148727973302205,0,30,2019-11-02,2019-12-01
MC1,21902,0.5256630937258403,0,30,2019-11-02,2019-12-01
MC1,22244,0.49675877888997394,0,30,2019-11-02,2019-12-01
MC1,22276,0.4947359363238017,1,30,2019-10-16,2019-11-14
MC1,22407,0.5001406182845434,0,30,2019-11-02,2019-12-01
MC1,22415,0.512297761440277,0,30,2019-11-02,2019-12-01
MC1,22491,0.5188141683737437,0,30,2019-11-02,2019-12-01
MC1,22561,0.4958989193042119,0,30,2019-11-02,2019-12-01
MC1,22794,0.4971352239449819,0,30,2019-11-02,2019-12-01
MC1,22853,0.5073749621709188,0,30,2019-08-11,2019-09-09
MC1,22952,0.4944294661283493,0,30,2019-11-02,2019-12-01
MC1,23142,0.486273784438769,0,30,2019-11-02,2019-12-01
MC1,23652,0.4967682381470998,0,30,2019-11-02,2019-12-01
MC1,23704,0.490174733599027,0,30,2019-10-19,2019-11-17
MC1,23760,0.49704225758711496,0,30,2019-11-02,2019-12-01
MC1,23814,0.4956412156422933,0,30,2019-11-02,2019-12-01
MC1,23879,0.4983638385931651,0,30,2019-11-02,2019-12-01
MC1,24005,0.4812028954426448,0,30,2019-11-02,2019-12-01
MC1,24066,0.5108727276325226,0,30,2019-11-02,2019-12-01
MC1,24156,0.4901164541641871,0,30,2019-11-02,2019-12-01
MC1,24441,0.48327924211819967,0,30,2019-11-02,2019-12-01
MC1,24449,0.48327956994374593,0,30,2019-11-02,2019-12-01
MC1,24464,0.5107330719629923,0,30,2019-11-02,2019-12-01
MC1,24486,0.49919120570023856,0,30,2019-11-02,2019-12-01
MC1,24500,0.4864141126473745,0,30,2019-11-02,2019-12-01
MC1,24608,0.4928164800008138,0,30,2019-11-02,2019-12-01
MC1,24622,0.48811054428418477,0,30,2019-11-02,2019-12-01
MC1,24864,0.4891029586394628,0,30,2019-11-02,2019-12-01
MC1,25065,0.500358326236407,0,30,2019-11-02,2019-12-01
MC1,25115,0.4921700119972229,0,30,2019-11-02,2019-12-01
MC1,25298,0.5028937737147013,0,30,2019-11-02,2019-12-01
MC1,25453,0.4951477477947871,0,30,2019-11-02,2019-12-01
MC1,25542,0.48616058826446534,0,30,2019-11-02,2019-12-01
MC1,25674,0.49679380655288696,0,30,2019-11-02,2019-12-01
MC1,25788,0.49081182877222695,0,30,2019-11-02,2019-12-01
MC1,26006,0.5084079126516978,0,30,2019-02-21,2019-03-22
MC1,26050,0.492014479637146,0,30,2019-10-19,2019-11-17
MC1,26408,0.5001442044973373,0,30,2019-11-02,2019-12-01
MC1,26562,0.4971536805232366,0,30,2019-11-02,2019-12-01
MC1,26603,0.48894613881905874,0,30,2019-10-19,2019-11-17
MC1,26675,0.5049760321776072,0,30,2019-11-02,2019-12-01
MC1,26861,0.49857342143853506,0,30,2019-11-02,2019-12-01
MC1,26939,0.49536227285861967,1,30,2019-07-05,2019-08-03
MC1,27259,0.5103114426136017,0,30,2019-11-02,2019-12-01
MC1,27270,0.48839295506477354,0,30,2019-11-02,2019-12-01
MC1,27362,0.4945010850826899,0,30,2019-11-02,2019-12-01
MC1,27567,0.496134618918101,0,30,2019-11-02,2019-12-01
MC1,28010,0.4903345892826716,1,30,2019-09-19,2019-10-18
MC1,28134,0.5132348120212555,0,30,2019-10-19,2019-11-17
MC1,28395,0.4986070305109024,0,30,2019-11-02,2019-12-01
MC1,28567,0.5052056550979614,0,30,2019-11-02,2019-12-01
MC1,28602,0.49718399345874786,0,30,2019-11-02,2019-12-01
MC1,28786,0.486687504251798,0,30,2019-11-02,2019-12-01
MC1,28805,0.48441014091173806,0,30,2019-11-02,2019-12-01
MC1,28827,0.5113564729690552,0,30,2019-11-02,2019-12-01
MC1,28894,0.5101474761962891,0,30,2019-11-02,2019-12-01
MC1,29237,0.4944054166475932,0,30,2019-10-19,2019-11-17
MC1,29284,0.4943172683318456,0,30,2019-11-02,2019-12-01
MC1,29310,0.5076885521411896,0,30,2019-11-02,2019-12-01
MC1,29397,0.49441301822662354,0,30,2019-11-02,2019-12-01
MC1,29517,0.5102861205736796,0,30,2019-11-02,2019-12-01
MC1,29533,0.5115575472513835,0,30,2019-11-02,2019-12-01
MC1,29595,0.4930978586276372,0,30,2019-11-02,2019-12-01
MC1,29704,0.5113413711388906,0,30,2019-11-02,2019-12-01
MC1,29725,0.4811548660198847,0,30,2019-11-02,2019-12-01
MC1,29738,0.489085187514623,0,30,2019-11-02,2019-12-01
MC1,29780,0.5048582692941029,1,30,2019-05-17,2019-06-15
MC1,29823,0.5201098541418712,0,30,2019-11-02,2019-12-01
MC1,29955,0.5052084982395172,0,30,2019-11-02,2019-12-01
MC1,29990,0.5094136337439219,0,30,2019-11-02,2019-12-01
MC1,30167,0.48135415514310204,0,30,2019-11-02,2019-12-01
MC1,30494,0.4897622436285019,0,30,2019-11-02,2019-12-01
MC1,30578,0.5062725305557251,0,30,2019-11-02,2019-12-01
MC1,30688,0.5126571873823802,0,30,2019-11-02,2019-12-01
MC1,30860,0.5053605715433757,0,30,2019-11-02,2019-12-01
MC1,31067,0.49601488610108696,0,30,2019-11-02,2019-12-01
MC1,31192,0.5144480725129446,1,30,2019-06-27,2019-07-26
MC1,31334,0.488578795393308,0,30,2019-11-02,2019-12-01
MC1,31576,0.49721465905507406,0,30,2019-11-02,2019-12-01
MC1,32070,0.4958009590705236,0,30,2019-11-02,2019-12-01
MC1,32081,0.49958261648813884,0,30,2019-11-02,2019-12-01
MC1,32083,0.4880107372999191,0,30,2019-11-02,2019-12-01
MC1,32090,0.48800868590672813,0,30,2019-11-02,2019-12-01
MC1,32183,0.4985461672147115,0,30,2019-11-02,2019-12-01
MC1,32231,0.48771338164806366,0,30,2019-11-02,2019-12-01
MC1,32330,0.4877129207054774,0,30,2019-11-02,2019-12-01
MC1,32442,0.4926660199960073,0,30,2019-08-23,2019-09-21
MC1,33062,0.49560256401697794,0,30,2019-11-02,2019-12-01
MC1,33112,0.48614844183127087,0,30,2019-11-02,2019-12-01
MC1,33114,0.4861485153436661,0,30,2019-11-02,2019-12-01
MC1,33250,0.5174534300963084,0,30,2019-11-02,2019-12-01
MC1,33306,0.48672885199387866,0,30,2019-11-02,2019-12-01
MC1,33502,0.4900100628534953,0,30,2019-11-02,2019-12-01
MC1,33649,0.4906588981548945,0,30,2019-11-02,2019-12-01
MC1,33766,0.5075870871543884,0,30,2019-11-02,2019-12-01
MC1,33821,0.5183442453543345,0,30,2019-11-01,2019-11-30
MC1,33927,0.4883213609457016,0,30,2019-11-02,2019-12-01
MC1,33960,0.5000081439812978,0,30,2019-11-02,2019-12-01
MC1,34115,0.48162514666716255,0,30,2019-11-02,2019-12-01
MC1,34298,0.5121647397677104,0,30,2019-02-07,2019-03-08
MC1,34393,0.5041139463583628,0,30,2019-08-13,2019-09-11
MC1,34484,0.5146227300167083,0,30,2019-10-19,2019-11-17
MC1,34611,0.3146802792145206,0,30,2019-11-02,2019-12-01
MC1,35048,0.503688496351242,0,30,2019-11-02,2019-12-01
MC1,35196,0.4992441862821579,0,30,2019-11-02,2019-12-01
MC1,35403,0.49298345545927685,0,30,2019-10-19,2019-11-17
MC1,35487,0.5287429292996725,0,30,2018-03-22,2018-04-20
MC1,35590,0.4959358344475428,0,30,2019-11-02,2019-12-01
MC1,35629,0.4918701579173406,0,30,2019-11-02,2019-12-01
MC1,35648,1.1777466313380384e-17,0,13,2019-11-19,2019-12-01
MC1,35679,0.5126526594161988,0,30,2019-11-02,2019-12-01
MC1,35682,0.5126519302527109,0,30,2019-11-02,2019-12-01
MC1,36019,0.5117792924245198,0,30,2019-11-02,2019-12-01
MC1,36256,0.48383293151855467,0,30,2019-11-02,2019-12-01
MC1,36288,0.49811074137687683,0,30,2019-11-02,2019-12-01
MC1,36332,0.5052084386348724,0,30,2019-11-02,2019-12-01
MC1,36392,0.495138011376063,0,30,2019-11-02,2019-12-01
MC1,36474,0.49605247676372527,0,30,2019-11-02,2019-12-01
MC1,36562,0.4980403532584508,0,30,2019-11-02,2019-12-01
MC1,36576,0.5077216903368632,0,30,2019-11-02,2019-12-01
MC1,36833,0.48337546586990354,0,30,2019-11-02,2019-12-01
MC1,36912,0.4980425794919332,0,30,2019-11-02,2019-12-01
MC1,36924,0.49463464617729186,0,30,2019-11-02,2019-12-01
MC1,36943,0.48120220998922986,0,30,2019-11-02,2019-12-01
MC1,36996,0.4988577793041865,0,30,2019-11-02,2019-12-01
MC1,37117,0.5268072406450908,0,30,2019-11-02,2019-12-01
MC1,37217,0.48328044911225637,0,30,2019-11-02,2019-12-01
MC1,37272,0.4973420520623525,0,30,2019-11-02,2019-12-01
MC1,37432,0.5029639542102814,0,30,2019-11-02,2019-12-01
MC1,37443,0.5029639542102814,0,30,2019-11-02,2019-12-01
MC1,37552,0.5163832028706868,0,30,2019-11-02,2019-12-01
MC1,37567,0.5075936853885651,0,30,2019-11-02,2019-12-01
MC1,37617,0.4915570497512817,0,30,2019-11-02,2019-12-01
MC1,37626,0.4970083365837733,0,30,2019-11-02,2019-12-01
MC1,37686,0.4859993169705073,0,30,2019-11-02,2019-12-01
MC1,37757,0.4947659244139989,0,30,2019-11-02,2019-12-01
MC1,37792,0.4975966542959213,0,30,2019-11-02,2019-12-01
MC1,37817,0.5187409520149231,0,30,2019-11-02,2019-12-01
MC1,37818,0.5187409520149231,0,30,2019-11-02,2019-12-01
MC1,37844,0.4899467517932256,0,30,2019-11-02,2019-12-01
MC1,37951,0.4865126649538676,0,30,2019-11-02,2019-12-01
MC1,38078,0.4894755681355794,0,30,2019-11-02,2019-12-01
MC1,38154,0.492727995912234,0,30,2019-11-02,2019-12-01
MC1,38413,0.5043675363063812,0,30,2019-11-02,2019-12-01
MC1,38424,0.5069268723328908,0,30,2019-11-02,2019-12-01
MC1,38459,0.49364952047665916,0,30,2019-11-02,2019-12-01
MC1,38613,0.49101190467675526,0,30,2019-11-02,2019-12-01
MC1,38672,0.49290063977241516,0,30,2019-11-02,2019-12-01
MC1,38754,0.5018520494302113,0,30,2019-11-02,2019-12-01
MC1,38856,0.5057850837707519,0,30,2019-10-19,2019-11-17
MC1,38882,0.4945632894833883,0,30,2019-11-02,2019-12-01
MC1,39085,0.49591612617174785,0,30,2019-11-02,2019-12-01
MC1,39090,0.5106240610281626,0,30,2019-11-02,2019-12-01
MC1,39109,0.49129045705000557,0,30,2019-11-02,2019-12-01
MC1,39159,0.49319169024626414,0,30,2019-11-02,2019-12-01
MC1,39299,0.4877361088991165,0,30,2019-11-02,2019-12-01
MC1,39349,0.5005934685468674,1,30,2019-09-25,2019-10-24
MC1,39381,0.49041447043418884,0,30,2019-11-02,2019-12-01
MC1,39514,0.48459895451863605,0,30,2019-11-02,2019-12-01
MC1,39659,0.4940946211417516,0,30,2019-11-02,2019-12-01
MC1,39662,0.510871535539627,0,30,2019-10-19,2019-11-17
MC1,39712,0.5101618230342865,0,30,2019-11-02,2019-12-01
MC1,39771,0.5012780586878459,0,30,2019-11-02,2019-12-01
MC1,39823,0.4918500343958537,0,30,2019-11-02,2019-12-01
MC1,39898,0.5195536335309346,1,30,2018-04-04,2018-05-03
MC1,40011,0.4859938045342763,0,30,2019-11-02,2019-12-01
MC1,40387,0.49840956131617226,0,30,2019-11-02,2019-12-01
MC1,40475,0.4988221724828084,0,30,2019-11-02,2019-12-01
MC1,40748,0.4996956527233124,0,30,2019-11-02,2019-12-01
MC1,40819,0.49684261679649355,0,30,2019-11-02,2019-12-01
MC1,41055,0.5344843765099844,0,30,2019-11-02,2019-12-01
MC1,41083,0.49821376204490664,0,30,2019-11-02,2019-12-01
MC1,41145,0.49038316706816354,1,30,2019-08-21,2019-09-19
MC1,41274,0.4927002141873042,0,30,2019-11-02,2019-12-01
MC1,41434,0.48350070615609486,0,30,2019-11-02,2019-12-01
MC1,41704,0.48115369776884714,0,30,2019-11-02,2019-12-01
MC1,41723,0.4942330559094747,0,30,2019-11-02,2019-12-01
MC1,42036,0.4981360067923864,0,30,2019-11-02,2019-12-01
MC1,42093,0.5077161252498626,0,30,2019-11-02,2019-12-01
MC1,42416,0.514959309498469,0,30,2019-10-19,2019-11-17
MC1,42619,0.5052547216415405,0,30,2019-11-02,2019-12-01
MC1,42812,0.5161760846773783,0,30,2019-11-02,2019-12-01
MC1,42880,0.49586853086948396,0,30,2019-11-02,2019-12-01
MC1,42907,0.48529245257377623,0,30,2019-10-19,2019-11-17
MC1,42972,0.47352959662887695,0,30,2019-11-02,2019-12-01
MC1,43585,0.49878738820552826,0,30,2019-11-02,2019-12-01
MC1,43640,0.4934001435836156,0,30,2019-11-02,2019-12-01
MC1,43734,0.4864633063475291,0,30,2019-11-02,2019-12-01
MC1,43761,0.512531715631485,0,30,2019-11-02,2019-12-01
MC1,43865,0.507582422097524,0,30,2019-11-02,2019-12-01
MC1,44028,0.49582433005174004,0,30,2019-08-13,2019-09-11
MC1,44075,0.4991633027791977,1,30,2019-08-21,2019-09-19
MC1,44347,0.49734607835610706,0,30,2019-11-02,2019-12-01
MC1,44477,0.5027899126211802,0,30,2019-11-02,2019-12-01
MC1,44532,0.4889246205488841,0,30,2019-11-02,2019-12-01
MC1,44545,0.48428900142510733,0,30,2019-11-02,2019-12-01
MC1,44554,0.5076656599839529,0,30,2019-11-02,2019-12-01
MC1,44636,0.5032031039396921,0,30,2019-11-02,2019-12-01
MC1,44640,0.4888474633296331,0,30,2019-11-02,2019-12-01
MC1,44662,0.49429883460203805,0,30,2019-10-19,2019-11-17
MC1,44755,0.5315907935301463,0,30,2019-11-02,2019-12-01
MC1,45052,0.523922469218572,0,30,2019-11-02,2019-12-01
MC1,45121,0.489312481880188,0,30,2019-10-19,2019-11-17
MC1,45151,0.49732423524061836,1,30,2019-05-14,2019-06-12
MC1,45332,0.5042734722296397,0,30,2019-11-02,2019-12-01
MC1,45435,0.5124775489171346,0,30,2019-11-02,2019-12-01
MC1,45447,0.5006079991658529,0,30,2019-10-19,2019-11-17
MC1,45570,0.4958763251701991,0,30,2019-11-02,2019-12-01
MC1,45590,0.5068033417065938,0,30,2019-11-02,2019-12-01
MC1,45885,0.4944122185309728,0,30,2019-11-02,2019-12-01
MC1,45930,0.510584847132365,0,30,2019-11-02,2019-12-01
MC1,46013,0.4864269743363063,0,30,2019-11-02,2019-12-01
MC1,46050,0.5077337404092153,0,30,2019-11-02,2019-12-01
MC1,46320,0.5178776542345683,0,30,2019-11-02,2019-12-01
MC1,46618,0.504456611474355,0,30,2019-11-02,2019-12-01
MC1,46750,0.49107161660989124,0,30,2019-09-28,2019-10-27
MC1,46776,0.49208482801914216,0,30,2019-11-02,2019-12-01
MC1,46806,0.49616166154543556,0,30,2019-11-02,2019-12-01
MC1,46899,0.49644690155982973,0,30,2019-11-02,2019-12-01
MC1,47080,0.5072739541530609,0,30,2019-11-02,2019-12-01
MC1,47118,0.524316543340683,1,30,2018-10-19,2018-11-17
MC1,47131,0.5029678603013357,0,30,2019-11-02,2019-12-01
MC1,47217,0.5109092772006989,0,30,2019-11-02,2019-12-01
MC1,47321,0.4975878357887268,0,30,2019-11-02,2019-12-01
MC1,47403,0.49770021239916484,0,30,2019-11-02,2019-12-01
MC1,47519,0.4892336885134379,0,30,2019-11-02,2019-12-01
MC1,47705,0.5169036507606506,0,30,2019-02-09,2019-03-10
MC1,47914,0.4926220526297887,0,30,2019-11-02,2019-12-01
MC1,47961,0.49705919325351716,0,30,2019-11-02,2019-12-01
MC1,48028,0.4978396326303482,0,30,2019-11-02,2019-12-01
MC1,48376,0.502802844842275,0,30,2019-11-02,2019-12-01
MC1,48460,0.499244882663091,1,30,2019-04-27,2019-05-26
MC1,48846,0.4861443022886912,0,30,2019-11-02,2019-12-01
MC1,48924,0.4940380493799845,0,30,2019-11-02,2019-12-01
MC1,49247,0.48119843900203707,0,30,2019-11-02,2019-12-01
MC1,49359,0.49399860501289367,0,30,2019-11-02,2019-12-01
MC1,49445,0.4872653653224309,0,30,2019-11-02,2019-12-01
MC1,49560,0.511207111676534,0,30,2019-11-02,2019-12-01
MC1,49824,0.5073478778203329,0,30,2019-11-02,2019-12-01
MC1,49840,0.4970218459765116,0,30,2019-11-02,2019-12-01
MC1,50067,0.5090519408384959,0,30,2019-11-02,2019-12-01
MC1,50153,0.5175088723500569,0,30,2019-11-02,2019-12-01
MC1,50184,0.5032531917095184,0,30,2019-11-02,2019-12-01
MC1,50204,0.4999243080615997,0,30,2019-11-02,2019-12-01
MC1,50382,0.5127126256624858,0,30,2019-11-02,2019-12-01
MC1,50481,0.4937628865242004,0,30,2019-11-02,2019-12-01
MC1,50547,0.5025859495004018,0,30,2019-11-02,2019-12-01
MC1,50698,0.5178705354531606,0,30,2019-11-02,2019-12-01
MC1,50774,0.5028721849123637,0,30,2019-11-02,2019-12-01
MC1,50881,0.4880086322625478,0,30,2019-11-02,2019-12-01
MC1,51044,0.4926130493481954,0,30,2019-11-02,2019-12-01
MC1,51262,0.4909334987401962,0,30,2019-11-02,2019-12-01
MC1,51275,0.497144744793574,0,30,2019-11-02,2019-12-01
MC1,51764,0.4918498198191325,0,30,2019-11-02,2019-12-01
MC1,51839,0.4997356722752253,0,30,2019-10-19,2019-11-17
MC1,51880,0.5112094799677531,0,30,2019-11-02,2019-12-01
MC1,52183,0.48655624985694884,0,30,2019-11-02,2019-12-01
MC1,52253,0.5098829686641693,1,30,2018-12-29,2019-01-27
MC1,52381,0.48640889922777814,0,30,2019-11-02,2019-12-01
MC1,52637,0.48780080378055574,0,30,2019-11-02,2019-12-01
MC1,52697,0.5029429535071055,0,30,2019-11-02,2019-12-01
MC1,52757,0.4967593083779017,0,30,2019-11-02,2019-12-01
MC1,52760,0.4867347220579783,0,30,2019-11-02,2019-12-01
MC1,52895,0.48663803140322365,0,30,2019-11-02,2019-12-01
MC1,53012,0.49518334567546846,0,30,2019-11-02,2019-12-01
MC1,53032,0.5125334481398265,0,30,2019-11-02,2019-12-01
MC1,53585,0.48322773377100625,0,30,2019-11-02,2019-12-01
MC1,53710,0.499148561557134,0,30,2019-10-19,2019-11-17
MC1,53755,0.4862105717261632,0,30,2019-11-02,2019-12-01
MC1,53872,0.5037961165110271,0,30,2019-11-02,2019-12-01
MC1,54097,0.49505501985549927,0,30,2019-09-04,2019-10-03
MC1,54274,0.487272913257281,0,30,2019-11-02,2019-12-01
MC1,54311,0.49111527105172476,0,30,2019-11-02,2019-12-01
MC1,54429,0.49835400382677714,0,30,2019-11-02,2019-12-01
MC1,54575,0.49882447918256123,0,30,2019-11-02,2019-12-01
MC1,54771,0.4956783552964528,0,30,2019-11-02,2019-12-01
MC1,55120,0.4991931756337484,1,30,2019-05-05,2019-06-03
MC1,55253,0.5052076141039531,0,30,2019-11-02,2019-12-01
MC1,55451,0.5041969120502472,0,30,2019-11-02,2019-12-01
MC1,55617,0.4843620628118515,0,30,2019-11-02,2019-12-01
MC1,56022,0.0,0,30,2019-11-02,2019-12-01
MC1,56093,0.4847413967053095,1,30,2019-09-13,2019-10-12
MC1,56521,0.4953803112109502,0,30,2019-11-02,2019-12-01
MC1,56924,0.5144527991612752,0,30,2019-11-02,2019-12-01
MC1,57025,0.4975840230782827,0,30,2019-11-02,2019-12-01
MC1,57068,0.5044555743535359,0,30,2019-11-02,2019-12-01
MC1,57174,0.5153949399789174,0,30,2019-11-02,2019-12-01
MC1,57377,0.4926551471153895,0,30,2019-10-19,2019-11-17
MC1,57424,0.494788325826327,0,30,2019-11-02,2019-12-01
MC1,57434,0.5142067154248555,0,30,2019-11-02,2019-12-01
MC1,57600,0.48454994956652325,0,30,2019-11-02,2019-12-01
MC1,57878,0.4838222761948903,0,30,2019-11-02,2019-12-01
MC1,57953,0.4967103123664856,0,30,2019-11-02,2019-12-01
MC1,58013,0.5133238911628724,1,30,2019-10-26,2019-11-24
MC1,58321,0.2749005574216188,0,30,2019-08-29,2019-09-27
MC1,58323,0.494890496134758,0,30,2019-08-29,2019-09-27
MC1,59010,0.5222133954366048,0,30,2018-08-20,2018-09-18
MC1,59127,0.4996795604626338,0,30,2019-11-02,2019-12-01
MC1,59201,2.3932418015744223e-17,0,13,2019-11-19,2019-12-01
MC1,59393,0.5074158231417338,0,30,2019-11-02,2019-12-01
MC1,59576,0.5050582746664684,0,30,2019-11-02,2019-12-01
MC1,59636,0.5117819209893545,0,30,2019-11-02,2019-12-01
MC1,59665,0.49339856406052907,0,30,2019-11-02,2019-12-01
MC1,59670,0.4934005081653595,0,30,2019-11-02,2019-12-01
MC1,59846,0.48618352015813193,0,30,2019-11-02,2019-12-01
MC1,59963,0.4883810957272848,0,30,2019-11-02,2019-12-01
MC1,60156,0.4891411711772283,0,30,2019-11-02,2019-12-01
MC1,60264,0.49733851055304207,0,30,2019-11-02,2019-12-01
MC1,60319,0.5119914333025615,0,30,2019-11-02,2019-12-01
MC1,60533,0.48439796765645343,0,30,2019-11-02,2019-12-01
MC1,60549,6.785330938407769e-20,0,12,2019-11-20,2019-12-01
MC1,60595,0.4983634054660797,0,30,2019-11-02,2019-12-01
MC1,60693,0.5031407038370769,1,30,2019-06-17,2019-07-16
MC1,61157,0.4945929984251658,0,30,2019-09-04,2019-10-03
MC1,61201,0.4931839684645335,1,30,2019-10-16,2019-11-14
MC1,61229,0.4975665479898453,0,30,2019-11-02,2019-12-01
MC1,61400,0.4981380065282186,0,30,2019-10-19,2019-11-17
MC1,61485,0.502957155307134,0,30,2019-11-02,2019-12-01
MC1,61565,0.5053360362847646,0,30,2019-11-02,2019-12-01
MC1,61667,0.49840549329916634,0,30,2019-11-02,2019-12-01
MC1,61671,0.49923090140024823,1,30,2019-10-17,2019-11-15
MC1,61729,0.481466668844223,0,30,2019-11-02,2019-12-01
MC1,61902,0.4908532281716665,0,30,2019-11-02,2019-12-01
MC1,61926,0.48399467368920646,0,30,2019-11-02,2019-12-01
MC1,62491,0.4960582584142685,0,30,2019-11-02,2019-12-01
MC1,62564,0.49459272424379985,0,30,2019-11-02,2019-12-01
MC1,62812,0.0,0,30,2019-11-02,2019-12-01
MC1,63232,2.6354440749303955e-36,0,30,2019-10-19,2019-11-17
MC1,63322,0.5005546311537424,0,30,2019-11-02,2019-12-01
MC1,63385,0.5054371257623037,0,30,2019-11-02,2019-12-01
MC1,63553,0.5146325925985972,0,30,2019-11-02,2019-12-01
MC1,63770,0.5020338634649912,0,30,2019-06-17,2019-07-16
MC1,63847,0.5067371348539988,0,30,2019-11-02,2019-12-01
MC1,63892,0.4987549672524134,0,30,2019-11-02,2019-12-01
MC1,63999,0.4813617746035258,0,30,2019-11-02,2019-12-01
MC1,64172,0.49867993692557017,0,30,2019-07-20,2019-08-18
MC1,64592,0.5100471317768097,0,30,2019-11-02,2019-12-01
MC1,64640,0.49837003548940023,0,30,2019-11-02,2019-12-01
MC1,64665,0.5181168715159098,0,30,2019-10-31,2019-11-29
MC1,64853,0.49956145187218987,0,30,2019-11-02,2019-12-01
MC1,64960,0.505055679877599,0,30,2019-11-02,2019-12-01
MC1,64973,0.49865922033786775,0,30,2019-11-02,2019-12-01
MC1,65040,0.493096653620402,0,30,2019-11-02,2019-12-01
MC1,65052,0.5127855221430461,0,30,2019-11-02,2019-12-01
MC1,65218,0.4965526878833771,0,30,2019-09-29,2019-10-28
MC1,65391,0.4964346875747045,0,30,2019-11-02,2019-12-01
MC1,65401,0.4886156678199768,0,30,2019-11-02,2019-12-01
MC1,65467,0.492537451783816,0,30,2019-11-02,2019-12-01
MC1,65500,0.4832916458447774,0,30,2019-11-02,2019-12-01
MC1,65762,0.4960490604241689,0,30,2019-11-02,2019-12-01
MC1,65813,0.5124847888946533,0,30,2019-11-02,2019-12-01
MC1,65814,0.5124847888946533,0,30,2019-11-02,2019-12-01
MC1,65844,0.486586453255461,0,30,2018-08-19,2018-09-17
MC1,66140,0.5179905434449513,0,30,2019-11-02,2019-12-01
MC1,66341,0.5121300260225932,0,30,2019-11-02,2019-12-01
MC1,66357,0.5052869081497192,0,30,2019-06-08,2019-07-07
MC1,66380,0.5117727359135945,0,30,2019-11-02,2019-12-01
MC1,66391,0.5117614547411601,0,30,2019-11-02,2019-12-01
MC1,66523,0.4862443635861079,0,30,2019-11-02,2019-12-01
MC1,66651,0.5014231562614441,0,30,2019-11-02,2019-12-01
MC1,66681,0.5038811524709066,0,30,2019-11-02,2019-12-01
MC1,66824,0.49262524644533795,0,30,2019-11-02,2019-12-01
MC1,66852,0.49275426963965097,0,30,2019-11-02,2019-12-01
MC1,66884,0.4893866022427877,0,30,2019-11-02,2019-12-01
MC1,66922,0.4939876049757004,0,30,2019-11-02,2019-12-01
MC1,67079,0.4935258368651072,0,30,2019-11-02,2019-12-01
MC1,67277,0.509215247631073,1,30,2018-10-03,2018-11-01
MC1,67544,0.4926620155572891,0,30,2019-11-02,2019-12-01
MC1,67690,0.49505980213483175,0,30,2019-11-02,2019-12-01
MC1,67698,0.49595012366771696,0,30,2019-11-02,2019-12-01
MC1,67727,0.4911161025365194,0,30,2019-11-02,2019-12-01
MC1,67958,0.4943962385257085,0,30,2019-11-02,2019-12-01
MC1,68012,0.4923071066538493,0,30,2019-11-02,2019-12-01
MC1,68020,0.5117345174153646,0,30,2019-11-02,2019-12-01
MC1,68064,0.4938458651304245,0,30,2019-11-02,2019-12-01
MC1,68248,0.5050120929876963,0,30,2019-11-02,2019-12-01
MC1,68728,0.5075786391894023,0,30,2019-11-02,2019-12-01
MC1,68742,0.49599334398905437,0,30,2019-11-02,2019-12-01
MC1,68791,0.4990838179985682,0,30,2019-04-14,2019-05-13
MC1,68835,0.49459123810132344,0,30,2019-11-02,2019-12-01
MC1,68968,0.5026730636755625,0,30,2019-11-02,2019-12-01
MC1,69245,0.4845614602168401,0,30,2019-11-02,2019-12-01
MC1,69640,0.5102517167727153,0,30,2019-11-02,2019-12-01
MC1,69917,0.4866800556580226,0,30,2019-11-02,2019-12-01
MC1,70008,0.49514738221963245,0,30,2019-11-02,2019-12-01
MC1,70054,0.49271341661612195,0,30,2019-11-02,2019-12-01
MC1,70106,0.4912868599096934,0,30,2019-11-02,2019-12-01
MC1,70351,0.5183163344860077,0,30,2019-11-01,2019-11-30
MC1,70383,0.4865937501192093,0,30,2019-11-02,2019-12-01
MC1,70567,0.5108718772729238,0,30,2019-11-02,2019-12-01
MC1,70634,0.4963024824857712,0,30,2019-11-02,2019-12-01
MC1,70636,0.4963024824857712,0,30,2019-11-02,2019-12-01
MC1,70772,0.49262088239192964,0,30,2019-11-02,2019-12-01
MC1,70848,0.502965756257375,0,30,2019-11-02,2019-12-01
MC1,70874,0.5015588601430258,0,30,2019-11-02,2019-12-01
MC1,70944,0.490139697988828,0,30,2019-11-02,2019-12-01
MC1,71054,0.4947324504454931,0,30,2019-11-02,2019-12-01
MC1,71104,0.5011297702789307,0,30,2019-11-02,2019-12-01
MC1,71233,0.49360636274019876,0,30,2019-11-02,2019-12-01
MC1,71554,0.5040854712327322,1,30,2019-05-26,2019-06-24
MC1,71700,0.4939900894959768,0,30,2019-11-02,2019-12-01
MC1,71849,0.4972151021162669,0,30,2019-11-02,2019-12-01
MC1,71909,0.5125120600064595,0,30,2019-11-02,2019-12-01
MC1,71948,0.509944494565328,0,30,2019-11-02,2019-12-01
MC1,71991,0.4892100731531779,0,30,2019-11-02,2019-12-01
MC1,72052,0.4961785306533178,0,30,2019-11-02,2019-12-01
MC1,72058,0.4832313686609268,0,30,2019-11-02,2019-12-01
MC1,72157,0.4998137374718984,0,30,2019-11-02,2019-12-01
MC1,72295,0.5179035663604736,0,30,2019-11-02,2019-12-01
MC1,72362,0.5006663302580515,0,30,2019-10-19,2019-11-17
MC1,72383,0.5007928788661957,0,30,2019-11-02,2019-12-01
MC1,72704,0.5960430443286896,0,30,2019-11-02,2019-12-01
MC1,72743,0.5050590535004934,0,30,2019-11-02,2019-12-01
MC1,72776,0.5179036378860473,0,30,2019-11-02,2019-12-01
MC1,72865,0.4971576323111852,0,30,2019-11-02,2019-12-01
MC1,73120,0.5012016256650289,0,30,2019-11-02,2019-12-01
MC1,73178,0.5074042975902557,0,30,2019-11-01,2019-11-30
MC1,73323,0.4951383312543233,0,30,2019-11-02,2019-12-01
MC1,73495,0.49825907945632936,0,30,2019-11-02,2019-12-01
MC1,73505,0.5189178725083669,1,30,2018-05-29,2018-06-27
MC1,73575,0.5045369187990825,1,30,2019-07-02,2019-07-31
MC1,73673,0.5033255000909169,0,30,2019-11-02,2019-12-01
MC1,73677,0.5033255000909169,0,30,2019-11-02,2019-12-01
MC1,73700,0.4985119154055913,0,30,2019-11-02,2019-12-01
MC1,73778,0.49977869987487794,0,30,2019-11-02,2019-12-01
MC1,73866,0.4841448614994685,0,30,2019-11-02,2019-12-01
MC1,73881,0.4988784025112788,0,30,2019-11-02,2019-12-01
MC1,73917,0.512487667798996,0,30,2019-11-02,2019-12-01
MC1,74367,0.4927555024623871,0,30,2019-11-02,2019-12-01
MC1,74428,0.49988250037034354,0,30,2019-09-29,2019-10-28
MC1,74579,0.49606367746988933,0,30,2019-11-02,2019-12-01
MC1,74617,0.5000262101491292,0,30,2019-11-02,2019-12-01
MC1,74843,0.4890911430120468,0,30,2019-11-02,2019-12-01
MC1,74878,0.4997082382440567,0,30,2019-11-02,2019-12-01
MC1,74900,0.4934072275956472,0,30,2019-11-02,2019-12-01
MC1,74993,0.5051086127758027,0,30,2019-11-02,2019-12-01
MC1,75068,0.48796808123588564,0,30,2019-11-02,2019-12-01
MC1,75082,0.5179629345734914,0,30,2019-11-02,2019-12-01
MC1,75120,0.5033706307411194,0,30,2019-07-16,2019-08-14
MC1,75135,0.4951470911502838,0,30,2019-11-02,2019-12-01
MC1,75158,0.5108403960863749,0,30,2019-10-19,2019-11-17
MC1,75237,0.48915864527225494,0,30,2019-11-02,2019-12-01
MC1,75275,0.49213803907235465,1,30,2019-09-02,2019-10-01
MC1,75363,0.49585623244444527,0,30,2019-11-02,2019-12-01
MC1,75504,0.5061847945054372,0,30,2019-09-08,2019-10-07
MC1,75526,0.5095515509446462,0,30,2019-11-02,2019-12-01
MC1,75709,0.5044664641221365,0,30,2019-11-02,2019-12-01
MC1,75781,0.49671222964922584,0,30,2019-11-02,2019-12-01
MC1,76072,0.5106332540512085,0,30,2019-11-02,2019-12-01
MC1,76168,0.5125142296155294,0,30,2019-11-02,2019-12-01
MC1,76237,0.4866707891225815,0,30,2019-11-02,2019-12-01
MC1,76690,0.4880813628435135,0,30,2019-11-02,2019-12-01
MC1,77004,0.495829231540362,0,30,2019-08-13,2019-09-11
MC1,77006,0.495829231540362,0,30,2019-08-13,2019-09-11
MC1,77016,0.49795999626318616,0,30,2019-11-02,2019-12-01
MC1,77037,0.48940144876639047,0,30,2019-11-02,2019-12-01
MC1,77203,0.4855486969153086,0,30,2019-11-02,2019-12-01
MC1,77522,0.5052166640758514,0,30,2019-11-02,2019-12-01
MC1,77550,0.5128338118394216,0,30,2019-11-02,2019-12-01
MC1,77568,0.48847164611021676,0,30,2019-11-02,2019-12-01
MC1,77571,0.5067227979501089,1,30,2019-01-21,2019-02-19
MC1,77574,0.5280164539813995,0,30,2019-11-02,2019-12-01
MC1,77676,0.5032590687274933,0,30,2019-11-02,2019-12-01
MC1,77719,0.4897397498289744,0,30,2019-11-02,2019-12-01
MC1,77781,0.48613878985246023,0,30,2019-11-02,2019-12-01
MC1,77988,0.4977580567200979,0,30,2019-11-02,2019-12-01
MC1,78105,0.4966397205988566,0,30,2019-09-19,2019-10-18
MC1,78130,0.5143411199251811,0,30,2018-09-16,2018-10-15
MC1,78203,0.48858280181884767,0,30,2019-11-02,2019-12-01
MC1,78358,0.5041210611661275,0,30,2019-11-02,2019-12-01
MC1,78754,0.4987583269675573,0,30,2019-11-02,2019-12-01
MC1,79150,0.49529484609762825,0,30,2019-11-02,2019-12-01
MC1,79523,0.5030362367630005,0,30,2019-11-02,2019-12-01
MC1,79540,0.5174490849177042,0,30,2019-11-02,2019-12-01
MC1,79581,0.49889543155829114,0,30,2019-11-02,2019-12-01
MC1,79704,0.5050454318523407,0,30,2019-11-02,2019-12-01
MC1,80012,0.49421886801719667,0,30,2019-11-02,2019-12-01
MC1,80036,0.49706868728001913,0,30,2019-11-02,2019-12-01
MC1,80111,0.5182584842046102,0,30,2019-11-02,2019-12-01
MC1,80270,0.49537948369979856,0,30,2019-11-02,2019-12-01
MC1,80625,0.49268937706947324,0,30,2019-11-02,2019-12-01
MC1,80870,0.5113373796145121,0,30,2019-11-02,2019-12-01
MC1,80984,0.4934306383132935,0,30,2019-11-02,2019-12-01
MC1,80994,0.4889489124218623,0,30,2019-11-02,2019-12-01
MC1,81235,0.4900882234176,0,30,2019-11-02,2019-12-01
MC1,81241,0.4900882234176,0,30,2019-11-02,2019-12-01
MC1,81394,0.5140344758828481,1,30,2018-12-20,2019-01-18
MC1,81452,0.4883851210276286,0,30,2019-11-02,2019-12-01
MC1,81729,0.4922263830900192,0,30,2019-07-18,2019-08-16
MC1,81863,0.4929703007141749,0,30,2019-11-02,2019-12-01
MC1,82300,0.5046232581138611,0,30,2019-06-17,2019-07-16
MC1,82347,0.4961172600587209,0,30,2019-11-02,2019-12-01
MC1,82543,0.4996671905120214,0,30,2019-11-02,2019-12-01
MC1,82650,0.4974980930487315,0,30,2019-11-02,2019-12-01
MC1,82687,0.4899252583583196,0,30,2019-11-02,2019-12-01
MC1,82836,0.50010713438193,0,30,2019-11-02,2019-12-01
MC1,82995,0.49519975086053214,0,30,2019-11-02,2019-12-01
MC1,83074,0.4885767102241516,0,30,2019-11-02,2019-12-01
MC1,83121,0.5208189785480499,0,30,2019-11-02,2019-12-01
MC1,83267,0.14567307760656212,0,24,2019-01-26,2019-02-18
MC1,83355,0.5001408288876216,0,30,2019-11-02,2019-12-01
MC1,83677,0.5871792793273926,0,30,2018-03-22,2018-04-20
MC1,83786,0.4811669836441676,0,30,2019-11-02,2019-12-01
MC1,83967,0.49440281788508095,0,30,2019-11-02,2019-12-01
MC1,83988,0.4953512529532115,0,30,2019-06-09,2019-07-08
MC1,84197,0.5049126386642456,0,30,2019-11-02,2019-12-01
MC1,84299,0.497674161195755,0,30,2019-11-02,2019-12-01
MC1,84457,0.5000804086526235,0,30,2019-11-02,2019-12-01
MC1,84532,0.5102625608444213,0,30,2019-11-02,2019-12-01
MC1,84667,0.512519375483195,0,30,2019-11-02,2019-12-01
MC1,84710,0.4894560734430949,0,30,2019-11-02,2019-12-01
MC1,84803,0.5045291423797608,0,30,2019-11-02,2019-12-01
MC1,84831,0.5009876946608226,0,30,2019-11-02,2019-12-01
MC1,84838,0.5009887675444286,0,30,2019-11-02,2019-12-01
MC1,85186,0.5085766772429149,0,30,2019-11-02,2019-12-01
MC1,85448,0.4918843388557434,0,30,2019-11-02,2019-12-01
MC1,85460,0.5103903194268544,0,30,2019-11-02,2019-12-01
MC1,85622,0.48626746733983356,0,30,2019-11-02,2019-12-01
MC1,86059,0.5113358736038208,0,30,2019-10-19,2019-11-17
MC1,86076,0.5026898344357809,0,30,2019-11-02,2019-12-01
MC1,86148,0.49904118378957113,0,30,2019-11-02,2019-12-01
MC1,86150,0.4990405231714249,0,30,2019-11-02,2019-12-01
MC1,86194,0.5179958621660868,0,30,2019-11-02,2019-12-01
MC1,86631,0.4984248677889506,0,30,2019-11-02,2019-12-01
MC1,86755,0.4995239406824112,0,30,2019-11-02,2019-12-01
MC1,86802,0.5094869792461395,1,30,2019-08-20,2019-09-18
MC1,87135,0.4971330086390177,0,30,2019-11-02,2019-12-01
MC1,87150,0.49601528147856394,0,30,2019-11-02,2019-12-01
MC1,87353,0.4950013726949692,0,30,2019-11-02,2019-12-01
MC1,87359,0.4952387511730194,0,30,2019-11-02,2019-12-01
MC1,87471,0.5030536373456319,0,30,2019-11-02,2019-12-01
MC1,87503,0.4950537840525309,0,30,2019-11-02,2019-12-01
MC1,87625,0.500790250301361,0,30,2019-11-02,2019-12-01
MC1,87695,0.4972777833541234,0,30,2019-11-02,2019-12-01
MC1,87807,0.4971960435311,0,30,2019-11-02,2019-12-01
MC1,88005,0.4865367978811264,0,30,2019-11-02,2019-12-01
MC1,88006,0.5124884982903798,0,30,2019-11-02,2019-12-01
MC1,88040,0.49419005314509074,0,30,2019-10-09,2019-11-07
MC1,88131,0.49566824634869894,0,30,2019-11-02,2019-12-01
MC1,88141,0.49949145714441934,0,30,2019-11-02,2019-12-01
MC1,88440,0.5124406238396962,0,30,2019-11-02,2019-12-01
MC1,88567,0.49357301990191144,0,30,2019-11-02,2019-12-01
MC1,88572,0.4890104552110036,0,30,2019-11-02,2019-12-01
MC1,88602,0.4927668501933416,0,30,2019-11-02,2019-12-01
MC1,88691,0.5007425824801127,0,30,2019-10-19,2019-11-17
MC1,88786,0.4983318308989207,0,30,2019-08-12,2019-09-10
MC1,88888,0.4942612091700236,0,30,2019-11-02,2019-12-01
MC1,89023,0.48117100199063617,0,30,2019-11-02,2019-12-01
MC1,89072,0.22211337972448003,0,30,2019-11-02,2019-12-01
MC1,89100,0.48953017393747966,0,30,2019-11-02,2019-12-01
MC1,89164,0.49781058033307396,0,30,2019-10-27,2019-11-25
MC1,89387,0.4954167346159617,0,30,2019-11-02,2019-12-01
MC1,89454,0.5143125454584757,0,30,2019-03-24,2019-04-22
MC1,89491,0.4996888041496277,0,30,2019-11-02,2019-12-01
MC1,89578,0.48845982750256856,0,30,2019-11-02,2019-12-01
MC1,89756,0.5136033773422242,0,30,2019-11-02,2019-12-01
MC1,89785,0.4959642469882965,0,30,2019-11-02,2019-12-01
MC1,89850,0.5112139205137889,0,30,2019-11-02,2019-12-01
MC1,90005,0.5007247845331828,0,30,2019-11-02,2019-12-01
MC1,90062,0.48124788105487826,0,30,2019-11-02,2019-12-01
MC1,90473,0.5013817807038625,0,30,2019-08-14,2019-09-12
MC1,90498,0.4937083552281062,0,30,2019-11-02,2019-12-01
MC1,90574,0.507299147049586,0,30,2019-08-25,2019-09-23
MC1,90593,0.5064166585604349,0,30,2019-11-02,2019-12-01
MC1,90603,0.504746534427007,0,30,2019-10-28,2019-11-26
MC1,91051,0.5113288879394531,0,30,2019-10-19,2019-11-17
MC1,91118,0.48506430983543397,0,30,2019-10-19,2019-11-17
MC1,91132,0.5058751583099366,0,30,2019-11-02,2019-12-01
MC1,91151,0.5014842808246612,0,30,2019-11-02,2019-12-01
MC1,91538,0.5052072008450826,0,30,2019-11-02,2019-12-01
MC1,91574,0.4984709988037745,0,30,2019-11-02,2019-12-01
MC1,91723,0.48381053407986957,0,30,2019-11-02,2019-12-01
MC1,91753,0.5028005123138428,0,30,2019-02-25,2019-03-26
MC1,91767,0.5005756427844366,0,30,2019-11-02,2019-12-01
MC1,91818,0.505737833182017,0,30,2019-11-02,2019-12-01
MC1,91907,0.5043966591358184,0,30,2019-11-02,2019-12-01
MC1,91979,0.495927486817042,0,30,2019-11-02,2019-12-01
MC1,92091,0.5032354354858398,0,30,2019-11-02,2019-12-01
MC1,92388,0.48696041802565254,0,30,2019-11-02,2019-12-01
MC1,92599,0.49275737901528677,0,30,2019-11-02,2019-12-01
MC1,92731,0.5044658958911896,0,30,2019-11-02,2019-12-01
MC1,92750,0.499532487988472,0,30,2019-11-02,2019-12-01
MC1,92958,0.48421791891256966,0,30,2019-11-02,2019-12-01
MC1,93073,0.4881694883108139,0,30,2019-11-02,2019-12-01
MC1,93173,0.5026953180631002,0,30,2019-11-02,2019-12-01
MC1,93220,0.48476615448792776,0,30,2019-11-02,2019-12-01
MC1,93507,0.48328074216842654,0,30,2019-11-02,2019-12-01
MC1,93726,0.5024185498555501,1,30,2019-07-26,2019-08-24
MC1,93727,0.5986697514851888,0,30,2019-11-02,2019-12-01
MC1,93916,0.4959981550772985,0,30,2019-11-02,2019-12-01
MC1,94112,0.500134355823199,0,30,2019-11-02,2019-12-01
MC1,94190,0.5032018880049388,0,30,2019-11-02,2019-12-01
MC1,94445,0.5035318871339162,0,30,2019-11-02,2019-12-01
MC1,94532,0.50073215564092,0,30,2019-11-02,2019-12-01
MC1,94608,0.4900930434465408,0,30,2019-10-19,2019-11-17
MC1,94623,0.49160723090171815,0,30,2019-11-02,2019-12-01
MC1,95081,0.5113462189833323,0,30,2019-04-01,2019-04-30
MC1,95090,0.48674257695674894,0,30,2019-11-02,2019-12-01
MC1,95146,0.49529147942860924,0,30,2019-11-02,2019-12-01
MC1,95148,0.49529328644275666,0,30,2019-11-02,2019-12-01
MC1,95360,0.4967687467734019,0,30,2019-11-02,2019-12-01
MC1,95587,0.5012897749741873,0,30,2019-11-02,2019-12-01
MC1,95605,0.4976850479841232,0,30,2019-11-02,2019-12-01
MC1,95608,0.4976850479841232,0,30,2019-11-02,2019-12-01
MC1,95672,0.5008711834748586,1,30,2019-09-07,2019-10-06
MC1,95716,0.4888719171285629,0,30,2019-10-19,2019-11-17
MC1,95718,0.5001411815484365,0,30,2019-11-02,2019-12-01
MC1,95852,0.5031541347503662,0,30,2019-11-02,2019-12-01
MC1,95897,0.5031438767910004,0,30,2019-11-02,2019-12-01
MC1,95958,0.4926181823015213,0,30,2019-11-02,2019-12-01
MC1,96232,0.49883658190568286,0,30,2019-07-25,2019-08-23
MC1,96277,0.5034092525641124,0,30,2019-11-02,2019-12-01
MC1,96686,0.5105998794237773,0,30,2019-11-02,2019-12-01
MC1,96755,0.5118932604789734,0,30,2019-11-02,2019-12-01
MC1,96779,0.48935091694196065,0,30,2019-11-02,2019-12-01
MC1,97006,0.4885356585184733,0,30,2019-11-02,2019-12-01
MC1,97044,0.4940993696451187,0,30,2019-10-19,2019-11-17
MC1,97096,0.5263478140036265,0,30,2019-11-02,2019-12-01
MC1,97229,1.9739001682604503e-7,0,19,2019-11-13,2019-12-01
MC1,97535,0.49202485382556915,0,30,2019-11-02,2019-12-01
MC1,97557,0.4960143824418386,0,30,2019-11-02,2019-12-01
MC1,97661,0.501737403869629,1,30,2019-08-11,2019-09-09
MC1,97673,0.5051425794760386,1,30,2019-06-07,2019-07-06
MC1,97757,0.4990209350983302,0,30,2019-11-02,2019-12-01
MC1,97826,0.484293728073438,0,30,2019-11-02,2019-12-01
MC1,97967,0.48322772880395254,0,30,2019-11-02,2019-12-01
MC1,97977,0.4944568564494451,0,30,2019-11-02,2019-12-01
MC1,98009,0.5066817263762157,0,30,2019-11-02,2019-12-01
MC1,98029,0.5127828419208527,0,30,2019-11-02,2019-12-01
MC1,98108,0.0,0,30,2019-10-19,2019-11-17
MC1,98153,0.4892982612053553,0,30,2019-11-02,2019-12-01
MC1,98303,0.5002532730499903,0,30,2019-11-02,2019-12-01
MC1,98363,0.5105842451254526,0,30,2019-09-27,2019-10-26
MC1,98447,0.5077310522397359,0,30,2019-11-02,2019-12-01
MC1,98702,0.4872430096069972,0,30,2019-11-02,2019-12-01
MC1,98852,0.5102631906668346,0,30,2019-11-02,2019-12-01
MC1,99021,0.49262098570664725,0,30,2019-11-02,2019-12-01
MC1,99161,0.4988556782404582,0,30,2019-11-02,2019-12-01
MC1,99209,0.5031807780265808,0,30,2019-11-02,2019-12-01
MC1,99371,0.49501024385293324,0,30,2019-07-19,2019-08-17
MC1,99390,0.48697437743345895,0,30,2019-11-02,2019-12-01
MC1,99396,0.4869728585084279,0,30,2019-11-02,2019-12-01
MC1,99513,0.5022556086381277,0,30,2019-11-02,2019-12-01
MC1,99520,0.493179127573967,0,30,2019-11-02,2019-12-01
MC1,100012,1.2092446594145901e-24,0,10,2019-11-22,2019-12-01
MC1,100030,0.4947870622078578,0,30,2019-11-02,2019-12-01
MC1,100103,0.4905986686547597,0,30,2019-11-02,2019-12-01
MC1,100124,0.4909061700105667,0,30,2019-11-02,2019-12-01
MC1,100154,0.5018714269002279,0,30,2019-11-02,2019-12-01
MC1,100163,0.4911312500635783,0,30,2019-08-01,2019-08-30
MC1,100249,0.5015596091747284,1,30,2019-08-15,2019-09-13
MC1,100376,0.49353207449118297,0,30,2019-11-02,2019-12-01
MC1,100470,0.5113259812196096,0,30,2019-11-02,2019-12-01
MC1,100595,0.5045127511024475,0,30,2019-11-02,2019-12-01
MC1,100643,0.5116587579250336,0,30,2019-11-02,2019-12-01
MC1,100921,0.48641639252503716,0,30,2019-11-02,2019-12-01
MC1,101310,0.502193154891332,0,30,2019-11-02,2019-12-01
MC1,101457,0.4899074246486028,0,30,2019-11-02,2019-12-01
MC1,101486,0.5146756549676259,0,30,2019-11-02,2019-12-01
MC1,101552,0.5192040940125783,0,30,2018-07-23,2018-08-21
MC1,101665,0.5094658335049947,0,30,2019-11-02,2019-12-01
MC1,101789,0.5103621820608775,0,30,2019-11-02,2019-12-01
MC1,101877,0.4968328962723414,0,30,2019-11-02,2019-12-01
MC1,102106,0.4982019325097402,0,30,2019-08-02,2019-08-31
MC1,102129,0.5012290855248769,0,30,2019-11-02,2019-12-01
MC1,102327,0.5008877078692119,0,30,2019-04-22,2019-05-21
MC1,102330,0.4924709757169088,0,30,2019-11-02,2019-12-01
MC1,102465,0.5032344341278077,0,30,2019-11-02,2019-12-01
MC1,102576,0.5067253192265828,0,30,2019-11-02,2019-12-01
MC1,102721,0.49604959885279337,0,30,2019-11-02,2019-12-01
MC1,102907,0.49062127868334454,0,30,2019-11-02,2019-12-01
MC1,102980,0.4951413849989573,0,30,2019-11-02,2019-12-01
MC1,103019,0.5015113989512126,0,30,2019-11-02,2019-12-01
MC1,103151,0.5054032862186432,0,30,2019-11-02,2019-12-01
MC1,103409,0.5021992325782776,0,30,2019-11-02,2019-12-01
MC1,103741,0.48670475284258524,0,30,2019-11-02,2019-12-01
MC1,103766,0.49605672657489774,0,30,2019-11-02,2019-12-01
MC1,103810,0.4972994228204091,0,30,2019-11-02,2019-12-01
MC1,104182,0.4980419099330902,0,30,2019-11-02,2019-12-01
MC1,104235,0.49437168141206106,0,30,2019-11-02,2019-12-01
MC1,104337,0.4977410078048706,0,30,2019-09-10,2019-10-09
MC1,104606,0.5077334066232045,0,30,2019-11-02,2019-12-01
MC1,104651,0.506259822845459,0,30,2019-11-02,2019-12-01
MC1,104837,0.5001390745242437,0,30,2019-11-02,2019-12-01
MC1,104892,0.5167322516441345,0,30,2019-11-02,2019-12-01
MC1,105051,0.5057121296723683,0,30,2019-07-24,2019-08-22
MC1,105263,0.49751362999280296,0,30,2019-11-02,2019-12-01
MC1,105580,0.4951403597990672,0,30,2019-11-02,2019-12-01
MC1,105685,0.0,0,30,2019-11-02,2019-12-01
MC1,105857,0.5160733421643575,0,30,2019-11-02,2019-12-01
MC1,105863,0.5160711844762166,0,30,2019-11-02,2019-12-01
MC1,105873,0.48805477619171145,0,30,2019-11-02,2019-12-01
MC1,105962,0.5138725241025289,0,30,2019-11-02,2019-12-01
MC1,105976,0.4882129679123561,0,30,2019-11-02,2019-12-01
MC1,105983,0.4965283691883087,0,30,2019-05-19,2019-06-17
MC1,106059,0.5109144449234009,0,30,2019-11-02,2019-12-01
MC1,106090,0.49768058260281883,0,30,2019-11-02,2019-12-01
MC1,106218,0.493191722035408,0,30,2019-11-02,2019-12-01
MC1,106670,0.5075540820757548,1,30,2019-03-07,2019-04-05
MC1,107096,0.48651615480581917,0,30,2019-11-02,2019-12-01
MC1,107109,0.5121619462966919,0,30,2019-11-02,2019-12-01
MC1,107260,0.5028298238913218,0,30,2019-11-02,2019-12-01
MC1,107312,0.5085789839426677,0,30,2019-11-02,2019-12-01
MC1,107379,0.525844669342041,0,30,2019-11-02,2019-12-01
MC1,107397,0.48323017756144204,0,30,2019-11-02,2019-12-01
MC1,107453,0.5004556943972905,0,30,2019-11-02,2019-12-01
MC1,107542,0.4937463104724884,0,30,2019-11-02,2019-12-01
MC1,107564,0.4871413419644038,0,30,2019-11-02,2019-12-01
MC1,107690,0.501536758740743,0,30,2019-11-02,2019-12-01
MC1,107796,0.4916873743136724,0,30,2019-11-02,2019-12-01
MC1,107820,0.5082637429237366,0,30,2019-07-08,2019-08-06
MC1,107824,0.481463677684466,0,30,2019-11-02,2019-12-01
MC1,107910,0.0,0,30,2019-11-02,2019-12-01
MC1,108218,0.5127111832300822,0,30,2019-11-02,2019-12-01
MC1,108375,0.4885274479786555,0,30,2019-11-02,2019-12-01
MC1,108572,0.4971040546894073,1,30,2019-04-27,2019-05-26
MC1,108691,0.48443701763947805,0,30,2019-11-02,2019-12-01
MC1,108791,0.4921955039103826,0,30,2019-11-02,2019-12-01
MC1,108834,0.4978468636671702,0,30,2019-11-02,2019-12-01
MC1,109123,0.49823585351308186,0,30,2019-11-02,2019-12-01
MC1,109316,0.49009218911329905,0,30,2019-11-02,2019-12-01
MC1,109385,0.48127323389053345,0,30,2019-11-02,2019-12-01
MC1,109538,0.4960033188263575,0,30,2019-11-02,2019-12-01
MC1,109584,0.5124873002370198,0,30,2019-11-02,2019-12-01
MC1,109587,0.5124865273634592,0,30,2019-11-02,2019-12-01
MC1,109628,0.4925364206234614,0,30,2019-11-02,2019-12-01
MC1,109639,0.48992597361405693,0,30,2019-11-02,2019-12-01
MC1,109640,0.4922389328479767,0,30,2019-11-02,2019-12-01
MC1,109680,0.48451862037181853,0,30,2019-11-02,2019-12-01
MC1,109871,0.35668425716518315,0,30,2019-11-02,2019-12-01
MC1,110058,0.49376390178998314,0,30,2019-11-02,2019-12-01
MC1,110074,0.500034037232399,0,30,2019-11-02,2019-12-01
MC1,110084,0.5207810004552206,1,30,2018-02-07,2018-03-08
MC1,110101,0.5164778093496959,0,30,2019-11-02,2019-12-01
MC1,110468,0.4917690714200338,0,30,2019-11-02,2019-12-01
MC1,110516,0.5079438130060832,0,30,2019-11-02,2019-12-01
MC1,110617,0.4942691067854563,0,30,2019-06-01,2019-06-30
MC1,110697,0.5001567959785461,0,30,2019-11-02,2019-12-01
MC1,110730,0.49970928529898323,0,30,2019-11-02,2019-12-01
MC1,111035,0.4925722986459732,0,30,2019-11-02,2019-12-01
MC1,111064,0.4980823149283727,0,30,2019-11-02,2019-12-01
MC1,111143,0.5160741706689199,0,30,2019-08-20,2019-09-18
MC1,111518,0.5021064281463623,1,30,2019-05-04,2019-06-02
MC1,111821,0.4912579486767451,0,30,2019-11-02,2019-12-01
MC1,111967,0.48419321576754254,0,30,2019-11-02,2019-12-01
MC1,112337,0.49641792476177216,0,30,2019-11-02,2019-12-01
MC1,112583,0.5020889977614085,0,30,2019-11-02,2019-12-01
MC1,112587,0.5020889977614085,0,30,2019-11-02,2019-12-01
MC1,112834,0.5077319224675496,0,30,2019-11-02,2019-12-01
MC1,112922,0.49582239786783855,0,30,2019-11-02,2019-12-01
MC1,113023,0.5105695207913716,0,30,2019-11-02,2019-12-01
MC1,113391,0.4924971620241801,0,30,2019-11-02,2019-12-01
MC1,113604,0.49273757040500643,0,30,2019-11-02,2019-12-01
MC1,113758,0.5016087492307028,0,30,2019-11-02,2019-12-01
MC1,114142,0.4983048637708028,0,30,2019-07-01,2019-07-30
MC1,114496,0.49203745822111766,0,30,2019-11-02,2019-12-01
MC1,114616,0.489462951819102,0,30,2019-10-19,2019-11-17
MC1,114847,0.4979396770397822,0,30,2019-11-02,2019-12-01
MC1,114936,0.4899479150772095,0,30,2019-11-02,2019-12-01
MC1,115035,0.4960169990857442,0,30,2019-11-02,2019-12-01
MC1,115181,0.4866838703552882,0,30,2019-11-02,2019-12-01
MC1,115315,0.4944109747807185,0,30,2019-11-02,2019-12-01
MC1,115339,0.5125227530797323,0,30,2019-11-02,2019-12-01
MC1,115411,0.5027783890565236,0,30,2019-11-02,2019-12-01
MC1,115414,0.5027777155240377,0,30,2019-11-02,2019-12-01
MC1,115526,0.4926181654135386,0,30,2019-11-02,2019-12-01
MC1,115630,0.5015301525592804,0,30,2019-11-02,2019-12-01
MC1,115743,0.4938231567541758,0,30,2019-11-02,2019-12-01
MC1,115779,0.49832479159037274,0,30,2019-08-01,2019-08-30
MC1,115859,0.5109046479066213,0,30,2019-11-02,2019-12-01
MC1,115932,0.4964466015497843,0,30,2019-11-02,2019-12-01
MC1,115974,0.4879649062951406,0,30,2019-11-02,2019-12-01
MC1,116044,0.48691267271836597,0,30,2019-11-02,2019-12-01
MC1,116170,0.5217399060726166,0,30,2019-11-02,2019-12-01
MC1,116208,0.48894341389338175,0,30,2019-11-02,2019-12-01
MC1,116282,0.4937400112549464,0,30,2019-11-02,2019-12-01
MC1,116291,0.49373737076918284,0,30,2019-11-02,2019-12-01
MC1,116537,0.4997636407613754,0,30,2019-11-02,2019-12-01
MC1,116709,0.4842123876015345,0,30,2019-11-02,2019-12-01
MC1,116744,0.5029714345932007,0,30,2019-11-02,2019-12-01
MC1,116768,0.493390417098999,0,30,2019-11-02,2019-12-01
MC1,117013,0.5032237092653911,0,30,2019-11-02,2019-12-01
MC1,117125,0.48171032071113584,0,30,2019-10-23,2019-11-21
MC1,117225,0.4927704046169917,0,30,2019-11-02,2019-12-01
MC1,117409,0.498054697116216,0,30,2019-11-02,2019-12-01
MC1,117413,0.498054697116216,0,30,2019-11-02,2019-12-01
MC1,117425,0.4953662653764089,0,30,2019-11-02,2019-12-01
MC1,117615,0.4835196127494176,0,30,2019-11-02,2019-12-01
MC1,117807,0.48667190968990326,0,30,2019-11-02,2019-12-01
MC1,117827,0.4960572361946106,0,30,2019-11-02,2019-12-01
MC1,118255,0.49711738924185433,0,30,2019-11-02,2019-12-01
MC1,118328,0.5005190918842951,0,30,2019-11-02,2019-12-01
MC1,118431,0.49805525441964466,0,30,2019-11-02,2019-12-01
MC1,118512,0.5176698366800944,0,30,2019-11-02,2019-12-01
MC1,118527,0.5122139434019725,0,30,2019-11-02,2019-12-01
MC1,118835,0.5043578286965688,0,30,2019-11-02,2019-12-01
MC1,118923,0.5452569127082825,0,30,2019-11-02,2019-12-01
MC1,119036,0.4837724526723226,0,30,2019-11-02,2019-12-01
MC1,119096,0.48877510329087576,0,30,2019-11-02,2019-12-01
MC1,119317,0.505368854602178,0,30,2019-11-02,2019-12-01
MC1,119336,0.5101672569910686,0,30,2019-11-02,2019-12-01
MC1,119361,0.49677256047725676,0,30,2019-11-02,2019-12-01
MC1,119468,0.5050273259480794,0,30,2019-11-02,2019-12-01
MC1,119554,0.49494509398937225,0,30,2019-05-19,2019-06-17
MC1,119985,0.48740273316701255,0,30,2019-11-02,2019-12-01
MC1,120203,0.5125807305177053,0,30,2019-11-02,2019-12-01
MC1,120464,0.5004817336797714,0,30,2019-11-01,2019-11-30
MC1,120689,0.49187982579072315,0,30,2019-11-02,2019-12-01
MC1,120814,0.4930783579746882,0,30,2019-11-02,2019-12-01
MC1,121008,0.49804177979628245,0,30,2019-11-02,2019-12-01
MC1,121051,0.5105414470036824,0,30,2019-11-02,2019-12-01
MC1,121170,0.537012102206548,0,30,2019-11-02,2019-12-01
MC1,121281,0.509419846534729,0,30,2019-11-02,2019-12-01
MC1,121355,0.5053366045157115,0,30,2019-11-02,2019-12-01
MC1,121452,0.4892907569805781,0,30,2019-11-02,2019-12-01
MC1,121462,0.5093622287114461,0,30,2019-11-02,2019-12-01
MC1,121489,0.49107911189397174,0,30,2019-10-02,2019-10-31
MC1,121781,0.4987447182337443,0,30,2019-11-02,2019-12-01
MC1,121911,0.5174433449904124,0,30,2019-11-02,2019-12-01
MC1,121926,0.48776477575302124,0,30,2019-10-21,2019-11-19
MC1,122072,0.4843232194582621,0,30,2019-11-02,2019-12-01
MC1,122086,0.5013687411944071,0,30,2019-11-02,2019-12-01
MC1,122124,0.48465076784292854,0,30,2019-11-02,2019-12-01
MC1,122154,0.4956675132115682,0,30,2019-11-02,2019-12-01
MC1,122179,0.48858569959799447,0,30,2019-11-02,2019-12-01
MC1,122188,0.48152225017547606,0,30,2019-11-02,2019-12-01
MC1,122381,0.5032192309697469,0,30,2019-11-02,2019-12-01
MC1,122737,0.4855498433113098,0,30,2019-11-02,2019-12-01
MC1,122934,0.48974440892537435,0,30,2019-11-02,2019-12-01
MC1,122940,0.3681170778182443,0,24,2019-11-08,2019-12-01
MC1,123030,0.5011114100615184,0,30,2019-11-02,2019-12-01
MC1,123281,0.4947208136320114,0,30,2019-11-02,2019-12-01
MC1,123403,0.4872282236814499,0,30,2019-10-19,2019-11-17
MC1,123545,0.5001054108142853,0,30,2019-11-02,2019-12-01
MC1,123826,0.49190307756265006,0,30,2019-11-02,2019-12-01
MC1,123834,0.49203460216522216,0,30,2019-11-02,2019-12-01
MC1,123923,0.5039841671784718,0,30,2019-11-02,2019-12-01
MC1,124033,0.5106477876504262,1,30,2018-11-24,2018-12-23
MC1,124041,0.4933843046426773,0,30,2019-11-02,2019-12-01
MC1,124321,0.5101459463437398,0,30,2019-11-02,2019-12-01
MC1,124367,0.49340761800607047,0,30,2019-11-02,2019-12-01
MC1,124415,0.5284637729326884,0,30,2019-10-19,2019-11-17
MC1,124625,0.5182243525981903,0,30,2019-11-02,2019-12-01
MC1,124849,0.4846418430407842,0,30,2019-11-02,2019-12-01
MC1,124953,0.4967055141925812,0,30,2019-11-02,2019-12-01
MC1,125438,0.4861902415752411,0,30,2019-11-02,2019-12-01
MC1,125473,0.4885337293148041,0,30,2019-11-02,2019-12-01
MC1,125588,0.4960489869117737,0,30,2019-11-02,2019-12-01
MC1,125602,0.4956757624944051,0,30,2019-11-02,2019-12-01
MC1,125636,0.49675763249397276,0,30,2019-10-19,2019-11-17
MC1,125869,0.4981054643789927,0,30,2019-11-02,2019-12-01
MC1,125925,0.4933037887016932,0,30,2019-11-02,2019-12-01
MC1,126038,0.5180291970570882,0,30,2019-11-02,2019-12-01
MC1,126069,0.4970904012521108,0,30,2019-11-02,2019-12-01
MC1,126116,0.4959102104107539,0,30,2019-11-02,2019-12-01
MC1,126125,0.49437715609868366,1,30,2019-09-15,2019-10-14
MC1,126254,0.49265772104263306,0,30,2019-08-23,2019-09-21
MC1,126644,0.5074001650015513,0,30,2019-11-02,2019-12-01
MC1,126955,0.48621502220630647,0,30,2019-11-02,2019-12-01
MC1,126972,0.5138063828150431,0,30,2019-11-02,2019-12-01
MC1,126974,0.5138063828150431,0,30,2019-11-02,2019-12-01
MC1,127075,0.4948279937108358,0,30,2019-11-02,2019-12-01
MC1,127186,0.5085756381352743,0,30,2019-11-02,2019-12-01
MC1,127198,0.4919909725586573,0,30,2019-11-02,2019-12-01
MC1,127342,0.5164291361967722,0,30,2019-11-02,2019-12-01
MC1,127493,0.5230684518814087,0,30,2018-05-13,2018-06-11
MC1,127655,0.4977257331212362,0,30,2019-09-10,2019-10-09
MC1,127740,0.49065569539864856,0,30,2019-10-03,2019-11-01
MC1,127835,0.5181310315926869,1,30,2019-07-22,2019-08-20
MC1,128003,0.4867733776569366,0,30,2019-11-02,2019-12-01
MC1,128037,0.49715986649195354,0,30,2019-11-02,2019-12-01
MC1,128121,0.5099822501341502,0,30,2019-11-02,2019-12-01
MC1,128150,0.49426859120527905,0,30,2019-11-02,2019-12-01
MC1,128276,0.5028928975264232,0,30,2019-11-02,2019-12-01
MC1,128278,0.5028880894184112,0,30,2019-11-02,2019-12-01
MC1,128447,0.49395634432633717,0,30,2019-11-02,2019-12-01
MC1,128517,0.49601117372512815,0,30,2019-11-02,2019-12-01
MC1,128590,0.5051179667313893,0,30,2019-11-02,2019-12-01
MC1,129240,0.49742016692956287,0,30,2019-11-02,2019-12-01
MC1,129390,0.5010261694590251,0,30,2019-11-02,2019-12-01
MC1,129444,0.4891678988933563,0,30,2019-11-02,2019-12-01
MC1,129774,0.4959273507197698,0,30,2019-11-02,2019-12-01
MC1,129821,0.5044321835041046,0,30,2019-11-02,2019-12-01
MC1,129906,0.4883683790763219,0,30,2019-11-02,2019-12-01
MC1,129913,0.5124997854232788,0,30,2019-11-02,2019-12-01
MC1,129940,0.49887644648551943,0,30,2019-11-02,2019-12-01
MC1,129961,0.5126112222671508,0,30,2019-11-02,2019-12-01
MC1,130000,0.4919891734917959,0,30,2019-11-02,2019-12-01
MC1,130025,0.4866301198800405,0,30,2019-11-02,2019-12-01
MC1,130186,0.48614654640356697,0,30,2019-11-02,2019-12-01
MC1,130233,0.48618297278881073,0,30,2019-11-02,2019-12-01
MC1,130425,0.4979455381631851,0,30,2019-11-02,2019-12-01
MC1,130438,0.4968329300483068,0,30,2019-11-02,2019-12-01
MC1,130497,0.5124814867973327,1,30,2019-10-28,2019-11-26
MC1,130543,0.5046866357326507,0,30,2019-11-02,2019-12-01
MC1,130668,0.4865254352490107,0,30,2019-11-02,2019-12-01
MC1,130674,0.0,1,30,2019-11-03,2019-12-02
MC1,130701,0.48473972380161284,0,30,2019-11-02,2019-12-01
MC1,130748,0.5046594242254893,0,30,2019-10-19,2019-11-17
MC1,130769,0.5075453102588654,0,30,2019-11-02,2019-12-01
MC1,131105,0.49721157749493916,0,30,2019-11-02,2019-12-01
MC1,131227,0.4944310337305069,0,30,2019-11-02,2019-12-01
MC1,131280,0.4926753342151642,0,30,2019-11-02,2019-12-01
MC1,131302,0.5125580449899038,0,30,2019-11-02,2019-12-01
MC1,131621,0.4971270620822906,1,30,2019-04-08,2019-05-07
MC1,131735,0.492631741364797,0,30,2019-11-02,2019-12-01
MC1,131928,0.4864123632510503,0,30,2019-11-02,2019-12-01
MC1,131984,0.48324321806430814,0,30,2019-11-02,2019-12-01
MC1,132006,0.5092012822628021,0,30,2019-11-02,2019-12-01
MC1,132025,0.49697790344556175,1,30,2019-04-16,2019-05-15
MC1,132054,0.505093389749527,0,30,2019-11-02,2019-12-01
MC1,132070,0.4979660133520762,0,30,2019-11-02,2019-12-01
MC1,132096,0.511367118358612,0,30,2019-11-02,2019-12-01
MC1,132426,0.4885507583618164,0,30,2019-10-19,2019-11-17
MC1,132446,0.4883010178804398,0,30,2019-11-02,2019-12-01
MC1,132481,0.500020906329155,0,30,2019-11-02,2019-12-01
MC1,132936,0.4967026611169179,0,30,2019-11-02,2019-12-01
MC1,132963,0.48743647734324136,0,30,2019-11-02,2019-12-01
MC1,132988,0.49273365338643393,0,30,2019-11-02,2019-12-01
MC1,133007,0.4883993685245514,0,30,2019-11-02,2019-12-01
MC1,133044,0.5117759764194488,1,30,2018-12-02,2018-12-31
MC1,133323,0.4997616042693456,0,30,2019-11-02,2019-12-01
MC1,133340,0.4885248601436615,0,30,2019-11-02,2019-12-01
MC1,133403,0.503198097149531,0,30,2019-11-02,2019-12-01
MC1,133413,0.493737123409907,0,30,2019-11-02,2019-12-01
MC1,133552,0.49091871778170265,0,30,2019-11-02,2019-12-01
MC1,133902,0.5032165726025899,0,30,2019-11-02,2019-12-01
MC1,133912,0.4979120353857676,0,30,2019-11-02,2019-12-01
MC1,134063,0.4843691200017929,0,30,2019-11-02,2019-12-01
MC1,134232,0.49792450269063315,0,30,2019-11-02,2019-12-01
MC1,134437,0.5107853869597118,0,30,2019-11-02,2019-12-01
MC1,134501,0.5011033495267232,0,30,2019-11-02,2019-12-01
MC1,134520,0.5049946268399557,0,30,2019-11-02,2019-12-01
MC1,134554,0.5085342804590861,0,30,2019-10-31,2019-11-29
MC1,134628,0.4870012829701106,0,30,2019-11-02,2019-12-01
MC1,134634,0.5854688704013824,0,30,2018-03-22,2018-04-20
MC1,134668,0.49192236562569935,0,30,2019-11-02,2019-12-01
MC1,134684,0.5028476277987163,0,30,2019-11-02,2019-12-01
MC1,134687,0.5028360247611999,0,30,2019-11-02,2019-12-01
MC1,134941,0.5051016628742218,0,30,2019-11-02,2019-12-01
MC1,135059,0.0,0,30,2019-11-02,2019-12-01
MC1,135144,0.4974769274393717,0,30,2019-11-02,2019-12-01
MC1,135185,0.48336649338404336,0,30,2019-11-02,2019-12-01
MC1,135355,0.4998995214700699,0,30,2019-11-02,2019-12-01
MC1,135388,0.49184455573558805,0,30,2019-11-02,2019-12-01
MC1,135423,0.0,0,30,2019-11-02,2019-12-01
MC1,135427,0.5252212822437287,0,30,2019-11-02,2019-12-01
MC1,135532,0.4956754853328069,0,30,2019-11-02,2019-12-01
MC1,135637,0.4977061450481415,0,30,2019-11-02,2019-12-01
MC1,135733,0.4983523041009903,0,30,2019-11-02,2019-12-01
MC1,135819,0.49894260267416635,0,30,2019-11-02,2019-12-01
MC1,135986,0.5179675281047821,0,30,2019-11-02,2019-12-01
MC1,136091,0.5108723143736521,0,30,2019-11-02,2019-12-01
MC1,136228,0.5050442775090536,0,30,2019-11-02,2019-12-01
MC1,136625,0.5043737888336182,0,30,2019-11-02,2019-12-01
MC1,136682,0.5105983177820842,0,30,2019-11-02,2019-12-01
MC1,136859,0.5050165136655171,0,30,2019-11-02,2019-12-01
MC1,136979,0.5090439041455587,0,30,2019-11-02,2019-12-01
MC1,137196,0.4984259833892187,0,30,2019-11-02,2019-12-01
MC1,137394,0.4919934411843618,0,30,2019-11-02,2019-12-01
MC1,137514,0.501308431228002,0,30,2019-11-02,2019-12-01
MC1,137564,0.49538062115510306,0,30,2019-11-02,2019-12-01
MC1,137866,0.4971305251121521,1,30,2019-11-03,2019-12-02
MC1,137945,0.5043905993302663,0,30,2019-11-02,2019-12-01
MC1,137956,0.49220382372538246,0,30,2019-11-02,2019-12-01
MC1,138052,0.4947606553634008,1,30,2019-10-29,2019-11-27
MC1,138053,0.5042470534642537,0,30,2019-11-02,2019-12-01
MC1,138066,0.5218407134215037,0,30,2019-11-02,2019-12-01
MC1,138101,0.4964661717414856,1,30,2019-08-06,2019-09-04
MC1,138365,0.4933609088261922,0,30,2019-11-02,2019-12-01
MC1,138398,0.5074500381946564,0,30,2019-11-02,2019-12-01
MC1,138465,0.48651108940442406,0,30,2019-11-02,2019-12-01
MC1,138494,0.4885284036397934,0,30,2019-11-02,2019-12-01
MC1,138828,0.4974679718414942,0,30,2019-11-02,2019-12-01
MC1,138983,0.49855870604515073,0,30,2019-11-02,2019-12-01
MC1,139008,0.5137808720270792,0,30,2019-11-02,2019-12-01
MC1,139198,0.5176839033762614,0,30,2019-11-02,2019-12-01
MC1,139238,0.5097193022569021,0,30,2019-11-02,2019-12-01
MC1,139622,0.49885572691758473,0,30,2019-11-02,2019-12-01
MC1,139634,0.4994800289471944,0,30,2019-11-02,2019-12-01
MC1,139776,0.4941459019978841,0,30,2019-06-02,2019-07-01
MC1,140030,0.4933018853267034,0,30,2019-11-02,2019-12-01
MC1,140265,0.4982049485047658,0,30,2019-10-19,2019-11-17
MC1,140276,0.4883768081665039,0,30,2019-11-02,2019-12-01
MC1,140350,0.5105973243713379,0,30,2019-11-02,2019-12-01
MC1,140511,0.4930913269519806,0,30,2019-10-19,2019-11-17
MC1,140520,0.49653586248556775,0,30,2019-11-02,2019-12-01
MC1,140665,0.49480774501959485,0,30,2019-11-02,2019-12-01
MC1,140695,0.5181123773256938,0,30,2019-11-01,2019-11-30
MC1,140815,0.4814817994832993,0,30,2019-11-02,2019-12-01
MC1,140867,0.5271745800971985,1,30,2018-06-10,2018-07-09
MC1,141039,0.6353905856609344,0,30,2019-11-02,2019-12-01
MC1,141073,0.5117810467878977,0,30,2019-11-02,2019-12-01
MC1,141130,0.5028144160906474,0,30,2019-11-02,2019-12-01
MC1,141155,0.49217369556427004,0,30,2019-11-02,2019-12-01
MC1,141205,0.5028108874956767,0,30,2019-11-02,2019-12-01
MC1,141250,0.498993781208992,0,30,2019-09-26,2019-10-25
MC1,141330,0.4883485078811646,0,30,2019-11-02,2019-12-01
MC1,141443,0.5274515589078267,0,30,2019-11-02,2019-12-01
MC1,141603,0.5179031511147817,0,30,2019-11-02,2019-12-01
MC1,142045,0.5017285307248434,0,30,2019-11-02,2019-12-01
MC1,142161,0.5330285012722016,1,30,2019-02-05,2019-03-06
MC1,142577,0.4931770453850428,0,30,2019-11-02,2019-12-01
MC1,142753,0.491287703315417,0,30,2019-11-02,2019-12-01
MC1,142801,0.4967580149571101,0,30,2019-11-02,2019-12-01
MC1,142821,0.5107972919940948,0,30,2019-11-02,2019-12-01
MC1,143158,0.5163738389809926,1,30,2018-05-29,2018-06-27
MC1,143343,0.5287044902642568,0,30,2019-11-02,2019-12-01
MC1,143359,0.498613249262174,0,30,2019-11-02,2019-12-01
MC1,143459,0.506767229239146,0,30,2019-11-02,2019-12-01
MC1,143800,0.49263126850128175,0,30,2019-11-02,2019-12-01
MC1,143862,0.4977087358633677,0,30,2019-11-02,2019-12-01
MC1,143877,0.4904627283414205,0,30,2019-10-19,2019-11-17
MC1,143945,0.4984443813562393,0,30,2019-11-02,2019-12-01
MC1,144154,0.4973444620768229,0,30,2019-11-02,2019-12-01
MC1,144541,0.4967668811480204,0,30,2019-11-02,2019-12-01
MC1,144589,0.4965533475081126,0,30,2019-09-29,2019-10-28
MC1,144662,0.5104719221591949,1,30,2018-02-18,2018-03-19
MC1,144932,0.48690258264541625,0,30,2019-11-02,2019-12-01
MC1,144960,0.49092684586842855,0,30,2019-11-02,2019-12-01
MC1,145009,0.4928466111421585,0,30,2019-11-02,2019-12-01
MC1,145013,0.4972090492645899,0,30,2019-11-02,2019-12-01
MC1,145182,0.5082457820574443,1,30,2019-02-14,2019-03-15
MC1,145423,0.49841395715872444,0,30,2019-11-02,2019-12-01
MC1,145434,0.5044816613197327,0,30,2019-11-02,2019-12-01
MC1,145526,0.5039530515670776,0,30,2019-10-19,2019-11-17
MC1,145563,0.4862416555484136,0,30,2019-11-02,2019-12-01
MC1,146045,0.4927516688903173,0,30,2019-11-02,2019-12-01
MC1,146153,0.50661541223526,0,30,2019-11-02,2019-12-01
MC1,146177,0.5179036875565847,0,30,2019-11-02,2019-12-01
MC1,146280,0.4970634867747625,0,30,2019-11-02,2019-12-01
MC1,146373,0.5180170555909475,0,30,2019-11-02,2019-12-01
MC1,146377,0.5180145641167958,0,30,2019-11-02,2019-12-01
MC1,146386,0.4983564217885335,0,30,2019-11-02,2019-12-01
MC1,146617,0.5243720253308614,1,30,2018-08-02,2018-08-31
MC1,146732,0.5075793862342834,0,30,2019-11-02,2019-12-01
MC1,146750,0.5112038373947143,0,30,2019-11-02,2019-12-01
MC1,146870,0.4946128726005554,0,30,2019-11-02,2019-12-01
MC1,147177,0.5044964989026387,0,30,2019-11-02,2019-12-01
MC1,147780,0.5187168339888255,0,30,2019-10-30,2019-11-28
MC1,147986,0.5172627568244934,0,30,2019-11-02,2019-12-01
MC1,147989,0.5172627568244934,0,30,2019-11-02,2019-12-01
MC1,148177,0.5109432101249695,0,30,2019-11-02,2019-12-01
MC1,148212,0.48721697330474856,0,30,2019-11-02,2019-12-01
MC1,148393,0.4839012046655019,0,30,2019-11-02,2019-12-01
MC1,148765,0.4934114853541056,0,30,2019-11-02,2019-12-01
MC1,149043,0.48419486582279203,0,30,2019-11-02,2019-12-01
MC1,149159,0.5042487422625224,0,30,2019-11-02,2019-12-01
MC1,149286,0.5052066902319591,0,30,2019-11-02,2019-12-01
MC1,149397,0.5075741112232208,0,30,2019-11-02,2019-12-01
MC1,149521,0.5052096645037333,0,30,2019-11-02,2019-12-01
MC1,149640,0.4947531044483185,0,30,2019-11-02,2019-12-01
MC1,149677,0.494352333744367,0,30,2019-11-02,2019-12-01
MC1,149697,0.4916607548793157,0,30,2019-11-02,2019-12-01
MC1,149717,0.5033392508824667,0,30,2019-11-02,2019-12-01
MC1,149899,0.4989951362212499,0,30,2019-11-02,2019-12-01
MC1,149900,0.49898736774921415,0,30,2019-11-02,2019-12-01
MC1,149940,0.5187159915765126,0,30,2019-10-19,2019-11-17
MC1,150127,0.5117107053597768,0,30,2019-11-02,2019-12-01
MC1,150264,0.4880107800165812,0,30,2019-11-02,2019-12-01
MC1,150534,0.5117868860562642,0,30,2019-11-02,2019-12-01
MC1,150569,0.5099231561024984,0,30,2019-11-02,2019-12-01
MC1,150591,0.4921493887901306,0,30,2019-11-02,2019-12-01
MC1,150620,0.49699673255284627,0,30,2019-09-28,2019-10-27
MC1,150691,0.48970686495304105,0,30,2019-11-02,2019-12-01
MC1,150787,0.49007562895615897,0,30,2019-11-02,2019-12-01
MC1,151007,0.5066226681073507,0,30,2019-11-02,2019-12-01
MC1,151075,0.5101175785064698,0,30,2019-11-02,2019-12-01
MC1,151102,0.4972044199705124,0,30,2019-11-02,2019-12-01
MC1,151212,0.40219287218492905,0,30,2019-11-02,2019-12-01
MC1,151302,0.4976982414722443,0,30,2019-11-02,2019-12-01
MC1,151526,0.4931385556856791,0,30,2019-11-02,2019-12-01
MC1,151592,2.1049668833094642e-22,0,11,2019-11-21,2019-12-01
MC1,151893,0.5103916863600413,0,30,2019-11-02,2019-12-01
MC1,151980,0.49734435280164085,0,30,2019-11-02,2019-12-01
MC1,151991,0.6016972621281942,0,30,2019-11-02,2019-12-01
MC1,152046,0.5054489294687907,0,30,2019-11-02,2019-12-01
MC1,152165,0.5149185121059418,0,30,2019-11-02,2019-12-01
MC1,152405,0.5066374103228252,0,30,2019-11-02,2019-12-01
MC1,152648,0.49671686788400016,0,30,2019-11-02,2019-12-01
MC1,152967,0.5037785291671752,0,30,2019-11-02,2019-12-01
MC1,153370,0.5101313511530559,0,30,2019-11-02,2019-12-01
MC1,153457,0.48120294213294984,0,30,2019-11-02,2019-12-01
MC1,153883,0.488715456922849,0,30,2019-11-02,2019-12-01
MC1,154030,0.4983638107776642,0,30,2019-11-02,2019-12-01
MC1,154289,0.49606000185012816,1,30,2019-06-06,2019-07-05
MC1,154311,0.48714312016963957,0,30,2019-11-02,2019-12-01
MC1,154461,0.4929687688748042,0,30,2019-11-02,2019-12-01
MC1,154470,0.4960859517256419,0,30,2019-08-22,2019-09-20
MC1,154555,0.4872181584437688,0,30,2019-11-02,2019-12-01
MC1,154574,0.4959839254617691,0,30,2019-11-02,2019-12-01
MC1,154848,0.4939964423576991,0,30,2019-11-02,2019-12-01
MC1,154916,0.4999914755423864,0,30,2019-10-19,2019-11-17
MC1,154933,0.5044149080912272,0,30,2019-11-02,2019-12-01
MC1,155119,0.507261182864507,1,30,2019-05-16,2019-06-14
MC1,155177,0.4918821662664413,0,30,2019-11-02,2019-12-01
MC1,155254,0.4974695980548859,0,30,2019-11-02,2019-12-01
MC1,155301,0.4984059522549311,0,30,2019-11-02,2019-12-01
MC1,155385,0.4862940092881521,0,30,2019-11-02,2019-12-01
MC1,155673,0.5051151275634765,0,30,2019-11-02,2019-12-01
MC1,155731,0.4951407144467036,0,30,2019-11-02,2019-12-01
MC1,155755,0.5035793066024781,0,30,2019-11-02,2019-12-01
MC1,155789,0.49473522504170736,0,30,2019-11-02,2019-12-01
MC1,155919,0.4971093018849691,0,30,2019-11-02,2019-12-01
MC1,155925,0.4971093018849691,0,30,2019-11-02,2019-12-01
MC1,155973,0.5119406521320343,0,30,2019-10-19,2019-11-17
MC1,155977,0.5093901336193085,0,30,2019-11-02,2019-12-01
MC1,156551,0.5050671100616455,0,30,2019-11-02,2019-12-01
MC1,156780,0.5050410727659861,0,30,2019-11-02,2019-12-01
MC1,156967,0.49749880731105806,0,30,2019-11-02,2019-12-01
MC1,157034,0.4943586339553197,0,30,2019-11-02,2019-12-01
MC1,157042,0.4943586339553197,0,30,2019-11-02,2019-12-01
MC1,157210,0.49870611826578776,0,30,2019-11-02,2019-12-01
MC1,157242,0.49339406192302704,0,30,2019-11-02,2019-12-01
MC1,157254,0.4882962872584661,0,30,2019-11-02,2019-12-01
MC1,157296,0.5258804261684418,1,30,2018-04-30,2018-05-29
MC1,157458,0.49223522742589315,0,30,2019-11-02,2019-12-01
MC1,157738,0.4833710690339406,0,30,2019-11-02,2019-12-01
MC1,157877,0.49991797109444935,0,30,2019-11-02,2019-12-01
MC1,157885,0.4985915184020996,0,30,2019-11-02,2019-12-01
MC1,158001,0.4978966603676478,0,30,2019-11-02,2019-12-01
MC1,158155,0.49820727705955503,0,30,2019-11-02,2019-12-01
MC1,158389,0.5222812831401825,0,30,2019-04-30,2019-05-29
MC1,158416,0.5108804106712341,0,30,2019-11-02,2019-12-01
MC1,158710,0.5101209620634715,0,30,2019-11-02,2019-12-01
MC1,158826,0.4980839769045512,0,30,2019-11-02,2019-12-01
MC1,159152,0.5085100551446279,0,30,2019-11-02,2019-12-01
MC1,159189,0.4976889769236247,0,30,2019-11-02,2019-12-01
MC1,159233,0.48891031245390576,0,30,2019-11-02,2019-12-01
MC1,159240,0.4872755875190099,0,30,2019-11-02,2019-12-01
MC1,159252,0.511244930823644,1,30,2018-10-23,2018-11-21
MC1,159408,0.4843636482954025,0,30,2019-11-02,2019-12-01
MC1,159549,0.4915801137685776,1,30,2019-07-30,2019-08-28
MC1,159682,0.49968328575293225,0,30,2019-11-02,2019-12-01
MC1,159744,0.5106903731822967,0,30,2019-10-19,2019-11-17
MC1,159762,0.4819380402565002,0,30,2019-10-19,2019-11-17
MC1,159898,0.5028102695941925,0,30,2019-11-02,2019-12-01
MC1,159933,0.4982105682293574,0,30,2019-08-02,2019-08-31
MC1,159993,0.5267169992129008,1,30,2018-04-20,2018-05-19
MC1,159994,0.504576313495636,0,30,2019-06-23,2019-07-22
MC1,160142,0.48613845109939574,0,30,2019-11-02,2019-12-01
MC1,160443,0.4974209129810333,0,30,2019-11-02,2019-12-01
MC1,160495,0.5035459419091542,0,30,2019-11-02,2019-12-01
MC1,160577,0.5031474153200786,0,30,2019-11-02,2019-12-01
MC1,160622,0.49419418970743817,0,30,2019-09-19,2019-10-18
MC1,160860,0.5160797993342082,0,30,2019-11-02,2019-12-01
MC1,160897,0.5277930120627086,0,30,2019-11-02,2019-12-01
MC1,160979,0.5144564469655355,0,30,2019-11-02,2019-12-01
MC1,161129,0.500243612130483,0,30,2019-11-02,2019-12-01
MC1,161184,0.5126386900742849,0,30,2019-11-02,2019-12-01
MC1,161267,0.50693811972936,0,30,2019-04-27,2019-05-26
MC1,161577,0.49452556669712067,0,30,2019-11-02,2019-12-01
MC1,161609,0.49600838820139564,0,30,2019-11-02,2019-12-01
MC1,161641,0.49671655893325806,0,30,2019-11-02,2019-12-01
MC1,161693,0.5114830295244853,0,30,2019-11-02,2019-12-01
MC1,161723,0.48914131621519724,0,30,2019-11-02,2019-12-01
MC1,161730,0.4934572110573451,0,30,2019-11-02,2019-12-01
MC1,162099,0.49153923789660137,0,30,2019-11-02,2019-12-01
MC1,162149,0.4910794128974279,0,30,2019-11-02,2019-12-01
MC1,162184,0.5001266141732533,0,30,2019-11-02,2019-12-01
MC1,162370,0.490010404586792,0,30,2019-11-02,2019-12-01
MC1,162395,0.5245522677898407,1,30,2019-06-27,2019-07-26
MC1,162645,0.4970483362674713,0,30,2019-11-02,2019-12-01
MC1,162949,0.5040072878201802,0,30,2019-10-19,2019-11-17
MC1,163030,0.5144695818424225,0,30,2019-11-02,2019-12-01
MC1,163170,0.49540219207604724,0,30,2019-11-02,2019-12-01
MC1,163337,0.5106013079484304,0,30,2019-11-02,2019-12-01
MC1,163398,0.4947219063838323,0,30,2019-11-02,2019-12-01
MC1,163409,0.49916294614473977,1,30,2019-04-27,2019-05-26
MC1,163472,0.594431726137797,1,30,2019-07-22,2019-08-20
MC1,163703,0.4997199902931849,0,30,2019-11-02,2019-12-01
MC1,163798,0.4877606083949407,0,30,2019-11-02,2019-12-01
MC1,163942,0.4963377823432287,0,30,2019-11-02,2019-12-01
MC1,164018,0.4919527401526769,0,30,2019-11-02,2019-12-01
MC1,164046,0.494443334142367,0,30,2019-11-02,2019-12-01
MC1,164179,0.4983961174885432,0,30,2019-11-02,2019-12-01
MC1,164464,0.4942978392044703,0,30,2019-11-02,2019-12-01
MC1,164778,0.4951650788386663,0,30,2019-11-02,2019-12-01
MC1,164781,0.4951651146014531,0,30,2019-11-02,2019-12-01
MC1,164925,0.5323953568935395,0,30,2019-11-02,2019-12-01
MC1,164995,0.48619259099165596,0,30,2019-11-02,2019-12-01
MC1,164998,0.4873918165763219,1,30,2019-10-10,2019-11-08
MC1,165026,0.48809616764386493,1,30,2019-10-01,2019-10-30
MC1,165239,0.5125019331773122,0,30,2019-11-02,2019-12-01
MC1,165297,0.4959687093893687,0,30,2019-11-02,2019-12-01
MC1,165307,0.48932527204354603,0,30,2019-11-02,2019-12-01
MC1,165373,0.48126424650351207,0,30,2019-11-02,2019-12-01
MC1,165682,0.4944688191016515,0,30,2019-11-02,2019-12-01
MC1,165686,0.5044604400793712,0,30,2019-11-02,2019-12-01
MC1,165875,0.4952344904343287,0,30,2019-11-02,2019-12-01
MC1,166549,0.4933208515246709,0,30,2019-11-02,2019-12-01
MC1,166587,0.48814042707284294,0,30,2019-11-02,2019-12-01
MC1,166623,0.4983919898668925,0,30,2019-11-02,2019-12-01
MC1,166831,0.49857823848724364,0,30,2019-11-02,2019-12-01
MC1,166854,0.4954311857620875,0,30,2019-10-19,2019-11-17
MC1,167118,0.4880814780791601,0,30,2019-11-02,2019-12-01
MC1,167297,0.4905350595712662,0,30,2019-11-02,2019-12-01
MC1,167346,0.4909719536701838,0,30,2019-11-02,2019-12-01
MC1,167367,0.5033114552497864,0,30,2019-10-19,2019-11-17
MC1,167427,0.5204172194004059,1,30,2019-07-15,2019-08-13
MC1,167547,0.4934659779071808,0,30,2019-11-02,2019-12-01
MC1,167553,0.4934626599152883,0,30,2019-11-02,2019-12-01
MC1,167828,0.48794399201869965,0,30,2019-11-02,2019-12-01
MC1,167857,0.4979559620221456,0,30,2019-03-26,2019-04-24
MC1,167913,0.5040848910808563,0,30,2019-11-02,2019-12-01
MC1,168345,0.4976421376069387,0,30,2019-11-02,2019-12-01
MC1,168363,0.5106021444002787,0,30,2019-11-02,2019-12-01
MC1,168388,0.49962566991647084,0,30,2019-11-02,2019-12-01
MC1,168467,0.4953602999448776,0,30,2019-11-02,2019-12-01
MC1,168701,0.4954059362411499,1,30,2019-09-24,2019-10-23
MC1,168846,0.4861958493789037,0,30,2019-11-02,2019-12-01
MC1,168938,0.5164627532164255,1,30,2018-10-02,2018-10-31
MC1,169011,0.49013315538565316,0,30,2019-11-02,2019-12-01
MC1,169035,0.4889718472957611,0,30,2019-11-02,2019-12-01
MC1,169155,0.49714443683624265,0,30,2019-11-02,2019-12-01
MC1,169178,0.5212465425332388,0,30,2019-11-02,2019-12-01
MC1,169402,0.4951358089844386,0,30,2019-11-02,2019-12-01
MC1,169544,0.5044606347878774,0,30,2019-11-02,2019-12-01
MC1,169550,0.5176530202229818,1,30,2018-05-08,2018-06-06
MC1,169560,0.5036507666110992,0,30,2019-11-02,2019-12-01
MC1,169663,0.5199206491311391,0,30,2019-04-23,2019-05-22
MC1,169751,0.494237423936526,0,30,2019-11-02,2019-12-01
MC1,169792,0.5183134178320566,0,30,2019-11-01,2019-11-30
MC1,169887,0.4897405058145523,0,30,2019-11-02,2019-12-01
MC1,169904,0.5047092457612355,1,30,2019-06-15,2019-07-14
MC1,169955,0.49616038203239443,0,30,2019-10-03,2019-11-01
MC1,170070,0.49620704154173534,0,30,2019-11-02,2019-12-01
MC1,170131,0.49318210581938426,0,30,2019-11-02,2019-12-01
MC1,170149,0.50750479499499,0,30,2019-11-02,2019-12-01
MC1,170365,0.5077961524327596,0,30,2019-11-02,2019-12-01
MC1,170422,0.5116559326648712,0,30,2019-11-02,2019-12-01
MC1,170567,0.5243200957775116,0,30,2019-11-02,2019-12-01
MC1,170708,0.49727974434693656,0,30,2019-11-02,2019-12-01
MC1,170802,0.4961661090453466,0,30,2019-11-02,2019-12-01
MC1,170818,0.4842434376478195,0,30,2019-11-02,2019-12-01
MC1,170879,0.49610595107078553,0,30,2019-11-02,2019-12-01
MC1,171038,0.5069689889748891,0,30,2019-11-02,2019-12-01
MC1,171220,0.000020894248481561045,0,20,2019-11-12,2019-12-01
MC1,171266,0.4845298538605372,0,30,2019-11-02,2019-12-01
MC1,171271,0.4845810184876124,0,30,2019-11-02,2019-12-01
MC1,171280,0.5102595428625742,0,30,2019-11-02,2019-12-01
MC1,171823,0.4946528842051824,0,30,2019-11-02,2019-12-01
MC1,171890,0.49592601458231605,0,30,2019-11-02,2019-12-01
MC1,171918,0.5032359838485718,0,30,2019-11-02,2019-12-01
MC1,171929,0.4923726658026377,0,30,2019-11-02,2019-12-01
MC1,172096,0.5029124399026235,1,30,2019-07-16,2019-08-14
MC1,172315,0.5004842787981033,0,30,2019-11-01,2019-11-30
MC1,172453,0.5030358374118805,0,30,2019-11-02,2019-12-01
MC1,172557,0.47027903769120677,0,30,2019-11-02,2019-12-01
MC1,172689,0.4894680072863897,0,30,2019-11-02,2019-12-01
MC1,172859,0.4925681710243225,0,30,2019-11-02,2019-12-01
MC1,172955,0.4947071800629298,0,30,2019-11-02,2019-12-01
MC1,173065,0.5050546805063884,0,30,2019-11-02,2019-12-01
MC1,173218,0.4845981657505035,0,30,2019-11-02,2019-12-01
MC1,173431,0.514341006676356,0,30,2018-09-16,2018-10-15
MC1,173647,0.48621237178643545,0,30,2019-11-02,2019-12-01
MC1,173748,0.49450253546237943,0,30,2019-11-02,2019-12-01
MC1,173778,0.4866611331701279,0,30,2019-11-02,2019-12-01
MC1,173897,0.510699991385142,0,30,2018-11-08,2018-12-07
MC1,173908,0.486136402686437,0,30,2019-11-02,2019-12-01
MC1,173950,0.4879398504892985,0,30,2019-11-02,2019-12-01
MC1,173977,0.49571055074532827,0,30,2019-11-02,2019-12-01
MC1,174169,0.4918561687072118,0,30,2019-11-02,2019-12-01
MC1,174250,0.4941923201084137,0,30,2019-11-02,2019-12-01
MC1,174258,0.4941923201084137,0,30,2019-11-02,2019-12-01
MC1,174497,0.49403576453526815,0,30,2019-11-02,2019-12-01
MC1,174536,0.5044916073481241,0,30,2019-11-02,2019-12-01
MC1,174570,0.49071034987767537,0,30,2019-11-02,2019-12-01
MC1,174593,0.5017928938070934,0,30,2019-11-02,2019-12-01
MC1,174664,0.49710284372170765,0,30,2019-11-02,2019-12-01
MC1,174665,0.49710010389486947,0,30,2019-11-02,2019-12-01
MC1,174745,0.48756641844908394,1,30,2019-10-16,2019-11-14
MC1,174785,0.48126996159553526,0,30,2019-11-02,2019-12-01
MC1,174805,0.48641748627026876,0,30,2019-11-02,2019-12-01
MC1,174841,0.4988373428583145,0,30,2019-11-02,2019-12-01
MC1,174997,0.4937118460734685,0,30,2019-11-02,2019-12-01
MC1,175055,0.4925305813550949,0,30,2019-11-02,2019-12-01
MC1,175468,0.5043244977792104,0,30,2019-11-02,2019-12-01
MC1,175591,0.5073978284994761,0,30,2019-11-02,2019-12-01
MC1,175789,0.49262303014596304,0,30,2019-11-02,2019-12-01
MC1,176153,3.9894223252687964e-6,0,20,2019-11-12,2019-12-01
MC1,176194,0.49626459976037346,1,30,2019-09-09,2019-10-08
MC1,176406,0.5148448665936788,0,30,2019-03-28,2019-04-26
MC1,176450,0.4989362557729085,0,30,2019-11-02,2019-12-01
MC1,176635,0.5107748587926229,0,30,2019-11-02,2019-12-01
MC1,176717,0.4971490909655889,0,30,2019-11-02,2019-12-01
MC1,176740,0.48469842970371246,0,30,2019-11-01,2019-11-30
MC1,176823,0.48614555100599927,0,30,2019-10-19,2019-11-17
MC1,177031,0.4977024873097738,0,30,2019-11-02,2019-12-01
MC1,177042,0.4948784162600835,0,30,2019-11-02,2019-12-01
MC1,177432,0.4960371990998586,0,30,2019-11-02,2019-12-01
MC1,177674,0.5117820143699646,0,30,2019-11-02,2019-12-01
MC1,177965,0.5085387806097666,0,30,2019-11-02,2019-12-01
MC1,178030,0.48680269420146943,0,30,2019-11-02,2019-12-01
MC1,178142,0.5040250321229299,0,30,2019-11-02,2019-12-01
MC1,178150,0.509738043944041,0,30,2019-11-02,2019-12-01
MC1,178361,0.5013156394163768,0,30,2019-11-02,2019-12-01
MC1,178384,0.5031809250513712,0,30,2019-11-02,2019-12-01
MC1,178394,0.5189483861128489,0,30,2019-10-31,2019-11-29
MC1,178480,0.4847314735253652,0,30,2019-11-02,2019-12-01
MC1,178482,0.48473778863747913,0,30,2019-11-02,2019-12-01
MC1,178635,0.5259837369124095,0,30,2019-11-02,2019-12-01
MC1,178766,0.4989643802245458,0,30,2019-11-02,2019-12-01
MC1,178913,0.4981344034274419,0,30,2019-11-02,2019-12-01
MC1,179018,0.4946118434270223,0,30,2019-11-02,2019-12-01
MC1,179174,0.5180008590221405,0,30,2019-11-02,2019-12-01
MC1,179249,0.4912738194068273,0,30,2019-11-02,2019-12-01
MC1,179509,0.4922553519407908,0,30,2019-11-02,2019-12-01
MC1,179539,0.492322184642156,0,30,2019-11-02,2019-12-01
MC1,179720,0.49340057373046875,0,30,2019-11-02,2019-12-01
MC1,179999,0.5123404264450073,0,30,2019-11-02,2019-12-01
MC1,180030,0.5110161423683166,0,30,2019-11-02,2019-12-01
MC1,180148,0.4967910925547282,1,30,2019-11-08,2019-12-07
MC1,180260,0.4971612632274628,0,30,2019-11-02,2019-12-01
MC1,180582,0.5109087069829304,0,30,2019-11-02,2019-12-01
MC1,180607,0.4953388959169388,0,30,2019-10-27,2019-11-25
MC1,180665,0.5048386573791503,1,30,2019-05-06,2019-06-04
MC1,180811,0.5079195559024811,0,30,2019-11-02,2019-12-01
MC1,180833,0.4976858337720235,0,30,2019-11-02,2019-12-01
MC1,180915,0.4966421773036321,0,30,2019-09-22,2019-10-21
MC1,180941,0.08090175706988484,0,30,2019-11-02,2019-12-01
MC1,181539,0.49885360995928446,0,30,2019-11-02,2019-12-01
MC1,181571,0.4996871203184128,0,30,2019-11-02,2019-12-01
MC1,181584,0.5017850081125895,0,30,2019-10-19,2019-11-17
MC1,181729,0.492166069149971,1,30,2019-10-31,2019-11-29
MC1,182577,0.4962590475877126,0,30,2019-11-02,2019-12-01
MC1,182639,0.49265232582887014,0,30,2019-11-02,2019-12-01
MC1,182718,0.5003492881854376,1,30,2019-10-03,2019-11-01
MC1,182723,0.4987386743227641,1,30,2019-11-03,2019-12-02
MC1,182878,0.4982836286226908,0,30,2019-11-02,2019-12-01
MC1,183209,0.48120048840840657,0,30,2019-11-02,2019-12-01
MC1,183225,0.4982589691877365,0,30,2019-11-02,2019-12-01
MC1,183676,0.4892992754777273,0,30,2019-11-02,2019-12-01
MC1,183685,0.5124325076738994,0,30,2019-11-02,2019-12-01
MC1,183776,0.5013263662656148,0,30,2019-08-23,2019-09-21
MC1,183933,0.4893869082132975,0,30,2019-11-02,2019-12-01
MC1,184010,0.49261216123898827,0,30,2019-11-02,2019-12-01
MC1,184051,0.4946717848380407,0,30,2019-11-02,2019-12-01
MC1,184115,0.6006462544202804,0,30,2019-10-19,2019-11-17
MC1,184119,0.486405407389005,0,30,2019-10-19,2019-11-17
MC1,184316,0.49804618457953137,0,30,2019-11-02,2019-12-01
MC1,184442,0.4940347174803416,0,30,2019-11-02,2019-12-01
MC1,184625,0.5180543184280395,0,30,2019-11-01,2019-11-30
MC1,184703,0.4981832851966222,1,30,2019-04-18,2019-05-17
MC1,184826,0.5009000539779663,0,30,2019-11-02,2019-12-01
MC1,184856,0.49188134670257566,0,30,2019-11-02,2019-12-01
MC1,184924,0.49721130132675173,0,30,2019-11-02,2019-12-01
MC1,184941,0.49418338338534035,0,30,2019-11-02,2019-12-01
MC1,184991,0.4999691009521484,0,30,2019-11-02,2019-12-01
MC1,185035,0.49284345606962837,0,30,2019-11-01,2019-11-30
MC1,185095,0.4935463726520538,0,30,2019-11-02,2019-12-01
MC1,185338,0.4861457198858261,0,30,2019-11-02,2019-12-01
MC1,185532,0.489376829067866,0,30,2019-11-02,2019-12-01
MC1,185711,0.4947269380092621,0,30,2019-11-02,2019-12-01
MC1,185741,3.3493845725786756e-22,0,11,2019-11-21,2019-12-01
MC1,185916,0.4948518335819244,0,30,2019-11-02,2019-12-01
MC1,186002,0.4865471859773,0,30,2019-11-02,2019-12-01
MC1,186017,0.4832774023214976,0,30,2019-11-02,2019-12-01
MC1,186038,0.5101459284623464,0,30,2019-11-02,2019-12-01
MC1,186122,0.4996483544508616,0,30,2019-11-02,2019-12-01
MC1,186183,0.4985843102137248,0,30,2019-11-02,2019-12-01
MC1,186256,0.4888589163621267,0,30,2019-11-02,2019-12-01
MC1,186307,0.4912867804368337,0,30,2019-11-02,2019-12-01
MC1,186405,0.5084230939547221,0,30,2019-11-02,2019-12-01
MC1,186865,0.4900158842404683,0,30,2019-11-02,2019-12-01
MC1,186901,0.504523899157842,0,30,2019-11-02,2019-12-01
MC1,187018,0.49085532228151957,0,30,2019-11-02,2019-12-01
MC1,187094,0.5082103649775187,0,30,2018-11-10,2018-12-09
MC1,187178,0.503406806786855,0,30,2019-11-02,2019-12-01
MC1,187487,0.5113409996032715,0,30,2019-11-02,2019-12-01
MC1,187769,0.5032122254371643,0,30,2019-11-02,2019-12-01
MC1,187917,0.5079684714476268,1,30,2019-04-14,2019-05-13
MC1,187961,0.4931358853975932,0,30,2019-11-02,2019-12-01
MC1,187979,0.5124489267667135,0,30,2019-11-02,2019-12-01
MC1,187985,0.49735394517580667,0,30,2019-11-02,2019-12-01
MC1,188077,0.5032937308152516,0,30,2019-11-02,2019-12-01
MC1,188331,0.4966426491737366,0,30,2019-09-22,2019-10-21
MC1,188534,0.5125468512376149,1,30,2019-05-02,2019-05-31
MC1,188562,0.48645900587240853,0,30,2019-11-02,2019-12-01
MC1,189154,0.4967060387134552,0,30,2019-11-02,2019-12-01
MC1,189273,0.5050830582777659,0,30,2019-11-02,2019-12-01
MC1,189295,0.5022042512893676,0,30,2019-11-02,2019-12-01
MC1,189319,0.4974923272927602,0,30,2019-11-02,2019-12-01
MC1,189362,0.49230024913946785,0,30,2019-11-02,2019-12-01
MC1,189456,0.4905369410912196,0,30,2019-11-02,2019-12-01
MC1,189529,0.48436899880568185,0,30,2019-11-02,2019-12-01
MC1,189553,0.4903659025828044,0,30,2019-11-02,2019-12-01
MC1,189558,0.504961238304774,0,30,2019-11-02,2019-12-01
MC1,189573,0.513066311677297,0,30,2019-11-02,2019-12-01
MC1,189607,0.4962082097927729,0,30,2019-11-02,2019-12-01
MC1,189771,0.4842356433471044,0,30,2019-11-02,2019-12-01
MC1,189822,0.48725510835647584,0,30,2019-11-02,2019-12-01
MC1,189841,0.4957072466611862,0,30,2019-11-02,2019-12-01
MC1,190006,0.48831923107306163,0,30,2019-11-02,2019-12-01
MC1,190353,0.49602444569269816,0,30,2019-11-02,2019-12-01
MC1,190487,0.4954892655213674,0,30,2019-11-02,2019-12-01
MC1,191157,0.49229755500952405,0,30,2019-11-02,2019-12-01
MC1,191184,0.5038985351721446,0,30,2019-11-02,2019-12-01
MC1,191232,0.4939762363831202,0,30,2019-11-02,2019-12-01
MC1,191368,0.5197855293750763,0,30,2019-11-02,2019-12-01
MC1,191412,0.4979681968688965,0,30,2019-11-02,2019-12-01
MC1,191577,0.4912803113460541,0,30,2019-11-02,2019-12-01
MC1,191586,0.5060576458772024,0,30,2019-11-02,2019-12-01
MC1,191611,0.4905209163824717,0,30,2019-11-02,2019-12-01
MC1,191780,0.4919126262267431,0,30,2019-11-02,2019-12-01
MC1,191990,0.4889365623394648,0,30,2019-11-02,2019-12-01
MC1,192051,0.5028549412886302,0,30,2019-11-02,2019-12-01
MC1,192184,0.5034314274787903,0,30,2019-11-02,2019-12-01
MC1,192271,0.5106371760368347,0,30,2019-11-02,2019-12-01
MC1,192310,0.5154575407505035,0,30,2018-10-23,2018-11-21
MC1,192352,0.48323118885358174,0,30,2019-11-02,2019-12-01
MC1,192353,0.48322864770889284,0,30,2019-11-02,2019-12-01
MC1,192382,0.49381488660971323,0,30,2019-11-02,2019-12-01
MC1,192392,0.49381421903769174,0,30,2019-11-02,2019-12-01
MC1,192439,0.498251356681188,0,30,2019-11-02,2019-12-01
MC1,192447,0.4911237915356954,0,30,2019-11-02,2019-12-01
MC1,192547,0.4906642556190491,0,30,2019-11-02,2019-12-01
MC1,192620,0.5098696271578471,0,30,2019-11-02,2019-12-01
MC1,192749,0.49127668639024097,0,30,2019-11-02,2019-12-01
MC1,192870,0.5060745338598888,0,30,2019-11-02,2019-12-01
MC1,192883,0.5077338914076487,0,30,2019-11-02,2019-12-01
MC1,193490,0.4918788661559423,0,30,2019-11-02,2019-12-01
MC1,193492,0.4891447325547536,0,30,2019-11-02,2019-12-01
MC1,193703,0.517263795932134,0,30,2019-11-02,2019-12-01
MC1,193810,0.49988136092821756,0,30,2019-11-02,2019-12-01
MC1,194004,0.4953941017389297,0,30,2019-11-02,2019-12-01
MC1,194037,0.4944048007329305,0,30,2019-11-02,2019-12-01
MC1,194235,0.5180529495080312,0,30,2019-11-02,2019-12-01
MC1,194252,0.4958699901898702,0,30,2019-07-26,2019-08-24
MC1,194513,0.4840774496396383,0,30,2019-11-02,2019-12-01
MC1,194600,0.5109118640422821,0,30,2019-11-02,2019-12-01
MC1,194700,0.4943436791499456,0,30,2019-11-02,2019-12-01
MC1,194747,0.49857432345549263,0,30,2019-11-02,2019-12-01
MC1,194815,0.5162406424681346,0,30,2019-11-02,2019-12-01
MC1,194860,0.4962492436170578,0,30,2019-11-02,2019-12-01
MC1,195076,0.48128846685091653,0,30,2019-11-02,2019-12-01
MC1,195196,0.5066258390744527,0,30,2019-11-02,2019-12-01
MC1,195268,0.5101552327473958,0,30,2019-11-02,2019-12-01
MC1,195425,0.49408262272675835,0,30,2019-11-02,2019-12-01
MC1,195577,0.4832802931467692,0,30,2019-11-02,2019-12-01
MC1,195606,0.49572533269723257,0,30,2019-11-02,2019-12-01
MC1,195820,0.49360145529111227,0,30,2019-11-02,2019-12-01
MC1,195933,0.49795504510402677,0,30,2019-11-02,2019-12-01
MC1,196035,0.48772810796896615,0,30,2019-11-02,2019-12-01
MC1,196109,0.5140548368295034,0,30,2019-11-02,2019-12-01
MC1,196161,0.48599181572596234,0,30,2019-11-02,2019-12-01
MC1,196429,0.49598772327105206,0,30,2019-11-02,2019-12-01
MC1,196586,0.49410695135593413,0,30,2019-11-02,2019-12-01
MC1,196684,0.49967567722002665,0,30,2019-11-02,2019-12-01
MC1,196893,0.5111127734184265,0,30,2019-11-02,2019-12-01
MC1,196955,0.48808083931605023,0,30,2019-11-02,2019-12-01
MC1,197165,0.48771315117677055,0,30,2019-11-02,2019-12-01
MC1,197248,0.48131116926670076,0,30,2019-11-02,2019-12-01
MC1,197498,0.49900182882944744,0,30,2019-11-02,2019-12-01
MC1,197556,0.48853562474250795,0,30,2019-11-02,2019-12-01
MC1,197662,0.49589896301428477,1,30,2019-10-22,2019-11-20
MC1,197677,0.4845878124237061,0,30,2019-11-02,2019-12-01
MC1,197820,0.48891419768333433,0,30,2019-11-02,2019-12-01
MC1,197897,0.5288026471932729,0,30,2018-04-21,2018-05-20
MC1,198093,0.5148753821849823,0,30,2019-11-02,2019-12-01
MC1,198116,0.4867950399716695,0,30,2019-11-02,2019-12-01
MC1,198225,0.5084169864654541,0,30,2019-11-02,2019-12-01
MC1,198365,0.49768595993518827,0,30,2019-11-02,2019-12-01
MC1,198409,0.4971539705991745,0,30,2019-11-02,2019-12-01
MC1,198422,0.4854137519995371,0,30,2019-11-02,2019-12-01
MC1,198727,0.5677324831485748,0,30,2019-11-02,2019-12-01
MC1,198787,0.5032264371713002,0,30,2019-11-02,2019-12-01
MC1,199209,0.49865664144357047,0,30,2019-11-02,2019-12-01
MC1,199428,0.4971635560194651,0,30,2019-11-02,2019-12-01
MC1,199468,0.5032383302847544,0,30,2019-11-02,2019-12-01
MC1,199547,0.5116799414157868,0,30,2019-11-02,2019-12-01
MC1,199561,0.48617007533709206,0,30,2019-11-02,2019-12-01
MC1,199651,0.5032143950462341,0,30,2019-11-02,2019-12-01
MC1,199706,0.502642560005188,0,30,2019-11-02,2019-12-01
MC1,199840,0.4976824005444845,0,30,2019-11-02,2019-12-01
MC1,199924,0.5123525182406108,0,30,2019-11-02,2019-12-01
MC1,200029,0.48722038269042967,0,30,2019-11-02,2019-12-01
MC1,200210,0.4898954490820567,0,30,2019-11-02,2019-12-01
MC2,106,0.5173615018526713,0,30,2019-11-02,2019-12-01
MC2,168,0.5164145092169444,0,30,2019-10-04,2019-11-02
MC2,249,0.5082415958245595,0,30,2019-11-02,2019-12-01
MC2,473,0.5175633668899536,0,30,2019-11-02,2019-12-01
MC2,655,0.5126256247361501,0,30,2019-11-02,2019-12-01
MC2,695,0.5116322020689646,0,30,2019-11-02,2019-12-01
MC2,1260,0.507674781481425,0,30,2019-11-02,2019-12-01
MC2,1272,0.5142309327920278,0,30,2019-11-02,2019-12-01
MC2,1553,0.49089750746885935,0,30,2019-11-02,2019-12-01
MC2,2001,0.525273609161377,1,30,2018-10-23,2018-11-21
MC2,2003,0.5179645597934723,0,30,2019-11-02,2019-12-01
MC2,2037,0.5109719693660736,0,30,2019-11-02,2019-12-01
MC2,2169,0.49201685885588325,0,30,2019-10-19,2019-11-17
MC2,2376,0.5180349548657736,0,30,2019-11-02,2019-12-01
MC2,2565,0.5036121010780334,0,30,2019-11-02,2019-12-01
MC2,2584,0.4939330716927846,0,30,2019-11-02,2019-12-01
MC2,2602,0.5059308071931203,0,30,2019-10-19,2019-11-17
MC2,2824,0.5174845556418101,0,30,2019-11-02,2019-12-01
MC2,2853,0.5162951290607453,0,30,2019-10-09,2019-11-07
MC2,2914,0.5157994389533996,0,30,2019-11-02,2019-12-01
MC2,3116,0.5156423469384511,0,30,2019-10-19,2019-11-17
MC2,3181,0.5161938508351643,0,30,2019-11-02,2019-12-01
MC2,3204,0.5096593856811523,0,30,2019-11-02,2019-12-01
MC2,3267,0.5097169955571492,0,30,2019-11-02,2019-12-01
MC2,3693,0.4934268375237783,0,30,2019-11-02,2019-12-01
MC2,3933,0.5161661664644878,0,30,2019-11-02,2019-12-01
MC2,3934,0.5124736507733663,0,30,2019-11-02,2019-12-01
MC2,4021,0.5120554188887279,0,30,2019-11-02,2019-12-01
MC2,4131,0.5132197717825572,0,30,2019-11-02,2019-12-01
MC2,4707,0.517525867621104,0,30,2019-11-02,2019-12-01
MC2,4807,0.514904910326004,0,30,2019-11-02,2019-12-01
MC2,4832,0.5084060351053874,0,30,2019-11-02,2019-12-01
MC2,4867,0.506965176264445,0,30,2019-11-02,2019-12-01
MC2,5026,0.5271162887414297,1,30,2018-11-07,2018-12-06
MC2,5097,0.511424853404363,0,30,2019-11-02,2019-12-01
MC2,5144,0.5176920394102732,0,30,2019-11-02,2019-12-01
MC2,5446,0.5100976963837941,0,30,2019-11-02,2019-12-01
MC2,5597,0.5187180797259013,0,30,2019-10-05,2019-11-03
MC2,5669,0.4932260980208715,0,30,2019-11-02,2019-12-01
MC2,5705,0.511644321680069,0,30,2019-11-02,2019-12-01
MC2,5804,0.5230343739191691,0,30,2019-11-02,2019-12-01
MC2,6136,0.5179383436838786,0,30,2019-11-01,2019-11-30
MC2,6301,0.5109575271606446,0,30,2019-11-02,2019-12-01
MC2,6380,0.5093676149845123,0,30,2019-11-02,2019-12-01
MC2,6421,0.5047102173169454,0,30,2019-11-02,2019-12-01
MC2,6428,0.5228144248326619,0,30,2019-03-08,2019-04-06
MC2,6649,0.5131910045941671,0,30,2019-11-02,2019-12-01
MC2,6666,0.5027852237224579,0,30,2019-11-02,2019-12-01
MC2,6870,0.5169623096783956,0,30,2019-11-02,2019-12-01
MC2,6950,0.5174171845118205,0,30,2019-11-02,2019-12-01
MC2,6951,0.511748194694519,0,30,2019-11-02,2019-12-01
MC2,7237,0.5051680187384288,0,30,2019-11-02,2019-12-01
MC2,7329,0.5173629065354665,0,30,2019-11-02,2019-12-01
MC2,7330,0.524183468023936,0,30,2019-11-02,2019-12-01
MC2,7606,0.5110530118147533,0,30,2019-11-02,2019-12-01
MC2,7682,0.5084982752799988,0,30,2019-11-02,2019-12-01
MC2,7968,0.51747119029363,0,30,2019-11-02,2019-12-01
MC2,7973,0.5095183233420054,0,30,2019-11-02,2019-12-01
MC2,7996,0.5073825716972351,0,30,2019-11-02,2019-12-01
MC2,8026,0.5256725947062174,0,30,2019-11-02,2019-12-01
MC2,8085,0.17430625925124496,0,25,2018-12-18,2019-01-11
MC2,8287,0.5106570243835449,0,30,2019-11-02,2019-12-01
MC2,8784,0.5033570647239685,0,30,2019-11-02,2019-12-01
MC2,9057,0.5058062811692555,0,30,2019-11-02,2019-12-01
MC2,9100,0.5144699215888977,0,30,2019-11-02,2019-12-01
MC2,9260,0.5110798358917237,0,30,2019-11-02,2019-12-01
MC2,9269,0.5074038068453471,0,30,2019-11-02,2019-12-01
MC2,9401,0.5138737837473552,0,30,2019-11-02,2019-12-01
MC2,9542,0.5056507011254628,0,30,2019-11-02,2019-12-01
MC2,10074,0.5132199227809906,0,30,2019-11-02,2019-12-01
MC2,10296,0.5186751921971638,1,30,2019-10-31,2019-11-29
MC2,10368,0.5102073570092519,0,30,2019-11-02,2019-12-01
MC2,10384,0.5058641970157624,0,30,2019-11-02,2019-12-01
MC2,10490,0.5177315632502238,0,30,2019-11-02,2019-12-01
MC2,10516,0.5125421384970347,0,30,2019-11-02,2019-12-01
MC2,10903,0.5050617237885793,0,30,2019-11-02,2019-12-01
MC2,10923,0.5175118863582611,0,30,2019-11-02,2019-12-01
MC2,10955,0.25270431601246673,0,30,2019-02-12,2019-03-13
MC2,11042,0.5050219019254049,0,30,2019-11-02,2019-12-01
MC2,11431,0.5158024271329243,0,30,2019-11-02,2019-12-01
MC2,11599,0.5109344184398651,0,30,2019-11-02,2019-12-01
MC2,11691,0.5163949131965637,0,30,2019-11-02,2019-12-01
MC2,11772,0.5085804422696432,0,30,2019-10-19,2019-11-17
MC2,11930,0.4912778367598852,0,30,2019-11-02,2019-12-01
MC2,12038,0.5055835465590159,0,30,2019-11-02,2019-12-01
MC2,12172,0.5147653877735138,0,30,2019-11-02,2019-12-01
MC2,12178,0.5052968660990397,0,30,2019-11-02,2019-12-01
MC2,12255,0.5068731248378754,0,30,2019-08-26,2019-09-24
MC2,12263,0.5127913395563761,1,30,2019-06-04,2019-07-03
MC2,12312,0.5179705818494161,0,30,2019-11-02,2019-12-01
MC2,12331,0.506946877638499,0,30,2019-11-02,2019-12-01
MC2,12399,0.5181342502435048,0,30,2019-11-02,2019-12-01
MC2,12531,0.5175230324268341,0,30,2019-11-02,2019-12-01
MC2,12533,0.5129562119642893,0,30,2019-10-19,2019-11-17
MC2,12568,0.49245008726914724,0,30,2019-11-02,2019-12-01
MC2,12660,0.524198571840922,0,30,2019-11-02,2019-12-01
MC2,12833,0.5122873445351919,0,30,2019-11-02,2019-12-01
MC2,13031,0.5113383769989014,0,30,2019-11-02,2019-12-01
MC2,13119,0.5097910483678182,0,30,2019-11-02,2019-12-01
MC2,13180,0.5052528063456218,0,30,2019-11-02,2019-12-01
MC2,13239,0.49089018603165946,0,30,2019-11-02,2019-12-01
MC2,13466,0.5134589711825053,0,30,2019-09-25,2019-10-24
MC2,13478,0.5054685950279236,0,30,2019-11-02,2019-12-01
MC2,13536,0.5112766166528065,0,30,2019-11-02,2019-12-01
MC2,13576,0.5102315425872803,0,30,2019-11-02,2019-12-01
MC2,13878,0.5109294513861339,0,30,2019-11-02,2019-12-01
MC2,13895,0.5179318229357401,0,30,2019-10-05,2019-11-03
MC2,14080,0.4913462648789088,0,30,2019-11-02,2019-12-01
MC2,14501,0.5125205099582673,0,30,2019-11-02,2019-12-01
MC2,14724,0.5084004779656728,0,30,2019-11-02,2019-12-01
MC2,14803,0.5160598834355672,0,30,2019-11-02,2019-12-01
MC2,14812,0.5059067149957021,0,30,2019-11-02,2019-12-01
MC2,14863,0.5140169163544973,0,30,2019-11-02,2019-12-01
MC2,14902,0.5089035868644715,0,30,2019-10-19,2019-11-17
MC2,15088,0.5167370160420736,1,30,2019-07-29,2019-08-27
MC2,15107,0.508075765768687,0,30,2019-11-02,2019-12-01
MC2,15129,0.5196635007858277,1,30,2019-05-19,2019-06-17
MC2,15199,0.5183169603347778,0,30,2019-09-27,2019-10-26
MC2,15412,0.491913428902626,0,30,2019-11-02,2019-12-01
MC2,15498,0.5165213267008464,0,30,2019-10-19,2019-11-17
MC2,15705,0.5584277212619781,0,30,2018-10-15,2018-11-13
MC2,15786,0.5119362811247508,0,30,2019-11-02,2019-12-01
MC2,15800,0.5043269336223603,0,30,2019-10-19,2019-11-17
MC2,15885,0.507134860754013,0,30,2019-11-02,2019-12-01
MC2,16096,0.4924314975738525,0,30,2019-11-02,2019-12-01
MC2,16196,0.5187417487303416,0,30,2019-10-04,2019-11-02
MC2,16433,0.5164126733938853,0,30,2019-11-02,2019-12-01
MC2,16517,0.5106528639793396,0,30,2019-11-02,2019-12-01
MC2,16604,0.5035534918308258,0,30,2019-11-02,2019-12-01
MC2,16623,0.5141486903031667,0,30,2019-11-02,2019-12-01
MC2,16739,0.5174126366774241,0,30,2019-11-02,2019-12-01
MC2,16767,0.5144012431303661,0,30,2019-11-02,2019-12-01
MC2,16857,0.5173485775788625,0,30,2019-11-02,2019-12-01
MC2,16895,8.665626754420502e-17,0,13,2019-11-19,2019-12-01
MC2,17024,0.5131441911061605,0,30,2019-11-02,2019-12-01
MC2,17047,0.5058708846569061,0,30,2019-11-02,2019-12-01
MC2,17058,0.5055379052956899,0,30,2019-11-02,2019-12-01
MC2,17306,0.5146175106366475,0,30,2019-11-02,2019-12-01
MC2,17445,0.5116359849770864,0,30,2019-11-02,2019-12-01
MC2,17549,0.5125879506270091,0,30,2019-11-02,2019-12-01
MC2,17788,0.5028210818767548,0,30,2019-11-02,2019-12-01
MC2,17864,0.5125620742638906,0,30,2019-11-02,2019-12-01
MC2,18444,0.5050691346327464,0,30,2019-11-02,2019-12-01
MC2,18466,0.5077224055926005,0,30,2019-11-02,2019-12-01
MC2,18478,0.5076979577541352,0,30,2019-11-02,2019-12-01
MC2,18517,0.5049935201803843,0,30,2019-11-02,2019-12-01
MC2,18938,0.5109541614850363,0,30,2019-11-02,2019-12-01
MC2,18947,0.5058402756849925,0,30,2019-11-02,2019-12-01
MC2,18971,0.5286048412322998,0,30,2019-11-02,2019-12-01
MC2,19195,0.5110598226388295,0,30,2019-11-02,2019-12-01
MC2,19373,0.5263169646263123,0,30,2019-11-02,2019-12-01
MC2,19402,0.5107540170351664,0,30,2019-11-02,2019-12-01
MC2,19481,0.5088082094987233,0,30,2019-11-02,2019-12-01
MC2,19563,0.5108312745889028,0,30,2019-11-02,2019-12-01
MC2,19613,0.5006911814212799,0,30,2019-11-02,2019-12-01
MC2,19656,0.5053456624348959,0,30,2019-11-02,2019-12-01
MC2,19671,0.5140766044457753,0,30,2019-11-02,2019-12-01
MC2,19932,0.5124663690725962,0,30,2019-11-02,2019-12-01
MC2,19973,0.5027695258458456,0,30,2019-11-02,2019-12-01
MC2,19975,0.5164185921351115,0,30,2019-11-02,2019-12-01
MC2,20008,0.5105137864748637,0,30,2019-11-02,2019-12-01
MC2,20141,0.2346311379581968,1,15,2018-09-25,2018-10-09
MC2,20387,0.511961700518926,0,30,2019-11-02,2019-12-01
MC2,20525,0.5189864099025726,0,30,2019-10-05,2019-11-03
MC2,20554,0.5241381645202636,0,30,2019-11-02,2019-12-01
MC2,20579,0.5192346394062042,1,30,2019-08-26,2019-09-24
MC2,20744,0.5160801072915395,0,30,2019-11-02,2019-12-01
MC2,20875,0.51751842101415,0,30,2019-11-02,2019-12-01
MC2,20935,0.5085914750893911,0,30,2019-09-27,2019-10-26
MC2,20963,0.5187783817450206,0,30,2019-10-04,2019-11-02
MC2,21238,0.5049452980359396,0,30,2019-11-02,2019-12-01
MC2,21382,0.516205096244812,0,30,2019-11-02,2019-12-01
MC2,21477,0.5047441124916077,0,30,2019-11-02,2019-12-01
MC2,21663,0.5035421311855316,0,30,2019-11-02,2019-12-01
MC2,21930,0.505029833316803,0,30,2019-11-02,2019-12-01
MC2,21941,0.5218156456947327,0,30,2019-06-03,2019-07-02
MC2,22065,0.49918415149052936,0,30,2019-11-02,2019-12-01
MC2,22145,0.5247287750244141,0,5,2019-11-27,2019-12-01
MC2,22159,0.5154651085535685,0,30,2019-11-02,2019-12-01
MC2,22492,0.5226928651332855,0,30,2019-05-04,2019-06-02
MC2,22499,0.5071692784627279,0,30,2019-11-02,2019-12-01
MC2,22506,0.5157410005728403,0,30,2019-11-02,2019-12-01
MC2,22563,0.5214904089768727,1,30,2019-04-24,2019-05-23
MC2,22603,0.5281393865744273,1,30,2018-08-26,2018-09-24
MC2,22644,0.5118071715037028,0,30,2019-11-02,2019-12-01
MC2,22845,0.5033437768618266,0,30,2019-11-02,2019-12-01
MC2,23050,0.5108559966087342,0,30,2019-11-02,2019-12-01
MC2,23352,0.4912705530722936,0,30,2019-11-02,2019-12-01
MC2,23481,0.5173225621382396,0,30,2019-11-02,2019-12-01
MC2,23530,0.5184364934762319,0,30,2019-10-19,2019-11-17
MC2,23656,0.5123796999454499,0,30,2019-11-02,2019-12-01
MC2,23725,0.510297026236852,0,30,2019-11-02,2019-12-01
