fold,drive_id,model,disk_id,drive_label,total_windows,positive_windows,first_window_date,last_window_date,first_positive_date,last_positive_date,first_positive_probability,last_positive_probability,max_positive_probability,max_probability,mean_probability,last_window_probability
C,MC1_100012,MC1,100012,0,10,0,2019-11-22,2019-12-01,,,,,,1.2075006e-23,1.2092447e-24,1.2075006e-23
C,MC1_100030,MC1,100030,0,670,0,2018-01-31,2019-12-01,,,,,,0.52856725,0.51153827,0.4940334
C,MC1_100103,MC1,100103,0,670,0,2018-01-31,2019-12-01,,,,,,0.52462393,0.5072358,0.48984584
C,MC1_100124,MC1,100124,0,670,0,2018-01-31,2019-12-01,,,,,,0.5250904,0.5076375,0.4901529
C,MC1_100154,MC1,100154,0,670,0,2018-01-31,2019-12-01,,,,,,0.52872264,0.51516557,0.5011164
C,MC1_100163,MC1,100163,0,577,0,2018-01-31,2019-08-30,,,,,,0.52036315,0.5053181,0.49027264
C,MC1_100249,MC1,100249,1,591,30,2018-01-31,2019-09-13,2019-08-15,2019-09-13,0.5023154616355896,0.5007988810539246,0.5023154616355896,0.60945714,0.5172076,0.5007989
C,MC1_10033,MC1,10033,0,670,0,2018-01-31,2019-12-01,,,,,,0.52279294,0.50533766,0.48797014
C,MC1_100376,MC1,100376,0,670,0,2018-01-31,2019-12-01,,,,,,0.5276612,0.5102279,0.4927793
C,MC1_100470,MC1,100470,0,289,0,2019-02-16,2019-12-01,,,,,,0.52562094,0.5181216,0.5105723
C,MC1_100595,MC1,100595,0,565,0,2018-05-16,2019-12-01,,,,,,0.6438444,0.5051528,0.5037592
C,MC1_100643,MC1,100643,0,430,0,2018-09-28,2019-12-01,,,,,,0.64482695,0.5037598,0.5109029
C,MC1_100921,MC1,100921,0,670,0,2018-01-31,2019-12-01,,,,,,0.5206319,0.50314367,0.48566422
C,MC1_101310,MC1,101310,0,613,0,2018-03-29,2019-12-01,,,,,,0.6427627,0.50155735,0.5014361
C,MC1_10141,MC1,10141,0,594,0,2018-04-17,2019-12-01,,,,,,0.6432828,0.5022023,0.50240886
C,MC1_101457,MC1,101457,0,453,0,2018-09-05,2019-12-01,,,,,,0.5128028,0.5010957,0.48915392
C,MC1_101486,MC1,101486,0,375,0,2018-11-22,2019-12-01,,,,,,0.66050833,0.5047004,0.51392347
C,MC1_101552,MC1,101552,0,203,0,2018-01-31,2018-08-21,,,,,,0.5285924,0.52368283,0.5184445
C,MC1_101665,MC1,101665,0,473,0,2018-08-16,2019-12-01,,,,,,0.6466208,0.50384116,0.5087115
C,MC1_101789,MC1,101789,0,433,0,2018-09-25,2019-12-01,,,,,,0.5759925,0.522882,0.50960815
C,MC1_101877,MC1,101877,0,670,0,2018-01-31,2019-12-01,,,,,,0.52837074,0.51165664,0.4960792
C,MC1_102106,MC1,102106,0,578,0,2018-01-31,2019-08-31,,,,,,0.52758366,0.5125467,0.49744323
C,MC1_102129,MC1,102129,0,453,0,2018-09-05,2019-12-01,,,,,,0.5155186,0.5056606,0.5004897
C,MC1_102327,MC1,102327,0,476,0,2018-01-31,2019-05-21,,,,,,0.52468365,0.5123064,0.50019485
C,MC1_102330,MC1,102330,0,670,0,2018-01-31,2019-12-01,,,,,,0.5258706,0.5084643,0.49169213
C,MC1_102465,MC1,102465,0,593,0,2018-04-18,2019-12-01,,,,,,0.6439668,0.5016707,0.50248057
C,MC1_102576,MC1,102576,0,529,0,2018-06-21,2019-12-01,,,,,,0.64214927,0.49872702,0.50597113
C,MC1_10271,MC1,10271,0,593,0,2018-04-18,2019-12-01,,,,,,0.64457804,0.5015535,0.5024843
C,MC1_102721,MC1,102721,0,670,0,2018-01-31,2019-12-01,,,,,,0.53294736,0.5127651,0.49529755
C,MC1_102907,MC1,102907,0,480,0,2018-08-09,2019-12-01,,,,,,0.5149283,0.5023897,0.4898614
C,MC1_102980,MC1,102980,0,670,0,2018-01-31,2019-12-01,,,,,,0.52808094,0.5117115,0.49438813
C,MC1_103019,MC1,103019,0,619,0,2018-03-23,2019-12-01,,,,,,0.64198375,0.51075804,0.5007575
C,MC1_103151,MC1,103151,0,556,0,2018-05-25,2019-12-01,,,,,,0.6420598,0.50249475,0.5046515
C,MC1_10333,MC1,10333,0,619,0,2018-03-23,2019-12-01,,,,,,0.6420968,0.51104313,0.50149876
C,MC1_103409,MC1,103409,0,613,0,2018-03-29,2019-12-01,,,,,,0.64260453,0.50142026,0.5014427
C,MC1_103741,MC1,103741,0,670,0,2018-01-31,2019-12-01,,,,,,0.52072674,0.5032762,0.48597404
C,MC1_103766,MC1,103766,0,670,0,2018-01-31,2019-12-01,,,,,,0.53293717,0.51277345,0.4953043
C,MC1_103810,MC1,103810,0,670,0,2018-01-31,2019-12-01,,,,,,0.61851007,0.5152938,0.49654445
C,MC1_10385,MC1,10385,0,670,0,2018-01-31,2019-12-01,,,,,,0.5154082,0.49791223,0.48044917
C,MC1_104182,MC1,104182,0,670,0,2018-01-31,2019-12-01,,,,,,0.6421411,0.5173516,0.49728665
C,MC1_104235,MC1,104235,0,670,0,2018-01-31,2019-12-01,,,,,,0.52837384,0.51155907,0.49361768
C,MC1_104337,MC1,104337,0,617,0,2018-01-31,2019-10-09,,,,,,0.52869743,0.51322645,0.49698153
C,MC1_104606,MC1,104606,0,494,0,2018-07-26,2019-12-01,,,,,,0.6440537,0.51510465,0.5069816
C,MC1_104651,MC1,104651,0,535,0,2018-06-15,2019-12-01,,,,,,0.64262575,0.50149053,0.50550705
C,MC1_104837,MC1,104837,0,656,0,2018-02-14,2019-12-01,,,,,,0.641882,0.4990586,0.4993855
C,MC1_104892,MC1,104892,0,335,0,2019-01-01,2019-12-01,,,,,,0.6423836,0.5008408,0.51597756
C,MC1_105051,MC1,105051,0,352,0,2018-09-05,2019-08-22,,,,,,0.5233326,0.5144218,0.50495136
C,MC1_105263,MC1,105263,0,670,0,2018-01-31,2019-12-01,,,,,,0.61104655,0.51504135,0.4967598
C,MC1_105580,MC1,105580,0,670,0,2018-01-31,2019-12-01,,,,,,0.5287382,0.5118084,0.49438587
C,MC1_105685,MC1,105685,0,644,0,2018-02-26,2019-12-01,,,,,,0.0,0.0,0.0
C,MC1_105857,MC1,105857,0,347,0,2018-12-20,2019-12-01,,,,,,0.6428659,0.49795067,0.5153199
C,MC1_105863,MC1,105863,0,347,0,2018-12-20,2019-12-01,,,,,,0.6428659,0.49795005,0.5153181
C,MC1_105873,MC1,105873,0,670,0,2018-01-31,2019-12-01,,,,,,0.52200544,0.50454956,0.48731583
C,MC1_10596,MC1,10596,0,670,0,2018-01-31,2019-12-01,,,,,,0.515362,0.5006388,0.48070115
C,MC1_105962,MC1,105962,0,562,0,2018-05-19,2019-12-01,,,,,,0.52505094,0.49665186,0.51311576
C,MC1_105976,MC1,105976,0,670,0,2018-01-31,2019-12-01,,,,,,0.52242124,0.5049384,0.4874554
C,MC1_105983,MC1,105983,0,503,0,2018-01-31,2019-06-17,,,,,,0.5220076,0.5088899,0.49577054
C,MC1_106059,MC1,106059,0,447,0,2018-09-11,2019-12-01,,,,,,0.6454653,0.50002265,0.51015997
C,MC1_10607,MC1,10607,0,670,0,2018-01-31,2019-12-01,,,,,,0.6194681,0.5152928,0.49640775
C,MC1_106090,MC1,106090,0,670,0,2018-01-31,2019-12-01,,,,,,0.6433556,0.5172388,0.49692708
C,MC1_10610,MC1,10610,0,670,0,2018-01-31,2019-12-01,,,,,,0.5154082,0.4979137,0.48045963
C,MC1_106218,MC1,106218,0,670,0,2018-01-31,2019-12-01,,,,,,0.5273829,0.5099349,0.49243924
C,MC1_106670,MC1,106670,1,430,30,2018-01-31,2019-04-05,2019-03-07,2019-04-05,0.5083135962486267,0.5067946910858154,0.5083135962486267,0.5286819,0.51799613,0.5067947
C,MC1_107096,MC1,107096,0,670,0,2018-01-31,2019-12-01,,,,,,0.5207252,0.5032399,0.48576164
C,MC1_107109,MC1,107109,0,422,0,2018-10-06,2019-12-01,,,,,,0.645818,0.50093716,0.5114085
C,MC1_10719,MC1,10719,0,447,0,2018-09-11,2019-12-01,,,,,,0.6484804,0.51561147,0.5094534
C,MC1_107260,MC1,107260,0,600,0,2018-04-11,2019-12-01,,,,,,0.6429992,0.503066,0.50207686
C,MC1_107312,MC1,107312,0,491,0,2018-07-29,2019-12-01,,,,,,0.64206433,0.50077146,0.50782496
C,MC1_107379,MC1,107379,0,68,0,2019-09-25,2019-12-01,,,,,,0.5283796,0.5268078,0.5250972
C,MC1_107397,MC1,107397,0,670,0,2018-01-31,2019-12-01,,,,,,0.5174433,0.49994537,0.4824753
C,MC1_107453,MC1,107453,0,655,0,2018-02-15,2019-12-01,,,,,,0.6421049,0.50176585,0.4997006
C,MC1_10746,MC1,10746,0,670,0,2018-01-31,2019-12-01,,,,,,0.6432313,0.5104552,0.49806738
C,MC1_107542,MC1,107542,0,670,0,2018-01-31,2019-12-01,,,,,,0.52791184,0.5104841,0.49299288
C,MC1_107564,MC1,107564,0,670,0,2018-01-31,2019-12-01,,,,,,0.52135164,0.50387275,0.48638827
C,MC1_107690,MC1,107690,0,619,0,2018-03-23,2019-12-01,,,,,,0.6418203,0.51102006,0.5007832
C,MC1_107796,MC1,107796,0,670,0,2018-01-31,2019-12-01,,,,,,0.52588445,0.50842386,0.49093372
C,MC1_107820,MC1,107820,0,498,0,2018-03-27,2019-08-06,,,,,,0.6445981,0.50127155,0.5075043
C,MC1_107824,MC1,107824,0,670,0,2018-01-31,2019-12-01,,,,,,0.51542544,0.49796888,0.4807136
C,MC1_107910,MC1,107910,0,670,0,2018-01-31,2019-12-01,,,,,,0.0,0.0,0.0
C,MC1_108218,MC1,108218,0,415,0,2018-10-13,2019-12-01,,,,,,0.6439617,0.5010171,0.51195633
C,MC1_10831,MC1,10831,0,299,0,2019-02-06,2019-12-01,,,,,,0.5066255,0.4988828,0.49125513
C,MC1_108375,MC1,108375,0,670,0,2018-01-31,2019-12-01,,,,,,0.5227408,0.5052587,0.48777464
C,MC1_1084,MC1,1084,0,670,0,2018-01-31,2019-12-01,,,,,,0.5154057,0.49791297,0.4804506
C,MC1_108572,MC1,108572,1,481,30,2018-01-31,2019-05-26,2019-04-27,2019-05-26,0.49786409735679626,0.49634331464767456,0.49786409735679626,0.52142996,0.5088857,0.4963433
C,MC1_108691,MC1,108691,0,670,0,2018-01-31,2019-12-01,,,,,,0.5183028,0.5008745,0.48368105
C,MC1_108791,MC1,108791,0,670,0,2018-01-31,2019-12-01,,,,,,0.5259711,0.5086623,0.49155614
C,MC1_108834,MC1,108834,0,670,0,2018-01-31,2019-12-01,,,,,,0.6419231,0.51778,0.4970924
C,MC1_109123,MC1,109123,0,670,0,2018-01-31,2019-12-01,,,,,,0.64272237,0.5159212,0.49748477
C,MC1_109316,MC1,109316,0,670,0,2018-01-31,2019-12-01,,,,,,0.52427787,0.5068163,0.48933908
C,MC1_109385,MC1,109385,0,670,0,2018-01-31,2019-12-01,,,,,,0.51535046,0.49792376,0.4805182
C,MC1_109538,MC1,109538,0,670,0,2018-01-31,2019-12-01,,,,,,0.5298476,0.5127139,0.4952535
C,MC1_109584,MC1,109584,0,415,0,2018-10-13,2019-12-01,,,,,,0.6425602,0.50198084,0.51172817
C,MC1_109587,MC1,109587,0,415,0,2018-10-13,2019-12-01,,,,,,0.6425602,0.50198376,0.5117274
C,MC1_109628,MC1,109628,0,670,0,2018-01-31,2019-12-01,,,,,,0.5254039,0.5088263,0.49178287
C,MC1_109639,MC1,109639,0,453,0,2018-09-05,2019-12-01,,,,,,0.51282465,0.5011427,0.48917302
C,MC1_109640,MC1,109640,0,670,0,2018-01-31,2019-12-01,,,,,,0.5254576,0.50854653,0.49146846
C,MC1_109680,MC1,109680,0,670,0,2018-01-31,2019-12-01,,,,,,0.5183426,0.50090504,0.48376456
C,MC1_109871,MC1,109871,0,40,0,2019-10-23,2019-12-01,,,,,,0.6439378,0.2675132,0.62412524
C,MC1_110058,MC1,110058,0,670,0,2018-01-31,2019-12-01,,,,,,0.52792627,0.51050186,0.4930094
C,MC1_110074,MC1,110074,0,655,0,2018-02-15,2019-12-01,,,,,,0.6414444,0.50157315,0.4992784
C,MC1_110084,MC1,110084,1,37,30,2018-01-31,2018-03-08,2018-02-07,2018-03-08,0.521536111831665,0.5200228095054626,0.521536111831665,0.52185076,0.52062243,0.5200228
C,MC1_110101,MC1,110101,0,352,0,2018-12-15,2019-12-01,,,,,,0.6456998,0.50116664,0.5157821
C,MC1_110468,MC1,110468,0,670,0,2018-01-31,2019-12-01,,,,,,0.52429116,0.50760365,0.4910159
C,MC1_110516,MC1,110516,0,513,0,2018-07-07,2019-12-01,,,,,,0.6409324,0.50265247,0.5071851
C,MC1_110617,MC1,110617,0,516,0,2018-01-31,2019-06-30,,,,,,0.52041984,0.5069562,0.49350756
C,MC1_110697,MC1,110697,0,670,0,2018-01-31,2019-12-01,,,,,,0.63096017,0.51765203,0.49940193
C,MC1_110730,MC1,110730,0,670,0,2018-01-31,2019-12-01,,,,,,0.6316602,0.51728576,0.49895564
C,MC1_111035,MC1,111035,0,670,0,2018-01-31,2019-12-01,,,,,,0.5259769,0.50874466,0.4918199
C,MC1_111064,MC1,111064,0,670,0,2018-01-31,2019-12-01,,,,,,0.6460379,0.5179068,0.4973275
C,MC1_111143,MC1,111143,0,348,0,2018-10-06,2019-09-18,,,,,,0.64589554,0.49806324,0.51531416
C,MC1_111518,MC1,111518,1,488,30,2018-01-31,2019-06-02,2019-05-04,2019-06-02,0.5028659701347351,0.5013464093208313,0.5028659701347351,0.5259791,0.51348513,0.5013464
C,MC1_111821,MC1,111821,0,453,0,2018-09-05,2019-12-01,,,,,,0.5141458,0.50232345,0.49050486
C,MC1_111967,MC1,111967,0,670,0,2018-01-31,2019-12-01,,,,,,0.5183225,0.5008513,0.48343998
C,MC1_11218,MC1,11218,0,670,0,2018-01-31,2019-12-01,,,,,,0.5287663,0.51187307,0.49443594
C,MC1_11227,MC1,11227,0,670,0,2018-01-31,2019-12-01,,,,,,0.5287663,0.5118731,0.49443594
C,MC1_112337,MC1,112337,0,670,0,2018-01-31,2019-12-01,,,,,,0.53638446,0.51298094,0.4956641
C,MC1_112583,MC1,112583,0,615,0,2018-03-27,2019-12-01,,,,,,0.6427559,0.50167644,0.50133663
C,MC1_112587,MC1,112587,0,615,0,2018-03-27,2019-12-01,,,,,,0.6427559,0.50170887,0.50133663
C,MC1_112834,MC1,112834,0,494,0,2018-07-26,2019-12-01,,,,,,0.64283305,0.51590955,0.5069781
C,MC1_112922,MC1,112922,0,670,0,2018-01-31,2019-12-01,,,,,,0.5291077,0.51244974,0.49506956
C,MC1_113023,MC1,113023,0,433,0,2018-09-25,2019-12-01,,,,,,0.5248344,0.41677842,0.5098337
C,MC1_113391,MC1,113391,0,670,0,2018-01-31,2019-12-01,,,,,,0.5261495,0.5087582,0.49180058
C,MC1_11348,MC1,11348,0,670,0,2018-01-31,2019-12-01,,,,,,0.5184798,0.50100124,0.48354062
C,MC1_113604,MC1,113604,0,670,0,2018-01-31,2019-12-01,,,,,,0.5268256,0.5093932,0.49198437
C,MC1_113758,MC1,113758,0,619,0,2018-03-23,2019-12-01,,,,,,0.6437926,0.5107158,0.50085515
C,MC1_11394,MC1,11394,0,579,0,2018-04-18,2019-11-17,,,,,,0.6425797,0.5086828,0.50279546
C,MC1_11397,MC1,11397,0,579,0,2018-04-18,2019-11-17,,,,,,0.6425797,0.50868237,0.5027948
C,MC1_114142,MC1,114142,0,329,0,2018-09-05,2019-07-30,,,,,,0.5147155,0.50624216,0.49754366
C,MC1_114496,MC1,114496,0,670,0,2018-01-31,2019-12-01,,,,,,0.52152103,0.5044838,0.49123427
C,MC1_114616,MC1,114616,0,656,0,2018-01-31,2019-11-17,,,,,,0.5227443,0.5056853,0.48871925
C,MC1_114847,MC1,114847,0,670,0,2018-01-31,2019-12-01,,,,,,0.6378459,0.51712126,0.4971859
C,MC1_114936,MC1,114936,0,453,0,2018-09-05,2019-12-01,,,,,,0.51284355,0.5010967,0.48919567
C,MC1_11500,MC1,11500,1,608,30,2018-01-31,2019-09-30,2019-09-01,2019-09-30,0.4991023540496826,0.4975787103176117,0.4991023540496826,0.52878743,0.5134515,0.4975787
C,MC1_115035,MC1,115035,0,670,0,2018-01-31,2019-12-01,,,,,,0.5292761,0.5127413,0.49526387
C,MC1_115181,MC1,115181,0,670,0,2018-01-31,2019-12-01,,,,,,0.5208974,0.5034111,0.4859306
C,MC1_115315,MC1,115315,0,670,0,2018-01-31,2019-12-01,,,,,,0.52841777,0.511597,0.49365777
C,MC1_115339,MC1,115339,0,415,0,2018-10-13,2019-12-01,,,,,,0.643639,0.5016133,0.5117689
C,MC1_115411,MC1,115411,0,597,0,2018-04-14,2019-12-01,,,,,,0.64635295,0.5060764,0.5020257
C,MC1_115414,MC1,115414,0,597,0,2018-04-14,2019-12-01,,,,,,0.64635295,0.5060757,0.5020249
C,MC1_1155,MC1,1155,0,670,0,2018-01-31,2019-12-01,,,,,,0.6376053,0.5162001,0.49668545
C,MC1_115526,MC1,115526,0,669,0,2018-02-01,2019-12-01,,,,,,0.5268227,0.5093455,0.49186558
C,MC1_115630,MC1,115630,0,619,0,2018-03-23,2019-12-01,,,,,,0.64198375,0.51077354,0.5007764
C,MC1_115743,MC1,115743,0,670,0,2018-01-31,2019-12-01,,,,,,0.52791846,0.51053166,0.4930633
C,MC1_115779,MC1,115779,0,577,0,2018-01-31,2019-08-30,,,,,,0.5276022,0.5125973,0.49756527
C,MC1_115859,MC1,115859,0,446,0,2018-09-12,2019-12-01,,,,,,0.6457061,0.501192,0.51014966
C,MC1_115932,MC1,115932,0,670,0,2018-01-31,2019-12-01,,,,,,0.5291466,0.512805,0.49569333
C,MC1_115974,MC1,115974,0,670,0,2018-01-31,2019-12-01,,,,,,0.5221835,0.50469595,0.48721236
C,MC1_116044,MC1,116044,0,670,0,2018-01-31,2019-12-01,,,,,,0.5201589,0.5027229,0.4864565
C,MC1_11615,MC1,11615,0,670,0,2018-01-31,2019-12-01,,,,,,0.52562743,0.50835323,0.49263266
C,MC1_116170,MC1,116170,0,254,0,2019-03-23,2019-12-01,,,,,,0.65536684,0.4942532,0.52098554
C,MC1_116208,MC1,116208,0,670,0,2018-01-31,2019-12-01,,,,,,0.52315277,0.5056769,0.48819086
C,MC1_11623,MC1,11623,0,464,0,2018-08-25,2019-12-01,,,,,,0.6427587,0.50072825,0.5094837
C,MC1_116282,MC1,116282,0,670,0,2018-01-31,2019-12-01,,,,,,0.5279091,0.5104776,0.4929868
C,MC1_116291,MC1,116291,0,670,0,2018-01-31,2019-12-01,,,,,,0.5279042,0.5104747,0.49298418
C,MC1_116537,MC1,116537,0,660,0,2018-02-10,2019-12-01,,,,,,0.6431291,0.50231075,0.4990105
C,MC1_116709,MC1,116709,0,670,0,2018-01-31,2019-12-01,,,,,,0.5182176,0.5008093,0.4834578
C,MC1_116744,MC1,116744,0,598,0,2018-04-13,2019-12-01,,,,,,0.6416471,0.50161576,0.50221545
C,MC1_116768,MC1,116768,0,670,0,2018-01-31,2019-12-01,,,,,,0.5268336,0.50945574,0.49269146
C,MC1_117013,MC1,117013,0,594,0,2018-04-17,2019-12-01,,,,,,0.6437684,0.5019117,0.50246936
C,MC1_117125,MC1,117125,0,660,0,2018-01-31,2019-11-21,,,,,,0.51535416,0.49812123,0.48096815
C,MC1_117225,MC1,117225,0,670,0,2018-01-31,2019-12-01,,,,,,0.5259711,0.50864613,0.49217355
C,MC1_117409,MC1,117409,0,670,0,2018-01-31,2019-12-01,,,,,,0.6425027,0.5172872,0.49729908
C,MC1_117413,MC1,117413,0,670,0,2018-01-31,2019-12-01,,,,,,0.6425027,0.51728725,0.49729908
C,MC1_117425,MC1,117425,0,670,0,2018-01-31,2019-12-01,,,,,,0.52827835,0.5115819,0.49461308
C,MC1_117615,MC1,117615,0,670,0,2018-01-31,2019-12-01,,,,,,0.5174932,0.50031316,0.4827645
C,MC1_117807,MC1,117807,0,670,0,2018-01-31,2019-12-01,,,,,,0.52088517,0.50339943,0.4859191
C,MC1_117827,MC1,117827,0,670,0,2018-01-31,2019-12-01,,,,,,0.53343916,0.51277375,0.49530575
C,MC1_118255,MC1,118255,0,670,0,2018-01-31,2019-12-01,,,,,,0.6034125,0.5147528,0.4963617
C,MC1_118328,MC1,118328,0,656,0,2018-02-14,2019-12-01,,,,,,0.6421401,0.50159967,0.49976724
C,MC1_118431,MC1,118431,0,670,0,2018-01-31,2019-12-01,,,,,,0.64266026,0.5175938,0.49730653
C,MC1_118512,MC1,118512,0,408,0,2018-10-20,2019-12-01,,,,,,0.64036566,0.50461406,0.5169171
C,MC1_118527,MC1,118527,0,418,0,2018-10-10,2019-12-01,,,,,,0.64245224,0.50432026,0.51145935
C,MC1_11863,MC1,11863,0,670,0,2018-01-31,2019-12-01,,,,,,0.5227936,0.5053172,0.4878376
C,MC1_11879,MC1,11879,0,327,0,2019-01-09,2019-12-01,,,,,,0.6410998,0.4957876,0.5164137
C,MC1_118835,MC1,118835,0,670,0,2018-01-31,2019-12-01,,,,,,0.52853185,0.51673037,0.5036079
C,MC1_118923,MC1,118923,0,76,0,2019-09-17,2019-12-01,,,,,,0.6404116,0.4037756,0.5289513
C,MC1_119036,MC1,119036,0,670,0,2018-01-31,2019-12-01,,,,,,0.51744044,0.49999446,0.48302022
C,MC1_119096,MC1,119096,0,453,0,2018-09-05,2019-12-01,,,,,,0.51166546,0.49995998,0.488022
C,MC1_119317,MC1,119317,0,556,0,2018-05-25,2019-12-01,,,,,,0.6418651,0.5032533,0.50461644
C,MC1_119336,MC1,119336,0,459,0,2018-08-30,2019-12-01,,,,,,0.64182186,0.50218666,0.5094151
C,MC1_119361,MC1,119361,0,670,0,2018-01-31,2019-12-01,,,,,,0.52812254,0.5140521,0.49601978
C,MC1_119468,MC1,119468,0,558,0,2018-05-23,2019-12-01,,,,,,0.641926,0.50213885,0.50427413
C,MC1_11948,MC1,11948,0,670,0,2018-01-31,2019-12-01,,,,,,0.52088886,0.5034028,0.4859236
C,MC1_119554,MC1,119554,0,503,0,2018-01-31,2019-06-17,,,,,,0.52042204,0.5073105,0.4941873
C,MC1_11968,MC1,11968,0,670,0,2018-01-31,2019-12-01,,,,,,0.5154485,0.49795625,0.4805135
C,MC1_119985,MC1,119985,0,670,0,2018-01-31,2019-12-01,,,,,,0.5208008,0.50384724,0.4866499
C,MC1_120203,MC1,120203,0,415,0,2018-10-13,2019-12-01,,,,,,0.6448371,0.50039387,0.5118225
C,MC1_12022,MC1,12022,0,670,0,2018-01-31,2019-12-01,,,,,,0.52142894,0.50457627,0.49231648
C,MC1_12045,MC1,12045,0,657,0,2018-02-13,2019-12-01,,,,,,0.6440288,0.49873564,0.49933165
C,MC1_120464,MC1,120464,0,669,0,2018-01-31,2019-11-30,,,,,,0.5282292,0.5129087,0.4997283
C,MC1_120689,MC1,120689,0,670,0,2018-01-31,2019-12-01,,,,,,0.5260729,0.50861686,0.4911267
C,MC1_120814,MC1,120814,0,670,0,2018-01-31,2019-12-01,,,,,,0.52650017,0.5095567,0.49232554
C,MC1_121008,MC1,121008,0,670,0,2018-01-31,2019-12-01,,,,,,0.6421411,0.517352,0.49728504
C,MC1_121051,MC1,121051,0,433,0,2018-09-25,2019-12-01,,,,,,0.52482635,0.41891232,0.50978523
C,MC1_121170,MC1,121170,0,83,0,2019-09-10,2019-12-01,,,,,,0.64436245,0.41714767,0.5290705
C,MC1_12120,MC1,12120,0,670,0,2018-01-31,2019-12-01,,,,,,0.529142,0.51271087,0.49501643
C,MC1_121281,MC1,121281,0,473,0,2018-08-16,2019-12-01,,,,,,0.646019,0.5034572,0.5086672
C,MC1_121355,MC1,121355,0,557,0,2018-05-24,2019-12-01,,,,,,0.6410134,0.50277025,0.50458246
C,MC1_121452,MC1,121452,0,670,0,2018-01-31,2019-12-01,,,,,,0.52350485,0.50602365,0.48853734
C,MC1_121462,MC1,121462,0,479,0,2018-08-10,2019-12-01,,,,,,0.63964754,0.5004369,0.5086028
C,MC1_121489,MC1,121489,0,639,0,2018-01-31,2019-10-31,,,,,,0.52361923,0.5069606,0.4902701
C,MC1_121781,MC1,121781,0,670,0,2018-01-31,2019-12-01,,,,,,0.6041033,0.51500106,0.4979883
C,MC1_121911,MC1,121911,0,321,0,2019-01-15,2019-12-01,,,,,,0.64328575,0.49627048,0.5166885
C,MC1_121926,MC1,121926,0,658,0,2018-01-31,2019-11-19,,,,,,0.5213549,0.5041866,0.48702347
C,MC1_122072,MC1,122072,0,670,0,2018-01-31,2019-12-01,,,,,,0.51851666,0.5010406,0.48357
C,MC1_122086,MC1,122086,0,619,0,2018-03-23,2019-12-01,,,,,,0.64524466,0.51301134,0.50061554
C,MC1_122124,MC1,122124,0,670,0,2018-01-31,2019-12-01,,,,,,0.51812637,0.500674,0.48438686
C,MC1_122154,MC1,122154,0,670,0,2018-01-31,2019-12-01,,,,,,0.5290674,0.51234716,0.49491438
C,MC1_122179,MC1,122179,0,670,0,2018-01-31,2019-12-01,,,,,,0.52253497,0.50515217,0.48783296
C,MC1_122188,MC1,122188,0,670,0,2018-01-31,2019-12-01,,,,,,0.5153467,0.49794436,0.4807715
C,MC1_122381,MC1,122381,0,594,0,2018-04-17,2019-12-01,,,,,,0.6426863,0.50166947,0.5024666
C,MC1_122737,MC1,122737,0,670,0,2018-01-31,2019-12-01,,,,,,0.5194911,0.5020414,0.4847934
C,MC1_122934,MC1,122934,0,562,0,2018-05-19,2019-12-01,,,,,,0.5183434,0.50366884,0.48899162
C,MC1_122940,MC1,122940,0,24,0,2019-11-08,2019-12-01,,,,,,0.64311916,0.3681171,0.6366383
C,MC1_1230,MC1,1230,0,310,0,2019-01-26,2019-12-01,,,,,,0.6461795,0.5014293,0.5171042
C,MC1_123030,MC1,123030,0,619,0,2018-03-23,2019-12-01,,,,,,0.6450787,0.51402736,0.50035554
C,MC1_123281,MC1,123281,0,670,0,2018-01-31,2019-12-01,,,,,,0.52856636,0.5114455,0.49398893
C,MC1_123403,MC1,123403,0,656,0,2018-01-31,2019-11-17,,,,,,0.5204157,0.50334495,0.4864833
C,MC1_123545,MC1,123545,0,670,0,2018-01-31,2019-12-01,,,,,,0.52835745,0.5117957,0.49925372
C,MC1_123826,MC1,123826,0,670,0,2018-01-31,2019-12-01,,,,,,0.5260993,0.50864273,0.49115142
C,MC1_123834,MC1,123834,0,670,0,2018-01-31,2019-12-01,,,,,,0.52597976,0.50860417,0.49128053
C,MC1_123923,MC1,123923,0,575,0,2018-05-06,2019-12-01,,,,,,0.64413,0.5050682,0.5032312
C,MC1_124033,MC1,124033,1,327,30,2018-01-31,2018-12-23,2018-11-24,2018-12-23,0.5114167332649231,0.5098772048950195,0.5114167332649231,0.52687716,0.5183949,0.5098772
C,MC1_124041,MC1,124041,0,670,0,2018-01-31,2019-12-01,,,,,,0.5275749,0.5101211,0.49263117
C,MC1_124321,MC1,124321,0,460,0,2018-08-29,2019-12-01,,,,,,0.6428206,0.5014602,0.5093919
C,MC1_124367,MC1,124367,0,670,0,2018-01-31,2019-12-01,,,,,,0.5275956,0.5101435,0.4926528
C,MC1_124415,MC1,124415,0,108,0,2019-08-02,2019-11-17,,,,,,0.6348572,0.35984233,0.5279644
C,MC1_124625,MC1,124625,0,306,0,2019-01-30,2019-12-01,,,,,,0.6458892,0.4960519,0.51747006
C,MC1_124849,MC1,124849,0,670,0,2018-01-31,2019-12-01,,,,,,0.5186412,0.50132203,0.48388985
C,MC1_124953,MC1,124953,0,670,0,2018-01-31,2019-12-01,,,,,,0.57994664,0.5139224,0.49595356
C,MC1_125438,MC1,125438,0,670,0,2018-01-31,2019-12-01,,,,,,0.5203671,0.50289273,0.48543736
C,MC1_125473,MC1,125473,0,670,0,2018-01-31,2019-12-01,,,,,,0.52274865,0.505264,0.4877818
C,MC1_125588,MC1,125588,0,670,0,2018-01-31,2019-12-01,,,,,,0.5328821,0.51276445,0.4952968
C,MC1_125602,MC1,125602,0,670,0,2018-01-31,2019-12-01,,,,,,0.5291278,0.5123988,0.49492234
C,MC1_125636,MC1,125636,0,656,0,2018-01-31,2019-11-17,,,,,,0.52931255,0.5130743,0.49601397
C,MC1_125869,MC1,125869,0,670,0,2018-01-31,2019-12-01,,,,,,0.527417,0.5126933,0.49735287
C,MC1_125925,MC1,125925,0,670,0,2018-01-31,2019-12-01,,,,,,0.52748483,0.5100398,0.492549
C,MC1_126038,MC1,126038,0,315,0,2019-01-21,2019-12-01,,,,,,0.6427362,0.50127846,0.51727873
C,MC1_126069,MC1,126069,0,670,0,2018-01-31,2019-12-01,,,,,,0.52910185,0.513012,0.49633655
C,MC1_12610,MC1,12610,0,670,0,2018-01-31,2019-12-01,,,,,,0.5281537,0.5116022,0.4951783
C,MC1_126116,MC1,126116,0,670,0,2018-01-31,2019-12-01,,,,,,0.5291261,0.5124752,0.495156
C,MC1_126125,MC1,126125,1,622,30,2018-01-31,2019-10-14,2019-09-15,2019-10-14,0.4951344132423401,0.4936201274394989,0.4951344132423401,0.5259809,0.5097881,0.49362013
C,MC1_126254,MC1,126254,0,599,0,2018-01-31,2019-09-21,,,,,,0.5231579,0.50754666,0.49189955
C,MC1_126644,MC1,126644,0,513,0,2018-07-07,2019-12-01,,,,,,0.64144653,0.5015461,0.50664765
C,MC1_126955,MC1,126955,0,670,0,2018-01-31,2019-12-01,,,,,,0.5203639,0.50288826,0.4854623
C,MC1_126972,MC1,126972,0,391,0,2018-11-06,2019-12-01,,,,,,0.6379672,0.49836072,0.51305294
C,MC1_126974,MC1,126974,0,391,0,2018-11-06,2019-12-01,,,,,,0.6379672,0.49836063,0.51305294
C,MC1_127075,MC1,127075,0,453,0,2018-09-05,2019-12-01,,,,,,0.5177238,0.5059993,0.49407512
C,MC1_1271,MC1,1271,0,507,0,2018-01-31,2019-06-21,,,,,,0.52036315,0.5071319,0.49390802
C,MC1_127186,MC1,127186,0,491,0,2018-07-29,2019-12-01,,,,,,0.64251274,0.50075644,0.50782317
C,MC1_127198,MC1,127198,0,670,0,2018-01-31,2019-12-01,,,,,,0.52608174,0.5086669,0.4912372
C,MC1_127342,MC1,127342,0,341,0,2018-12-26,2019-12-01,,,,,,0.64245224,0.49631292,0.5156767
C,MC1_127493,MC1,127493,0,132,0,2018-01-31,2018-06-11,,,,,,0.52848464,0.52561855,0.5223239
C,MC1_127655,MC1,127655,0,617,0,2018-01-31,2019-10-09,,,,,,0.52868885,0.5132124,0.49696627
C,MC1_127740,MC1,127740,0,639,0,2018-02-01,2019-11-01,,,,,,0.5232661,0.506564,0.4899259
C,MC1_12779,MC1,12779,0,670,0,2018-01-31,2019-12-01,,,,,,0.52867925,0.5117169,0.4942273
C,MC1_127835,MC1,127835,1,308,29,2018-10-17,2019-08-20,2019-07-23,2019-08-20,0.518839418888092,0.5173704624176025,0.518839418888092,0.6443737,0.4959357,0.51737046
C,MC1_128003,MC1,128003,0,670,0,2018-01-31,2019-12-01,,,,,,0.52092665,0.50346,0.48601893
C,MC1_128037,MC1,128037,0,670,0,2018-01-31,2019-12-01,,,,,,0.6189509,0.5152755,0.49640447
C,MC1_128121,MC1,128121,0,463,0,2018-08-26,2019-12-01,,,,,,0.64225566,0.5015335,0.5092296
C,MC1_128150,MC1,128150,0,670,0,2018-01-31,2019-12-01,,,,,,0.528295,0.5109927,0.49351558
C,MC1_128276,MC1,128276,0,597,0,2018-04-14,2019-12-01,,,,,,0.64653665,0.50479287,0.50214046
C,MC1_128278,MC1,128278,0,597,0,2018-04-14,2019-12-01,,,,,,0.64653665,0.5047917,0.5021355
C,MC1_128447,MC1,128447,0,670,0,2018-01-31,2019-12-01,,,,,,0.5280411,0.5106886,0.49320355
C,MC1_128517,MC1,128517,0,670,0,2018-01-31,2019-12-01,,,,,,0.52914196,0.51270205,0.49525768
C,MC1_128590,MC1,128590,0,527,0,2018-06-23,2019-12-01,,,,,,0.64205915,0.52180207,0.50436556
C,MC1_129240,MC1,129240,0,639,0,2018-03-03,2019-12-01,,,,,,0.5291567,0.51332426,0.49666527
C,MC1_129390,MC1,129390,0,642,0,2018-02-28,2019-12-01,,,,,,0.6426863,0.5027705,0.50022906
C,MC1_129444,MC1,129444,0,670,0,2018-01-31,2019-12-01,,,,,,0.52330244,0.50587094,0.4884223
C,MC1_129774,MC1,129774,0,670,0,2018-01-31,2019-12-01,,,,,,0.52815133,0.51159763,0.49517307
C,MC1_129821,MC1,129821,0,565,0,2018-05-16,2019-12-01,,,,,,0.6428283,0.5061692,0.5036786
C,MC1_12988,MC1,12988,1,626,29,2018-01-31,2019-10-18,2019-09-20,2019-10-18,0.49915456771850586,0.4976882338523865,0.49915456771850586,0.5290939,0.51365113,0.49768823
C,MC1_129906,MC1,129906,0,670,0,2018-01-31,2019-12-01,,,,,,0.5225637,0.5063999,0.48761576
C,MC1_129913,MC1,129913,0,415,0,2018-10-13,2019-12-01,,,,,,0.64326286,0.500554,0.511746
C,MC1_129940,MC1,129940,0,670,0,2018-01-31,2019-12-01,,,,,,0.6426691,0.51009136,0.49812487
C,MC1_129961,MC1,129961,0,421,0,2018-10-07,2019-12-01,,,,,,0.6444053,0.50058943,0.5118541
C,MC1_130000,MC1,130000,0,670,0,2018-01-31,2019-12-01,,,,,,0.52608085,0.5080195,0.491237
C,MC1_130025,MC1,130025,0,670,0,2018-01-31,2019-12-01,,,,,,0.5207223,0.5032492,0.48587558
C,MC1_13015,MC1,13015,0,45,0,2018-08-04,2018-09-17,,,,,,0.64394975,0.33039865,0.5922071
C,MC1_130186,MC1,130186,0,670,0,2018-01-31,2019-12-01,,,,,,0.52036643,0.50287426,0.48539478
C,MC1_130233,MC1,130233,0,670,0,2018-01-31,2019-12-01,,,,,,0.5203957,0.50290763,0.48542964
C,MC1_130425,MC1,130425,0,670,0,2018-01-31,2019-12-01,,,,,,0.6430651,0.5178528,0.49719697
C,MC1_130438,MC1,130438,0,670,0,2018-01-31,2019-12-01,,,,,,0.5283745,0.51165646,0.49607956
C,MC1_130497,MC1,130497,1,417,26,2018-10-06,2019-11-26,2019-10-28,2019-11-26,0.5132322311401367,0.5117315053939819,0.5132322311401367,0.6455531,0.5004723,0.5117315
C,MC1_130543,MC1,130543,0,527,0,2018-06-23,2019-12-01,,,,,,0.5290981,0.5169864,0.50392896
C,MC1_1306,MC1,1306,0,510,0,2018-07-10,2019-12-01,,,,,,0.64369947,0.5011942,0.5068298
C,MC1_130668,MC1,130668,0,670,0,2018-01-31,2019-12-01,,,,,,0.5207249,0.503244,0.48577583
C,MC1_130674,MC1,130674,1,671,25,2018-01-31,2019-12-02,2019-11-03,2019-12-02,0.0,0.0,0.0,0.52074254,0.31910855,0.0
C,MC1_130701,MC1,130701,0,670,0,2018-01-31,2019-12-01,,,,,,0.5187954,0.50137717,0.48398617
C,MC1_130748,MC1,130748,0,564,0,2018-05-03,2019-11-17,,,,,,0.64389634,0.5031802,0.5039162
C,MC1_130769,MC1,130769,0,513,0,2018-07-07,2019-12-01,,,,,,0.6421303,0.50229436,0.5067935
C,MC1_131105,MC1,131105,0,670,0,2018-01-31,2019-12-01,,,,,,0.61364305,0.51507753,0.4964583
C,MC1_131227,MC1,131227,0,670,0,2018-01-31,2019-12-01,,,,,,0.5269486,0.510857,0.493678
C,MC1_131280,MC1,131280,0,670,0,2018-01-31,2019-12-01,,,,,,0.52685404,0.5094034,0.49192366
C,MC1_131302,MC1,131302,0,415,0,2018-10-13,2019-12-01,,,,,,0.64411914,0.5006908,0.5117895
C,MC1_13138,MC1,13138,0,543,0,2018-05-08,2019-11-01,,,,,,0.5229674,0.5090679,0.49533254
C,MC1_13139,MC1,13139,0,543,0,2018-05-08,2019-11-01,,,,,,0.5229674,0.50906885,0.49533468
C,MC1_131621,MC1,131621,1,462,29,2018-01-31,2019-05-07,2019-04-08,2019-05-07,0.4978850185871124,0.4963679909706116,0.4978850185871124,0.52042073,0.5083736,0.496368
C,MC1_131735,MC1,131735,0,670,0,2018-01-31,2019-12-01,,,,,,0.5268219,0.50936925,0.4918758
C,MC1_13174,MC1,13174,0,670,0,2018-01-31,2019-12-01,,,,,,0.5207274,0.50521356,0.49543124
C,MC1_131928,MC1,131928,0,670,0,2018-01-31,2019-12-01,,,,,,0.52062565,0.50313836,0.48565948
C,MC1_131984,MC1,131984,0,670,0,2018-01-31,2019-12-01,,,,,,0.51536137,0.49799222,0.483031
C,MC1_132006,MC1,132006,0,479,0,2018-08-10,2019-12-01,,,,,,0.6423993,0.50083506,0.50844777
C,MC1_132025,MC1,132025,1,470,17,2018-01-31,2019-05-15,2019-04-29,2019-05-15,0.49705639481544495,0.49621936678886414,0.49705639481544495,0.52072465,0.5084686,0.49621937
C,MC1_132054,MC1,132054,0,558,0,2018-05-23,2019-12-01,,,,,,0.6413906,0.5017726,0.50430506
C,MC1_132070,MC1,132070,0,670,0,2018-01-31,2019-12-01,,,,,,0.6412074,0.5172438,0.49721384
C,MC1_132096,MC1,132096,0,438,0,2018-09-20,2019-12-01,,,,,,0.646119,0.50133955,0.51061237
C,MC1_132426,MC1,132426,0,656,0,2018-01-31,2019-11-17,,,,,,0.5219814,0.5048738,0.48780835
C,MC1_132446,MC1,132446,0,670,0,2018-01-31,2019-12-01,,,,,,0.5224583,0.5049854,0.48754838
C,MC1_132481,MC1,132481,0,655,0,2018-02-15,2019-12-01,,,,,,0.64233917,0.50160205,0.4992658
C,MC1_132936,MC1,132936,0,670,0,2018-01-31,2019-12-01,,,,,,0.57965225,0.51391554,0.49595216
C,MC1_132963,MC1,132963,0,670,0,2018-01-31,2019-12-01,,,,,,0.520798,0.5038662,0.48668355
C,MC1_132988,MC1,132988,0,671,0,2018-01-30,2019-12-01,,,,,,0.5268935,0.50885546,0.4919514
C,MC1_133007,MC1,133007,0,670,0,2018-01-31,2019-12-01,,,,,,0.5225954,0.506852,0.48764706
C,MC1_133044,MC1,133044,1,335,30,2018-01-31,2018-12-31,2018-12-02,2018-12-31,0.5125517845153809,0.5110092759132385,0.5125517845153809,0.52829224,0.5197404,0.5110093
C,MC1_133323,MC1,133323,0,654,0,2018-02-16,2019-12-01,,,,,,0.6440967,0.50719833,0.49900776
C,MC1_133340,MC1,133340,0,670,0,2018-01-31,2019-12-01,,,,,,0.521434,0.50443244,0.48780847
C,MC1_133403,MC1,133403,0,594,0,2018-04-17,2019-12-01,,,,,,0.641507,0.5018407,0.50244474
C,MC1_133413,MC1,133413,0,670,0,2018-01-31,2019-12-01,,,,,,0.5279042,0.5104748,0.49298355
C,MC1_133552,MC1,133552,0,670,0,2018-01-31,2019-12-01,,,,,,0.52509475,0.50764215,0.4901662
C,MC1_133902,MC1,133902,0,594,0,2018-04-17,2019-12-01,,,,,,0.6421573,0.50173604,0.5024635
C,MC1_133912,MC1,133912,0,670,0,2018-01-31,2019-12-01,,,,,,0.6421573,0.5177981,0.4971562
C,MC1_13400,MC1,13400,0,556,0,2018-05-25,2019-12-01,,,,,,0.6421729,0.5025696,0.50464517
C,MC1_134063,MC1,134063,0,670,0,2018-01-31,2019-12-01,,,,,,0.51850665,0.50104916,0.48361623
C,MC1_134232,MC1,134232,0,670,0,2018-01-31,2019-12-01,,,,,,0.63915586,0.51669776,0.4971702
C,MC1_134437,MC1,134437,0,451,0,2018-09-07,2019-12-01,,,,,,0.6416903,0.5025111,0.51003087
C,MC1_134501,MC1,134501,0,468,0,2018-08-21,2019-12-01,,,,,,0.52478343,0.5131946,0.50034976
C,MC1_134520,MC1,134520,0,559,0,2018-05-22,2019-12-01,,,,,,0.6420281,0.50183594,0.50424045
C,MC1_134554,MC1,134554,0,497,0,2018-07-21,2019-11-29,,,,,,0.64423954,0.5026164,0.5077807
C,MC1_134628,MC1,134628,0,670,0,2018-01-31,2019-12-01,,,,,,0.5209332,0.5034916,0.4862483
C,MC1_134634,MC1,134634,0,63,0,2018-02-17,2018-04-20,,,,,,0.6444176,0.38318777,0.5290708
C,MC1_134668,MC1,134668,0,670,0,2018-01-31,2019-12-01,,,,,,0.52607507,0.50862736,0.49117324
C,MC1_134684,MC1,134684,0,597,0,2018-04-14,2019-12-01,,,,,,0.6472204,0.5056873,0.5020933
C,MC1_134687,MC1,134687,0,597,0,2018-04-14,2019-12-01,,,,,,0.6472204,0.50568175,0.5020818
C,MC1_134941,MC1,134941,0,557,0,2018-05-24,2019-12-01,,,,,,0.64131975,0.5016585,0.5043499
C,MC1_135059,MC1,135059,0,670,0,2018-01-31,2019-12-01,,,,,,0.0,0.0,0.0
C,MC1_135144,MC1,135144,0,670,0,2018-01-31,2019-12-01,,,,,,0.6407954,0.5163804,0.4967268
C,MC1_135185,MC1,135185,0,670,0,2018-01-31,2019-12-01,,,,,,0.51744485,0.49998224,0.4826138
C,MC1_135355,MC1,135355,0,661,0,2018-02-09,2019-12-01,,,,,,0.64231604,0.49812803,0.4991472
C,MC1_135388,MC1,135388,0,670,0,2018-01-31,2019-12-01,,,,,,0.52597183,0.50855803,0.49109066
C,MC1_135423,MC1,135423,0,619,0,2018-03-23,2019-12-01,,,,,,0.6420968,0.44694763,0.0
C,MC1_135427,MC1,135427,0,173,0,2019-06-12,2019-12-01,,,,,,0.6405193,0.47173542,0.52447265
C,MC1_135532,MC1,135532,0,670,0,2018-01-31,2019-12-01,,,,,,0.52911377,0.5123857,0.49492356
C,MC1_135637,MC1,135637,0,670,0,2018-01-31,2019-12-01,,,,,,0.64259976,0.517275,0.49695197
C,MC1_135733,MC1,135733,0,670,0,2018-01-31,2019-12-01,,,,,,0.638849,0.5168013,0.49759856
C,MC1_135819,MC1,135819,0,670,0,2018-01-31,2019-12-01,,,,,,0.6432826,0.5104984,0.49818853
C,MC1_13584,MC1,13584,0,460,0,2018-08-29,2019-12-01,,,,,,0.6424047,0.50176334,0.50968117
C,MC1_135986,MC1,135986,0,310,0,2019-01-26,2019-12-01,,,,,,0.6419255,0.49691585,0.5172106
C,MC1_136091,MC1,136091,0,447,0,2018-09-11,2019-12-01,,,,,,0.6422286,0.500318,0.5101168
C,MC1_136228,MC1,136228,0,557,0,2018-05-24,2019-12-01,,,,,,0.641443,0.5026853,0.5042918
C,MC1_136625,MC1,136625,0,527,0,2018-06-23,2019-12-01,,,,,,0.59862036,0.518489,0.5036212
C,MC1_136682,MC1,136682,0,452,0,2018-09-06,2019-12-01,,,,,,0.6416794,0.5006298,0.509843
C,MC1_13670,MC1,13670,0,416,0,2018-10-12,2019-12-01,,,,,,0.6416299,0.50068253,0.51172066
C,MC1_136859,MC1,136859,0,558,0,2018-05-23,2019-12-01,,,,,,0.64231914,0.50237215,0.5042646
C,MC1_136979,MC1,136979,0,482,0,2018-08-07,2019-12-01,,,,,,0.6455164,0.50271755,0.50827855
C,MC1_137196,MC1,137196,0,644,0,2018-02-26,2019-12-01,,,,,,0.6161222,0.5158295,0.49767154
C,MC1_13730,MC1,13730,0,670,0,2018-01-31,2019-12-01,,,,,,0.5281529,0.51158416,0.49513495
C,MC1_137394,MC1,137394,0,670,0,2018-01-31,2019-12-01,,,,,,0.52613646,0.5086938,0.49123925
C,MC1_137514,MC1,137514,0,670,0,2018-01-31,2019-12-01,,,,,,0.63020843,0.518336,0.5005549
C,MC1_137564,MC1,137564,0,670,0,2018-01-31,2019-12-01,,,,,,0.5287898,0.51188326,0.49460363
C,MC1_13773,MC1,13773,0,439,0,2018-09-05,2019-11-17,,,,,,0.5125841,0.5011387,0.48967975
C,MC1_137866,MC1,137866,1,671,25,2018-01-31,2019-12-02,2019-11-03,2019-12-02,0.4978788197040558,0.49637556076049805,0.4978788197040558,0.6171467,0.51518685,0.49637556
C,MC1_137945,MC1,137945,0,566,0,2018-05-15,2019-12-01,,,,,,0.6431727,0.50602007,0.5036371
C,MC1_137956,MC1,137956,0,670,0,2018-01-31,2019-12-01,,,,,,0.5261357,0.5087461,0.49144936
C,MC1_138052,MC1,138052,1,666,26,2018-01-31,2019-11-27,2019-10-29,2019-11-27,0.4955090880393982,0.4940105974674225,0.4955090880393982,0.52802277,0.5111505,0.4940106
C,MC1_138053,MC1,138053,0,572,0,2018-05-09,2019-12-01,,,,,,0.51778257,0.24565578,0.50349283
C,MC1_138066,MC1,138066,0,310,0,2019-01-26,2019-12-01,,,,,,0.64583087,0.5023447,0.5214923
C,MC1_138101,MC1,138101,1,582,30,2018-01-31,2019-09-04,2019-08-06,2019-09-04,0.497227281332016,0.4957064390182495,0.497227281332016,0.52597404,0.51085055,0.49570644
C,MC1_138365,MC1,138365,0,452,0,2018-09-06,2019-12-01,,,,,,0.51619864,0.5044912,0.49260852
C,MC1_138398,MC1,138398,0,670,0,2018-01-31,2019-12-01,,,,,,0.5217669,0.51049256,0.5046823
C,MC1_138465,MC1,138465,0,670,0,2018-01-31,2019-12-01,,,,,,0.52072173,0.5032369,0.4857576
C,MC1_138494,MC1,138494,0,670,0,2018-01-31,2019-12-01,,,,,,0.5227408,0.50525737,0.48777777
C,MC1_138828,MC1,138828,0,670,0,2018-01-31,2019-12-01,,,,,,0.6419055,0.5164429,0.4967139
C,MC1_138983,MC1,138983,0,670,0,2018-01-31,2019-12-01,,,,,,0.5285875,0.5144511,0.49780586
C,MC1_139008,MC1,139008,0,382,0,2018-11-15,2019-12-01,,,,,,0.63584876,0.511296,0.51303166
C,MC1_13915,MC1,13915,0,660,0,2018-02-10,2019-12-01,,,,,,0.6434238,0.502229,0.4989825
C,MC1_139198,MC1,139198,0,408,0,2018-10-20,2019-12-01,,,,,,0.6424405,0.5045597,0.5169312
C,MC1_139238,MC1,139238,0,562,0,2018-05-19,2019-12-01,,,,,,0.6426176,0.5215379,0.50896513
C,MC1_139622,MC1,139622,0,670,0,2018-01-31,2019-12-01,,,,,,0.64309615,0.5120891,0.49810308
C,MC1_139634,MC1,139634,0,664,0,2018-02-06,2019-12-01,,,,,,0.644708,0.5025074,0.49872574
C,MC1_139776,MC1,139776,0,517,0,2018-01-31,2019-07-01,,,,,,0.52036315,0.50687194,0.49338838
C,MC1_140030,MC1,140030,0,670,0,2018-01-31,2019-12-01,,,,,,0.52744955,0.51004714,0.49255046
C,MC1_140265,MC1,140265,0,656,0,2018-01-31,2019-11-17,,,,,,0.6426417,0.51695156,0.49745998
C,MC1_140276,MC1,140276,0,670,0,2018-01-31,2019-12-01,,,,,,0.52259946,0.5051078,0.48762506
C,MC1_140350,MC1,140350,0,452,0,2018-09-06,2019-12-01,,,,,,0.6417518,0.500582,0.50984335
C,MC1_140511,MC1,140511,0,656,0,2018-01-31,2019-11-17,,,,,,0.52467966,0.50880843,0.49234733
C,MC1_140520,MC1,140520,0,670,0,2018-01-31,2019-12-01,,,,,,0.52847344,0.5125952,0.49578196
C,MC1_1406,MC1,1406,0,643,0,2018-02-27,2019-12-01,,,,,,0.64233917,0.5032513,0.49974757
C,MC1_140665,MC1,140665,0,670,0,2018-01-31,2019-12-01,,,,,,0.5285716,0.5115367,0.4940549
C,MC1_140695,MC1,140695,0,309,0,2019-01-26,2019-11-30,,,,,,0.64585674,0.50147945,0.51736045
C,MC1_140815,MC1,140815,0,670,0,2018-01-31,2019-12-01,,,,,,0.51535505,0.49719384,0.48074025
C,MC1_140867,MC1,140867,1,133,30,2018-02-27,2018-07-09,2018-06-10,2018-07-09,0.5279146432876587,0.5264199376106262,0.5279146432876587,0.64233917,0.4656271,0.52641994
C,MC1_141039,MC1,141039,0,94,0,2019-08-30,2019-12-01,,,,,,0.65405434,0.47979409,0.61706257
C,MC1_141073,MC1,141073,0,430,0,2018-09-28,2019-12-01,,,,,,0.64492285,0.5007468,0.51102704
C,MC1_141130,MC1,141130,0,600,0,2018-04-11,2019-12-01,,,,,,0.6428013,0.50294006,0.50206053
C,MC1_141155,MC1,141155,0,670,0,2018-01-31,2019-12-01,,,,,,0.5246875,0.50834185,0.4914189
C,MC1_141205,MC1,141205,0,593,0,2018-04-18,2019-12-01,,,,,,0.6423086,0.50848174,0.50205916
C,MC1_141250,MC1,141250,0,633,0,2018-01-31,2019-10-25,,,,,,0.6080742,0.5159105,0.49823558
C,MC1_141330,MC1,141330,0,670,0,2018-01-31,2019-12-01,,,,,,0.52242774,0.5049975,0.48759502
C,MC1_141443,MC1,141443,0,130,0,2019-07-25,2019-12-01,,,,,,0.64342046,0.45551375,0.526711
C,MC1_141603,MC1,141603,0,310,0,2019-01-26,2019-12-01,,,,,,0.643094,0.49926886,0.5171476
C,MC1_142045,MC1,142045,0,636,0,2018-03-06,2019-12-01,,,,,,0.6431578,0.50764877,0.50097555
C,MC1_142161,MC1,142161,1,82,30,2018-12-15,2019-03-06,2019-02-05,2019-03-06,0.5570648312568665,0.5286076068878174,0.5570648312568665,0.64567053,0.43119556,0.5286076
C,MC1_14238,MC1,14238,0,670,0,2018-01-31,2019-12-01,,,,,,0.6422641,0.51733774,0.49728966
C,MC1_142577,MC1,142577,0,670,0,2018-01-31,2019-12-01,,,,,,0.5267854,0.5099071,0.49243537
C,MC1_142753,MC1,142753,0,670,0,2018-01-31,2019-12-01,,,,,,0.5254672,0.5080177,0.4905349
C,MC1_142801,MC1,142801,0,670,0,2018-01-31,2019-12-01,,,,,,0.5249497,0.5110703,0.49600774
C,MC1_142821,MC1,142821,0,439,0,2018-09-19,2019-12-01,,,,,,0.6437477,0.5128098,0.5100416
C,MC1_14311,MC1,14311,1,167,30,2018-01-31,2018-07-16,2018-06-17,2018-07-16,0.5171211361885071,0.5158957242965698,0.5171211361885071,0.5272365,0.51967317,0.5158957
C,MC1_143158,MC1,143158,1,148,29,2018-01-31,2018-06-27,2018-05-29,2018-06-27,0.5169336199760437,0.5166959166526794,0.5169336199760437,0.52577674,0.5202009,0.5166959
C,MC1_14326,MC1,14326,0,600,0,2018-04-11,2019-12-01,,,,,,0.6430718,0.50309914,0.5020333
C,MC1_143343,MC1,143343,0,102,0,2019-08-22,2019-12-01,,,,,,0.64833295,0.44086042,0.52826357
C,MC1_143359,MC1,143359,0,670,0,2018-01-31,2019-12-01,,,,,,0.6432826,0.51042926,0.49786288
C,MC1_143459,MC1,143459,0,524,0,2018-06-26,2019-12-01,,,,,,0.64384544,0.50317854,0.50601375
C,MC1_143800,MC1,143800,0,670,0,2018-01-31,2019-12-01,,,,,,0.52682054,0.50936824,0.4918771
C,MC1_143862,MC1,143862,0,670,0,2018-01-31,2019-12-01,,,,,,0.64300495,0.5172974,0.49695498
C,MC1_143877,MC1,143877,0,656,0,2018-01-31,2019-11-17,,,,,,0.5239434,0.5068354,0.48971945
C,MC1_143945,MC1,143945,0,670,0,2018-01-31,2019-12-01,,,,,,0.6436986,0.5162784,0.49787256
C,MC1_144154,MC1,144154,0,670,0,2018-01-31,2019-12-01,,,,,,0.6355314,0.51599574,0.496591
C,MC1_144541,MC1,144541,0,670,0,2018-01-31,2019-12-01,,,,,,0.58206725,0.5140001,0.49601302
C,MC1_14455,MC1,14455,0,670,0,2018-01-31,2019-12-01,,,,,,0.52036595,0.5028889,0.48544872
C,MC1_144589,MC1,144589,0,636,0,2018-01-31,2019-10-28,,,,,,0.52503043,0.509695,0.4957905
C,MC1_144662,MC1,144662,1,48,30,2018-01-31,2018-03-19,2018-02-18,2018-03-19,0.5196585059165955,0.5066782832145691,0.5196585059165955,0.5207239,0.5139148,0.5066783
C,MC1_144932,MC1,144932,0,670,0,2018-01-31,2019-12-01,,,,,,0.52072775,0.5033345,0.48612592
C,MC1_144960,MC1,144960,0,670,0,2018-01-31,2019-12-01,,,,,,0.52511394,0.50765806,0.49017438
C,MC1_145009,MC1,145009,0,453,0,2018-09-05,2019-12-01,,,,,,0.51204705,0.5008657,0.49226967
C,MC1_145013,MC1,145013,0,670,0,2018-01-31,2019-12-01,,,,,,0.6103825,0.51501065,0.49645576
C,MC1_145182,MC1,145182,1,409,30,2018-01-31,2019-03-15,2019-02-14,2019-03-15,0.5090057849884033,0.5074862837791443,0.5090057849884033,0.5280491,0.51776856,0.5074863
C,MC1_145423,MC1,145423,0,644,0,2018-02-26,2019-12-01,,,,,,0.6147673,0.5157842,0.49766043
C,MC1_145434,MC1,145434,0,565,0,2018-05-16,2019-12-01,,,,,,0.6422396,0.5052277,0.503728
C,MC1_145526,MC1,145526,0,573,0,2018-04-24,2019-11-17,,,,,,0.6422785,0.50685364,0.5032089
C,MC1_145563,MC1,145563,0,670,0,2018-01-31,2019-12-01,,,,,,0.5204165,0.5029423,0.4854899
C,MC1_146045,MC1,146045,0,670,0,2018-01-31,2019-12-01,,,,,,0.52504766,0.50990885,0.49200958
C,MC1_146153,MC1,146153,0,528,0,2018-06-22,2019-12-01,,,,,,0.6420133,0.5015609,0.5058626
C,MC1_146177,MC1,146177,0,310,0,2019-01-26,2019-12-01,,,,,,0.643094,0.49926955,0.5171498
C,MC1_146280,MC1,146280,0,670,0,2018-01-31,2019-12-01,,,,,,0.60956687,0.514921,0.4963092
C,MC1_146373,MC1,146373,0,308,0,2019-01-28,2019-12-01,,,,,,0.6466043,0.50804067,0.5172593
C,MC1_146377,MC1,146377,0,308,0,2019-01-28,2019-12-01,,,,,,0.64641804,0.5080339,0.517256
C,MC1_146386,MC1,146386,0,670,0,2018-01-31,2019-12-01,,,,,,0.6433817,0.5134865,0.49760264
C,MC1_1465,MC1,1465,0,670,0,2018-01-31,2019-12-01,,,,,,0.5180404,0.50054914,0.4830773
C,MC1_146617,MC1,146617,1,182,29,2018-03-03,2018-08-31,2018-08-03,2018-08-31,0.5250749588012695,0.5236159563064575,0.5250749588012695,0.64294904,0.49583963,0.52361596
C,MC1_14665,MC1,14665,0,309,0,2019-01-26,2019-11-30,,,,,,0.6455827,0.5008035,0.517373
C,MC1_146732,MC1,146732,0,510,0,2018-07-10,2019-12-01,,,,,,0.64355433,0.50113493,0.5068268
C,MC1_146750,MC1,146750,0,451,0,2018-09-07,2019-12-01,,,,,,0.64267206,0.5012927,0.5104496
C,MC1_146870,MC1,146870,0,670,0,2018-01-31,2019-12-01,,,,,,0.5279772,0.51070243,0.49397463
C,MC1_147177,MC1,147177,0,565,0,2018-05-16,2019-12-01,,,,,,0.6436708,0.5051691,0.50374377
C,MC1_14738,MC1,14738,0,670,0,2018-01-31,2019-12-01,,,,,,0.526764,0.5095682,0.49183363
C,MC1_147780,MC1,147780,0,307,0,2019-01-26,2019-11-28,,,,,,0.6429727,0.49988922,0.51796687
C,MC1_147986,MC1,147986,0,315,0,2019-01-21,2019-12-01,,,,,,0.6441234,0.5118238,0.5165059
C,MC1_147989,MC1,147989,0,315,0,2019-01-21,2019-12-01,,,,,,0.6441234,0.5118238,0.5165059
C,MC1_148177,MC1,148177,0,444,0,2018-09-14,2019-12-01,,,,,,0.64540094,0.5026451,0.51018983
C,MC1_148212,MC1,148212,0,670,0,2018-01-31,2019-12-01,,,,,,0.52142876,0.50394243,0.4864627
C,MC1_148393,MC1,148393,0,670,0,2018-01-31,2019-12-01,,,,,,0.5181076,0.50061846,0.48314768
C,MC1_148765,MC1,148765,0,670,0,2018-01-31,2019-12-01,,,,,,0.527279,0.51401585,0.49265766
C,MC1_14878,MC1,14878,0,556,0,2018-01-31,2019-08-09,,,,,,0.52470034,0.5102255,0.49569952
C,MC1_149043,MC1,149043,0,670,0,2018-01-31,2019-12-01,,,,,,0.5183269,0.5008546,0.48344487
C,MC1_149159,MC1,149159,0,574,0,2018-05-07,2019-12-01,,,,,,0.5177823,0.2447975,0.50349516
C,MC1_1492,MC1,1492,0,670,0,2018-01-31,2019-12-01,,,,,,0.52597684,0.5085573,0.49115217
C,MC1_149286,MC1,149286,0,558,0,2018-05-23,2019-12-01,,,,,,0.6425676,0.50164616,0.50445443
C,MC1_14935,MC1,14935,0,486,0,2018-08-03,2019-12-01,,,,,,0.64344305,0.502119,0.5080373
C,MC1_149397,MC1,149397,0,509,0,2018-07-11,2019-12-01,,,,,,0.6432996,0.50242364,0.5068238
C,MC1_149521,MC1,149521,0,670,0,2018-01-31,2019-12-01,,,,,,0.52827585,0.51295924,0.503641
C,MC1_149640,MC1,149640,0,670,0,2018-01-31,2019-12-01,,,,,,0.5285746,0.5114554,0.49399796
C,MC1_149677,MC1,149677,0,670,0,2018-01-31,2019-12-01,,,,,,0.5282338,0.51109433,0.49359828
C,MC1_149697,MC1,149697,0,670,0,2018-01-31,2019-12-01,,,,,,0.52203965,0.5066245,0.49090752
C,MC1_149717,MC1,149717,0,593,0,2018-04-18,2019-12-01,,,,,,0.6436178,0.50080687,0.5025851
C,MC1_149899,MC1,149899,0,670,0,2018-01-31,2019-12-01,,,,,,0.6436059,0.5064791,0.4982527
C,MC1_149900,MC1,149900,0,670,0,2018-01-31,2019-12-01,,,,,,0.6436059,0.5064788,0.49824393
C,MC1_149940,MC1,149940,0,296,0,2019-01-26,2019-11-17,,,,,,0.64191884,0.4952964,0.5179801
C,MC1_15,MC1,15,0,643,0,2018-02-27,2019-12-01,,,,,,0.64232194,0.5017554,0.49987748
C,MC1_15011,MC1,15011,0,670,0,2018-01-31,2019-12-01,,,,,,0.52639973,0.508974,0.49154094
C,MC1_150127,MC1,150127,0,438,0,2018-09-20,2019-12-01,,,,,,0.6459753,0.50143546,0.5109554
C,MC1_150264,MC1,150264,0,670,0,2018-01-31,2019-12-01,,,,,,0.52222776,0.504739,0.48725638
C,MC1_150534,MC1,150534,0,425,0,2018-10-03,2019-12-01,,,,,,0.6455556,0.5057411,0.51103026
C,MC1_150569,MC1,150569,0,466,0,2018-08-23,2019-12-01,,,,,,0.6424508,0.5007286,0.5091693
C,MC1_150591,MC1,150591,0,670,0,2018-01-31,2019-12-01,,,,,,0.52598673,0.5085977,0.491395
C,MC1_150620,MC1,150620,0,635,0,2018-01-31,2019-10-27,,,,,,0.5222082,0.5108497,0.49623725
C,MC1_150691,MC1,150691,0,670,0,2018-01-31,2019-12-01,,,,,,0.5224726,0.505547,0.48895547
C,MC1_150787,MC1,150787,0,453,0,2018-09-05,2019-12-01,,,,,,0.5129688,0.5013477,0.4893234
C,MC1_1510,MC1,1510,0,670,0,2018-01-31,2019-12-01,,,,,,0.52029943,0.5028112,0.48534095
C,MC1_151007,MC1,151007,0,528,0,2018-06-22,2019-12-01,,,,,,0.64225566,0.50143284,0.50587
C,MC1_151075,MC1,151075,0,451,0,2018-09-07,2019-12-01,,,,,,0.66894835,0.54127747,0.50936365
C,MC1_151102,MC1,151102,0,670,0,2018-01-31,2019-12-01,,,,,,0.52745754,0.51225424,0.4964523
C,MC1_151212,MC1,151212,0,43,0,2019-10-20,2019-12-01,,,,,,0.64349294,0.28059968,0.610076
C,MC1_151302,MC1,151302,0,670,0,2018-01-31,2019-12-01,,,,,,0.6430664,0.5172974,0.4969446
C,MC1_151526,MC1,151526,0,670,0,2018-01-31,2019-12-01,,,,,,0.52728003,0.5098394,0.49238712
C,MC1_151592,MC1,151592,0,11,0,2019-11-21,2019-12-01,,,,,,2.311188e-21,2.1049668e-22,2.311188e-21
C,MC1_151893,MC1,151893,0,433,0,2018-09-25,2019-12-01,,,,,,0.54387856,0.5128137,0.50963587
C,MC1_151980,MC1,151980,0,670,0,2018-01-31,2019-12-01,,,,,,0.63500416,0.5159745,0.49659154
C,MC1_151991,MC1,151991,0,55,0,2019-10-08,2019-12-01,,,,,,0.6413136,0.35556638,0.55773705
C,MC1_152046,MC1,152046,0,558,0,2018-05-23,2019-12-01,,,,,,0.64258784,0.5029637,0.5046953
C,MC1_152165,MC1,152165,0,370,0,2018-11-27,2019-12-01,,,,,,0.6397252,0.49678606,0.5141665
C,MC1_152405,MC1,152405,0,529,0,2018-06-21,2019-12-01,,,,,,0.6423484,0.5013832,0.505884
C,MC1_152648,MC1,152648,0,670,0,2018-01-31,2019-12-01,,,,,,0.5792957,0.5140812,0.49596488
C,MC1_152967,MC1,152967,0,562,0,2018-05-19,2019-12-01,,,,,,0.6410975,0.5198798,0.5030266
C,MC1_15316,MC1,15316,0,670,0,2018-01-31,2019-12-01,,,,,,0.5268104,0.509378,0.49194992
C,MC1_153370,MC1,153370,0,460,0,2018-08-29,2019-12-01,,,,,,0.6424047,0.50160927,0.50937736
C,MC1_153457,MC1,153457,0,670,0,2018-01-31,2019-12-01,,,,,,0.51540387,0.4979094,0.4804515
C,MC1_153883,MC1,153883,0,670,0,2018-01-31,2019-12-01,,,,,,0.5217908,0.50505453,0.48796225
C,MC1_154030,MC1,154030,0,670,0,2018-01-31,2019-12-01,,,,,,0.64343977,0.5133732,0.49761048
C,MC1_154289,MC1,154289,1,304,28,2018-09-05,2019-07-05,2019-06-06,2019-07-05,0.49681782722473145,0.49530264735221863,0.49681782722473145,0.5111577,0.50328475,0.49530265
C,MC1_154311,MC1,154311,0,670,0,2018-01-31,2019-12-01,,,,,,0.5213078,0.50419134,0.48639092
C,MC1_15443,MC1,15443,0,341,0,2018-12-26,2019-12-01,,,,,,0.64559704,0.5154286,0.5150815
C,MC1_154461,MC1,154461,0,670,0,2018-01-31,2019-12-01,,,,,,0.52640116,0.50901514,0.4927198
C,MC1_154470,MC1,154470,0,598,0,2018-01-31,2019-09-20,,,,,,0.52640116,0.51085985,0.4953281
C,MC1_154555,MC1,154555,0,670,0,2018-01-31,2019-12-01,,,,,,0.5214333,0.5039461,0.48646522
C,MC1_154574,MC1,154574,0,670,0,2018-01-31,2019-12-01,,,,,,0.5290584,0.51234674,0.49528134
C,MC1_154848,MC1,154848,0,670,0,2018-01-31,2019-12-01,,,,,,0.5276489,0.5102372,0.49340346
C,MC1_154916,MC1,154916,0,656,0,2018-01-31,2019-11-17,,,,,,0.52553296,0.5146158,0.49924678
C,MC1_154933,MC1,154933,0,565,0,2018-05-16,2019-12-01,,,,,,0.6434358,0.50824785,0.5036608
C,MC1_155119,MC1,155119,1,500,29,2018-01-31,2019-06-14,2019-05-16,2019-06-14,0.5080184936523438,0.5065023303031921,0.5080184936523438,0.642642,0.51745445,0.50650233
C,MC1_155177,MC1,155177,0,670,0,2018-01-31,2019-12-01,,,,,,0.5260729,0.508618,0.491126
C,MC1_155254,MC1,155254,0,670,0,2018-01-31,2019-12-01,,,,,,0.6404248,0.5163559,0.49671644
C,MC1_155301,MC1,155301,0,670,0,2018-01-31,2019-12-01,,,,,,0.6433817,0.51318824,0.49765363
C,MC1_155385,MC1,155385,0,670,0,2018-01-31,2019-12-01,,,,,,0.5204459,0.5029705,0.485541
C,MC1_155673,MC1,155673,0,554,0,2018-05-27,2019-12-01,,,,,,0.64165914,0.5042926,0.5043652
C,MC1_155731,MC1,155731,0,670,0,2018-01-31,2019-12-01,,,,,,0.5280824,0.5117111,0.49438676
C,MC1_155755,MC1,155755,0,580,0,2018-05-01,2019-12-01,,,,,,0.6437557,0.50715154,0.50282687
C,MC1_155789,MC1,155789,0,670,0,2018-01-31,2019-12-01,,,,,,0.52857125,0.51144457,0.49398282
C,MC1_155919,MC1,155919,0,670,0,2018-01-31,2019-12-01,,,,,,0.60992223,0.5149484,0.49635413
C,MC1_155925,MC1,155925,0,670,0,2018-01-31,2019-12-01,,,,,,0.60992223,0.5149484,0.49635413
C,MC1_155973,MC1,155973,0,437,0,2018-09-07,2019-11-17,,,,,,0.642865,0.500978,0.5111974
C,MC1_155977,MC1,155977,0,479,0,2018-08-10,2019-12-01,,,,,,0.6442989,0.49932483,0.5086364
C,MC1_15604,MC1,15604,0,670,0,2018-01-31,2019-12-01,,,,,,0.5291261,0.51252615,0.4953088
C,MC1_156551,MC1,156551,0,558,0,2018-05-23,2019-12-01,,,,,,0.6418673,0.50156695,0.5043135
C,MC1_156780,MC1,156780,0,558,0,2018-05-23,2019-12-01,,,,,,0.6413218,0.50185525,0.50428605
C,MC1_156967,MC1,156967,0,670,0,2018-01-31,2019-12-01,,,,,,0.6142158,0.51514846,0.49674675
C,MC1_157034,MC1,157034,0,670,0,2018-01-31,2019-12-01,,,,,,0.5283629,0.5111081,0.49360466
C,MC1_157042,MC1,157042,0,670,0,2018-01-31,2019-12-01,,,,,,0.5283629,0.5111081,0.49360466
C,MC1_157210,MC1,157210,0,670,0,2018-01-31,2019-12-01,,,,,,0.6428942,0.5159571,0.49801272
C,MC1_157242,MC1,157242,0,669,0,2018-02-01,2019-12-01,,,,,,0.527584,0.51011586,0.49264088
C,MC1_157254,MC1,157254,0,670,0,2018-01-31,2019-12-01,,,,,,0.5203744,0.50366694,0.48754445
C,MC1_157296,MC1,157296,1,119,30,2018-01-31,2018-05-29,2018-04-30,2018-05-29,0.5266343355178833,0.5251255631446838,0.5266343355178833,0.6091758,0.53443974,0.52512556
C,MC1_157458,MC1,157458,0,670,0,2018-01-31,2019-12-01,,,,,,0.5264257,0.5089709,0.4914797
C,MC1_157738,MC1,157738,0,670,0,2018-01-31,2019-12-01,,,,,,0.515362,0.4979973,0.48315963
C,MC1_157877,MC1,157877,0,654,0,2018-02-16,2019-12-01,,,,,,0.64234793,0.50333405,0.49916312
C,MC1_157885,MC1,157885,0,670,0,2018-01-31,2019-12-01,,,,,,0.64274174,0.51010114,0.49783978
C,MC1_158001,MC1,158001,0,206,0,2019-05-10,2019-12-01,,,,,,0.50778794,0.50244445,0.49714312
C,MC1_158155,MC1,158155,0,670,0,2018-01-31,2019-12-01,,,,,,0.64229906,0.51605195,0.4974545
C,MC1_158389,MC1,158389,0,229,0,2018-10-13,2019-05-29,,,,,,0.6454491,0.48612016,0.52152216
C,MC1_158416,MC1,158416,0,447,0,2018-09-11,2019-12-01,,,,,,0.6448034,0.500675,0.51012516
C,MC1_158710,MC1,158710,0,451,0,2018-09-07,2019-12-01,,,,,,0.66851723,0.5410665,0.5093662
C,MC1_158826,MC1,158826,0,636,0,2018-03-06,2019-12-01,,,,,,0.5244708,0.5085817,0.49721348
C,MC1_159152,MC1,159152,0,492,0,2018-07-28,2019-12-01,,,,,,0.6431888,0.501293,0.50775546
C,MC1_159189,MC1,159189,0,670,0,2018-01-31,2019-12-01,,,,,,0.64323837,0.51730573,0.49693567
C,MC1_159233,MC1,159233,0,670,0,2018-01-31,2019-12-01,,,,,,0.5230981,0.505623,0.48815683
C,MC1_159240,MC1,159240,0,670,0,2018-01-31,2019-12-01,,,,,,0.52149075,0.5040049,0.48652402
C,MC1_159252,MC1,159252,1,295,26,2018-01-31,2018-11-21,2018-10-23,2018-11-21,0.5119982957839966,0.5104994773864746,0.5119982957839966,0.52576154,0.5181286,0.5104995
C,MC1_159408,MC1,159408,0,670,0,2018-01-31,2019-12-01,,,,,,0.5183225,0.50085616,0.48363498
C,MC1_159549,MC1,159549,1,575,30,2018-01-31,2019-08-28,2019-07-30,2019-08-28,0.49233925342559814,0.49082139134407043,0.49233925342559814,0.52072453,0.5057467,0.4908214
C,MC1_159682,MC1,159682,0,660,0,2018-02-10,2019-12-01,,,,,,0.6409827,0.502013,0.49892923
C,MC1_159744,MC1,159744,0,513,0,2018-06-23,2019-11-17,,,,,,0.557579,0.5197543,0.5099437
C,MC1_159762,MC1,159762,0,656,0,2018-01-31,2019-11-17,,,,,,0.51535046,0.49823156,0.48119894
C,MC1_159898,MC1,159898,0,593,0,2018-04-18,2019-12-01,,,,,,0.6423086,0.5084818,0.5020574
C,MC1_15990,MC1,15990,0,670,0,2018-01-31,2019-12-01,,,,,,0.64321023,0.5138776,0.49758026
C,MC1_15991,MC1,15991,0,670,0,2018-01-31,2019-12-01,,,,,,0.64321023,0.5138773,0.49757954
C,MC1_159933,MC1,159933,0,578,0,2018-01-31,2019-08-31,,,,,,0.52759665,0.51255316,0.49745077
C,MC1_159993,MC1,159993,1,109,29,2018-01-31,2018-05-19,2018-04-20,2018-05-19,0.5274743437767029,0.5259676575660706,0.5274743437767029,0.6198047,0.5379876,0.52596766
C,MC1_159994,MC1,159994,0,538,0,2018-01-31,2019-07-22,,,,,,0.63526845,0.5199533,0.5038133
C,MC1_160142,MC1,160142,0,670,0,2018-01-31,2019-12-01,,,,,,0.5203566,0.5028642,0.48538432
C,MC1_160443,MC1,160443,0,639,0,2018-03-03,2019-12-01,,,,,,0.52915096,0.5133245,0.49666688
C,MC1_160495,MC1,160495,0,597,0,2018-04-14,2019-12-01,,,,,,0.6474582,0.5057217,0.5027908
C,MC1_160577,MC1,160577,0,570,0,2018-05-11,2019-12-01,,,,,,0.6488234,0.52145886,0.5023933
C,MC1_160622,MC1,160622,0,626,0,2018-01-31,2019-10-18,,,,,,0.52609074,0.50979185,0.49343476
C,MC1_160860,MC1,160860,0,527,0,2018-06-23,2019-12-01,,,,,,0.58879954,0.5209874,0.5154956
C,MC1_160897,MC1,160897,0,138,0,2019-07-17,2019-12-01,,,,,,0.6403146,0.45971653,0.5270952
C,MC1_160979,MC1,160979,0,380,0,2018-11-17,2019-12-01,,,,,,0.6458018,0.49626762,0.5137024
C,MC1_161,MC1,161,0,670,0,2018-01-31,2019-12-01,,,,,,0.52877504,0.51183635,0.49438477
C,MC1_161129,MC1,161129,0,655,0,2018-02-15,2019-12-01,,,,,,0.64236736,0.5015958,0.4994896
C,MC1_161184,MC1,161184,0,418,0,2018-10-10,2019-12-01,,,,,,0.64287543,0.50423384,0.511881
C,MC1_161267,MC1,161267,0,481,0,2018-01-31,2019-05-26,,,,,,0.6090164,0.52028525,0.50617874
C,MC1_161577,MC1,161577,0,670,0,2018-01-31,2019-12-01,,,,,,0.52845085,0.51124537,0.4937711
C,MC1_161609,MC1,161609,0,670,0,2018-01-31,2019-12-01,,,,,,0.5290851,0.5124343,0.49525428
C,MC1_161641,MC1,161641,0,670,0,2018-01-31,2019-12-01,,,,,,0.5806592,0.5139445,0.49596605
C,MC1_161693,MC1,161693,0,433,0,2018-09-25,2019-12-01,,,,,,0.6445798,0.503372,0.510729
C,MC1_161723,MC1,161723,0,670,0,2018-01-31,2019-12-01,,,,,,0.52336127,0.50587577,0.48838636
C,MC1_161730,MC1,161730,0,670,0,2018-01-31,2019-12-01,,,,,,0.5276141,0.51017666,0.49270278
C,MC1_16194,MC1,16194,0,593,0,2018-04-18,2019-12-01,,,,,,0.6426342,0.4989406,0.5026455
C,MC1_162099,MC1,162099,0,453,0,2018-09-05,2019-12-01,,,,,,0.51443756,0.50261,0.49078482
C,MC1_162149,MC1,162149,0,670,0,2018-01-31,2019-12-01,,,,,,0.5252751,0.50781745,0.4903263
C,MC1_162184,MC1,162184,0,655,0,2018-02-15,2019-12-01,,,,,,0.6421401,0.5022456,0.49937296
C,MC1_162370,MC1,162370,0,670,0,2018-01-31,2019-12-01,,,,,,0.5240762,0.5066917,0.48925593
C,MC1_162395,MC1,162395,1,182,30,2019-01-26,2019-07-26,2019-06-27,2019-07-26,0.5253075957298279,0.5237966179847717,0.5253075957298279,0.64589554,0.487146,0.5237966
C,MC1_16261,MC1,16261,0,670,0,2018-01-31,2019-12-01,,,,,,0.52823395,0.5110866,0.49359095
C,MC1_162645,MC1,162645,0,670,0,2018-01-31,2019-12-01,,,,,,0.6088563,0.514898,0.49629498
C,MC1_16269,MC1,16269,0,643,0,2018-02-27,2019-12-01,,,,,,0.64232194,0.5019053,0.5002032
C,MC1_162949,MC1,162949,0,573,0,2018-04-24,2019-11-17,,,,,,0.64463407,0.5062562,0.5032614
C,MC1_163030,MC1,163030,0,380,0,2018-11-17,2019-12-01,,,,,,0.64655155,0.49711528,0.51371247
C,MC1_163170,MC1,163170,0,670,0,2018-01-31,2019-12-01,,,,,,0.5287816,0.5118776,0.49463978
C,MC1_163337,MC1,163337,0,452,0,2018-09-06,2019-12-01,,,,,,0.64193875,0.50055563,0.5098493
C,MC1_163398,MC1,163398,0,670,0,2018-01-31,2019-12-01,,,,,,0.52857286,0.51143944,0.4939673
C,MC1_163409,MC1,163409,1,481,30,2018-01-31,2019-05-26,2019-04-27,2019-05-26,0.4999210834503174,0.4984016418457031,0.4999210834503174,0.5234941,0.5109526,0.49840164
C,MC1_163472,MC1,163472,1,53,29,2019-06-29,2019-08-20,2019-07-22,2019-08-20,0.4329932630062103,0.5658884048461914,0.6411650776863098,0.6411651,0.341427,0.5658884
C,MC1_1637,MC1,1637,0,670,0,2018-01-31,2019-12-01,,,,,,0.52823406,0.51108044,0.4935872
C,MC1_163703,MC1,163703,0,660,0,2018-02-10,2019-12-01,,,,,,0.64334065,0.50217944,0.49896783
C,MC1_163798,MC1,163798,0,670,0,2018-01-31,2019-12-01,,,,,,0.5219349,0.5044596,0.48700553
C,MC1_163942,MC1,163942,0,670,0,2018-01-31,2019-12-01,,,,,,0.52861905,0.5124922,0.49558133
C,MC1_164,MC1,164,0,670,0,2018-01-31,2019-12-01,,,,,,0.5287826,0.5118403,0.49438825
C,MC1_164018,MC1,164018,0,670,0,2018-01-31,2019-12-01,,,,,,0.52597404,0.508564,0.49119812
C,MC1_164046,MC1,164046,0,670,0,2018-01-31,2019-12-01,,,,,,0.5269438,0.51086783,0.49368984
C,MC1_164179,MC1,164179,0,670,0,2018-01-31,2019-12-01,,,,,,0.61416346,0.51179725,0.49764436
C,MC1_164464,MC1,164464,0,669,0,2018-02-01,2019-12-01,,,,,,0.5282937,0.51097673,0.4935445
C,MC1_164778,MC1,164778,0,670,0,2018-01-31,2019-12-01,,,,,,0.5287983,0.5118627,0.49441257
C,MC1_164781,MC1,164781,0,670,0,2018-01-31,2019-12-01,,,,,,0.5287983,0.51186275,0.49441257
C,MC1_164925,MC1,164925,0,86,0,2019-09-07,2019-12-01,,,,,,0.6441765,0.42108425,0.5289835
C,MC1_164995,MC1,164995,0,670,0,2018-01-31,2019-12-01,,,,,,0.52037644,0.5031592,0.48544055
C,MC1_164998,MC1,164998,1,647,30,2018-01-31,2019-11-08,2019-10-10,2019-11-08,0.48815086483955383,0.4866328239440918,0.48815086483955383,0.52039105,0.503786,0.48663282
C,MC1_165026,MC1,165026,1,638,29,2018-01-31,2019-10-30,2019-10-01,2019-10-30,0.48885390162467957,0.48733803629875183,0.48885390162467957,0.5206284,0.50397915,0.48733804
C,MC1_165239,MC1,165239,0,416,0,2018-10-12,2019-12-01,,,,,,0.6441141,0.5008529,0.5117493
C,MC1_165297,MC1,165297,0,670,0,2018-01-31,2019-12-01,,,,,,0.52907944,0.5124641,0.49521586
C,MC1_165307,MC1,165307,0,670,0,2018-01-31,2019-12-01,,,,,,0.5224726,0.5051897,0.4885609
C,MC1_16532,MC1,16532,0,610,0,2018-01-31,2019-10-02,,,,,,0.5258715,0.50998247,0.49404538
C,MC1_165373,MC1,165373,0,670,0,2018-01-31,2019-12-01,,,,,,0.51534164,0.49785426,0.480574
C,MC1_165682,MC1,165682,0,670,0,2018-01-31,2019-12-01,,,,,,0.52842695,0.51120925,0.4937154
C,MC1_165686,MC1,165686,0,565,0,2018-05-16,2019-12-01,,,,,,0.6419264,0.505579,0.50370693
C,MC1_16571,MC1,16571,0,670,0,2018-01-31,2019-12-01,,,,,,0.64300495,0.51728946,0.49694213
C,MC1_165875,MC1,165875,0,670,0,2018-01-31,2019-12-01,,,,,,0.528574,0.51151085,0.49475077
C,MC1_16625,MC1,16625,0,594,0,2018-01-31,2019-09-16,,,,,,0.5209745,0.50547475,0.48996508
C,MC1_166549,MC1,166549,0,670,0,2018-01-31,2019-12-01,,,,,,0.52749294,0.5102356,0.49256805
C,MC1_166587,MC1,166587,0,670,0,2018-01-31,2019-12-01,,,,,,0.5223531,0.5048745,0.48738775
C,MC1_166623,MC1,166623,0,670,0,2018-01-31,2019-12-01,,,,,,0.52876157,0.51384825,0.49763763
C,MC1_16672,MC1,16672,0,25,0,2019-11-07,2019-12-01,,,,,,0.45639014,0.04694064,0.45639014
C,MC1_166831,MC1,166831,0,670,0,2018-01-31,2019-12-01,,,,,,0.64338845,0.5103757,0.49782428
C,MC1_166854,MC1,166854,0,656,0,2018-01-31,2019-11-17,,,,,,0.5285643,0.51181024,0.49468705
C,MC1_167118,MC1,167118,0,670,0,2018-01-31,2019-12-01,,,,,,0.5222992,0.50481266,0.4873291
C,MC1_167297,MC1,167297,0,670,0,2018-01-31,2019-12-01,,,,,,0.5247415,0.5072702,0.4897789
C,MC1_167346,MC1,167346,0,670,0,2018-01-31,2019-12-01,,,,,,0.52503973,0.50761193,0.4902183
C,MC1_167367,MC1,167367,0,591,0,2018-04-06,2019-11-17,,,,,,0.64187807,0.5017882,0.5025673
C,MC1_167427,MC1,167427,1,265,30,2018-11-22,2019-08-13,2019-07-15,2019-08-13,0.5211764574050903,0.5196584463119507,0.5211764574050903,0.5856979,0.4812601,0.51965845
C,MC1_167547,MC1,167547,0,670,0,2018-01-31,2019-12-01,,,,,,0.52597404,0.50916755,0.49271217
C,MC1_167553,MC1,167553,0,670,0,2018-01-31,2019-12-01,,,,,,0.52597404,0.50916696,0.4927086
C,MC1_167828,MC1,167828,0,670,0,2018-01-31,2019-12-01,,,,,,0.52215356,0.50467163,0.4871931
C,MC1_167857,MC1,167857,0,449,0,2018-01-31,2019-04-24,,,,,,0.520603,0.513929,0.4971965
C,MC1_167913,MC1,167913,0,597,0,2018-04-14,2019-12-01,,,,,,0.6461989,0.5045069,0.5033326
C,MC1_168345,MC1,168345,0,670,0,2018-01-31,2019-12-01,,,,,,0.6440136,0.5172036,0.49688652
C,MC1_168363,MC1,168363,0,452,0,2018-09-06,2019-12-01,,,,,,0.6419742,0.5005599,0.5098493
C,MC1_168388,MC1,168388,0,660,0,2018-02-10,2019-12-01,,,,,,0.6441344,0.50378066,0.49887174
C,MC1_168467,MC1,168467,0,670,0,2018-01-31,2019-12-01,,,,,,0.5287677,0.5119384,0.49460816
C,MC1_168701,MC1,168701,1,631,30,2018-01-31,2019-10-23,2019-09-24,2019-10-23,0.49616539478302,0.49464643001556396,0.49616539478302,0.52728087,0.5109027,0.49464643
C,MC1_168846,MC1,168846,0,670,0,2018-01-31,2019-12-01,,,,,,0.52034813,0.5028812,0.48544195
C,MC1_168938,MC1,168938,1,274,30,2018-01-31,2018-10-31,2018-10-02,2018-10-31,0.517160177230835,0.5157992243766785,0.517160177230835,0.5291179,0.52271557,0.5157992
C,MC1_169011,MC1,169011,0,670,0,2018-01-31,2019-12-01,,,,,,0.52430487,0.50684196,0.48937598
C,MC1_169035,MC1,169035,0,670,0,2018-01-31,2019-12-01,,,,,,0.5231503,0.5056719,0.48821625
C,MC1_169155,MC1,169155,0,670,0,2018-01-31,2019-12-01,,,,,,0.6128503,0.51504934,0.4963919
C,MC1_169178,MC1,169178,0,249,0,2019-03-28,2019-12-01,,,,,,0.6405227,0.4878139,0.5204949
C,MC1_169402,MC1,169402,0,670,0,2018-01-31,2019-12-01,,,,,,0.52877355,0.5118381,0.4943829
C,MC1_169544,MC1,169544,0,564,0,2018-05-17,2019-12-01,,,,,,0.6427971,0.5065853,0.50370663
C,MC1_169550,MC1,169550,1,127,30,2018-01-31,2018-06-06,2018-05-08,2018-06-06,0.5184139013290405,0.5168931484222412,0.5184139013290405,0.52343524,0.52010477,0.51689315
C,MC1_169560,MC1,169560,0,580,0,2018-05-01,2019-12-01,,,,,,0.643781,0.50695115,0.50289685
C,MC1_169663,MC1,169663,0,273,0,2018-08-23,2019-05-22,,,,,,0.6442769,0.4949208,0.5191611
C,MC1_169751,MC1,169751,0,670,0,2018-01-31,2019-12-01,,,,,,0.5267464,0.50985384,0.493484
C,MC1_169792,MC1,169792,0,309,0,2019-01-26,2019-11-30,,,,,,0.6455827,0.501307,0.5175609
C,MC1_169887,MC1,169887,0,670,0,2018-01-31,2019-12-01,,,,,,0.52295184,0.5060599,0.488987
C,MC1_169904,MC1,169904,1,530,30,2018-01-31,2019-07-14,2019-06-15,2019-07-14,0.5054733753204346,0.5039462447166443,0.5054733753204346,0.6344776,0.52009505,0.50394624
C,MC1_169955,MC1,169955,0,543,0,2018-05-08,2019-11-01,,,,,,0.52299076,0.5091338,0.49540094
C,MC1_170070,MC1,170070,0,670,0,2018-01-31,2019-12-01,,,,,,0.52860564,0.5124423,0.4954522
C,MC1_170131,MC1,170131,0,670,0,2018-01-31,2019-12-01,,,,,,0.52642936,0.50903535,0.4929569
C,MC1_170149,MC1,170149,0,510,0,2018-07-10,2019-12-01,,,,,,0.6446467,0.50271714,0.5067516
C,MC1_170365,MC1,170365,0,517,0,2018-07-03,2019-12-01,,,,,,0.64169395,0.5019361,0.5070394
C,MC1_170422,MC1,170422,0,438,0,2018-09-20,2019-12-01,,,,,,0.6465799,0.5013965,0.51089954
C,MC1_170567,MC1,170567,0,192,0,2019-05-24,2019-12-01,,,,,,0.64054286,0.47818956,0.52355367
C,MC1_170708,MC1,170708,0,670,0,2018-01-31,2019-12-01,,,,,,0.63170433,0.51575804,0.49652746
C,MC1_170802,MC1,170802,0,670,0,2018-01-31,2019-12-01,,,,,,0.528574,0.51153344,0.49548644
C,MC1_170818,MC1,170818,0,670,0,2018-01-31,2019-12-01,,,,,,0.5183227,0.5008538,0.4834886
C,MC1_170879,MC1,170879,0,670,0,2018-01-31,2019-12-01,,,,,,0.52915245,0.5127163,0.49535674
C,MC1_171038,MC1,171038,0,524,0,2018-06-26,2019-12-01,,,,,,0.6437926,0.50427395,0.5062159
C,MC1_171220,MC1,171220,0,20,0,2019-11-12,2019-12-01,,,,,,0.00038847033,2.0894247e-05,0.00038847033
C,MC1_171266,MC1,171266,0,670,0,2018-01-31,2019-12-01,,,,,,0.51847816,0.50118446,0.48377633
C,MC1_171271,MC1,171271,0,670,0,2018-01-31,2019-12-01,,,,,,0.51850134,0.50123346,0.48382774
C,MC1_171280,MC1,171280,0,433,0,2018-09-25,2019-12-01,,,,,,0.6426287,0.545809,0.5095047
C,MC1_171823,MC1,171823,0,670,0,2018-01-31,2019-12-01,,,,,,0.52853054,0.51146704,0.49390128
C,MC1_171890,MC1,171890,0,670,0,2018-01-31,2019-12-01,,,,,,0.5265391,0.51039314,0.49517205
C,MC1_171918,MC1,171918,0,593,0,2018-04-18,2019-12-01,,,,,,0.64408976,0.50159997,0.5024834
C,MC1_171929,MC1,171929,0,670,0,2018-01-31,2019-12-01,,,,,,0.5246818,0.50845945,0.49162048
C,MC1_172096,MC1,172096,1,561,30,2018-01-31,2019-08-14,2019-07-16,2019-08-14,0.503671407699585,0.5021539926528931,0.503671407699585,0.6186676,0.51838684,0.502154
C,MC1_172315,MC1,172315,0,669,0,2018-01-31,2019-11-30,,,,,,0.5282242,0.5129096,0.49972907
C,MC1_172453,MC1,172453,0,597,0,2018-04-14,2019-12-01,,,,,,0.6427403,0.50233996,0.5022842
C,MC1_172557,MC1,172557,0,45,0,2019-10-18,2019-12-01,,,,,,0.64252645,0.31351936,0.59752476
C,MC1_172689,MC1,172689,0,528,0,2018-06-22,2019-12-01,,,,,,0.5162995,0.50249934,0.48871562
C,MC1_172859,MC1,172859,0,670,0,2018-01-31,2019-12-01,,,,,,0.52543724,0.5088589,0.4918158
C,MC1_172955,MC1,172955,0,670,0,2018-01-31,2019-12-01,,,,,,0.528569,0.51143736,0.49397567
C,MC1_173065,MC1,173065,0,558,0,2018-05-23,2019-12-01,,,,,,0.641443,0.50178707,0.5043026
C,MC1_173218,MC1,173218,0,670,0,2018-01-31,2019-12-01,,,,,,0.5187558,0.501278,0.4838396
C,MC1_173431,MC1,173431,0,258,0,2018-01-31,2018-10-15,,,,,,0.5269638,0.52028054,0.513582
C,MC1_173647,MC1,173647,0,670,0,2018-01-31,2019-12-01,,,,,,0.52041984,0.5029634,0.48545894
C,MC1_173748,MC1,173748,0,670,0,2018-01-31,2019-12-01,,,,,,0.52845216,0.51124275,0.4937482
C,MC1_173778,MC1,173778,0,670,0,2018-01-31,2019-12-01,,,,,,0.5207296,0.50325185,0.48599264
C,MC1_173897,MC1,173897,0,94,0,2018-09-05,2018-12-07,,,,,,0.514764,0.51234865,0.5099142
C,MC1_173908,MC1,173908,0,670,0,2018-01-31,2019-12-01,,,,,,0.52035576,0.5028637,0.48538366
C,MC1_173950,MC1,173950,0,670,0,2018-01-31,2019-12-01,,,,,,0.5221465,0.5046678,0.48718736
C,MC1_173977,MC1,173977,0,670,0,2018-01-31,2019-12-01,,,,,,0.5291322,0.51240253,0.4949578
C,MC1_174169,MC1,174169,0,670,0,2018-01-31,2019-12-01,,,,,,0.5260455,0.50859046,0.49110237
C,MC1_174250,MC1,174250,0,670,0,2018-01-31,2019-12-01,,,,,,0.5276534,0.5102491,0.49357435
C,MC1_174258,MC1,174258,0,670,0,2018-01-31,2019-12-01,,,,,,0.5276534,0.5102491,0.49357435
C,MC1_174497,MC1,174497,0,670,0,2018-01-31,2019-12-01,,,,,,0.5280529,0.51077616,0.493283
C,MC1_174536,MC1,174536,0,565,0,2018-05-16,2019-12-01,,,,,,0.64259124,0.50512016,0.5037418
C,MC1_174570,MC1,174570,0,670,0,2018-01-31,2019-12-01,,,,,,0.5212541,0.5062927,0.4899573
C,MC1_174593,MC1,174593,0,619,0,2018-03-23,2019-12-01,,,,,,0.6417468,0.51099503,0.50104
C,MC1_174664,MC1,174664,0,670,0,2018-01-31,2019-12-01,,,,,,0.6093715,0.5149303,0.49634707
C,MC1_174665,MC1,174665,0,670,0,2018-01-31,2019-12-01,,,,,,0.6090164,0.5149198,0.4963443
C,MC1_174745,MC1,174745,1,653,26,2018-01-31,2019-11-14,2019-10-16,2019-11-14,0.48831886053085327,0.4868389964103699,0.48831886053085327,0.5208855,0.50384575,0.486839
C,MC1_174785,MC1,174785,0,670,0,2018-01-31,2019-12-01,,,,,,0.51535916,0.49786946,0.48062712
C,MC1_174805,MC1,174805,0,670,0,2018-01-31,2019-12-01,,,,,,0.5206284,0.5031442,0.48566422
C,MC1_174841,MC1,174841,0,670,0,2018-01-31,2019-12-01,,,,,,0.6425027,0.5065527,0.49808356
C,MC1_174997,MC1,174997,0,670,0,2018-01-31,2019-12-01,,,,,,0.5278731,0.51106405,0.49296337
C,MC1_175055,MC1,175055,0,670,0,2018-01-31,2019-12-01,,,,,,0.52543044,0.50883263,0.49177793
C,MC1_175468,MC1,175468,0,603,0,2018-04-08,2019-12-01,,,,,,0.64266163,0.50290465,0.5035834
C,MC1_175591,MC1,175591,0,513,0,2018-07-07,2019-12-01,,,,,,0.6421461,0.5017084,0.50664467
C,MC1_175789,MC1,175789,0,670,0,2018-01-31,2019-12-01,,,,,,0.5268284,0.5093647,0.4918694
C,MC1_176153,MC1,176153,0,20,0,2019-11-12,2019-12-01,,,,,,7.6241144e-05,3.9894226e-06,7.6241144e-05
C,MC1_176194,MC1,176194,1,616,30,2018-01-31,2019-10-08,2019-09-09,2019-10-08,0.4970241189002991,0.495505154132843,0.4970241189002991,0.52759385,0.51156604,0.49550515
C,MC1_176406,MC1,176406,0,365,0,2018-04-27,2019-04-26,,,,,,0.64181,0.5058639,0.5140848
C,MC1_176450,MC1,176450,0,670,0,2018-01-31,2019-12-01,,,,,,0.6421655,0.5052296,0.49818355
C,MC1_176635,MC1,176635,0,474,0,2018-08-15,2019-12-01,,,,,,0.64197564,0.49741122,0.5100406
C,MC1_176717,MC1,176717,0,670,0,2018-01-31,2019-12-01,,,,,,0.6182316,0.51524514,0.49639353
C,MC1_176740,MC1,176740,0,669,0,2018-01-31,2019-11-30,,,,,,0.5187987,0.5013465,0.4839443
C,MC1_176823,MC1,176823,0,656,0,2018-01-31,2019-11-17,,,,,,0.51950115,0.50239086,0.48551315
C,MC1_177031,MC1,177031,0,670,0,2018-01-31,2019-12-01,,,,,,0.6431769,0.51730216,0.4969492
C,MC1_177042,MC1,177042,0,670,0,2018-01-31,2019-12-01,,,,,,0.52805364,0.5112851,0.4941249
C,MC1_17713,MC1,17713,0,657,0,2018-02-13,2019-12-01,,,,,,0.6443987,0.5000677,0.4992343
C,MC1_177432,MC1,177432,0,670,0,2018-01-31,2019-12-01,,,,,,0.5313643,0.5127369,0.49528316
C,MC1_177674,MC1,177674,0,425,0,2018-10-03,2019-12-01,,,,,,0.6459527,0.5057771,0.5110267
C,MC1_177965,MC1,177965,0,491,0,2018-07-29,2019-12-01,,,,,,0.64162356,0.5015036,0.50778586
C,MC1_178030,MC1,178030,0,670,0,2018-01-31,2019-12-01,,,,,,0.5207539,0.50335443,0.48604986
C,MC1_178142,MC1,178142,0,574,0,2018-05-07,2019-12-01,,,,,,0.64224416,0.50504404,0.50327164
C,MC1_178150,MC1,178150,0,468,0,2018-08-21,2019-12-01,,,,,,0.6438222,0.50222373,0.5089821
C,MC1_178361,MC1,178361,0,619,0,2018-03-23,2019-12-01,,,,,,0.6417468,0.51012355,0.50056255
C,MC1_178384,MC1,178384,0,670,0,2018-01-31,2019-12-01,,,,,,0.5287788,0.5162785,0.50242716
C,MC1_178394,MC1,178394,0,274,0,2019-03-01,2019-11-29,,,,,,0.6461029,0.52795434,0.5181972
C,MC1_178480,MC1,178480,0,531,0,2018-06-19,2019-12-01,,,,,,0.5117609,0.49783584,0.4839773
C,MC1_178482,MC1,178482,0,531,0,2018-06-19,2019-12-01,,,,,,0.511767,0.49784148,0.4839824
C,MC1_178635,MC1,178635,0,158,0,2019-06-27,2019-12-01,,,,,,0.6405227,0.46771872,0.52523637
C,MC1_178766,MC1,178766,0,670,0,2018-01-31,2019-12-01,,,,,,0.52802193,0.51126784,0.49823722
C,MC1_178913,MC1,178913,0,670,0,2018-01-31,2019-12-01,,,,,,0.64367855,0.51737696,0.49738276
C,MC1_17895,MC1,17895,0,335,0,2019-01-01,2019-12-01,,,,,,0.6422098,0.50060725,0.5158264
C,MC1_179018,MC1,179018,0,670,0,2018-01-31,2019-12-01,,,,,,0.5279742,0.5106982,0.49397475
C,MC1_179174,MC1,179174,0,315,0,2019-01-21,2019-12-01,,,,,,0.64301926,0.50206167,0.5172441
C,MC1_179249,MC1,179249,0,670,0,2018-01-31,2019-12-01,,,,,,0.5254672,0.5080144,0.49052137
C,MC1_179509,MC1,179509,0,670,0,2018-01-31,2019-12-01,,,,,,0.5264077,0.5089682,0.4915029
C,MC1_179539,MC1,179539,0,670,0,2018-01-31,2019-12-01,,,,,,0.5261314,0.5087684,0.49156916
C,MC1_179720,MC1,179720,0,670,0,2018-01-31,2019-12-01,,,,,,0.5275908,0.51014006,0.49264696
C,MC1_179999,MC1,179999,0,418,0,2018-10-10,2019-12-01,,,,,,0.64260393,0.5043612,0.5115931
C,MC1_180030,MC1,180030,0,451,0,2018-09-07,2019-12-01,,,,,,0.64003897,0.50054044,0.5102612
C,MC1_180148,MC1,180148,1,676,25,2018-01-31,2019-12-07,2019-11-13,2019-12-07,0.49729347229003906,0.4960341453552246,0.49729347229003906,0.6090511,0.51475716,0.49603415
C,MC1_180260,MC1,180260,0,670,0,2018-01-31,2019-12-01,,,,,,0.6156217,0.5151258,0.4964087
C,MC1_180582,MC1,180582,0,447,0,2018-09-11,2019-12-01,,,,,,0.646513,0.50014293,0.51015276
C,MC1_180607,MC1,180607,0,664,0,2018-01-31,2019-11-25,,,,,,0.5287215,0.5119186,0.49459317
C,MC1_180665,MC1,180665,1,490,29,2018-01-31,2019-06-04,2019-05-07,2019-06-04,0.50551837682724,0.5040832161903381,0.50551837682724,0.5287964,0.51656467,0.5040832
C,MC1_180811,MC1,180811,0,503,0,2018-07-17,2019-12-01,,,,,,0.64863783,0.50359744,0.5071649
C,MC1_180833,MC1,180833,0,670,0,2018-01-31,2019-12-01,,,,,,0.6436259,0.5172397,0.4969312
C,MC1_180915,MC1,180915,0,629,0,2018-01-31,2019-10-21,,,,,,0.5284528,0.5123196,0.49588272
C,MC1_180941,MC1,180941,0,31,0,2019-11-01,2019-12-01,,,,,,0.552238,0.07829203,0.552238
C,MC1_181539,MC1,181539,0,670,0,2018-01-31,2019-12-01,,,,,,0.6428168,0.5120713,0.49810025
C,MC1_181571,MC1,181571,0,660,0,2018-02-10,2019-12-01,,,,,,0.6437513,0.5038197,0.49893534
C,MC1_181584,MC1,181584,0,628,0,2018-02-28,2019-11-17,,,,,,0.64198315,0.5022666,0.5008279
C,MC1_181729,MC1,181729,1,668,26,2018-01-31,2019-11-29,2019-10-31,2019-11-29,0.49291443824768066,0.49141353368759155,0.49291443824768066,0.52536285,0.5086284,0.49141353
C,MC1_18236,MC1,18236,0,670,0,2018-01-31,2019-12-01,,,,,,0.61837566,0.515265,0.4964412
C,MC1_18245,MC1,18245,0,185,0,2019-05-17,2019-11-17,,,,,,0.5220449,0.5172263,0.5124203
C,MC1_182577,MC1,182577,0,670,0,2018-01-31,2019-12-01,,,,,,0.5291134,0.5125455,0.49550474
C,MC1_182639,MC1,182639,0,670,0,2018-01-31,2019-12-01,,,,,,0.5261414,0.5087685,0.4918482
C,MC1_182718,MC1,182718,1,639,30,2018-02-01,2019-11-01,2019-10-03,2019-11-01,0.5011087656021118,0.4995894134044647,0.5011087656021118,0.64323837,0.51378673,0.4995894
C,MC1_182723,MC1,182723,1,670,26,2018-02-01,2019-12-02,2019-11-03,2019-12-02,0.4994853138923645,0.49798470735549927,0.4994853138923645,0.64323837,0.5130919,0.4979847
C,MC1_182878,MC1,182878,0,670,0,2018-01-31,2019-12-01,,,,,,0.64068764,0.516605,0.4975308
C,MC1_183209,MC1,183209,0,670,0,2018-01-31,2019-12-01,,,,,,0.5154013,0.4979091,0.4804472
C,MC1_183225,MC1,183225,0,670,0,2018-01-31,2019-12-01,,,,,,0.6431285,0.51773894,0.49768925
C,MC1_183676,MC1,183676,0,670,0,2018-01-31,2019-12-01,,,,,,0.5235114,0.5060294,0.48854563
C,MC1_183685,MC1,183685,0,199,0,2019-05-17,2019-12-01,,,,,,0.5220356,0.51685077,0.51167715
C,MC1_183776,MC1,183776,0,599,0,2018-01-31,2019-09-21,,,,,,0.6352021,0.5181256,0.500566
C,MC1_18388,MC1,18388,0,670,0,2018-01-31,2019-12-01,,,,,,0.64272237,0.5159143,0.49746647
C,MC1_183933,MC1,183933,0,670,0,2018-01-31,2019-12-01,,,,,,0.5232617,0.5058348,0.488635
C,MC1_184010,MC1,184010,0,670,0,2018-01-31,2019-12-01,,,,,,0.5268169,0.509355,0.49185959
C,MC1_184051,MC1,184051,0,670,0,2018-01-31,2019-12-01,,,,,,0.5285634,0.51144624,0.49391815
C,MC1_184115,MC1,184115,0,53,0,2019-09-26,2019-11-17,,,,,,0.6426446,0.36018273,0.562278
C,MC1_184119,MC1,184119,0,656,0,2018-01-31,2019-11-17,,,,,,0.5194847,0.50241184,0.48565948
C,MC1_184316,MC1,184316,0,670,0,2018-01-31,2019-12-01,,,,,,0.64221203,0.51731455,0.49728954
C,MC1_184442,MC1,184442,0,670,0,2018-01-31,2019-12-01,,,,,,0.52805585,0.5107789,0.49328133
C,MC1_184625,MC1,184625,0,314,0,2019-01-21,2019-11-30,,,,,,0.6432805,0.5019331,0.5173015
C,MC1_184703,MC1,184703,1,472,29,2018-01-31,2019-05-17,2019-04-18,2019-05-17,0.4989423453807831,0.49742528796195984,0.4989423453807831,0.5219349,0.5096402,0.4974253
C,MC1_184826,MC1,184826,0,641,0,2018-03-01,2019-12-01,,,,,,0.64194,0.50583464,0.500146
C,MC1_184856,MC1,184856,0,670,0,2018-01-31,2019-12-01,,,,,,0.52607006,0.50861526,0.4911309
C,MC1_184924,MC1,184924,0,670,0,2018-01-31,2019-12-01,,,,,,0.61420745,0.5150893,0.49651998
C,MC1_184941,MC1,184941,0,670,0,2018-01-31,2019-12-01,,,,,,0.52764916,0.51028484,0.49357405
C,MC1_184991,MC1,184991,0,654,0,2018-02-16,2019-12-01,,,,,,0.64219236,0.5030396,0.4992167
C,MC1_185035,MC1,185035,0,669,0,2018-01-31,2019-11-30,,,,,,0.5268086,0.50947875,0.4920904
C,MC1_185095,MC1,185095,0,670,0,2018-01-31,2019-12-01,,,,,,0.5255943,0.50826955,0.49321005
C,MC1_185338,MC1,185338,0,670,0,2018-01-31,2019-12-01,,,,,,0.5203638,0.50287163,0.4853906
C,MC1_1854,MC1,1854,0,597,0,2018-04-14,2019-12-01,,,,,,0.6464688,0.5046073,0.5030973
C,MC1_185532,MC1,185532,0,670,0,2018-01-31,2019-12-01,,,,,,0.5235491,0.5060788,0.48862326
C,MC1_185711,MC1,185711,0,670,0,2018-01-31,2019-12-01,,,,,,0.5285701,0.51144207,0.49397427
C,MC1_185741,MC1,185741,0,11,0,2019-11-21,2019-12-01,,,,,,3.67741e-21,3.3493845e-22,3.67741e-21
C,MC1_185916,MC1,185916,0,670,0,2018-01-31,2019-12-01,,,,,,0.5283193,0.5116503,0.49409905
C,MC1_186002,MC1,186002,0,670,0,2018-01-31,2019-12-01,,,,,,0.5207675,0.50327367,0.48579332
C,MC1_186017,MC1,186017,0,670,0,2018-01-31,2019-12-01,,,,,,0.51744264,0.49996638,0.48252547
C,MC1_186038,MC1,186038,0,461,0,2018-08-28,2019-12-01,,,,,,0.6431403,0.50048757,0.50939053
C,MC1_186122,MC1,186122,0,660,0,2018-02-10,2019-12-01,,,,,,0.6406321,0.5024296,0.4988948
C,MC1_186183,MC1,186183,0,670,0,2018-01-31,2019-12-01,,,,,,0.6430123,0.51015395,0.49783185
C,MC1_186256,MC1,186256,0,670,0,2018-01-31,2019-12-01,,,,,,0.52273923,0.5054478,0.48810685
C,MC1_186307,MC1,186307,0,670,0,2018-01-31,2019-12-01,,,,,,0.52547735,0.5080259,0.4905325
C,MC1_186405,MC1,186405,0,499,0,2018-07-21,2019-12-01,,,,,,0.6452699,0.4962289,0.5076699
C,MC1_186865,MC1,186865,0,670,0,2018-01-31,2019-12-01,,,,,,0.52419645,0.5067323,0.4892613
C,MC1_186901,MC1,186901,0,566,0,2018-05-15,2019-12-01,,,,,,0.64282984,0.5049888,0.5039449
C,MC1_187018,MC1,187018,0,670,0,2018-01-31,2019-12-01,,,,,,0.52504706,0.5075913,0.49010053
C,MC1_187094,MC1,187094,0,96,0,2018-09-05,2018-12-09,,,,,,0.51237833,0.5099108,0.50742096
C,MC1_187178,MC1,187178,0,593,0,2018-04-18,2019-12-01,,,,,,0.6444783,0.49889562,0.50265014
C,MC1_187487,MC1,187487,0,452,0,2018-09-06,2019-12-01,,,,,,0.64227515,0.5008009,0.5105681
C,MC1_187769,MC1,187769,0,594,0,2018-04-17,2019-12-01,,,,,,0.64250463,0.5017583,0.50245816
C,MC1_187917,MC1,187917,1,468,30,2018-01-31,2019-05-13,2019-04-14,2019-05-13,0.5087264180183411,0.5072146654129028,0.5087264180183411,0.63798976,0.5222954,0.50721467
C,MC1_187961,MC1,187961,0,524,0,2018-06-26,2019-12-01,,,,,,0.51948076,0.5058052,0.49284312
C,MC1_187979,MC1,187979,0,199,0,2019-05-17,2019-12-01,,,,,,0.52204335,0.51686573,0.511697
C,MC1_187985,MC1,187985,0,670,0,2018-01-31,2019-12-01,,,,,,0.6358455,0.51599497,0.49660006
C,MC1_188077,MC1,188077,0,592,0,2018-04-19,2019-12-01,,,,,,0.6471429,0.5019427,0.5025418
C,MC1_18814,MC1,18814,0,594,0,2018-04-17,2019-12-01,,,,,,0.64214927,0.5018278,0.502442
C,MC1_188331,MC1,188331,0,629,0,2018-01-31,2019-10-21,,,,,,0.5284487,0.51231873,0.49588308
C,MC1_188534,MC1,188534,1,413,30,2018-04-14,2019-05-31,2019-05-02,2019-05-31,0.5133070945739746,0.5117865800857544,0.5133070945739746,0.6464688,0.503284,0.5117866
C,MC1_18855,MC1,18855,1,671,26,2018-01-31,2019-12-02,2019-11-03,2019-12-02,0.0,0.0,0.0,0.5207173,0.06705471,0.0
C,MC1_188562,MC1,188562,0,670,0,2018-01-31,2019-12-01,,,,,,0.52068305,0.5031856,0.4857063
C,MC1_18898,MC1,18898,0,670,0,2018-01-31,2019-12-01,,,,,,0.52542496,0.5079775,0.4905244
C,MC1_189154,MC1,189154,0,670,0,2018-01-31,2019-12-01,,,,,,0.5798304,0.51392174,0.49595344
C,MC1_189273,MC1,189273,0,557,0,2018-05-24,2019-12-01,,,,,,0.6416006,0.502066,0.5043304
C,MC1_189295,MC1,189295,0,613,0,2018-03-29,2019-12-01,,,,,,0.6418444,0.5011964,0.5014495
C,MC1_189319,MC1,189319,0,670,0,2018-01-31,2019-12-01,,,,,,0.6354579,0.51604533,0.4967397
C,MC1_189362,MC1,189362,0,670,0,2018-01-31,2019-12-01,,,,,,0.52596384,0.5085384,0.49169007
C,MC1_189456,MC1,189456,0,670,0,2018-01-31,2019-12-01,,,,,,0.5247433,0.507271,0.4897797
C,MC1_189529,MC1,189529,0,670,0,2018-01-31,2019-12-01,,,,,,0.51858026,0.5010856,0.48361656
C,MC1_18955,MC1,18955,0,670,0,2018-01-31,2019-12-01,,,,,,0.5281916,0.51084614,0.49335125
C,MC1_189553,MC1,189553,0,670,0,2018-01-31,2019-12-01,,,,,,0.5245709,0.5070978,0.48961413
C,MC1_189558,MC1,189558,0,670,0,2018-01-31,2019-12-01,,,,,,0.5283868,0.51307774,0.50446564
C,MC1_189573,MC1,189573,0,404,0,2018-10-24,2019-12-01,,,,,,0.6451096,0.5008352,0.5123129
C,MC1_189607,MC1,189607,0,670,0,2018-01-31,2019-12-01,,,,,,0.5324879,0.5127773,0.49545622
C,MC1_18970,MC1,18970,0,380,0,2018-11-17,2019-12-01,,,,,,0.64646053,0.49711803,0.5137315
C,MC1_189771,MC1,189771,0,670,0,2018-01-31,2019-12-01,,,,,,0.5183232,0.50085944,0.48348042
C,MC1_189822,MC1,189822,0,670,0,2018-01-31,2019-12-01,,,,,,0.5214666,0.50398207,0.4865011
C,MC1_189841,MC1,189841,0,670,0,2018-01-31,2019-12-01,,,,,,0.529078,0.5123669,0.49495476
C,MC1_18986,MC1,18986,0,55,0,2019-10-08,2019-12-01,,,,,,0.6409343,0.35422,0.55805075
C,MC1_190006,MC1,190006,0,670,0,2018-01-31,2019-12-01,,,,,,0.522539,0.50505143,0.4875674
C,MC1_19001,MC1,19001,0,461,0,2018-08-28,2019-12-01,,,,,,0.6426636,0.5004183,0.5093919
C,MC1_19026,MC1,19026,0,122,0,2019-08-02,2019-12-01,,,,,,0.64050215,0.45014864,0.5271145
C,MC1_190353,MC1,190353,0,670,0,2018-01-31,2019-12-01,,,,,,0.5291539,0.51269823,0.4952713
C,MC1_190487,MC1,190487,0,670,0,2018-01-31,2019-12-01,,,,,,0.52876574,0.51195353,0.49479055
C,MC1_191157,MC1,191157,0,670,0,2018-01-31,2019-12-01,,,,,,0.5215251,0.50878525,0.49154323
C,MC1_191184,MC1,191184,0,593,0,2018-04-18,2019-12-01,,,,,,0.6601401,0.50204414,0.5031457
C,MC1_191232,MC1,191232,0,670,0,2018-01-31,2019-12-01,,,,,,0.52809197,0.5107151,0.4932233
C,MC1_191368,MC1,191368,0,273,0,2019-03-04,2019-12-01,,,,,,0.52879107,0.39191872,0.5190317
C,MC1_191412,MC1,191412,0,670,0,2018-01-31,2019-12-01,,,,,,0.6427491,0.51792693,0.49721444
C,MC1_191577,MC1,191577,0,670,0,2018-01-31,2019-12-01,,,,,,0.5254782,0.5080236,0.49052572
C,MC1_191586,MC1,191586,0,544,0,2018-06-06,2019-12-01,,,,,,0.6588834,0.50379974,0.5052839
C,MC1_191611,MC1,191611,0,670,0,2018-01-31,2019-12-01,,,,,,0.524727,0.50725734,0.48976552
C,MC1_191780,MC1,191780,0,670,0,2018-01-31,2019-12-01,,,,,,0.52590716,0.5085572,0.4911586
C,MC1_191990,MC1,191990,0,670,0,2018-01-31,2019-12-01,,,,,,0.5231485,0.50569665,0.48818064
C,MC1_192051,MC1,192051,0,600,0,2018-04-11,2019-12-01,,,,,,0.64141667,0.5018478,0.50210077
C,MC1_192184,MC1,192184,0,619,0,2018-03-23,2019-12-01,,,,,,0.6420362,0.5115663,0.50267833
C,MC1_192271,MC1,192271,0,452,0,2018-09-06,2019-12-01,,,,,,0.6422032,0.5000529,0.5098855
C,MC1_192310,MC1,192310,0,295,0,2018-01-31,2018-11-21,,,,,,0.52917,0.522278,0.51472557
C,MC1_192352,MC1,192352,0,670,0,2018-01-31,2019-12-01,,,,,,0.51744276,0.49994627,0.482477
C,MC1_192353,MC1,192353,0,670,0,2018-01-31,2019-12-01,,,,,,0.517442,0.49994397,0.48247448
C,MC1_192382,MC1,192382,0,670,0,2018-01-31,2019-12-01,,,,,,0.52791977,0.51053125,0.49306235
C,MC1_192392,MC1,192392,0,670,0,2018-01-31,2019-12-01,,,,,,0.52791977,0.5105309,0.49306172
C,MC1_192439,MC1,192439,0,670,0,2018-01-31,2019-12-01,,,,,,0.64328575,0.51782477,0.49749786
C,MC1_192447,MC1,192447,0,670,0,2018-01-31,2019-12-01,,,,,,0.5253121,0.50785995,0.49036837
C,MC1_192547,MC1,192547,0,670,0,2018-01-31,2019-12-01,,,,,,0.52429545,0.50696194,0.48993888
C,MC1_192620,MC1,192620,0,466,0,2018-08-23,2019-12-01,,,,,,0.6449879,0.50210404,0.5091148
C,MC1_19266,MC1,19266,0,670,0,2018-01-31,2019-12-01,,,,,,0.52606064,0.5086055,0.49111664
C,MC1_192749,MC1,192749,0,453,0,2018-09-05,2019-12-01,,,,,,0.5141547,0.5023454,0.49052006
C,MC1_192870,MC1,192870,0,544,0,2018-06-06,2019-12-01,,,,,,0.6596609,0.5036177,0.50530046
C,MC1_192883,MC1,192883,0,486,0,2018-08-03,2019-12-01,,,,,,0.64552355,0.5233651,0.5069797
C,MC1_19339,MC1,19339,0,670,0,2018-01-31,2019-12-01,,,,,,0.52875024,0.51180714,0.49432173
C,MC1_193490,MC1,193490,0,670,0,2018-01-31,2019-12-01,,,,,,0.52607155,0.5086159,0.49112457
C,MC1_193492,MC1,193492,0,670,0,2018-01-31,2019-12-01,,,,,,0.5233641,0.50587904,0.48839137
C,MC1_193703,MC1,193703,0,318,0,2019-01-18,2019-12-01,,,,,,0.64375466,0.50685203,0.51650983
C,MC1_193810,MC1,193810,0,660,0,2018-02-10,2019-12-01,,,,,,0.64395475,0.5038982,0.49912778
C,MC1_194004,MC1,194004,0,670,0,2018-01-31,2019-12-01,,,,,,0.52828604,0.5117122,0.49463904
C,MC1_194037,MC1,194037,0,670,0,2018-01-31,2019-12-01,,,,,,0.526399,0.50915956,0.4942927
C,MC1_194235,MC1,194235,0,310,0,2019-01-26,2019-12-01,,,,,,0.64612603,0.50112617,0.5172976
C,MC1_194252,MC1,194252,0,571,0,2018-01-31,2019-08-24,,,,,,0.52474797,0.5099138,0.49510843
C,MC1_194513,MC1,194513,0,670,0,2018-01-31,2019-12-01,,,,,,0.5182758,0.50079036,0.48332193
C,MC1_194600,MC1,194600,0,446,0,2018-09-12,2019-12-01,,,,,,0.6453918,0.5010842,0.51015663
C,MC1_19469,MC1,19469,0,452,0,2018-09-06,2019-12-01,,,,,,0.6424072,0.5005181,0.5098543
C,MC1_194700,MC1,194700,0,670,0,2018-01-31,2019-12-01,,,,,,0.5282402,0.51108253,0.49359015
C,MC1_194747,MC1,194747,0,670,0,2018-01-31,2019-12-01,,,,,,0.6432826,0.5104268,0.4978191
C,MC1_194815,MC1,194815,0,347,0,2018-12-20,2019-12-01,,,,,,0.64271086,0.49803534,0.51548684
C,MC1_194860,MC1,194860,0,670,0,2018-01-31,2019-12-01,,,,,,0.5285854,0.51224196,0.49549475
C,MC1_195076,MC1,195076,0,670,0,2018-01-31,2019-12-01,,,,,,0.5154447,0.49796247,0.48053735
C,MC1_195196,MC1,195196,0,528,0,2018-06-22,2019-12-01,,,,,,0.64225566,0.5014333,0.5058713
C,MC1_195268,MC1,195268,0,460,0,2018-08-29,2019-12-01,,,,,,0.643212,0.50146025,0.50939983
C,MC1_195425,MC1,195425,0,670,0,2018-01-31,2019-12-01,,,,,,0.5280861,0.51082647,0.49333087
C,MC1_195577,MC1,195577,0,670,0,2018-01-31,2019-12-01,,,,,,0.51744264,0.49996713,0.4825282
C,MC1_195606,MC1,195606,0,670,0,2018-01-31,2019-12-01,,,,,,0.52910244,0.5123857,0.49497363
C,MC1_195820,MC1,195820,0,670,0,2018-01-31,2019-12-01,,,,,,0.52777535,0.5103361,0.49284613
C,MC1_195933,MC1,195933,0,670,0,2018-01-31,2019-12-01,,,,,,0.6390229,0.51662034,0.49720123
C,MC1_196035,MC1,196035,0,670,0,2018-01-31,2019-12-01,,,,,,0.5219349,0.50445336,0.48697668
C,MC1_196109,MC1,196109,0,387,0,2018-11-10,2019-12-01,,,,,,0.645891,0.49645948,0.51330125
C,MC1_196161,MC1,196161,0,670,0,2018-01-31,2019-12-01,,,,,,0.5202034,0.50271595,0.4852399
C,MC1_19618,MC1,19618,1,595,30,2018-01-31,2019-09-17,2019-08-19,2019-09-17,0.4918825328350067,0.4903671145439148,0.4918825328350067,0.5211206,0.5056764,0.4903671
C,MC1_196429,MC1,196429,0,670,0,2018-01-31,2019-12-01,,,,,,0.52914286,0.5126924,0.49523574
C,MC1_196586,MC1,196586,0,670,0,2018-01-31,2019-12-01,,,,,,0.5282107,0.5108437,0.49335212
C,MC1_196684,MC1,196684,0,659,0,2018-02-11,2019-12-01,,,,,,0.64428514,0.5031581,0.49892348
C,MC1_196893,MC1,196893,0,451,0,2018-09-07,2019-12-01,,,,,,0.6422955,0.50130874,0.51036024
C,MC1_196955,MC1,196955,0,670,0,2018-01-31,2019-12-01,,,,,,0.5223015,0.5048106,0.48732993
C,MC1_197165,MC1,197165,0,670,0,2018-01-31,2019-12-01,,,,,,0.5219328,0.50444335,0.48695907
C,MC1_197248,MC1,197248,0,670,0,2018-01-31,2019-12-01,,,,,,0.5153476,0.4978615,0.48056456
C,MC1_19735,MC1,19735,0,670,0,2018-01-31,2019-12-01,,,,,,0.6088563,0.51489824,0.49629626
C,MC1_19744,MC1,19744,0,670,0,2018-01-31,2019-12-01,,,,,,0.5291125,0.5124217,0.4951316
C,MC1_197498,MC1,197498,0,670,0,2018-01-31,2019-12-01,,,,,,0.5280089,0.513512,0.4982489
C,MC1_197556,MC1,197556,0,670,0,2018-01-31,2019-12-01,,,,,,0.5227484,0.50526696,0.48778272
C,MC1_197662,MC1,197662,1,659,26,2018-01-31,2019-11-20,2019-10-22,2019-11-20,0.4966530501842499,0.49515295028686523,0.4966530501842499,0.52877104,0.51219124,0.49515295
C,MC1_197677,MC1,197677,0,670,0,2018-01-31,2019-12-01,,,,,,0.5187598,0.5012783,0.4838328
C,MC1_197820,MC1,197820,0,670,0,2018-01-31,2019-12-01,,,,,,0.5231388,0.5056491,0.48816058
C,MC1_197897,MC1,197897,0,93,0,2018-02-17,2018-05-20,,,,,,0.6436452,0.4305274,0.52839416
C,MC1_198093,MC1,198093,0,304,0,2019-02-01,2019-12-01,,,,,,0.5289878,0.5221419,0.51412135
C,MC1_198116,MC1,198116,0,670,0,2018-01-31,2019-12-01,,,,,,0.52029943,0.5028764,0.48604482
C,MC1_198225,MC1,198225,0,499,0,2018-07-21,2019-12-01,,,,,,0.6452008,0.49617097,0.50766426
C,MC1_198365,MC1,198365,0,670,0,2018-01-31,2019-12-01,,,,,,0.64283305,0.51728123,0.4969335
C,MC1_198409,MC1,198409,0,670,0,2018-01-31,2019-12-01,,,,,,0.61853784,0.51525867,0.49639794
C,MC1_198422,MC1,198422,0,670,0,2018-01-31,2019-12-01,,,,,,0.5194866,0.50200576,0.48469484
C,MC1_198727,MC1,198727,0,67,0,2019-09-26,2019-12-01,,,,,,0.64115286,0.3948082,0.5291823
C,MC1_198787,MC1,198787,0,594,0,2018-04-17,2019-12-01,,,,,,0.6425035,0.501578,0.50247204
C,MC1_19905,MC1,19905,0,670,0,2018-01-31,2019-12-01,,,,,,0.60752296,0.51499754,0.49827558
C,MC1_199209,MC1,199209,0,670,0,2018-01-31,2019-12-01,,,,,,0.64312875,0.5177343,0.4980788
C,MC1_199428,MC1,199428,0,670,0,2018-01-31,2019-12-01,,,,,,0.61693406,0.5152068,0.49640918
C,MC1_199468,MC1,199468,0,593,0,2018-04-18,2019-12-01,,,,,,0.64402854,0.50163716,0.50248635
C,MC1_199547,MC1,199547,0,425,0,2018-10-03,2019-12-01,,,,,,0.6425869,0.5092506,0.51092464
C,MC1_199561,MC1,199561,0,670,0,2018-01-31,2019-12-01,,,,,,0.52038676,0.5028956,0.4854187
C,MC1_199651,MC1,199651,0,670,0,2018-01-31,2019-12-01,,,,,,0.5287943,0.5163031,0.5024611
C,MC1_199706,MC1,199706,0,670,0,2018-01-31,2019-12-01,,,,,,0.5290932,0.51610297,0.5018935
C,MC1_19974,MC1,19974,0,663,0,2018-02-07,2019-12-01,,,,,,0.6436763,0.5045178,0.4986128
C,MC1_199840,MC1,199840,0,670,0,2018-01-31,2019-12-01,,,,,,0.64300495,0.5172867,0.49693048
C,MC1_199924,MC1,199924,0,438,0,2018-09-20,2019-12-01,,,,,,0.6459362,0.5020117,0.5115974
C,MC1_200029,MC1,200029,0,670,0,2018-01-31,2019-12-01,,,,,,0.52143544,0.50394726,0.48646814
C,MC1_200210,MC1,200210,0,453,0,2018-09-05,2019-12-01,,,,,,0.5127887,0.50096375,0.48914215
C,MC1_20071,MC1,20071,0,206,0,2019-05-10,2019-12-01,,,,,,0.64036846,0.4819334,0.52331597
C,MC1_20123,MC1,20123,0,524,0,2018-06-26,2019-12-01,,,,,,0.644166,0.5032428,0.506011
C,MC1_20147,MC1,20147,0,507,0,2018-01-31,2019-06-21,,,,,,0.5203653,0.5071358,0.493956
C,MC1_20151,MC1,20151,0,554,0,2018-05-27,2019-12-01,,,,,,0.64484525,0.50278115,0.50483584
C,MC1_20254,MC1,20254,0,641,0,2018-03-01,2019-12-01,,,,,,0.6426094,0.5019661,0.50000596
C,MC1_20270,MC1,20270,0,513,0,2018-07-07,2019-12-01,,,,,,0.64185435,0.5024874,0.50659746
C,MC1_20287,MC1,20287,0,670,0,2018-01-31,2019-12-01,,,,,,0.5219814,0.5045093,0.4870579
C,MC1_2032,MC1,2032,0,670,0,2018-01-31,2019-12-01,,,,,,0.5207195,0.5032391,0.4857648
C,MC1_20330,MC1,20330,0,566,0,2018-05-15,2019-12-01,,,,,,0.64249295,0.5061721,0.5036219
C,MC1_20409,MC1,20409,1,449,29,2018-07-26,2019-10-17,2019-09-19,2019-10-17,0.5114688873291016,0.5100021362304688,0.5114688873291016,0.640095,0.5001174,0.51000214
C,MC1_20412,MC1,20412,0,670,0,2018-01-31,2019-12-01,,,,,,0.52856964,0.5117287,0.49500751
C,MC1_20875,MC1,20875,0,619,0,2018-03-23,2019-12-01,,,,,,0.64198375,0.51076734,0.500773
C,MC1_20881,MC1,20881,0,644,0,2018-02-26,2019-12-01,,,,,,0.6154427,0.5158104,0.49766812
C,MC1_20884,MC1,20884,0,644,0,2018-02-26,2019-12-01,,,,,,0.6153728,0.5158064,0.49766812
C,MC1_21009,MC1,21009,0,670,0,2018-01-31,2019-12-01,,,,,,0.5295392,0.35201365,0.0
C,MC1_21054,MC1,21054,0,670,0,2018-01-31,2019-12-01,,,,,,0.64102346,0.5051413,0.49819776
C,MC1_21508,MC1,21508,0,510,0,2018-07-10,2019-12-01,,,,,,0.64431417,0.50219584,0.5070134
C,MC1_21533,MC1,21533,0,415,0,2018-10-13,2019-12-01,,,,,,0.6435172,0.5006437,0.51175034
C,MC1_21553,MC1,21553,0,642,0,2018-02-28,2019-12-01,,,,,,0.6417601,0.5029843,0.5002022
C,MC1_21629,MC1,21629,0,68,0,2019-09-25,2019-12-01,,,,,,0.64143676,0.3874965,0.52918965
C,MC1_21688,MC1,21688,0,670,0,2018-01-31,2019-12-01,,,,,,0.5253449,0.5078908,0.49039817
C,MC1_21865,MC1,21865,0,304,0,2019-02-01,2019-12-01,,,,,,0.528976,0.5221378,0.51412
C,MC1_21902,MC1,21902,0,171,0,2019-06-14,2019-12-01,,,,,,0.64072853,0.47114804,0.5252946
C,MC1_22244,MC1,22244,0,670,0,2018-01-31,2019-12-01,,,,,,0.5279619,0.51084286,0.4961069
C,MC1_22276,MC1,22276,1,653,24,2018-01-31,2019-11-14,2019-10-16,2019-11-14,0.4954899847507477,0.494006872177124,0.4954899847507477,0.5279223,0.5109852,0.49400687
C,MC1_223,MC1,223,0,543,0,2018-05-08,2019-11-01,,,,,,0.52299076,0.50913304,0.49540022
C,MC1_22407,MC1,22407,0,656,0,2018-02-14,2019-12-01,,,,,,0.64168,0.4991513,0.499387
C,MC1_22415,MC1,22415,0,421,0,2018-10-07,2019-12-01,,,,,,0.64190686,0.5012659,0.5116071
C,MC1_22491,MC1,22491,0,296,0,2019-02-09,2019-12-01,,,,,,0.6411468,0.49266052,0.5180636
C,MC1_22561,MC1,22561,0,670,0,2018-01-31,2019-12-01,,,,,,0.5291179,0.51242536,0.4951479
C,MC1_22794,MC1,22794,0,670,0,2018-01-31,2019-12-01,,,,,,0.52072674,0.5051372,0.49526638
C,MC1_22853,MC1,22853,0,329,0,2018-10-16,2019-09-09,,,,,,0.5237897,0.5152127,0.50661725
C,MC1_22952,MC1,22952,0,670,0,2018-01-31,2019-12-01,,,,,,0.5269438,0.5108568,0.49367613
C,MC1_23142,MC1,23142,0,670,0,2018-01-31,2019-12-01,,,,,,0.5204249,0.50297576,0.48552278
C,MC1_23652,MC1,23652,0,670,0,2018-01-31,2019-12-01,,,,,,0.57905555,0.5139136,0.49601057
C,MC1_23704,MC1,23704,0,655,0,2018-02-01,2019-11-17,,,,,,0.52328604,0.5061935,0.48989242
C,MC1_23760,MC1,23760,0,670,0,2018-01-31,2019-12-01,,,,,,0.5279787,0.510896,0.49634925
C,MC1_23814,MC1,23814,0,670,0,2018-01-31,2019-12-01,,,,,,0.52905273,0.5123261,0.4948882
C,MC1_23879,MC1,23879,0,670,0,2018-01-31,2019-12-01,,,,,,0.64343977,0.51337504,0.49761048
C,MC1_24005,MC1,24005,0,670,0,2018-01-31,2019-12-01,,,,,,0.515405,0.49791297,0.48045006
C,MC1_24066,MC1,24066,0,447,0,2018-09-11,2019-12-01,,,,,,0.6421049,0.50022274,0.5101177
C,MC1_24156,MC1,24156,0,670,0,2018-01-31,2019-12-01,,,,,,0.524289,0.50683147,0.48936313
C,MC1_24441,MC1,24441,0,670,0,2018-01-31,2019-12-01,,,,,,0.5174844,0.49999335,0.4825236
C,MC1_24449,MC1,24449,0,670,0,2018-01-31,2019-12-01,,,,,,0.5174844,0.49999377,0.4825236
C,MC1_24464,MC1,24464,0,439,0,2018-09-19,2019-12-01,,,,,,0.6419222,0.51282436,0.50997853
C,MC1_24486,MC1,24486,0,670,0,2018-01-31,2019-12-01,,,,,,0.52803886,0.5136626,0.4984368
C,MC1_24500,MC1,24500,0,670,0,2018-01-31,2019-12-01,,,,,,0.5206301,0.5031411,0.48566097
C,MC1_24608,MC1,24608,0,670,0,2018-01-31,2019-12-01,,,,,,0.52597946,0.5089837,0.4920639
C,MC1_24622,MC1,24622,0,670,0,2018-01-31,2019-12-01,,,,,,0.5223246,0.50483954,0.4873591
C,MC1_24864,MC1,24864,0,670,0,2018-01-31,2019-12-01,,,,,,0.52327627,0.5058178,0.48834917
C,MC1_25065,MC1,25065,0,656,0,2018-02-14,2019-12-01,,,,,,0.6417304,0.49910328,0.49960524
C,MC1_25115,MC1,25115,0,670,0,2018-01-31,2019-12-01,,,,,,0.52577174,0.5085851,0.49141693
C,MC1_25298,MC1,25298,0,599,0,2018-04-12,2019-12-01,,,,,,0.6416091,0.5028699,0.50213706
C,MC1_25453,MC1,25453,0,670,0,2018-01-31,2019-12-01,,,,,,0.52879024,0.51183045,0.49438006
C,MC1_25542,MC1,25542,0,670,0,2018-01-31,2019-12-01,,,,,,0.52037424,0.5028858,0.4854091
C,MC1_25674,MC1,25674,0,670,0,2018-01-31,2019-12-01,,,,,,0.58298886,0.5140296,0.49603778
C,MC1_25788,MC1,25788,0,656,0,2018-02-14,2019-12-01,,,,,,0.52438056,0.5071976,0.49005896
C,MC1_26006,MC1,26006,0,376,0,2018-03-12,2019-03-22,,,,,,0.52669173,0.51743275,0.50764626
C,MC1_26050,MC1,26050,0,656,0,2018-01-31,2019-11-17,,,,,,0.5254818,0.5083961,0.49127045
C,MC1_2624,MC1,2624,0,360,0,2018-01-31,2019-01-25,,,,,,0.6432826,0.5143194,0.5140444
C,MC1_26408,MC1,26408,0,654,0,2018-02-16,2019-12-01,,,,,,0.6421401,0.5030298,0.49939194
C,MC1_26562,MC1,26562,0,670,0,2018-01-31,2019-12-01,,,,,,0.61817586,0.515249,0.49639836
C,MC1_26603,MC1,26603,0,439,0,2018-09-05,2019-11-17,,,,,,0.5111177,0.49984697,0.48820257
C,MC1_26675,MC1,26675,0,562,0,2018-05-19,2019-12-01,,,,,,0.5285188,0.4503458,0.5042226
C,MC1_26861,MC1,26861,0,670,0,2018-01-31,2019-12-01,,,,,,0.6432826,0.5104284,0.49781996
C,MC1_26939,MC1,26939,1,550,30,2018-01-31,2019-08-03,2019-07-05,2019-08-03,0.4961240291595459,0.4946008324623108,0.4961240291595459,0.5232574,0.5089259,0.49460083
C,MC1_27259,MC1,27259,0,433,0,2018-09-25,2019-12-01,,,,,,0.61648446,0.53690434,0.50955695
C,MC1_27270,MC1,27270,0,670,0,2018-01-31,2019-12-01,,,,,,0.5226117,0.5057407,0.48764047
C,MC1_27362,MC1,27362,0,670,0,2018-01-31,2019-12-01,,,,,,0.5275609,0.5104452,0.4937483
C,MC1_27567,MC1,27567,0,656,0,2018-02-14,2019-12-01,,,,,,0.52789956,0.51146764,0.49537975
C,MC1_28010,MC1,28010,1,626,29,2018-01-31,2019-10-18,2019-09-19,2019-10-18,0.49109500646591187,0.4895753860473633,0.49109500646591187,0.5222148,0.5059161,0.4895754
C,MC1_28134,MC1,28134,0,401,0,2018-10-13,2019-11-17,,,,,,0.6441954,0.50019956,0.51248753
C,MC1_2835,MC1,2835,0,670,0,2018-01-31,2019-12-01,,,,,,0.6424883,0.51593363,0.49746424
C,MC1_28395,MC1,28395,0,670,0,2018-01-31,2019-12-01,,,,,,0.6433609,0.5159108,0.4980094
C,MC1_28567,MC1,28567,0,555,0,2018-05-26,2019-12-01,,,,,,0.6414833,0.5016933,0.5044532
C,MC1_28602,MC1,28602,0,670,0,2018-01-31,2019-12-01,,,,,,0.6173473,0.5152234,0.4964274
C,MC1_28786,MC1,28786,0,670,0,2018-01-31,2019-12-01,,,,,,0.52089894,0.5034138,0.48593375
C,MC1_28805,MC1,28805,0,670,0,2018-01-31,2019-12-01,,,,,,0.5182817,0.50081694,0.48369867
C,MC1_28827,MC1,28827,0,438,0,2018-09-20,2019-12-01,,,,,,0.6454495,0.5013749,0.5106014
C,MC1_28894,MC1,28894,0,460,0,2018-08-29,2019-12-01,,,,,,0.64289993,0.5015218,0.5093926
C,MC1_2891,MC1,2891,0,365,0,2018-12-02,2019-12-01,,,,,,0.5184092,0.508382,0.49874228
C,MC1_29237,MC1,29237,0,656,0,2018-01-31,2019-11-17,,,,,,0.52531415,0.5089672,0.49366224
C,MC1_2925,MC1,2925,0,415,0,2018-10-13,2019-12-01,,,,,,0.6439184,0.5005511,0.51179004
C,MC1_29284,MC1,29284,0,670,0,2018-01-31,2019-12-01,,,,,,0.5282936,0.51100516,0.49356383
C,MC1_29310,MC1,29310,0,503,0,2018-07-17,2019-12-01,,,,,,0.6432826,0.5061221,0.50693524
C,MC1_29397,MC1,29397,0,670,0,2018-01-31,2019-12-01,,,,,,0.528012,0.5109426,0.49365917
C,MC1_29517,MC1,29517,0,433,0,2018-09-25,2019-12-01,,,,,,0.63750726,0.54375446,0.50953066
C,MC1_29533,MC1,29533,0,471,0,2018-08-18,2019-12-01,,,,,,0.6443909,0.5035195,0.51080376
C,MC1_29595,MC1,29595,0,670,0,2018-01-31,2019-12-01,,,,,,0.5264966,0.5095606,0.4923448
C,MC1_29704,MC1,29704,0,438,0,2018-09-20,2019-12-01,,,,,,0.645952,0.50154865,0.51058286
C,MC1_29725,MC1,29725,0,670,0,2018-01-31,2019-12-01,,,,,,0.5153375,0.4978455,0.48040318
C,MC1_29738,MC1,29738,0,670,0,2018-01-31,2019-12-01,,,,,,0.52329046,0.5058137,0.4883327
C,MC1_2977,MC1,2977,0,670,0,2018-01-31,2019-12-01,,,,,,0.58365685,0.5140509,0.4960522
C,MC1_29780,MC1,29780,1,501,28,2018-01-31,2019-06-15,2019-05-18,2019-06-15,0.5055593848228455,0.5041130185127258,0.5055593848228455,0.5307798,0.5171365,0.504113
C,MC1_29823,MC1,29823,0,273,0,2019-03-04,2019-12-01,,,,,,0.64402854,0.48928073,0.51935613
C,MC1_2990,MC1,2990,0,656,0,2018-02-14,2019-12-01,,,,,,0.64182913,0.49902135,0.4993905
C,MC1_29955,MC1,29955,0,555,0,2018-05-26,2019-12-01,,,,,,0.64143085,0.5016163,0.5044554
C,MC1_29990,MC1,29990,0,492,0,2018-07-28,2019-12-01,,,,,,0.65776885,0.5027833,0.5086587
C,MC1_30167,MC1,30167,0,670,0,2018-01-31,2019-12-01,,,,,,0.515355,0.49788126,0.48061523
C,MC1_30494,MC1,30494,0,670,0,2018-01-31,2019-12-01,,,,,,0.52355605,0.5061544,0.4890074
C,MC1_30578,MC1,30578,0,534,0,2018-06-16,2019-12-01,,,,,,0.6417741,0.50216484,0.50551987
C,MC1_30688,MC1,30688,0,415,0,2018-10-13,2019-12-01,,,,,,0.6433919,0.5011504,0.5119028
C,MC1_30860,MC1,30860,0,556,0,2018-05-25,2019-12-01,,,,,,0.64219195,0.50330484,0.5046051
C,MC1_31067,MC1,31067,0,670,0,2018-01-31,2019-12-01,,,,,,0.5291424,0.5126985,0.4952617
C,MC1_31192,MC1,31192,1,373,29,2018-07-19,2019-07-26,2019-06-27,2019-07-26,0.5151919722557068,0.5137092471122742,0.5151919722557068,0.6445342,0.5066188,0.51370925
C,MC1_31334,MC1,31334,0,670,0,2018-01-31,2019-12-01,,,,,,0.52278787,0.50530684,0.48782486
C,MC1_31576,MC1,31576,0,670,0,2018-01-31,2019-12-01,,,,,,0.60395336,0.5148072,0.4964591
C,MC1_3188,MC1,3188,0,424,0,2018-10-04,2019-12-01,,,,,,0.5810797,0.5206293,0.5088019
C,MC1_32070,MC1,32070,0,670,0,2018-01-31,2019-12-01,,,,,,0.52909255,0.51242757,0.49504763
C,MC1_32081,MC1,32081,0,670,0,2018-01-31,2019-12-01,,,,,,0.52824765,0.51335806,0.498829
C,MC1_32083,MC1,32083,0,670,0,2018-01-31,2019-12-01,,,,,,0.52222776,0.5047394,0.48725572
C,MC1_32090,MC1,32090,0,670,0,2018-01-31,2019-12-01,,,,,,0.52222776,0.5047385,0.4872539
C,MC1_32183,MC1,32183,0,670,0,2018-01-31,2019-12-01,,,,,,0.6090511,0.515085,0.49779168
C,MC1_32231,MC1,32231,0,670,0,2018-01-31,2019-12-01,,,,,,0.5219328,0.5044439,0.48695758
C,MC1_32330,MC1,32330,0,670,0,2018-01-31,2019-12-01,,,,,,0.521924,0.5044389,0.48695832
C,MC1_32442,MC1,32442,0,599,0,2018-01-31,2019-09-21,,,,,,0.52316886,0.50755626,0.4919072
C,MC1_3300,MC1,3300,0,310,0,2019-01-26,2019-12-01,,,,,,0.6467167,0.50138617,0.5178591
C,MC1_33062,MC1,33062,0,670,0,2018-01-31,2019-12-01,,,,,,0.5287769,0.51194286,0.49491516
C,MC1_33112,MC1,33112,0,670,0,2018-01-31,2019-12-01,,,,,,0.5203675,0.5028747,0.48539427
C,MC1_33114,MC1,33114,0,670,0,2018-01-31,2019-12-01,,,,,,0.5203675,0.50287473,0.48539427
C,MC1_33250,MC1,33250,0,321,0,2019-01-15,2019-12-01,,,,,,0.6431374,0.49590194,0.5166988
C,MC1_33306,MC1,33306,0,670,0,2018-01-31,2019-12-01,,,,,,0.5209332,0.50345075,0.48597664
C,MC1_3341,MC1,3341,0,536,0,2018-01-31,2019-07-20,,,,,,0.52229935,0.5083553,0.49456203
C,MC1_33502,MC1,33502,0,670,0,2018-01-31,2019-12-01,,,,,,0.5240719,0.50669,0.4892572
C,MC1_33649,MC1,33649,0,670,0,2018-01-31,2019-12-01,,,,,,0.5247321,0.50731397,0.48990533
C,MC1_33766,MC1,33766,0,510,0,2018-07-10,2019-12-01,,,,,,0.643681,0.5011543,0.5068329
C,MC1_33821,MC1,33821,0,309,0,2019-01-26,2019-11-30,,,,,,0.6465609,0.5031164,0.5175938
C,MC1_33927,MC1,33927,0,670,0,2018-01-31,2019-12-01,,,,,,0.52254117,0.50505257,0.48756844
C,MC1_33960,MC1,33960,0,660,0,2018-02-10,2019-12-01,,,,,,0.64414215,0.502457,0.49925628
C,MC1_34115,MC1,34115,0,670,0,2018-01-31,2019-12-01,,,,,,0.5153476,0.49797836,0.48092857
C,MC1_34298,MC1,34298,0,402,0,2018-01-31,2019-03-08,,,,,,0.5274031,0.5182564,0.5113579
C,MC1_34393,MC1,34393,0,589,0,2018-01-31,2019-09-11,,,,,,0.5282292,0.5152772,0.50335515
C,MC1_34484,MC1,34484,0,376,0,2018-11-07,2019-11-17,,,,,,0.6408457,0.4964572,0.5138779
C,MC1_34611,MC1,34611,0,38,0,2019-10-25,2019-12-01,,,,,,0.6427254,0.24843179,0.63281304
C,MC1_35048,MC1,35048,0,562,0,2018-05-19,2019-12-01,,,,,,0.5928545,0.5179071,0.50293493
C,MC1_3510,MC1,3510,0,670,0,2018-01-31,2019-12-01,,,,,,0.6354002,0.51598686,0.49659076
C,MC1_35196,MC1,35196,0,670,0,2018-01-31,2019-12-01,,,,,,0.6081102,0.51505417,0.49913308
C,MC1_35403,MC1,35403,0,656,0,2018-01-31,2019-11-17,,,,,,0.52642065,0.50934273,0.49223617
C,MC1_35487,MC1,35487,0,80,0,2018-01-31,2018-04-20,,,,,,0.64308596,0.5173725,0.52831334
C,MC1_35590,MC1,35590,0,670,0,2018-01-31,2019-12-01,,,,,,0.52655065,0.5104036,0.49518147
C,MC1_35629,MC1,35629,0,670,0,2018-01-31,2019-12-01,,,,,,0.5259273,0.50852567,0.49111852
C,MC1_35648,MC1,35648,0,13,0,2019-11-19,2019-12-01,,,,,,1.5263187e-16,1.1777467e-17,1.5263187e-16
C,MC1_3566,MC1,3566,0,670,0,2018-01-31,2019-12-01,,,,,,0.5285659,0.5114375,0.49397486
C,MC1_35679,MC1,35679,0,415,0,2018-10-13,2019-12-01,,,,,,0.6440664,0.50072354,0.51193386
C,MC1_35682,MC1,35682,0,415,0,2018-10-13,2019-12-01,,,,,,0.6440664,0.50072354,0.5119326
C,MC1_36019,MC1,36019,0,425,0,2018-10-03,2019-12-01,,,,,,0.64556396,0.5057503,0.5110248
C,MC1_36256,MC1,36256,0,670,0,2018-01-31,2019-12-01,,,,,,0.51804256,0.50055146,0.48308006
C,MC1_36288,MC1,36288,0,670,0,2018-01-31,2019-12-01,,,,,,0.6430246,0.51723486,0.49733976
C,MC1_36332,MC1,36332,0,555,0,2018-05-26,2019-12-01,,,,,,0.6428093,0.50184566,0.5044541
C,MC1_3637,MC1,3637,0,558,0,2018-05-23,2019-12-01,,,,,,0.64180785,0.50160086,0.50430304
C,MC1_36392,MC1,36392,0,670,0,2018-01-31,2019-12-01,,,,,,0.5287888,0.5118297,0.49437037
C,MC1_36474,MC1,36474,0,670,0,2018-01-31,2019-12-01,,,,,,0.5330842,0.51276845,0.49530053
C,MC1_36562,MC1,36562,0,670,0,2018-01-31,2019-12-01,,,,,,0.6422785,0.5174098,0.4972858
C,MC1_36576,MC1,36576,0,504,0,2018-07-16,2019-12-01,,,,,,0.6439432,0.5045261,0.50696725
C,MC1_36833,MC1,36833,0,670,0,2018-01-31,2019-12-01,,,,,,0.51744264,0.50000495,0.4826202
C,MC1_36912,MC1,36912,0,670,0,2018-01-31,2019-12-01,,,,,,0.64162403,0.51732296,0.4972875
C,MC1_36924,MC1,36924,0,453,0,2018-09-05,2019-12-01,,,,,,0.5155113,0.50457156,0.49388134
C,MC1_36943,MC1,36943,0,670,0,2018-01-31,2019-12-01,,,,,,0.5154052,0.49791214,0.48044977
C,MC1_36996,MC1,36996,0,670,0,2018-01-31,2019-12-01,,,,,,0.6427954,0.5120138,0.49810284
C,MC1_37117,MC1,37117,0,142,0,2019-07-13,2019-12-01,,,,,,0.6412205,0.46240467,0.5260587
C,MC1_3717,MC1,3717,0,670,0,2018-01-31,2019-12-01,,,,,,0.6431578,0.51767105,0.49729642
C,MC1_37217,MC1,37217,0,669,0,2018-02-01,2019-12-01,,,,,,0.5174886,0.49999547,0.48252764
C,MC1_37272,MC1,37272,0,670,0,2018-01-31,2019-12-01,,,,,,0.6142158,0.51510566,0.49661905
C,MC1_37432,MC1,37432,0,598,0,2018-04-13,2019-12-01,,,,,,0.6414394,0.5016307,0.5022102
C,MC1_37443,MC1,37443,0,598,0,2018-04-13,2019-12-01,,,,,,0.6414394,0.5016289,0.5022102
C,MC1_37552,MC1,37552,0,352,0,2018-12-15,2019-12-01,,,,,,0.6457441,0.49982288,0.51562935
C,MC1_37567,MC1,37567,0,509,0,2018-07-11,2019-12-01,,,,,,0.64198315,0.5018484,0.50684327
C,MC1_37617,MC1,37617,0,670,0,2018-01-31,2019-12-01,,,,,,0.5257523,0.5082936,0.49080205
C,MC1_37626,MC1,37626,0,670,0,2018-01-31,2019-12-01,,,,,,0.56845593,0.5137339,0.49625635
C,MC1_37686,MC1,37686,0,670,0,2018-01-31,2019-12-01,,,,,,0.5202109,0.5027219,0.48524573
C,MC1_37757,MC1,37757,0,670,0,2018-01-31,2019-12-01,,,,,,0.5285149,0.51157767,0.4940144
C,MC1_3776,MC1,3776,0,670,0,2018-01-31,2019-12-01,,,,,,0.6351367,0.5159689,0.4965883
C,MC1_37792,MC1,37792,0,670,0,2018-01-31,2019-12-01,,,,,,0.61837566,0.51541126,0.49684203
C,MC1_37817,MC1,37817,0,296,0,2019-02-09,2019-12-01,,,,,,0.64269006,0.4948546,0.517988
C,MC1_37818,MC1,37818,0,296,0,2019-02-09,2019-12-01,,,,,,0.64269006,0.4948546,0.517988
C,MC1_37844,MC1,37844,0,453,0,2018-09-05,2019-12-01,,,,,,0.5128461,0.5011004,0.48919374
C,MC1_3793,MC1,3793,0,478,0,2018-04-27,2019-08-17,,,,,,0.64186245,0.50758946,0.51807344
C,MC1_37951,MC1,37951,0,670,0,2018-01-31,2019-12-01,,,,,,0.52072173,0.5032369,0.48575878
C,MC1_38078,MC1,38078,0,670,0,2018-01-31,2019-12-01,,,,,,0.52367234,0.50620127,0.48872164
C,MC1_38154,MC1,38154,0,670,0,2018-01-31,2019-12-01,,,,,,0.5268014,0.5096253,0.4919753
C,MC1_38413,MC1,38413,0,554,0,2018-05-27,2019-12-01,,,,,,0.641507,0.51737684,0.50361484
C,MC1_38424,MC1,38424,0,524,0,2018-06-26,2019-12-01,,,,,,0.6440136,0.50330055,0.50617296
C,MC1_38459,MC1,38459,0,670,0,2018-01-31,2019-12-01,,,,,,0.5248247,0.50757957,0.49314678
C,MC1_38613,MC1,38613,0,670,0,2018-01-31,2019-12-01,,,,,,0.5252154,0.5077484,0.49025878
C,MC1_38672,MC1,38672,0,453,0,2018-09-05,2019-12-01,,,,,,0.5121019,0.500715,0.4923248
C,MC1_38754,MC1,38754,0,670,0,2018-01-31,2019-12-01,,,,,,0.528714,0.51520854,0.50109774
C,MC1_3879,MC1,3879,0,670,0,2018-01-31,2019-12-01,,,,,,0.6378141,0.5168098,0.4971208
C,MC1_38856,MC1,38856,0,543,0,2018-05-24,2019-11-17,,,,,,0.6418123,0.50240123,0.505041
C,MC1_38882,MC1,38882,0,670,0,2018-01-31,2019-12-01,,,,,,0.52846813,0.5113399,0.49381644
C,MC1_39085,MC1,39085,0,670,0,2018-01-31,2019-12-01,,,,,,0.5288012,0.5121268,0.49519634
C,MC1_39090,MC1,39090,0,452,0,2018-09-06,2019-12-01,,,,,,0.6427267,0.5000297,0.50986975
C,MC1_39109,MC1,39109,0,632,0,2018-03-10,2019-12-01,,,,,,0.5235702,0.5070435,0.49053463
C,MC1_3914,MC1,3914,0,422,0,2018-10-06,2019-12-01,,,,,,0.6453325,0.50020164,0.5114302
C,MC1_39159,MC1,39159,0,670,0,2018-01-31,2019-12-01,,,,,,0.5273873,0.50993776,0.4924401
C,MC1_39299,MC1,39299,0,670,0,2018-01-31,2019-12-01,,,,,,0.5207352,0.504047,0.48698327
C,MC1_39349,MC1,39349,1,632,28,2018-01-31,2019-10-24,2019-09-26,2019-10-24,0.5012415051460266,0.4998658001422882,0.5012415051460266,0.6435332,0.51319385,0.4998658
C,MC1_39381,MC1,39381,0,670,0,2018-01-31,2019-12-01,,,,,,0.5245796,0.5071194,0.4896614
C,MC1_39514,MC1,39514,0,670,0,2018-01-31,2019-12-01,,,,,,0.518791,0.50130695,0.4838454
C,MC1_39659,MC1,39659,0,670,0,2018-01-31,2019-12-01,,,,,,0.528193,0.51083726,0.4933425
C,MC1_39662,MC1,39662,0,446,0,2018-08-29,2019-11-17,,,,,,0.6429359,0.5013102,0.5101245
C,MC1_39712,MC1,39712,0,454,0,2018-09-04,2019-12-01,,,,,,0.6414636,0.5077242,0.50940907
C,MC1_39771,MC1,39771,0,619,0,2018-03-23,2019-12-01,,,,,,0.6420549,0.5107086,0.50052583
C,MC1_39823,MC1,39823,0,670,0,2018-01-31,2019-12-01,,,,,,0.5260418,0.5085873,0.49109703
C,MC1_39898,MC1,39898,1,93,28,2018-01-31,2018-05-03,2018-04-04,2018-05-03,0.5203106999397278,0.5187967419624329,0.5203106999397278,0.523552,0.52108246,0.51879674
C,MC1_40011,MC1,40011,0,670,0,2018-01-31,2019-12-01,,,,,,0.5202053,0.50271595,0.4852404
C,MC1_40387,MC1,40387,0,670,0,2018-01-31,2019-12-01,,,,,,0.64295566,0.5177362,0.49765134
C,MC1_40475,MC1,40475,0,670,0,2018-01-31,2019-12-01,,,,,,0.64245224,0.5067634,0.49806878
C,MC1_407,MC1,407,0,670,0,2018-01-31,2019-12-01,,,,,,0.5203616,0.5043172,0.4906343
C,MC1_40748,MC1,40748,0,660,0,2018-02-10,2019-12-01,,,,,,0.6430067,0.50218874,0.49894175
C,MC1_40819,MC1,40819,0,670,0,2018-01-31,2019-12-01,,,,,,0.58426875,0.51407003,0.49609005
C,MC1_41055,MC1,41055,0,83,0,2019-09-10,2019-12-01,,,,,,0.64430046,0.41642013,0.5286796
C,MC1_41083,MC1,41083,0,670,0,2018-01-31,2019-12-01,,,,,,0.6428669,0.5160249,0.4974619
C,MC1_41145,MC1,41145,1,597,29,2018-01-31,2019-09-19,2019-08-22,2019-09-19,0.491088330745697,0.4896261394023895,0.491088330745697,0.52072674,0.5051567,0.48962614
C,MC1_41274,MC1,41274,0,670,0,2018-01-31,2019-12-01,,,,,,0.5219807,0.5068183,0.49232388
C,MC1_41434,MC1,41434,0,670,0,2018-01-31,2019-12-01,,,,,,0.51744235,0.49997985,0.4827488
C,MC1_41704,MC1,41704,0,670,0,2018-01-31,2019-12-01,,,,,,0.51535916,0.49789265,0.48040113
C,MC1_41723,MC1,41723,0,669,0,2018-02-01,2019-12-01,,,,,,0.528289,0.5109569,0.49348003
C,MC1_42036,MC1,42036,0,670,0,2018-01-31,2019-12-01,,,,,,0.64300495,0.5172204,0.4973827
C,MC1_42093,MC1,42093,0,501,0,2018-07-19,2019-12-01,,,,,,0.64606726,0.50796187,0.5069608
C,MC1_42416,MC1,42416,0,369,0,2018-11-14,2019-11-17,,,,,,0.64227045,0.49601597,0.5142145
C,MC1_42619,MC1,42619,0,559,0,2018-05-22,2019-12-01,,,,,,0.6577761,0.49921933,0.5045001
C,MC1_42812,MC1,42812,0,352,0,2018-12-15,2019-12-01,,,,,,0.64578813,0.50105435,0.5154229
C,MC1_42880,MC1,42880,0,670,0,2018-01-31,2019-12-01,,,,,,0.525167,0.50817925,0.49521258
C,MC1_42907,MC1,42907,0,656,0,2018-01-31,2019-11-17,,,,,,0.51875615,0.501637,0.48454422
C,MC1_42972,MC1,42972,0,47,0,2019-10-16,2019-12-01,,,,,,0.63924503,0.30225292,0.59236497
C,MC1_431,MC1,431,0,657,0,2018-02-13,2019-12-01,,,,,,0.64414847,0.49952725,0.499309
C,MC1_4356,MC1,4356,1,609,30,2018-01-31,2019-10-01,2019-09-02,2019-10-01,0.4975900650024414,0.4960688650608063,0.4975900650024414,0.527654,0.5118324,0.49606887
C,MC1_43585,MC1,43585,0,670,0,2018-01-31,2019-12-01,,,,,,0.6438764,0.5125888,0.4980299
C,MC1_43640,MC1,43640,0,453,0,2018-09-05,2019-12-01,,,,,,0.51629406,0.50457716,0.4926469
C,MC1_4373,MC1,4373,0,670,0,2018-01-31,2019-12-01,,,,,,0.5219843,0.5045118,0.48707917
C,MC1_43734,MC1,43734,0,670,0,2018-01-31,2019-12-01,,,,,,0.52067786,0.50319076,0.48571017
C,MC1_43761,MC1,43761,0,415,0,2018-10-13,2019-12-01,,,,,,0.6433165,0.50062096,0.51177514
C,MC1_43865,MC1,43865,0,510,0,2018-07-10,2019-12-01,,,,,,0.6437926,0.5012805,0.50682765
C,MC1_44028,MC1,44028,0,589,0,2018-01-31,2019-09-11,,,,,,0.52197856,0.5084389,0.49506488
C,MC1_44075,MC1,44075,1,597,30,2018-01-31,2019-09-19,2019-08-21,2019-09-19,0.4999234676361084,0.4984027147293091,0.4999234676361084,0.5287824,0.5137852,0.4984027
C,MC1_4414,MC1,4414,0,373,0,2018-09-05,2019-09-12,,,,,,0.5111571,0.5014979,0.4916875
C,MC1_44347,MC1,44347,0,670,0,2018-01-31,2019-12-01,,,,,,0.63861734,0.51601934,0.49659443
C,MC1_4442,MC1,4442,0,592,0,2018-04-19,2019-12-01,,,,,,0.6443131,0.49749607,0.5032964
C,MC1_44477,MC1,44477,0,600,0,2018-04-11,2019-12-01,,,,,,0.6430653,0.5027901,0.5020368
C,MC1_44532,MC1,44532,0,670,0,2018-01-31,2019-12-01,,,,,,0.5231434,0.5056566,0.4881725
C,MC1_44545,MC1,44545,0,670,0,2018-01-31,2019-12-01,,,,,,0.51849973,0.50101066,0.4835376
C,MC1_44554,MC1,44554,0,500,0,2018-07-20,2019-12-01,,,,,,0.6428942,0.5095684,0.5069119
C,MC1_44636,MC1,44636,0,670,0,2018-01-31,2019-12-01,,,,,,0.52879304,0.5162985,0.50244755
C,MC1_44640,MC1,44640,0,670,0,2018-01-31,2019-12-01,,,,,,0.52274865,0.5054449,0.4880953
C,MC1_44662,MC1,44662,0,656,0,2018-01-31,2019-11-17,,,,,,0.5270834,0.5103409,0.49322987
C,MC1_44755,MC1,44755,0,86,0,2019-09-07,2019-12-01,,,,,,0.6392054,0.41438124,0.52868164
C,MC1_4500,MC1,4500,0,670,0,2018-01-31,2019-12-01,,,,,,0.52066916,0.5032882,0.48616844
C,MC1_45052,MC1,45052,0,173,0,2019-06-12,2019-12-01,,,,,,0.6408723,0.54001176,0.5231755
C,MC1_45121,MC1,45121,0,656,0,2018-01-31,2019-11-17,,,,,,0.5227936,0.5056801,0.48856884
C,MC1_45151,MC1,45151,1,498,29,2018-01-31,2019-06-12,2019-05-15,2019-06-12,0.498031347990036,0.4965647757053375,0.498031347990036,0.522409,0.5094488,0.49656478
C,MC1_452,MC1,452,0,597,0,2018-04-14,2019-12-01,,,,,,0.6487347,0.13285832,0.5247993
C,MC1_4531,MC1,4531,0,594,0,2018-04-17,2019-12-01,,,,,,0.64279425,0.50209236,0.5027022
C,MC1_45332,MC1,45332,0,592,0,2018-04-19,2019-12-01,,,,,,0.66576064,0.50494736,0.5035213
C,MC1_45435,MC1,45435,0,421,0,2018-10-07,2019-12-01,,,,,,0.6453371,0.5005551,0.5117973
C,MC1_45447,MC1,45447,0,646,0,2018-02-10,2019-11-17,,,,,,0.6429415,0.50273836,0.5000457
C,MC1_45570,MC1,45570,0,670,0,2018-01-31,2019-12-01,,,,,,0.5290813,0.51243407,0.49512297
C,MC1_45590,MC1,45590,0,524,0,2018-06-26,2019-12-01,,,,,,0.64420193,0.50338537,0.5060507
C,MC1_45885,MC1,45885,0,670,0,2018-01-31,2019-12-01,,,,,,0.52839303,0.5111624,0.49365708
C,MC1_4593,MC1,4593,0,503,0,2018-07-17,2019-12-01,,,,,,0.6431769,0.50459814,0.5070277
C,MC1_45930,MC1,45930,0,451,0,2018-09-07,2019-12-01,,,,,,0.6434095,0.5021149,0.5098307
C,MC1_46013,MC1,46013,0,670,0,2018-01-31,2019-12-01,,,,,,0.5206285,0.5031451,0.48567435
C,MC1_46050,MC1,46050,0,501,0,2018-07-19,2019-12-01,,,,,,0.643832,0.5081875,0.5069774
C,MC1_4624,MC1,4624,0,558,0,2018-05-23,2019-12-01,,,,,,0.6414905,0.50163907,0.5042986
C,MC1_46320,MC1,46320,0,310,0,2019-01-26,2019-12-01,,,,,,0.6468411,0.50075436,0.517124
C,MC1_46618,MC1,46618,0,565,0,2018-05-16,2019-12-01,,,,,,0.6426407,0.50574106,0.50370306
C,MC1_46750,MC1,46750,0,634,0,2018-02-01,2019-10-27,,,,,,0.5233182,0.5067715,0.49031287
C,MC1_46776,MC1,46776,0,670,0,2018-01-31,2019-12-01,,,,,,0.5261858,0.5087609,0.4913322
C,MC1_46806,MC1,46806,0,670,0,2018-01-31,2019-12-01,,,,,,0.53003347,0.51274186,0.4954063
C,MC1_46899,MC1,46899,0,670,0,2018-01-31,2019-12-01,,,,,,0.5280815,0.5119751,0.4956939
C,MC1_47080,MC1,47080,0,513,0,2018-07-07,2019-12-01,,,,,,0.6425624,0.50404286,0.50652117
C,MC1_47118,MC1,47118,1,186,26,2018-05-16,2018-11-17,2018-10-19,2018-11-17,0.5250648856163025,0.5235809087753296,0.5250648856163025,0.642368,0.4883972,0.5235809
C,MC1_47131,MC1,47131,0,597,0,2018-04-14,2019-12-01,,,,,,0.6472176,0.5055522,0.50221354
C,MC1_47217,MC1,47217,0,447,0,2018-09-11,2019-12-01,,,,,,0.64559555,0.4999791,0.510153
C,MC1_47321,MC1,47321,0,670,0,2018-01-31,2019-12-01,,,,,,0.61774856,0.51538056,0.49683312
C,MC1_47403,MC1,47403,0,670,0,2018-01-31,2019-12-01,,,,,,0.64279425,0.51727647,0.49694833
C,MC1_47519,MC1,47519,0,670,0,2018-01-31,2019-12-01,,,,,,0.5232639,0.50582993,0.48848167
C,MC1_47705,MC1,47705,0,331,0,2018-04-14,2019-03-10,,,,,,0.6427917,0.4969196,0.51614374
C,MC1_47914,MC1,47914,0,670,0,2018-01-31,2019-12-01,,,,,,0.52682793,0.5093652,0.49186915
C,MC1_47961,MC1,47961,0,670,0,2018-01-31,2019-12-01,,,,,,0.52840203,0.5117811,0.49655685
C,MC1_48028,MC1,48028,0,206,0,2019-05-10,2019-12-01,,,,,,0.5077332,0.5023904,0.49708515
C,MC1_4807,MC1,4807,0,499,0,2018-07-21,2019-12-01,,,,,,0.64126277,0.50462717,0.5072627
C,MC1_48376,MC1,48376,0,600,0,2018-04-11,2019-12-01,,,,,,0.64319694,0.5029684,0.50204915
C,MC1_48460,MC1,48460,1,481,30,2018-01-31,2019-05-26,2019-04-27,2019-05-26,0.500011682510376,0.4984827935695648,0.500011682510376,0.5235425,0.5110224,0.4984828
C,MC1_48846,MC1,48846,0,670,0,2018-01-31,2019-12-01,,,,,,0.52036095,0.5028685,0.48538938
C,MC1_48924,MC1,48924,0,670,0,2018-01-31,2019-12-01,,,,,,0.5280515,0.51078,0.49328485
C,MC1_49247,MC1,49247,0,670,0,2018-01-31,2019-12-01,,,,,,0.5154007,0.49790826,0.48044512
C,MC1_49359,MC1,49359,0,670,0,2018-01-31,2019-12-01,,,,,,0.5280966,0.5107208,0.49324796
C,MC1_49445,MC1,49445,0,670,0,2018-01-31,2019-12-01,,,,,,0.52148086,0.5039953,0.48651296
C,MC1_49560,MC1,49560,0,451,0,2018-09-07,2019-12-01,,,,,,0.6421643,0.5015396,0.5104525
C,MC1_49824,MC1,49824,0,513,0,2018-07-07,2019-12-01,,,,,,0.64156663,0.5024706,0.50659436
C,MC1_49840,MC1,49840,0,670,0,2018-01-31,2019-12-01,,,,,,0.5285618,0.51157707,0.49688303
C,MC1_50067,MC1,50067,0,482,0,2018-08-07,2019-12-01,,,,,,0.64503354,0.5026436,0.50828207
C,MC1_50153,MC1,50153,0,653,0,2018-02-17,2019-12-01,,,,,,0.6441994,0.5124005,0.5167551
C,MC1_50184,MC1,50184,0,594,0,2018-04-17,2019-12-01,,,,,,0.6434472,0.5016124,0.50250036
C,MC1_50204,MC1,50204,0,657,0,2018-02-13,2019-12-01,,,,,,0.52906346,0.4608361,0.49917167
C,MC1_50382,MC1,50382,0,411,0,2018-10-17,2019-12-01,,,,,,0.64524525,0.50046533,0.5119587
C,MC1_50481,MC1,50481,0,670,0,2018-01-31,2019-12-01,,,,,,0.52790993,0.51048464,0.49300992
C,MC1_50547,MC1,50547,0,605,0,2018-04-06,2019-12-01,,,,,,0.6416439,0.5018112,0.50183
C,MC1_50698,MC1,50698,0,310,0,2019-01-26,2019-12-01,,,,,,0.64596444,0.50076437,0.51711684
C,MC1_50774,MC1,50774,0,599,0,2018-04-12,2019-12-01,,,,,,0.6432117,0.5034898,0.5021173
C,MC1_50881,MC1,50881,0,670,0,2018-01-31,2019-12-01,,,,,,0.5221856,0.50470674,0.48725635
C,MC1_51044,MC1,51044,0,670,0,2018-01-31,2019-12-01,,,,,,0.52681625,0.5093535,0.49186096
C,MC1_51262,MC1,51262,0,670,0,2018-01-31,2019-12-01,,,,,,0.525115,0.5076616,0.49018165
C,MC1_51275,MC1,51275,0,670,0,2018-01-31,2019-12-01,,,,,,0.6173473,0.51521367,0.4963873
C,MC1_5154,MC1,5154,0,670,0,2018-01-31,2019-12-01,,,,,,0.52548873,0.50802,0.49053112
C,MC1_51764,MC1,51764,0,670,0,2018-01-31,2019-12-01,,,,,,0.52605224,0.5085918,0.49109674
C,MC1_51839,MC1,51839,0,656,0,2018-01-31,2019-11-17,,,,,,0.64325017,0.5092629,0.4989915
C,MC1_51880,MC1,51880,0,452,0,2018-09-06,2019-12-01,,,,,,0.6426579,0.50014514,0.5104558
C,MC1_52183,MC1,52183,0,670,0,2018-01-31,2019-12-01,,,,,,0.52037364,0.5029193,0.48616675
C,MC1_52253,MC1,52253,1,362,28,2018-01-31,2019-01-27,2018-12-30,2019-01-27,0.5105883479118347,0.5091241002082825,0.5105883479118347,0.527913,0.5185503,0.5091241
C,MC1_52381,MC1,52381,0,670,0,2018-01-31,2019-12-01,,,,,,0.52039856,0.50293654,0.48565313
C,MC1_52637,MC1,52637,0,670,0,2018-01-31,2019-12-01,,,,,,0.52198213,0.5045057,0.48704717
C,MC1_52697,MC1,52697,0,597,0,2018-04-14,2019-12-01,,,,,,0.65027064,0.5042748,0.5021867
C,MC1_52757,MC1,52757,0,670,0,2018-01-31,2019-12-01,,,,,,0.5829879,0.51404595,0.49600682
C,MC1_52760,MC1,52760,0,670,0,2018-01-31,2019-12-01,,,,,,0.52094513,0.5040728,0.48598063
C,MC1_52895,MC1,52895,0,670,0,2018-01-31,2019-12-01,,,,,,0.5206277,0.50321674,0.48588607
C,MC1_53012,MC1,53012,0,670,0,2018-01-31,2019-12-01,,,,,,0.52878517,0.5118897,0.49442855
C,MC1_53032,MC1,53032,0,415,0,2018-10-13,2019-12-01,,,,,,0.6435333,0.5015356,0.5117797
C,MC1_53585,MC1,53585,0,670,0,2018-01-31,2019-12-01,,,,,,0.51744044,0.49994296,0.4824754
C,MC1_53710,MC1,53710,0,656,0,2018-01-31,2019-11-17,,,,,,0.6440351,0.513783,0.4984055
C,MC1_53755,MC1,53755,0,670,0,2018-01-31,2019-12-01,,,,,,0.5203693,0.5028913,0.48545533
C,MC1_5386,MC1,5386,0,524,0,2018-06-26,2019-12-01,,,,,,0.64375395,0.5041449,0.5059991
C,MC1_53872,MC1,53872,0,570,0,2018-05-11,2019-12-01,,,,,,0.64789295,0.5174664,0.50304085
C,MC1_5396,MC1,5396,1,487,30,2018-01-31,2019-06-01,2019-05-03,2019-06-01,0.5048081874847412,0.5032893419265747,0.5048081874847412,0.52796197,0.515681,0.50328934
C,MC1_54097,MC1,54097,0,611,0,2018-01-31,2019-10-03,,,,,,0.52617204,0.51026356,0.49429563
C,MC1_54274,MC1,54274,0,670,0,2018-01-31,2019-12-01,,,,,,0.5214865,0.50400174,0.48651943
C,MC1_54311,MC1,54311,0,453,0,2018-09-05,2019-12-01,,,,,,0.5139999,0.5023233,0.49035975
C,MC1_54429,MC1,54429,0,670,0,2018-01-31,2019-12-01,,,,,,0.64334905,0.51599985,0.49762288
C,MC1_54575,MC1,54575,0,670,0,2018-01-31,2019-12-01,,,,,,0.64245224,0.5067642,0.49807173
C,MC1_54771,MC1,54771,0,670,0,2018-01-31,2019-12-01,,,,,,0.52910584,0.5123913,0.49492252
C,MC1_55120,MC1,55120,1,489,15,2018-01-31,2019-06-03,2019-05-06,2019-06-03,0.4999157190322876,0.4984152615070343,0.4999157190322876,0.5238429,0.5111389,0.49841526
C,MC1_55253,MC1,55253,0,554,0,2018-05-27,2019-12-01,,,,,,0.6421252,0.5045224,0.50445527
C,MC1_55451,MC1,55451,0,597,0,2018-04-14,2019-12-01,,,,,,0.6469695,0.50687236,0.50344366
C,MC1_5551,MC1,5551,0,60,0,2019-10-03,2019-12-01,,,,,,0.63985205,0.3693975,0.54042125
C,MC1_55617,MC1,55617,0,670,0,2018-01-31,2019-12-01,,,,,,0.5184973,0.5010234,0.48361045
C,MC1_56022,MC1,56022,0,670,0,2018-01-31,2019-12-01,,,,,,0.0,0.0,0.0
C,MC1_56093,MC1,56093,1,620,29,2018-01-31,2019-10-12,2019-09-13,2019-10-12,0.48550063371658325,0.4839835464954376,0.48550063371658325,0.5153476,0.49933058,0.48398355
C,MC1_565,MC1,565,0,670,0,2018-01-31,2019-12-01,,,,,,0.5153476,0.49785206,0.48039812
C,MC1_56521,MC1,56521,0,670,0,2018-01-31,2019-12-01,,,,,,0.5255576,0.51071155,0.49462694
C,MC1_56924,MC1,56924,0,380,0,2018-11-17,2019-12-01,,,,,,0.64271146,0.49571308,0.5136978
C,MC1_57025,MC1,57025,0,670,0,2018-01-31,2019-12-01,,,,,,0.6342887,0.5159842,0.49683088
C,MC1_57068,MC1,57068,0,565,0,2018-05-16,2019-12-01,,,,,,0.64342046,0.5060981,0.5037035
C,MC1_57174,MC1,57174,0,361,0,2018-12-06,2019-12-01,,,,,,0.6407257,0.49663085,0.51464164
C,MC1_57377,MC1,57377,0,656,0,2018-01-31,2019-11-17,,,,,,0.5251249,0.50900257,0.49190977
C,MC1_57424,MC1,57424,0,670,0,2018-01-31,2019-12-01,,,,,,0.52842474,0.5115243,0.49403515
C,MC1_57434,MC1,57434,0,377,0,2018-11-20,2019-12-01,,,,,,0.64536214,0.50529283,0.51345086
C,MC1_57600,MC1,57600,0,670,0,2018-01-31,2019-12-01,,,,,,0.5187168,0.5012628,0.4837934
C,MC1_57878,MC1,57878,0,670,0,2018-01-31,2019-12-01,,,,,,0.5180298,0.50053966,0.4830694
C,MC1_57953,MC1,57953,0,670,0,2018-01-31,2019-12-01,,,,,,0.5800085,0.5139271,0.49595755
C,MC1_58013,MC1,58013,1,414,25,2018-10-07,2019-11-24,2019-10-26,2019-11-24,0.51398104429245,0.5126322507858276,0.51398104429245,0.64448774,0.50055176,0.51263225
C,MC1_58321,MC1,58321,0,36,0,2019-08-23,2019-09-27,,,,,,0.64127904,0.2290838,0.6372512
C,MC1_58323,MC1,58323,0,605,0,2018-01-31,2019-09-27,,,,,,0.52497566,0.50933254,0.4941327
C,MC1_59010,MC1,59010,0,231,0,2018-01-31,2018-09-18,,,,,,0.5238351,0.5222637,0.52279913
C,MC1_59127,MC1,59127,0,659,0,2018-02-11,2019-12-01,,,,,,0.6400495,0.5030752,0.49892622
C,MC1_59201,MC1,59201,0,13,0,2019-11-19,2019-12-01,,,,,,3.099806e-16,2.3932416e-17,3.099806e-16
C,MC1_59393,MC1,59393,0,510,0,2018-07-10,2019-12-01,,,,,,0.6435273,0.50430185,0.5066638
C,MC1_59576,MC1,59576,0,558,0,2018-05-23,2019-12-01,,,,,,0.64186496,0.50163746,0.5043059
C,MC1_59636,MC1,59636,0,430,0,2018-09-28,2019-12-01,,,,,,0.6446966,0.5007037,0.5110284
C,MC1_59665,MC1,59665,0,670,0,2018-01-31,2019-12-01,,,,,,0.52758867,0.5101385,0.49264452
C,MC1_59670,MC1,59670,0,670,0,2018-01-31,2019-12-01,,,,,,0.52758867,0.51013875,0.49264574
C,MC1_5968,MC1,5968,0,670,0,2018-01-31,2019-12-01,,,,,,0.61697227,0.51520276,0.4963853
C,MC1_59846,MC1,59846,0,670,0,2018-01-31,2019-12-01,,,,,,0.52039784,0.5029093,0.48542944
C,MC1_59963,MC1,59963,0,670,0,2018-01-31,2019-12-01,,,,,,0.5225723,0.5051235,0.48762757
C,MC1_60156,MC1,60156,0,670,0,2018-01-31,2019-12-01,,,,,,0.5233518,0.50586766,0.48839137
C,MC1_60264,MC1,60264,0,670,0,2018-01-31,2019-12-01,,,,,,0.63532597,0.5159755,0.49658585
C,MC1_60319,MC1,60319,0,425,0,2018-10-03,2019-12-01,,,,,,0.6453985,0.50577486,0.511236
C,MC1_60533,MC1,60533,0,670,0,2018-01-31,2019-12-01,,,,,,0.51833177,0.50093067,0.48364317
C,MC1_60549,MC1,60549,0,12,0,2019-11-20,2019-12-01,,,,,,8.1263645e-19,6.785331e-20,8.1263645e-19
C,MC1_60595,MC1,60595,0,670,0,2018-01-31,2019-12-01,,,,,,0.638275,0.5167858,0.4976041
C,MC1_60693,MC1,60693,1,532,29,2018-01-31,2019-07-16,2019-06-18,2019-07-16,0.5038464665412903,0.50238037109375,0.5038464665412903,0.5290524,0.51597023,0.5023804
C,MC1_61,MC1,61,0,453,0,2018-09-05,2019-12-01,,,,,,0.6407541,0.5015972,0.5107871
C,MC1_61157,MC1,61157,0,611,0,2018-01-31,2019-10-03,,,,,,0.5257105,0.5098001,0.4938336
C,MC1_61201,MC1,61201,1,653,26,2018-01-31,2019-11-14,2019-10-16,2019-11-14,0.49394291639328003,0.4924485981464386,0.49394291639328003,0.5264235,0.50943184,0.4924486
C,MC1_61229,MC1,61229,0,670,0,2018-01-31,2019-12-01,,,,,,0.6138412,0.51509994,0.49685925
C,MC1_6124,MC1,6124,0,670,0,2018-01-31,2019-12-01,,,,,,0.5180762,0.50062037,0.4837185
C,MC1_61400,MC1,61400,0,656,0,2018-01-31,2019-11-17,,,,,,0.6087549,0.5154416,0.49739367
C,MC1_61485,MC1,61485,0,593,0,2018-04-18,2019-12-01,,,,,,0.6412441,0.5060472,0.5022034
C,MC1_61565,MC1,61565,0,557,0,2018-05-24,2019-12-01,,,,,,0.64156187,0.50277245,0.50458217
C,MC1_61667,MC1,61667,0,643,0,2018-02-27,2019-12-01,,,,,,0.6091192,0.5155911,0.4976609
C,MC1_61671,MC1,61671,1,627,25,2018-02-27,2019-11-15,2019-10-17,2019-11-15,0.4999873638153076,0.4984891414642334,0.4999873638153076,0.6091192,0.51603913,0.49848914
C,MC1_61729,MC1,61729,0,670,0,2018-01-31,2019-12-01,,,,,,0.5154111,0.4979309,0.48076826
C,MC1_61902,MC1,61902,0,670,0,2018-01-31,2019-12-01,,,,,,0.52504706,0.50759035,0.4900997
C,MC1_61926,MC1,61926,0,670,0,2018-01-31,2019-12-01,,,,,,0.518395,0.50078815,0.4832418
C,MC1_6222,MC1,6222,0,657,0,2018-02-13,2019-12-01,,,,,,0.6403548,0.5013251,0.49913704
C,MC1_6242,MC1,6242,0,559,0,2018-05-22,2019-12-01,,,,,,0.643091,0.5033631,0.5041489
C,MC1_62491,MC1,62491,0,670,0,2018-01-31,2019-12-01,,,,,,0.5335498,0.5127756,0.4953023
C,MC1_62564,MC1,62564,0,670,0,2018-01-31,2019-12-01,,,,,,0.526088,0.5096282,0.4938382
C,MC1_62812,MC1,62812,0,670,0,2018-01-31,2019-12-01,,,,,,0.0,0.0,0.0
C,MC1_63232,MC1,63232,0,656,0,2018-01-31,2019-11-17,,,,,,0.51536137,0.28657728,2.831651e-36
C,MC1_63322,MC1,63322,0,660,0,2018-02-10,2019-12-01,,,,,,0.64332706,0.5022314,0.49985358
C,MC1_63385,MC1,63385,0,557,0,2018-05-24,2019-12-01,,,,,,0.64138824,0.50278884,0.50468385
C,MC1_63553,MC1,63553,0,304,0,2019-02-01,2019-12-01,,,,,,0.52844715,0.52184516,0.51387936
C,MC1_63770,MC1,63770,0,532,0,2018-01-31,2019-07-16,,,,,,0.5285995,0.51516145,0.5012728
C,MC1_63847,MC1,63847,0,527,0,2018-06-23,2019-12-01,,,,,,0.6440092,0.5013731,0.505984
C,MC1_63892,MC1,63892,0,670,0,2018-01-31,2019-12-01,,,,,,0.6442081,0.51293194,0.4980016
C,MC1_63999,MC1,63999,0,670,0,2018-01-31,2019-12-01,,,,,,0.5153574,0.4979182,0.48060367
C,MC1_64172,MC1,64172,0,565,0,2018-01-31,2019-08-18,,,,,,0.5273708,0.5126941,0.49791777
C,MC1_64592,MC1,64592,0,466,0,2018-08-23,2019-12-01,,,,,,0.64300174,0.50078535,0.50929266
C,MC1_64640,MC1,64640,0,670,0,2018-01-31,2019-12-01,,,,,,0.64321023,0.51783437,0.49761492
C,MC1_64665,MC1,64665,0,308,0,2019-01-26,2019-11-29,,,,,,0.6463715,0.5030823,0.5173644
C,MC1_6472,MC1,6472,0,656,0,2018-01-31,2019-11-17,,,,,,0.52753097,0.5106404,0.4933387
C,MC1_64853,MC1,64853,0,670,0,2018-01-31,2019-12-01,,,,,,0.60283256,0.51486325,0.4993279
C,MC1_64960,MC1,64960,0,558,0,2018-05-23,2019-12-01,,,,,,0.6421517,0.5016971,0.50430226
C,MC1_64973,MC1,64973,0,670,0,2018-01-31,2019-12-01,,,,,,0.6428669,0.5101046,0.4979075
C,MC1_6501,MC1,6501,0,468,0,2018-08-21,2019-12-01,,,,,,0.64398414,0.50285786,0.50961226
C,MC1_65040,MC1,65040,0,670,0,2018-01-31,2019-12-01,,,,,,0.5272713,0.5098581,0.49234486
C,MC1_65052,MC1,65052,0,415,0,2018-10-13,2019-12-01,,,,,,0.6440939,0.50075626,0.51203
C,MC1_6512,MC1,6512,0,517,0,2018-07-03,2019-12-01,,,,,,0.64169395,0.501962,0.5070404
C,MC1_65218,MC1,65218,0,636,0,2018-01-31,2019-10-28,,,,,,0.5250283,0.50969297,0.49578834
C,MC1_65391,MC1,65391,0,670,0,2018-01-31,2019-12-01,,,,,,0.5256354,0.50867,0.49565664
C,MC1_65401,MC1,65401,0,670,0,2018-01-31,2019-12-01,,,,,,0.5222978,0.50485927,0.4878642
C,MC1_65467,MC1,65467,0,670,0,2018-01-31,2019-12-01,,,,,,0.5254284,0.50883836,0.49178424
C,MC1_6549,MC1,6549,0,670,0,2018-01-31,2019-12-01,,,,,,0.64321023,0.51725966,0.4973548
C,MC1_65500,MC1,65500,0,670,0,2018-01-31,2019-12-01,,,,,,0.51744264,0.4999601,0.48253942
C,MC1_65762,MC1,65762,0,670,0,2018-01-31,2019-12-01,,,,,,0.5328558,0.5127637,0.4952922
C,MC1_65813,MC1,65813,0,416,0,2018-10-12,2019-12-01,,,,,,0.64305216,0.5009828,0.5117276
C,MC1_65814,MC1,65814,0,416,0,2018-10-12,2019-12-01,,,,,,0.64305216,0.5009827,0.5117276
C,MC1_65844,MC1,65844,0,45,0,2018-08-04,2018-09-17,,,,,,0.6431567,0.32439095,0.5930209
C,MC1_66140,MC1,66140,0,310,0,2019-01-26,2019-12-01,,,,,,0.6420319,0.49639326,0.51723605
C,MC1_66341,MC1,66341,0,425,0,2018-10-03,2019-12-01,,,,,,0.6430547,0.5091938,0.5113774
C,MC1_66357,MC1,66357,0,523,0,2018-01-31,2019-07-07,,,,,,0.63391256,0.52028656,0.504526
C,MC1_66380,MC1,66380,0,430,0,2018-09-28,2019-12-01,,,,,,0.6454668,0.5007792,0.5110171
C,MC1_66391,MC1,66391,0,430,0,2018-09-28,2019-12-01,,,,,,0.6454668,0.5007735,0.5110057
C,MC1_66523,MC1,66523,0,670,0,2018-01-31,2019-12-01,,,,,,0.5203863,0.5029128,0.48549196
C,MC1_66651,MC1,66651,0,619,0,2018-03-23,2019-12-01,,,,,,0.64542556,0.51000285,0.5006707
C,MC1_66681,MC1,66681,0,593,0,2018-04-18,2019-12-01,,,,,,0.66324854,0.5032365,0.50312907
C,MC1_66824,MC1,66824,0,670,0,2018-01-31,2019-12-01,,,,,,0.5268322,0.50936913,0.4918725
C,MC1_66852,MC1,66852,0,670,0,2018-01-31,2019-12-01,,,,,,0.5269353,0.50950855,0.49200118
C,MC1_66884,MC1,66884,0,670,0,2018-01-31,2019-12-01,,,,,,0.5235136,0.5060988,0.48863396
C,MC1_66922,MC1,66922,0,453,0,2018-09-05,2019-12-01,,,,,,0.51318854,0.50179577,0.49341106
C,MC1_67079,MC1,67079,0,452,0,2018-09-06,2019-12-01,,,,,,0.5163667,0.50464314,0.49277192
C,MC1_671,MC1,671,0,670,0,2018-01-31,2019-12-01,,,,,,0.5219814,0.504506,0.48705265
C,MC1_67277,MC1,67277,1,275,29,2018-01-31,2018-11-01,2018-10-03,2018-11-01,0.5099748969078064,0.5084556937217712,0.5099748969078064,0.52275366,0.51558924,0.5084557
C,MC1_6736,MC1,6736,0,592,0,2018-04-19,2019-12-01,,,,,,0.6440034,0.49682194,0.5029973
C,MC1_67544,MC1,67544,0,670,0,2018-01-31,2019-12-01,,,,,,0.52675605,0.50932556,0.49190906
C,MC1_67690,MC1,67690,0,670,0,2018-01-31,2019-12-01,,,,,,0.52858675,0.5117847,0.49430764
C,MC1_67698,MC1,67698,0,670,0,2018-01-31,2019-12-01,,,,,,0.5291125,0.5124549,0.4952103
C,MC1_67727,MC1,67727,0,670,0,2018-01-31,2019-12-01,,,,,,0.5253062,0.5078533,0.49036044
C,MC1_6789,MC1,6789,0,349,0,2018-12-18,2019-12-01,,,,,,0.64686465,0.49975175,0.51591855
C,MC1_67958,MC1,67958,0,670,0,2018-01-31,2019-12-01,,,,,,0.5283924,0.51114464,0.49364138
C,MC1_6801,MC1,6801,0,670,0,2018-01-31,2019-12-01,,,,,,0.52800316,0.51135045,0.4985897
C,MC1_68012,MC1,68012,0,670,0,2018-01-31,2019-12-01,,,,,,0.52597904,0.50854987,0.49170402
C,MC1_6802,MC1,6802,0,642,0,2018-02-28,2019-12-01,,,,,,0.6422962,0.5028204,0.5005658
C,MC1_68020,MC1,68020,0,438,0,2018-09-20,2019-12-01,,,,,,0.650733,0.49266958,0.5109805
C,MC1_68064,MC1,68064,0,670,0,2018-01-31,2019-12-01,,,,,,0.5279912,0.5105852,0.49308962
C,MC1_68248,MC1,68248,0,558,0,2018-05-23,2019-12-01,,,,,,0.6418766,0.50241,0.50426066
C,MC1_68728,MC1,68728,0,510,0,2018-07-10,2019-12-01,,,,,,0.64339703,0.50116277,0.5068278
C,MC1_68742,MC1,68742,0,670,0,2018-01-31,2019-12-01,,,,,,0.5291515,0.5126944,0.49523926
C,MC1_68791,MC1,68791,0,468,0,2018-01-31,2019-05-13,,,,,,0.5217973,0.51001686,0.49837285
C,MC1_68835,MC1,68835,0,670,0,2018-01-31,2019-12-01,,,,,,0.52608734,0.5096073,0.49383935
C,MC1_68968,MC1,68968,0,603,0,2018-04-08,2019-12-01,,,,,,0.6432629,0.50267905,0.5019174
C,MC1_69245,MC1,69245,0,670,0,2018-01-31,2019-12-01,,,,,,0.5181109,0.5007491,0.4838529
C,MC1_69640,MC1,69640,0,464,0,2018-08-25,2019-12-01,,,,,,0.6425242,0.5006051,0.50949633
C,MC1_69917,MC1,69917,0,670,0,2018-01-31,2019-12-01,,,,,,0.5208924,0.50340676,0.48592663
C,MC1_7,MC1,7,0,670,0,2018-01-31,2019-12-01,,,,,,0.52867895,0.5116302,0.49431252
C,MC1_70008,MC1,70008,0,670,0,2018-01-31,2019-12-01,,,,,,0.5287672,0.5118716,0.4943944
C,MC1_70054,MC1,70054,0,670,0,2018-01-31,2019-12-01,,,,,,0.5268178,0.50936717,0.492071
C,MC1_70106,MC1,70106,0,670,0,2018-01-31,2019-12-01,,,,,,0.52549165,0.508023,0.49053296
C,MC1_703,MC1,703,0,619,0,2018-03-23,2019-12-01,,,,,,0.6423916,0.5110094,0.5015029
C,MC1_70351,MC1,70351,0,314,0,2019-01-21,2019-11-30,,,,,,0.64349407,0.5023303,0.51756835
C,MC1_70383,MC1,70383,0,670,0,2018-01-31,2019-12-01,,,,,,0.5206255,0.50316447,0.48584035
C,MC1_70567,MC1,70567,0,447,0,2018-09-11,2019-12-01,,,,,,0.6451295,0.5006957,0.51011735
C,MC1_70634,MC1,70634,0,670,0,2018-01-31,2019-12-01,,,,,,0.5286139,0.512458,0.49554855
C,MC1_70636,MC1,70636,0,670,0,2018-01-31,2019-12-01,,,,,,0.5286139,0.5124581,0.49554855
C,MC1_70772,MC1,70772,0,670,0,2018-01-31,2019-12-01,,,,,,0.52682483,0.5093621,0.49186766
C,MC1_70848,MC1,70848,0,598,0,2018-04-13,2019-12-01,,,,,,0.6413865,0.5015946,0.50221205
C,MC1_70874,MC1,70874,0,619,0,2018-03-23,2019-12-01,,,,,,0.6425035,0.51058656,0.5008048
C,MC1_70944,MC1,70944,0,670,0,2018-01-31,2019-12-01,,,,,,0.52431214,0.5068495,0.48938185
C,MC1_71054,MC1,71054,0,670,0,2018-01-31,2019-12-01,,,,,,0.5283989,0.51146346,0.493978
C,MC1_71104,MC1,71104,0,619,0,2018-03-23,2019-12-01,,,,,,0.6432826,0.5137992,0.5003747
C,MC1_7112,MC1,7112,0,660,0,2018-02-10,2019-12-01,,,,,,0.64168257,0.50202644,0.4989299
C,MC1_71233,MC1,71233,0,670,0,2018-01-31,2019-12-01,,,,,,0.5277754,0.5103385,0.49285215
C,MC1_71554,MC1,71554,1,510,29,2018-01-31,2019-06-24,2019-05-26,2019-06-24,0.5048442482948303,0.5033272504806519,0.5048442482948303,0.5291068,0.51660025,0.50332725
C,MC1_71700,MC1,71700,0,453,0,2018-09-05,2019-12-01,,,,,,0.51319015,0.5019692,0.49341166
C,MC1_71849,MC1,71849,0,670,0,2018-01-31,2019-12-01,,,,,,0.52746964,0.51226616,0.4964611
C,MC1_71909,MC1,71909,0,416,0,2018-10-12,2019-12-01,,,,,,0.642275,0.5007732,0.5117583
C,MC1_71948,MC1,71948,0,472,0,2018-08-17,2019-12-01,,,,,,0.64308834,0.50279987,0.5091919
C,MC1_71991,MC1,71991,0,670,0,2018-01-31,2019-12-01,,,,,,0.52342093,0.50593936,0.4884575
C,MC1_72052,MC1,72052,0,670,0,2018-01-31,2019-12-01,,,,,,0.5287647,0.5119063,0.4954615
C,MC1_72058,MC1,72058,0,670,0,2018-01-31,2019-12-01,,,,,,0.5174446,0.49994838,0.4824808
C,MC1_7209,MC1,7209,0,425,0,2018-10-03,2019-12-01,,,,,,0.6456813,0.5057307,0.5110718
C,MC1_72157,MC1,72157,0,670,0,2018-01-31,2019-12-01,,,,,,0.6034415,0.51497144,0.4995648
C,MC1_72295,MC1,72295,0,310,0,2019-01-26,2019-12-01,,,,,,0.643094,0.49903974,0.51714945
C,MC1_72362,MC1,72362,0,646,0,2018-02-10,2019-11-17,,,,,,0.6435777,0.502401,0.49992478
C,MC1_72383,MC1,72383,0,636,0,2018-03-06,2019-12-01,,,,,,0.64348054,0.50680244,0.50002956
C,MC1_7246,MC1,7246,0,670,0,2018-01-31,2019-12-01,,,,,,0.5218906,0.50439584,0.48691282
C,MC1_7251,MC1,7251,0,255,0,2019-03-22,2019-12-01,,,,,,0.5035513,0.49690592,0.49027517
C,MC1_72704,MC1,72704,0,60,0,2019-10-03,2019-12-01,,,,,,0.6405724,0.36882383,0.54081833
C,MC1_72743,MC1,72743,0,558,0,2018-05-23,2019-12-01,,,,,,0.6418673,0.5015653,0.5043066
C,MC1_72776,MC1,72776,0,310,0,2019-01-26,2019-12-01,,,,,,0.643094,0.49927044,0.51715034
C,MC1_72865,MC1,72865,0,670,0,2018-01-31,2019-12-01,,,,,,0.61423784,0.5150941,0.496404
C,MC1_7298,MC1,7298,0,416,0,2018-10-12,2019-12-01,,,,,,0.6420978,0.50085795,0.5117515
C,MC1_731,MC1,731,0,594,0,2018-04-17,2019-12-01,,,,,,0.64333713,0.50149465,0.50248027
C,MC1_73120,MC1,73120,0,619,0,2018-03-23,2019-12-01,,,,,,0.5282716,0.5149027,0.5004511
C,MC1_73178,MC1,73178,0,512,0,2018-07-07,2019-11-30,,,,,,0.6415152,0.5023216,0.50665206
C,MC1_73323,MC1,73323,0,670,0,2018-01-31,2019-12-01,,,,,,0.5280796,0.51170886,0.49438506
C,MC1_73495,MC1,73495,0,670,0,2018-01-31,2019-12-01,,,,,,0.64320713,0.5164415,0.49750435
C,MC1_73505,MC1,73505,1,148,29,2018-01-31,2018-06-27,2018-05-29,2018-06-27,0.5196757316589355,0.5181645154953003,0.5196757316589355,0.5257589,0.52193046,0.5181645
C,MC1_73575,MC1,73575,1,547,30,2018-01-31,2019-07-31,2019-07-02,2019-07-31,0.5052997469902039,0.5037754774093628,0.5052997469902039,0.58018667,0.51777786,0.5037755
C,MC1_73673,MC1,73673,0,593,0,2018-04-18,2019-12-01,,,,,,0.64275604,0.5000561,0.502573
C,MC1_73677,MC1,73677,0,593,0,2018-04-18,2019-12-01,,,,,,0.64327407,0.50008655,0.502573
C,MC1_73700,MC1,73700,0,670,0,2018-01-31,2019-12-01,,,,,,0.6437684,0.5130076,0.49775907
C,MC1_73778,MC1,73778,0,660,0,2018-02-10,2019-12-01,,,,,,0.6434315,0.5021297,0.49902618
C,MC1_73866,MC1,73866,0,670,0,2018-01-31,2019-12-01,,,,,,0.518356,0.50086075,0.48339263
C,MC1_73881,MC1,73881,0,670,0,2018-01-31,2019-12-01,,,,,,0.6415831,0.50662065,0.49812332
C,MC1_73917,MC1,73917,0,421,0,2018-10-07,2019-12-01,,,,,,0.64544475,0.5005162,0.5117347
C,MC1_7425,MC1,7425,0,589,0,2018-04-08,2019-11-17,,,,,,0.6433722,0.5026017,0.5026633
C,MC1_74367,MC1,74367,0,670,0,2018-01-31,2019-12-01,,,,,,0.52682054,0.5094049,0.49200127
C,MC1_74428,MC1,74428,0,636,0,2018-01-31,2019-10-28,,,,,,0.5282353,0.5130233,0.49911922
C,MC1_7447,MC1,7447,0,447,0,2018-09-11,2019-12-01,,,,,,0.6458778,0.5001194,0.51014394
C,MC1_74579,MC1,74579,0,670,0,2018-01-31,2019-12-01,,,,,,0.5291012,0.51245284,0.49531224
C,MC1_74617,MC1,74617,0,657,0,2018-02-13,2019-12-01,,,,,,0.6446892,0.50021183,0.49927247
C,MC1_74843,MC1,74843,0,670,0,2018-01-31,2019-12-01,,,,,,0.5232639,0.5057931,0.4883387
C,MC1_74878,MC1,74878,0,660,0,2018-02-10,2019-12-01,,,,,,0.64197564,0.5017252,0.49895132
C,MC1_74900,MC1,74900,0,670,0,2018-01-31,2019-12-01,,,,,,0.52759767,0.51014423,0.49265337
C,MC1_7498,MC1,7498,0,670,0,2018-01-31,2019-12-01,,,,,,0.5792337,0.51390445,0.49594885
C,MC1_74993,MC1,74993,0,554,0,2018-05-27,2019-12-01,,,,,,0.6417043,0.5043332,0.50435483
C,MC1_75068,MC1,75068,0,670,0,2018-01-31,2019-12-01,,,,,,0.5221856,0.5046967,0.48721406
C,MC1_75082,MC1,75082,0,310,0,2019-01-26,2019-12-01,,,,,,0.6415761,0.4968912,0.5172093
C,MC1_75120,MC1,75120,0,561,0,2018-01-31,2019-08-14,,,,,,0.6357206,0.51929116,0.5026108
C,MC1_75135,MC1,75135,0,670,0,2018-01-31,2019-12-01,,,,,,0.52876806,0.51183975,0.49439502
C,MC1_75158,MC1,75158,0,446,0,2018-08-29,2019-11-17,,,,,,0.64205873,0.50198954,0.5100952
C,MC1_75237,MC1,75237,0,670,0,2018-01-31,2019-12-01,,,,,,0.5233204,0.5058469,0.48841193
C,MC1_75275,MC1,75275,1,609,30,2018-01-31,2019-10-01,2019-09-02,2019-10-01,0.4928973317146301,0.4913787543773651,0.4928973317146301,0.5231369,0.50725347,0.49137875
C,MC1_75363,MC1,75363,0,670,0,2018-01-31,2019-12-01,,,,,,0.5291061,0.5124259,0.49510363
C,MC1_75504,MC1,75504,0,542,0,2018-04-14,2019-10-07,,,,,,0.643008,0.5022322,0.50542647
C,MC1_75526,MC1,75526,0,422,0,2018-10-06,2019-12-01,,,,,,0.571961,0.5204321,0.5088155
C,MC1_75709,MC1,75709,0,565,0,2018-05-16,2019-12-01,,,,,,0.64183074,0.50549924,0.5037122
C,MC1_75781,MC1,75781,0,670,0,2018-01-31,2019-12-01,,,,,,0.5803055,0.51393414,0.49595913
C,MC1_76072,MC1,76072,0,451,0,2018-09-07,2019-12-01,,,,,,0.6426136,0.501934,0.50987655
C,MC1_76168,MC1,76168,0,416,0,2018-10-12,2019-12-01,,,,,,0.642334,0.5006005,0.5117591
C,MC1_76237,MC1,76237,0,670,0,2018-01-31,2019-12-01,,,,,,0.5208786,0.5033999,0.48591843
C,MC1_76690,MC1,76690,0,670,0,2018-01-31,2019-12-01,,,,,,0.5222992,0.504812,0.4873274
C,MC1_7689,MC1,7689,0,489,0,2018-07-31,2019-12-01,,,,,,0.6422963,0.5018967,0.5078778
C,MC1_770,MC1,770,0,593,0,2018-04-18,2019-12-01,,,,,,0.64408976,0.50160336,0.50248283
C,MC1_77004,MC1,77004,0,589,0,2018-01-31,2019-09-11,,,,,,0.5219807,0.5084418,0.49506977
C,MC1_77006,MC1,77006,0,589,0,2018-01-31,2019-09-11,,,,,,0.5219807,0.5084418,0.49506977
C,MC1_77016,MC1,77016,0,670,0,2018-01-31,2019-12-01,,,,,,0.63786346,0.51657563,0.49720547
C,MC1_77037,MC1,77037,0,670,0,2018-01-31,2019-12-01,,,,,,0.522901,0.50573176,0.48865736
C,MC1_7715,MC1,7715,0,528,0,2018-06-22,2019-12-01,,,,,,0.64766866,0.5134665,0.5052524
C,MC1_77203,MC1,77203,0,670,0,2018-01-31,2019-12-01,,,,,,0.5194951,0.5020496,0.48479277
C,MC1_77522,MC1,77522,0,555,0,2018-05-26,2019-12-01,,,,,,0.6409174,0.50158715,0.5044638
C,MC1_77550,MC1,77550,0,408,0,2018-10-20,2019-12-01,,,,,,0.6447867,0.5042967,0.51207936
C,MC1_77568,MC1,77568,0,670,0,2018-01-31,2019-12-01,,,,,,0.52075446,0.5038996,0.48771897
C,MC1_77571,MC1,77571,1,385,29,2018-01-31,2019-02-19,2019-01-22,2019-02-19,0.5074183344841003,0.5059681534767151,0.5074183344841003,0.52597547,0.51597494,0.50596815
C,MC1_77574,MC1,77574,0,124,0,2019-07-31,2019-12-01,,,,,,0.64182454,0.42548177,0.527342
C,MC1_77676,MC1,77676,0,594,0,2018-04-17,2019-12-01,,,,,,0.6430123,0.5021919,0.50250536
C,MC1_77719,MC1,77719,0,670,0,2018-01-31,2019-12-01,,,,,,0.5239432,0.50647086,0.4889857
C,MC1_77781,MC1,77781,0,670,0,2018-01-31,2019-12-01,,,,,,0.5203544,0.50286365,0.48538518
C,MC1_77988,MC1,77988,0,670,0,2018-01-31,2019-12-01,,,,,,0.63506174,0.5161551,0.49700537
C,MC1_7800,MC1,7800,0,670,0,2018-01-31,2019-12-01,,,,,,0.5188121,0.501378,0.4841317
C,MC1_78105,MC1,78105,0,626,0,2018-01-31,2019-10-18,,,,,,0.5282329,0.51222974,0.49587485
C,MC1_78130,MC1,78130,0,258,0,2018-01-31,2018-10-15,,,,,,0.5269645,0.5202806,0.513581
C,MC1_78203,MC1,78203,0,670,0,2018-01-31,2019-12-01,,,,,,0.52311045,0.50540626,0.48782995
C,MC1_78358,MC1,78358,0,593,0,2018-04-18,2019-12-01,,,,,,0.66286653,0.5031137,0.5033687
C,MC1_78754,MC1,78754,0,649,0,2018-02-21,2019-12-01,,,,,,0.6429704,0.5179035,0.498007
C,MC1_79150,MC1,79150,0,670,0,2018-01-31,2019-12-01,,,,,,0.5287699,0.5118711,0.4945438
C,MC1_7937,MC1,7937,0,670,0,2018-01-31,2019-12-01,,,,,,0.644364,0.51411647,0.4975831
C,MC1_79523,MC1,79523,0,598,0,2018-04-13,2019-12-01,,,,,,0.6415427,0.50161594,0.5022806
C,MC1_79540,MC1,79540,0,321,0,2019-01-15,2019-12-01,,,,,,0.6440941,0.49638623,0.5166954
C,MC1_79581,MC1,79581,0,670,0,2018-01-31,2019-12-01,,,,,,0.6436585,0.50641614,0.4981412
C,MC1_79704,MC1,79704,0,558,0,2018-05-23,2019-12-01,,,,,,0.64163625,0.5018107,0.5042902
C,MC1_80012,MC1,80012,0,670,0,2018-01-31,2019-12-01,,,,,,0.528285,0.51129544,0.4934644
C,MC1_80036,MC1,80036,0,670,0,2018-01-31,2019-12-01,,,,,,0.60976243,0.51492935,0.4963147
C,MC1_80111,MC1,80111,0,310,0,2019-01-26,2019-12-01,,,,,,0.64562666,0.50124687,0.5174859
C,MC1_80270,MC1,80270,0,670,0,2018-01-31,2019-12-01,,,,,,0.5282738,0.5115856,0.4946277
C,MC1_80625,MC1,80625,0,671,0,2018-01-30,2019-12-01,,,,,,0.52685905,0.5088235,0.4919221
C,MC1_80870,MC1,80870,0,425,0,2018-10-03,2019-12-01,,,,,,0.65490884,0.51735437,0.51058435
C,MC1_80984,MC1,80984,0,670,0,2018-01-31,2019-12-01,,,,,,0.52758604,0.510148,0.49267703
C,MC1_80994,MC1,80994,0,629,0,2018-03-13,2019-12-01,,,,,,0.52105075,0.5046247,0.4881973
C,MC1_81235,MC1,81235,0,670,0,2018-01-31,2019-12-01,,,,,,0.5242735,0.5068104,0.48933446
C,MC1_81241,MC1,81241,0,670,0,2018-01-31,2019-12-01,,,,,,0.5242735,0.5068107,0.48933446
C,MC1_81394,MC1,81394,1,353,29,2018-01-31,2019-01-18,2018-12-21,2019-01-18,0.5147460103034973,0.513270914554596,0.5147460103034973,0.64085317,0.5266523,0.5132709
C,MC1_81452,MC1,81452,0,670,0,2018-01-31,2019-12-01,,,,,,0.52253735,0.50507593,0.48763153
C,MC1_81729,MC1,81729,0,563,0,2018-01-31,2019-08-16,,,,,,0.52042204,0.50576746,0.49128518
C,MC1_81863,MC1,81863,0,636,0,2018-03-06,2019-12-01,,,,,,0.5244867,0.5080637,0.49221763
C,MC1_82300,MC1,82300,0,532,0,2018-01-31,2019-07-16,,,,,,0.63584083,0.52012783,0.5038602
C,MC1_82347,MC1,82347,0,670,0,2018-01-31,2019-12-01,,,,,,0.5307573,0.5127396,0.49540022
C,MC1_8242,MC1,8242,0,286,0,2018-04-17,2019-01-27,,,,,,0.6425035,0.49199665,0.5185465
C,MC1_82543,MC1,82543,0,659,0,2018-02-11,2019-12-01,,,,,,0.64382327,0.50329596,0.49891326
C,MC1_82650,MC1,82650,0,670,0,2018-01-31,2019-12-01,,,,,,0.60842955,0.5149189,0.49723688
C,MC1_82687,MC1,82687,0,453,0,2018-09-05,2019-12-01,,,,,,0.5128206,0.501118,0.48917428
C,MC1_82836,MC1,82836,0,656,0,2018-02-14,2019-12-01,,,,,,0.64172584,0.4993346,0.49935424
C,MC1_82995,MC1,82995,0,670,0,2018-01-31,2019-12-01,,,,,,0.52876997,0.5118289,0.49451253
C,MC1_83074,MC1,83074,0,670,0,2018-01-31,2019-12-01,,,,,,0.5227857,0.50530463,0.48782322
C,MC1_83121,MC1,83121,0,257,0,2019-03-20,2019-12-01,,,,,,0.6399068,0.48877555,0.520066
C,MC1_83267,MC1,83267,0,24,0,2019-01-26,2019-02-18,,,,,,0.6061884,0.14567308,0.6061884
C,MC1_83355,MC1,83355,0,656,0,2018-02-14,2019-12-01,,,,,,0.64146906,0.49896547,0.49938682
C,MC1_83677,MC1,83677,0,63,0,2018-02-17,2018-04-20,,,,,,0.64611936,0.3830188,0.5296419
C,MC1_83786,MC1,83786,0,670,0,2018-01-31,2019-12-01,,,,,,0.5153476,0.4978531,0.48040923
C,MC1_8394,MC1,8394,0,557,0,2018-05-24,2019-12-01,,,,,,0.64152575,0.50276685,0.50458544
C,MC1_83967,MC1,83967,0,670,0,2018-01-31,2019-12-01,,,,,,0.528392,0.51115066,0.49364778
C,MC1_83988,MC1,83988,0,524,0,2018-01-31,2019-07-08,,,,,,0.52036095,0.507141,0.4945923
C,MC1_84197,MC1,84197,0,562,0,2018-05-19,2019-12-01,,,,,,0.64747953,0.5011409,0.5041588
C,MC1_84299,MC1,84299,0,670,0,2018-01-31,2019-12-01,,,,,,0.64279425,0.51727057,0.4969206
C,MC1_84457,MC1,84457,0,660,0,2018-02-10,2019-12-01,,,,,,0.6434238,0.5022425,0.49936995
C,MC1_84532,MC1,84532,0,433,0,2018-09-25,2019-12-01,,,,,,0.6426287,0.5458045,0.50950897
C,MC1_84667,MC1,84667,0,415,0,2018-10-13,2019-12-01,,,,,,0.6439429,0.5006789,0.5117468
C,MC1_84710,MC1,84710,0,528,0,2018-06-22,2019-12-01,,,,,,0.51628613,0.50248593,0.4887023
C,MC1_84803,MC1,84803,0,565,0,2018-05-16,2019-12-01,,,,,,0.6432284,0.5052587,0.50377554
C,MC1_84831,MC1,84831,0,636,0,2018-03-06,2019-12-01,,,,,,0.6430259,0.50718635,0.5002347
C,MC1_84838,MC1,84838,0,636,0,2018-03-06,2019-12-01,,,,,,0.6430259,0.50718683,0.5002354
C,MC1_85186,MC1,85186,0,491,0,2018-07-29,2019-12-01,,,,,,0.6418569,0.5004164,0.5078233
C,MC1_85448,MC1,85448,0,670,0,2018-01-31,2019-12-01,,,,,,0.526059,0.50860894,0.49119836
C,MC1_85460,MC1,85460,0,464,0,2018-08-25,2019-12-01,,,,,,0.64269334,0.50084686,0.5096821
C,MC1_85622,MC1,85622,0,670,0,2018-01-31,2019-12-01,,,,,,0.5204478,0.5029662,0.48551401
C,MC1_86059,MC1,86059,0,438,0,2018-09-06,2019-11-17,,,,,,0.6424678,0.500171,0.5105877
C,MC1_86076,MC1,86076,0,603,0,2018-04-08,2019-12-01,,,,,,0.64345485,0.5025368,0.5019364
C,MC1_8613,MC1,8613,0,656,0,2018-01-31,2019-11-17,,,,,,0.52642864,0.5094273,0.4924922
C,MC1_86148,MC1,86148,0,670,0,2018-01-31,2019-12-01,,,,,,0.64569944,0.5088981,0.49828908
C,MC1_86150,MC1,86150,0,670,0,2018-01-31,2019-12-01,,,,,,0.64569944,0.50889796,0.49828842
C,MC1_86194,MC1,86194,0,310,0,2019-01-26,2019-12-01,,,,,,0.64191884,0.49630305,0.51724625
C,MC1_86631,MC1,86631,0,670,0,2018-01-31,2019-12-01,,,,,,0.6434911,0.51343966,0.49767205
C,MC1_86755,MC1,86755,0,664,0,2018-02-06,2019-12-01,,,,,,0.6424031,0.5015683,0.49877077
C,MC1_86802,MC1,86802,1,483,15,2018-05-24,2019-09-18,2019-09-04,2019-09-18,0.509674608707428,0.5088589191436768,0.5096921920776367,0.64138,0.502324,0.5088589
C,MC1_87135,MC1,87135,0,670,0,2018-01-31,2019-12-01,,,,,,0.52072644,0.50513595,0.49526286
C,MC1_87150,MC1,87150,0,670,0,2018-01-31,2019-12-01,,,,,,0.5294135,0.512707,0.49526286
C,MC1_87353,MC1,87353,0,670,0,2018-01-31,2019-12-01,,,,,,0.5287305,0.511772,0.4942531
C,MC1_87359,MC1,87359,0,670,0,2018-01-31,2019-12-01,,,,,,0.5280077,0.511389,0.4944684
C,MC1_87471,MC1,87471,0,597,0,2018-04-14,2019-12-01,,,,,,0.6428093,0.5022566,0.50230235
C,MC1_87503,MC1,87503,0,670,0,2018-01-31,2019-12-01,,,,,,0.5286823,0.51174176,0.49429935
C,MC1_87625,MC1,87625,0,636,0,2018-03-06,2019-12-01,,,,,,0.6433556,0.50692815,0.5000281
C,MC1_8765,MC1,8765,0,670,0,2018-01-31,2019-12-01,,,,,,0.5272744,0.5098337,0.49238732
C,MC1_87695,MC1,87695,0,670,0,2018-01-31,2019-12-01,,,,,,0.6041444,0.5148187,0.49652153
C,MC1_87807,MC1,87807,0,670,0,2018-01-31,2019-12-01,,,,,,0.6140086,0.5150827,0.49647945
C,MC1_88005,MC1,88005,0,670,0,2018-01-31,2019-12-01,,,,,,0.52075493,0.5032615,0.48578516
C,MC1_88006,MC1,88006,0,421,0,2018-10-07,2019-12-01,,,,,,0.6453316,0.500672,0.51173526
C,MC1_88040,MC1,88040,0,646,0,2018-01-31,2019-11-07,,,,,,0.5268169,0.51003486,0.49343592
C,MC1_88131,MC1,88131,0,670,0,2018-01-31,2019-12-01,,,,,,0.5290674,0.5123458,0.49491444
C,MC1_88141,MC1,88141,0,664,0,2018-02-06,2019-12-01,,,,,,0.64220506,0.5018233,0.49873933
C,MC1_88440,MC1,88440,0,416,0,2018-10-12,2019-12-01,,,,,,0.6423241,0.5009279,0.5116844
C,MC1_88567,MC1,88567,0,453,0,2018-09-05,2019-12-01,,,,,,0.5164591,0.5047259,0.49281928
C,MC1_88572,MC1,88572,0,670,0,2018-01-31,2019-12-01,,,,,,0.5225366,0.50550234,0.48825973
C,MC1_88602,MC1,88602,0,668,0,2018-02-02,2019-12-01,,,,,,0.52690953,0.5094656,0.4920145
C,MC1_88691,MC1,88691,0,646,0,2018-02-10,2019-11-17,,,,,,0.6437513,0.503951,0.5003258
C,MC1_88786,MC1,88786,0,588,0,2018-01-31,2019-09-10,,,,,,0.52805686,0.5129382,0.4975727
C,MC1_88888,MC1,88888,0,670,0,2018-01-31,2019-12-01,,,,,,0.5282733,0.5109639,0.49350628
C,MC1_890,MC1,890,1,424,30,2018-05-22,2019-07-19,2019-06-20,2019-07-19,0.5138212442398071,0.5123041868209839,0.5138212442398071,0.6438037,0.5043731,0.5123042
C,MC1_89023,MC1,89023,0,670,0,2018-01-31,2019-12-01,,,,,,0.51534003,0.49785092,0.480419
C,MC1_89072,MC1,89072,0,34,0,2019-10-29,2019-12-01,,,,,,0.6419807,0.19598238,0.6419807
C,MC1_89100,MC1,89100,0,670,0,2018-01-31,2019-12-01,,,,,,0.523262,0.50581974,0.48877665
C,MC1_89164,MC1,89164,0,664,0,2018-01-31,2019-11-25,,,,,,0.52918214,0.5129084,0.49706557
C,MC1_8923,MC1,8923,0,562,0,2018-05-19,2019-12-01,,,,,,0.68705267,0.5569853,0.502595
C,MC1_89387,MC1,89387,0,670,0,2018-01-31,2019-12-01,,,,,,0.5287608,0.51190156,0.49466324
C,MC1_89454,MC1,89454,0,447,0,2018-01-31,2019-04-22,,,,,,0.52908224,0.5202999,0.5135524
C,MC1_89491,MC1,89491,0,670,0,2018-01-31,2019-12-01,,,,,,0.6305916,0.5172364,0.49893457
C,MC1_89578,MC1,89578,0,670,0,2018-01-31,2019-12-01,,,,,,0.52254015,0.50509524,0.4877063
C,MC1_89756,MC1,89756,0,670,0,2018-01-31,2019-12-01,,,,,,0.5282446,0.51682013,0.51111436
C,MC1_89785,MC1,89785,0,670,0,2018-01-31,2019-12-01,,,,,,0.5291265,0.5124481,0.495211
C,MC1_89850,MC1,89850,0,452,0,2018-09-06,2019-12-01,,,,,,0.64077526,0.50012344,0.51046085
C,MC1_90005,MC1,90005,0,641,0,2018-03-01,2019-12-01,,,,,,0.64198315,0.5015272,0.49996924
C,MC1_90062,MC1,90062,0,670,0,2018-01-31,2019-12-01,,,,,,0.51543,0.49793583,0.48050883
C,MC1_90473,MC1,90473,0,590,0,2018-01-31,2019-09-12,,,,,,0.6088563,0.5171918,0.5006201
C,MC1_90498,MC1,90498,0,670,0,2018-01-31,2019-12-01,,,,,,0.52786666,0.51105887,0.49295574
C,MC1_90574,MC1,90574,0,501,0,2018-05-11,2019-09-23,,,,,,0.6433115,0.5184608,0.5065398
C,MC1_90593,MC1,90593,0,537,0,2018-06-13,2019-12-01,,,,,,0.6527812,0.5032978,0.5056426
C,MC1_90603,MC1,90603,0,560,0,2018-05-16,2019-11-26,,,,,,0.6427839,0.5052185,0.5039972
C,MC1_9081,MC1,9081,0,670,0,2018-01-31,2019-12-01,,,,,,0.51748914,0.4999962,0.48252788
C,MC1_91051,MC1,91051,0,438,0,2018-09-06,2019-11-17,,,,,,0.64211243,0.50027573,0.51058275
C,MC1_91118,MC1,91118,0,104,0,2019-08-06,2019-11-17,,,,,,0.4896873,0.48699775,0.48432103
C,MC1_91132,MC1,91132,0,527,0,2018-06-23,2019-12-01,,,,,,0.5907947,0.5187024,0.5051218
C,MC1_91151,MC1,91151,0,619,0,2018-03-23,2019-12-01,,,,,,0.64550006,0.5100236,0.50073135
C,MC1_9151,MC1,9151,0,670,0,2018-01-31,2019-12-01,,,,,,0.5232617,0.5057902,0.4883228
C,MC1_91538,MC1,91538,0,555,0,2018-05-26,2019-12-01,,,,,,0.64221054,0.5019638,0.5044843
C,MC1_91574,MC1,91574,0,670,0,2018-01-31,2019-12-01,,,,,,0.6481973,0.5176457,0.49771723
C,MC1_91723,MC1,91723,0,670,0,2018-01-31,2019-12-01,,,,,,0.51744264,0.49999765,0.4830577
C,MC1_91753,MC1,91753,0,85,0,2019-01-01,2019-03-26,,,,,,0.5064285,0.5042433,0.50206286
C,MC1_91767,MC1,91767,0,670,0,2018-01-31,2019-12-01,,,,,,0.5255308,0.5147412,0.49982125
C,MC1_91818,MC1,91818,0,597,0,2018-04-14,2019-12-01,,,,,,0.6446903,0.50565356,0.5049854
C,MC1_91907,MC1,91907,0,565,0,2018-05-16,2019-12-01,,,,,,0.64286613,0.5067785,0.5036431
C,MC1_91979,MC1,91979,0,670,0,2018-01-31,2019-12-01,,,,,,0.52815,0.51159775,0.49517435
C,MC1_92091,MC1,92091,0,593,0,2018-04-18,2019-12-01,,,,,,0.64408976,0.5016007,0.5024809
C,MC1_92388,MC1,92388,0,670,0,2018-01-31,2019-12-01,,,,,,0.5211145,0.50364214,0.48620412
C,MC1_92599,MC1,92599,0,670,0,2018-01-31,2019-12-01,,,,,,0.5269524,0.5094978,0.49200335
C,MC1_92731,MC1,92731,0,565,0,2018-05-16,2019-12-01,,,,,,0.64217824,0.5055246,0.5037117
C,MC1_92750,MC1,92750,0,670,0,2018-01-31,2019-12-01,,,,,,0.6041846,0.5149597,0.49928227
C,MC1_92958,MC1,92958,0,670,0,2018-01-31,2019-12-01,,,,,,0.518133,0.50069577,0.4834644
C,MC1_9296,MC1,9296,0,479,0,2018-08-10,2019-12-01,,,,,,0.6441117,0.49937677,0.5091316
C,MC1_93073,MC1,93073,0,670,0,2018-01-31,2019-12-01,,,,,,0.5222141,0.50474983,0.48741427
C,MC1_93173,MC1,93173,0,603,0,2018-04-08,2019-12-01,,,,,,0.643539,0.50263876,0.5019421
C,MC1_93220,MC1,93220,0,670,0,2018-01-31,2019-12-01,,,,,,0.51836854,0.50138193,0.48401248
C,MC1_93507,MC1,93507,0,670,0,2018-01-31,2019-12-01,,,,,,0.51748806,0.49999562,0.48252964
C,MC1_93726,MC1,93726,1,571,30,2018-01-31,2019-08-24,2019-07-26,2019-08-24,0.503178060054779,0.5016586780548096,0.503178060054779,0.6073107,0.51765937,0.5016587
C,MC1_93727,MC1,93727,0,59,0,2019-10-04,2019-12-01,,,,,,0.64137834,0.36817762,0.54361594
C,MC1_9385,MC1,9385,0,670,0,2018-01-31,2019-12-01,,,,,,0.5207677,0.50402606,0.4869343
C,MC1_93916,MC1,93916,0,670,0,2018-01-31,2019-12-01,,,,,,0.5291549,0.51268625,0.49524486
C,MC1_9404,MC1,9404,0,670,0,2018-01-31,2019-12-01,,,,,,0.5208874,0.50340223,0.4859235
C,MC1_9408,MC1,9408,0,670,0,2018-01-31,2019-12-01,,,,,,0.52710456,0.51299363,0.502268
C,MC1_94112,MC1,94112,0,656,0,2018-02-14,2019-12-01,,,,,,0.6413709,0.4990275,0.49938095
C,MC1_94190,MC1,94190,0,594,0,2018-04-17,2019-12-01,,,,,,0.641507,0.5018433,0.5024494
C,MC1_94445,MC1,94445,0,594,0,2018-04-17,2019-12-01,,,,,,0.6418203,0.50213397,0.5027795
C,MC1_94532,MC1,94532,0,641,0,2018-03-01,2019-12-01,,,,,,0.64229494,0.5015117,0.49998105
C,MC1_94608,MC1,94608,0,656,0,2018-01-31,2019-11-17,,,,,,0.5232574,0.5062441,0.48934582
C,MC1_94623,MC1,94623,0,670,0,2018-01-31,2019-12-01,,,,,,0.5257775,0.5083401,0.49085295
C,MC1_9472,MC1,9472,0,670,0,2018-01-31,2019-12-01,,,,,,0.61851007,0.5152719,0.49643597
C,MC1_95081,MC1,95081,0,441,0,2018-02-14,2019-04-30,,,,,,0.6416859,0.49611574,0.5105875
C,MC1_95090,MC1,95090,0,670,0,2018-01-31,2019-12-01,,,,,,0.5209549,0.50347096,0.48599106
C,MC1_95146,MC1,95146,0,670,0,2018-01-31,2019-12-01,,,,,,0.528797,0.511884,0.4945379
C,MC1_95148,MC1,95148,0,670,0,2018-01-31,2019-12-01,,,,,,0.528797,0.5118841,0.49453947
C,MC1_95360,MC1,95360,0,670,0,2018-01-31,2019-12-01,,,,,,0.58119345,0.51397157,0.4960115
C,MC1_95587,MC1,95587,0,619,0,2018-03-23,2019-12-01,,,,,,0.6446656,0.51296353,0.50053954
C,MC1_95605,MC1,95605,0,670,0,2018-01-31,2019-12-01,,,,,,0.64323837,0.51730126,0.4969319
C,MC1_95608,MC1,95608,0,670,0,2018-01-31,2019-12-01,,,,,,0.64323837,0.5173012,0.4969319
C,MC1_95672,MC1,95672,1,614,30,2018-01-31,2019-10-06,2019-09-07,2019-10-06,0.5016306638717651,0.5001116394996643,0.5016306638717651,0.64274174,0.5196676,0.50011164
C,MC1_95716,MC1,95716,0,656,0,2018-01-31,2019-11-17,,,,,,0.5223246,0.50522095,0.4881283
C,MC1_95718,MC1,95718,0,656,0,2018-02-14,2019-12-01,,,,,,0.641886,0.4990255,0.4993874
C,MC1_9583,MC1,9583,0,670,0,2018-01-31,2019-12-01,,,,,,0.52041274,0.50292444,0.4854459
C,MC1_95852,MC1,95852,0,597,0,2018-04-14,2019-12-01,,,,,,0.6471705,0.50443935,0.50240064
C,MC1_95897,MC1,95897,0,593,0,2018-04-18,2019-12-01,,,,,,0.6417942,0.50406694,0.5023901
C,MC1_95958,MC1,95958,0,669,0,2018-02-01,2019-12-01,,,,,,0.5268227,0.5093455,0.49186507
C,MC1_9612,MC1,9612,0,460,0,2018-08-29,2019-12-01,,,,,,0.64277565,0.50155884,0.5093835
C,MC1_96232,MC1,96232,0,353,0,2018-09-05,2019-08-23,,,,,,0.51650304,0.5074838,0.49807706
C,MC1_96277,MC1,96277,0,592,0,2018-04-19,2019-12-01,,,,,,0.64382374,0.5022837,0.5026532
C,MC1_9628,MC1,9628,0,548,0,2018-06-02,2019-12-01,,,,,,0.64412665,0.50855374,0.5044442
C,MC1_9654,MC1,9654,0,670,0,2018-01-31,2019-12-01,,,,,,0.51868707,0.5012224,0.48384342
C,MC1_96686,MC1,96686,0,452,0,2018-09-06,2019-12-01,,,,,,0.6421786,0.5005717,0.5098465
C,MC1_96755,MC1,96755,0,425,0,2018-10-03,2019-12-01,,,,,,0.6456813,0.5057461,0.5111373
C,MC1_96779,MC1,96779,0,670,0,2018-01-31,2019-12-01,,,,,,0.5235455,0.5060721,0.48859584
C,MC1_97006,MC1,97006,0,670,0,2018-01-31,2019-12-01,,,,,,0.5227554,0.5052654,0.48778373
C,MC1_97044,MC1,97044,0,656,0,2018-01-31,2019-11-17,,,,,,0.52756464,0.51047695,0.49335617
C,MC1_97096,MC1,97096,0,152,0,2019-07-03,2019-12-01,,,,,,0.6458323,0.46474808,0.5255998
C,MC1_97229,MC1,97229,0,19,0,2019-11-13,2019-12-01,,,,,,3.5694395e-06,1.9739002e-07,3.5694395e-06
C,MC1_97535,MC1,97535,0,670,0,2018-01-31,2019-12-01,,,,,,0.5215083,0.504471,0.49122235
C,MC1_97557,MC1,97557,0,670,0,2018-01-31,2019-12-01,,,,,,0.53042114,0.51272225,0.49526182
C,MC1_97661,MC1,97661,1,587,30,2018-01-31,2019-09-09,2019-08-11,2019-09-09,0.502497673034668,0.500977635383606,0.502497673034668,0.6357206,0.5184589,0.50097764
C,MC1_97673,MC1,97673,1,522,29,2018-01-31,2019-07-06,2019-06-07,2019-07-06,0.5059041976928711,0.5043818950653076,0.5059041976928711,0.6357206,0.52042645,0.5043819
C,MC1_97757,MC1,97757,0,670,0,2018-01-31,2019-12-01,,,,,,0.52801186,0.5135279,0.4982664
C,MC1_97826,MC1,97826,0,670,0,2018-01-31,2019-12-01,,,,,,0.51849496,0.5010114,0.48354152
C,MC1_97967,MC1,97967,0,670,0,2018-01-31,2019-12-01,,,,,,0.51744264,0.49994645,0.4824746
C,MC1_97977,MC1,97977,0,670,0,2018-01-31,2019-12-01,,,,,,0.52807117,0.51102656,0.49370345
C,MC1_98009,MC1,98009,0,528,0,2018-06-22,2019-12-01,,,,,,0.64186245,0.50155735,0.5059267
C,MC1_98029,MC1,98029,0,414,0,2018-10-14,2019-12-01,,,,,,0.64375544,0.50199664,0.5120215
C,MC1_98108,MC1,98108,0,656,0,2018-01-31,2019-11-17,,,,,,0.52543277,0.45093513,0.0
C,MC1_98153,MC1,98153,0,670,0,2018-01-31,2019-12-01,,,,,,0.5235107,0.5060316,0.4885457
C,MC1_98303,MC1,98303,0,650,0,2018-02-20,2019-12-01,,,,,,0.6449341,0.5017078,0.49950066
C,MC1_98363,MC1,98363,0,451,0,2018-08-02,2019-10-26,,,,,,0.6425489,0.5016495,0.509825
C,MC1_98447,MC1,98447,0,501,0,2018-07-19,2019-12-01,,,,,,0.64302534,0.5073438,0.50697625
C,MC1_98702,MC1,98702,0,670,0,2018-01-31,2019-12-01,,,,,,0.5214588,0.50397164,0.48648968
C,MC1_98852,MC1,98852,0,433,0,2018-09-25,2019-12-01,,,,,,0.6430157,0.5459988,0.5095086
C,MC1_99021,MC1,99021,0,670,0,2018-01-31,2019-12-01,,,,,,0.5268256,0.50936276,0.49186885
C,MC1_99161,MC1,99161,0,670,0,2018-01-31,2019-12-01,,,,,,0.6428475,0.51204485,0.49810144
C,MC1_99209,MC1,99209,0,594,0,2018-04-17,2019-12-01,,,,,,0.6416726,0.50283384,0.5024272
C,MC1_99371,MC1,99371,0,564,0,2018-01-31,2019-08-17,,,,,,0.5236835,0.50897735,0.49425083
C,MC1_99390,MC1,99390,0,670,0,2018-01-31,2019-12-01,,,,,,0.5206008,0.50317043,0.4862222
C,MC1_99396,MC1,99396,0,670,0,2018-01-31,2019-12-01,,,,,,0.5206008,0.5031704,0.48622036
C,MC1_99513,MC1,99513,0,619,0,2018-03-23,2019-12-01,,,,,,0.6417779,0.51103836,0.50150126
C,MC1_99520,MC1,99520,0,670,0,2018-01-31,2019-12-01,,,,,,0.5273644,0.5099182,0.4924268
C,MC2_10074,MC2,10074,0,402,0,2018-10-26,2019-12-01,,,,,,0.64657587,0.49993357,0.5124649
C,MC2_10296,MC2,10296,1,295,25,2019-02-08,2019-11-29,2019-10-31,2019-11-29,0.519422709941864,0.5179235339164734,0.519422709941864,0.6422104,0.498821,0.51792353
C,MC2_10368,MC2,10368,0,515,0,2018-07-05,2019-12-01,,,,,,0.643543,0.50980854,0.5095028
C,MC2_10384,MC2,10384,0,557,0,2018-05-24,2019-12-01,,,,,,0.6423484,0.50276864,0.50511086
C,MC2_10490,MC2,10490,0,321,0,2019-01-15,2019-12-01,,,,,,0.6445116,0.48780057,0.5169764
C,MC2_10516,MC2,10516,0,404,0,2018-10-24,2019-12-01,,,,,,0.64600396,0.5137365,0.51178813
C,MC2_106,MC2,106,0,321,0,2019-01-15,2019-12-01,,,,,,0.644833,0.49931768,0.51660484
C,MC2_10903,MC2,10903,0,557,0,2018-05-24,2019-12-01,,,,,,0.64254594,0.5035614,0.5042818
C,MC2_10923,MC2,10923,0,321,0,2019-01-15,2019-12-01,,,,,,0.6456562,0.49493656,0.51675755
C,MC2_10955,MC2,10955,0,35,0,2019-02-07,2019-03-13,,,,,,0.6404133,0.2166037,0.6385973
C,MC2_11042,MC2,11042,0,558,0,2018-05-23,2019-12-01,,,,,,0.6426369,0.5026222,0.50426805
C,MC2_11431,MC2,11431,0,352,0,2018-12-15,2019-12-01,,,,,,0.6429042,0.5016581,0.51504856
C,MC2_11599,MC2,11599,0,433,0,2018-09-25,2019-12-01,,,,,,0.64369535,0.5155218,0.5101801
C,MC2_11691,MC2,11691,0,339,0,2018-12-28,2019-12-01,,,,,,0.6418774,0.500247,0.51564115
C,MC2_11772,MC2,11772,0,484,0,2018-07-22,2019-11-17,,,,,,0.6455831,0.51936954,0.5078351
C,MC2_11930,MC2,11930,0,664,0,2018-02-06,2019-12-01,,,,,,0.52520216,0.5078595,0.4905161
C,MC2_12038,MC2,12038,0,558,0,2018-05-23,2019-12-01,,,,,,0.6418203,0.5024069,0.5048187
C,MC2_12172,MC2,12172,0,374,0,2018-11-23,2019-12-01,,,,,,0.6464553,0.49990782,0.5140084
C,MC2_12178,MC2,12178,0,558,0,2018-05-23,2019-12-01,,,,,,0.643949,0.5024314,0.5045443
C,MC2_12255,MC2,12255,0,516,0,2018-04-27,2019-09-24,,,,,,0.6443766,0.5086338,0.50611377
C,MC2_12263,MC2,12263,1,407,29,2018-05-23,2019-07-03,2019-06-04,2019-07-03,0.5135498642921448,0.512032687664032,0.5135498642921448,0.642452,0.5036729,0.5120327
C,MC2_12312,MC2,12312,0,310,0,2019-01-26,2019-12-01,,,,,,0.64053714,0.4967359,0.5172193
C,MC2_12331,MC2,12331,0,514,0,2018-07-06,2019-12-01,,,,,,0.65301657,0.5434928,0.50619423
C,MC2_12399,MC2,12399,0,303,0,2019-02-02,2019-12-01,,,,,,0.64337146,0.507794,0.51737875
C,MC2_12531,MC2,12531,0,324,0,2019-01-12,2019-12-01,,,,,,0.64456004,0.49682748,0.5167685
C,MC2_12533,MC2,12533,0,451,0,2018-08-24,2019-11-17,,,,,,0.64338,0.50284404,0.5112749
C,MC2_12568,MC2,12568,0,664,0,2018-02-06,2019-12-01,,,,,,0.52637094,0.5090333,0.49169645
C,MC2_1260,MC2,1260,0,500,0,2018-07-20,2019-12-01,,,,,,0.64188737,0.5093784,0.50692236
C,MC2_12660,MC2,12660,0,189,0,2019-05-27,2019-12-01,,,,,,0.64946204,0.48919973,0.5234509
C,MC2_1272,MC2,1272,0,383,0,2018-11-14,2019-12-01,,,,,,0.64434385,0.4969061,0.5134782
C,MC2_12833,MC2,12833,0,424,0,2018-10-04,2019-12-01,,,,,,0.64495695,0.49517843,0.511529
C,MC2_13031,MC2,13031,0,383,0,2018-11-14,2019-12-01,,,,,,0.52805966,0.51953673,0.5100696
C,MC2_13119,MC2,13119,0,431,0,2018-09-27,2019-12-01,,,,,,0.633188,0.5230759,0.50903857
C,MC2_13180,MC2,13180,0,556,0,2018-05-25,2019-12-01,,,,,,0.64382493,0.50056344,0.50449765
C,MC2_13239,MC2,13239,0,664,0,2018-02-06,2019-12-01,,,,,,0.52482295,0.50747734,0.490135
C,MC2_13466,MC2,13466,0,330,0,2018-11-29,2019-10-24,,,,,,0.5291408,0.52126276,0.5126947
C,MC2_13478,MC2,13478,0,531,0,2018-06-19,2019-12-01,,,,,,0.6442774,0.5200594,0.504712
C,MC2_13536,MC2,13536,0,425,0,2018-10-03,2019-12-01,,,,,,0.64323395,0.5169047,0.5105209
C,MC2_13576,MC2,13576,0,439,0,2018-09-19,2019-12-01,,,,,,0.64530843,0.52419907,0.5094752
C,MC2_13878,MC2,13878,0,447,0,2018-09-11,2019-12-01,,,,,,0.64555633,0.49931517,0.5101738
C,MC2_13895,MC2,13895,0,311,0,2018-12-28,2019-11-03,,,,,,0.6420362,0.49623162,0.5171764
C,MC2_14080,MC2,14080,0,664,0,2018-02-06,2019-12-01,,,,,,0.5252628,0.5079207,0.49057627
C,MC2_14501,MC2,14501,0,404,0,2018-10-24,2019-12-01,,,,,,0.63329256,0.513434,0.51176715
C,MC2_14724,MC2,14724,0,492,0,2018-07-28,2019-12-01,,,,,,0.6432689,0.5033534,0.5076469
C,MC2_14803,MC2,14803,0,341,0,2018-12-26,2019-12-01,,,,,,0.6453325,0.50776947,0.51530325
C,MC2_14812,MC2,14812,0,542,0,2018-06-08,2019-12-01,,,,,,0.64347154,0.5028071,0.50515735
C,MC2_14863,MC2,14863,0,374,0,2018-11-23,2019-12-01,,,,,,0.64476705,0.52808017,0.51326346
C,MC2_14902,MC2,14902,0,483,0,2018-07-23,2019-11-17,,,,,,0.65206224,0.5053447,0.50815827
C,MC2_15088,MC2,15088,1,326,29,2018-10-06,2019-08-27,2019-07-29,2019-08-27,0.5174962878227234,0.5159785151481628,0.5174962878227234,0.6446034,0.51010364,0.5159785
C,MC2_15107,MC2,15107,0,527,0,2018-06-23,2019-12-01,,,,,,0.6417724,0.51124793,0.5075671
C,MC2_15129,MC2,15129,1,266,29,2018-09-25,2019-06-17,2019-05-19,2019-06-17,0.5204237103462219,0.5189036130905151,0.5204237103462219,0.64205784,0.5161692,0.5189036
C,MC2_15199,MC2,15199,0,281,0,2019-01-19,2019-10-26,,,,,,0.6444865,0.5306182,0.517096
C,MC2_15412,MC2,15412,0,633,0,2018-03-09,2019-12-01,,,,,,0.5242946,0.50769806,0.49115878
C,MC2_15498,MC2,15498,0,335,0,2018-12-18,2019-11-17,,,,,,0.643484,0.50241846,0.5157758
C,MC2_1553,MC2,1553,0,664,0,2018-02-06,2019-12-01,,,,,,0.5248314,0.50748396,0.4901412
C,MC2_15705,MC2,15705,0,69,0,2018-09-06,2018-11-13,,,,,,0.64498454,0.411563,0.52903503
C,MC2_15786,MC2,15786,0,432,0,2018-09-26,2019-12-01,,,,,,0.6429747,0.5011855,0.5111831
C,MC2_15800,MC2,15800,0,566,0,2018-05-01,2019-11-17,,,,,,0.6436178,0.5069292,0.5035896
C,MC2_15885,MC2,15885,0,528,0,2018-06-22,2019-12-01,,,,,,0.6428875,0.5023012,0.5063814
C,MC2_16096,MC2,16096,0,664,0,2018-02-06,2019-12-01,,,,,,0.5263456,0.50901175,0.4916767
C,MC2_16196,MC2,16196,0,295,0,2019-01-12,2019-11-02,,,,,,0.64182454,0.49595052,0.5179813
C,MC2_16433,MC2,16433,0,339,0,2018-12-28,2019-12-01,,,,,,0.64345676,0.49998608,0.51565874
C,MC2_16517,MC2,16517,0,439,0,2018-09-19,2019-12-01,,,,,,0.6446089,0.51482433,0.5098974
C,MC2_16604,MC2,16604,0,587,0,2018-04-24,2019-12-01,,,,,,0.64437515,0.50165904,0.5028005
C,MC2_16623,MC2,16623,0,382,0,2018-11-15,2019-12-01,,,,,,0.6418756,0.49973184,0.51339513
C,MC2_16739,MC2,16739,0,319,0,2019-01-17,2019-12-01,,,,,,0.6414458,0.5000292,0.5166592
C,MC2_16767,MC2,16767,0,368,0,2018-11-29,2019-12-01,,,,,,0.6422426,0.5127775,0.5136459
C,MC2_168,MC2,168,0,336,0,2018-12-02,2019-11-02,,,,,,0.6418706,0.5036691,0.5156553
C,MC2_16857,MC2,16857,0,320,0,2019-01-16,2019-12-01,,,,,,0.64652735,0.5015494,0.5165934
C,MC2_16895,MC2,16895,0,13,0,2019-11-19,2019-12-01,,,,,,1.1227358e-15,8.665627e-17,1.1227358e-15
C,MC2_17024,MC2,17024,0,391,0,2018-11-06,2019-12-01,,,,,,0.64526296,0.5155848,0.5123889
C,MC2_17047,MC2,17047,0,557,0,2018-05-24,2019-12-01,,,,,,0.64249164,0.50274324,0.5051152
C,MC2_17058,MC2,17058,0,545,0,2018-06-05,2019-12-01,,,,,,0.6423836,0.50539416,0.5047849
C,MC2_17306,MC2,17306,0,375,0,2018-11-22,2019-12-01,,,,,,0.64222974,0.49878773,0.51386184
C,MC2_17445,MC2,17445,0,431,0,2018-09-27,2019-12-01,,,,,,0.64134777,0.50155044,0.51088077
C,MC2_17549,MC2,17549,0,414,0,2018-10-14,2019-12-01,,,,,,0.64369047,0.4997535,0.51183397
C,MC2_17788,MC2,17788,0,590,0,2018-04-21,2019-12-01,,,,,,0.6444898,0.5111568,0.5020674
C,MC2_17864,MC2,17864,0,410,0,2018-10-18,2019-12-01,,,,,,0.645001,0.5056602,0.51180613
C,MC2_18444,MC2,18444,0,558,0,2018-05-23,2019-12-01,,,,,,0.64420193,0.5016394,0.5043129
C,MC2_18466,MC2,18466,0,495,0,2018-07-25,2019-12-01,,,,,,0.64364105,0.51364195,0.5069678
C,MC2_18478,MC2,18478,0,495,0,2018-07-25,2019-12-01,,,,,,0.643949,0.51409173,0.50694436
C,MC2_18517,MC2,18517,0,558,0,2018-05-23,2019-12-01,,,,,,0.64197224,0.5033029,0.50423974
C,MC2_18938,MC2,18938,0,444,0,2018-09-14,2019-12-01,,,,,,0.64305556,0.5021705,0.51019853
C,MC2_18947,MC2,18947,0,534,0,2018-06-16,2019-12-01,,,,,,0.6428104,0.51020455,0.50508773
C,MC2_18971,MC2,18971,0,101,0,2019-08-23,2019-12-01,,,,,,0.6405193,0.43864712,0.52811575
C,MC2_19195,MC2,19195,0,383,0,2018-11-14,2019-12-01,,,,,,0.5355144,0.5203114,0.51030535
C,MC2_19373,MC2,19373,0,152,0,2019-07-03,2019-12-01,,,,,,0.64151216,0.46500468,0.52556646
C,MC2_19402,MC2,19402,0,439,0,2018-09-19,2019-12-01,,,,,,0.52888775,0.44830105,0.5099745
C,MC2_19481,MC2,19481,0,374,0,2018-11-23,2019-12-01,,,,,,0.52756387,0.5178085,0.50805455
C,MC2_19563,MC2,19563,0,565,0,2018-05-16,2019-12-01,,,,,,0.6434341,0.5029787,0.51009387
C,MC2_19613,MC2,19613,0,637,0,2018-03-05,2019-12-01,,,,,,0.642274,0.50670135,0.4999367
C,MC2_19656,MC2,19656,0,545,0,2018-06-05,2019-12-01,,,,,,0.64496905,0.50910026,0.5045914
C,MC2_19671,MC2,19671,0,304,0,2019-02-01,2019-12-01,,,,,,0.5286766,0.5212184,0.5133222
C,MC2_19932,MC2,19932,0,415,0,2018-10-13,2019-12-01,,,,,,0.6446433,0.50184816,0.5117108
C,MC2_19973,MC2,19973,0,593,0,2018-04-18,2019-12-01,,,,,,0.6439497,0.50939703,0.5020154
C,MC2_19975,MC2,19975,0,339,0,2018-12-28,2019-12-01,,,,,,0.6467236,0.5006374,0.5156641
C,MC2_20008,MC2,20008,0,502,0,2018-07-18,2019-12-01,,,,,,0.658467,0.52673876,0.5097594
C,MC2_2001,MC2,2001,1,170,26,2018-06-05,2018-11-21,2018-10-23,2018-11-21,0.5260224342346191,0.5245316624641418,0.5260224342346191,0.65519834,0.4797963,0.52453166
C,MC2_2003,MC2,2003,0,310,0,2019-01-26,2019-12-01,,,,,,0.64144856,0.4971779,0.5172107
C,MC2_20141,MC2,20141,1,15,15,2018-09-25,2018-10-09,2018-09-25,2018-10-09,4.749307544460457e-11,0.6081653237342834,0.6081653237342834,0.6081653,0.23463112,0.6081653
C,MC2_2037,MC2,2037,0,452,0,2018-09-06,2019-12-01,,,,,,0.6443544,0.50269467,0.5102153
C,MC2_20387,MC2,20387,0,426,0,2018-10-02,2019-12-01,,,,,,0.6399342,0.4970522,0.511208
C,MC2_20525,MC2,20525,0,296,0,2019-01-12,2019-11-03,,,,,,0.6431769,0.49255908,0.5182281
C,MC2_20554,MC2,20554,0,197,0,2019-05-19,2019-12-01,,,,,,0.6561285,0.4724475,0.52338886
C,MC2_20579,MC2,20579,1,279,29,2018-12-20,2019-09-24,2019-08-26,2019-09-24,0.5199927687644958,0.5184754729270935,0.5199927687644958,0.6423753,0.50703937,0.5184755
C,MC2_20744,MC2,20744,0,341,0,2018-12-26,2019-12-01,,,,,,0.64616853,0.50714016,0.5153267
C,MC2_20875,MC2,20875,0,319,0,2019-01-17,2019-12-01,,,,,,0.6417203,0.4969333,0.5167639
C,MC2_20935,MC2,20935,0,499,0,2018-06-15,2019-10-26,,,,,,0.6418637,0.5017285,0.5078331
C,MC2_20963,MC2,20963,0,295,0,2019-01-12,2019-11-02,,,,,,0.64389485,0.49527568,0.51802176
C,MC2_21238,MC2,21238,0,562,0,2018-05-19,2019-12-01,,,,,,0.64106506,0.49762696,0.50419
C,MC2_21382,MC2,21382,0,341,0,2018-12-26,2019-12-01,,,,,,0.64186805,0.502932,0.5154476
C,MC2_21477,MC2,21477,0,565,0,2018-05-16,2019-12-01,,,,,,0.6427993,0.5017173,0.50399107
C,MC2_21663,MC2,21663,0,587,0,2018-04-24,2019-12-01,,,,,,0.64373124,0.5015798,0.5027891
C,MC2_2169,MC2,2169,0,650,0,2018-02-06,2019-11-17,,,,,,0.5252202,0.50824386,0.4912707
C,MC2_21930,MC2,21930,0,559,0,2018-05-22,2019-12-01,,,,,,0.6426251,0.50173485,0.5042717
C,MC2_21941,MC2,21941,0,262,0,2018-10-14,2019-07-02,,,,,,0.64665747,0.46901906,0.52111113
C,MC2_22065,MC2,22065,0,664,0,2018-02-06,2019-12-01,,,,,,0.61384726,0.5167902,0.49842888
C,MC2_22145,MC2,22145,0,5,0,2019-11-27,2019-12-01,,,,,,0.5248323,0.5247288,0.5246249
C,MC2_22159,MC2,22159,0,304,0,2019-02-01,2019-12-01,,,,,,0.55201983,0.523252,0.5147106
C,MC2_22492,MC2,22492,0,232,0,2018-10-14,2019-06-02,,,,,,0.646186,0.46231514,0.5219342
C,MC2_22499,MC2,22499,0,508,0,2018-07-12,2019-12-01,,,,,,0.6440649,0.51116425,0.5064157
C,MC2_22506,MC2,22506,0,351,0,2018-12-16,2019-12-01,,,,,,0.64481467,0.5020027,0.51498586
C,MC2_22563,MC2,22563,1,244,30,2018-09-22,2019-05-23,2019-04-24,2019-05-23,0.5222517848014832,0.5207307934761047,0.5222517848014832,0.6477436,0.49205297,0.5207308
C,MC2_22603,MC2,22603,1,112,29,2018-06-05,2018-09-24,2018-08-27,2018-09-24,0.5286781787872314,0.5273842811584473,0.5286781787872314,0.643041,0.46321297,0.5273843
C,MC2_22644,MC2,22644,0,422,0,2018-10-06,2019-12-01,,,,,,0.6424034,0.50847495,0.51105154
C,MC2_22845,MC2,22845,0,589,0,2018-04-22,2019-12-01,,,,,,0.643679,0.503305,0.5025905
C,MC2_23050,MC2,23050,0,447,0,2018-09-11,2019-12-01,,,,,,0.6418756,0.50064456,0.5101015
C,MC2_23352,MC2,23352,0,664,0,2018-02-06,2019-12-01,,,,,,0.5251971,0.5078547,0.4905099
C,MC2_23481,MC2,23481,0,321,0,2019-01-15,2019-12-01,,,,,,0.64404356,0.5007752,0.5165741
C,MC2_23530,MC2,23530,0,296,0,2019-01-26,2019-11-17,,,,,,0.64268947,0.50466484,0.51768804
C,MC2_23656,MC2,23656,0,401,0,2018-10-27,2019-12-01,,,,,,0.64385736,0.52198315,0.5116262
C,MC2_23725,MC2,23725,0,468,0,2018-08-21,2019-12-01,,,,,,0.6426885,0.50092584,0.5095421
C,MC2_2376,MC2,2376,0,325,0,2019-01-11,2019-12-01,,,,,,0.63944197,0.49563175,0.51728004
C,MC2_249,MC2,249,0,494,0,2018-07-26,2019-12-01,,,,,,0.6468887,0.5050973,0.5074889
C,MC2_2565,MC2,2565,0,562,0,2018-05-19,2019-12-01,,,,,,0.64280844,0.5213944,0.5028572
C,MC2_2584,MC2,2584,0,664,0,2018-02-06,2019-12-01,,,,,,0.5270192,0.5102285,0.49317542
C,MC2_2602,MC2,2602,0,544,0,2018-05-23,2019-11-17,,,,,,0.65016097,0.5025875,0.5051872
C,MC2_2824,MC2,2824,0,320,0,2019-01-16,2019-12-01,,,,,,0.6428111,0.4968563,0.516733
C,MC2_2853,MC2,2853,0,341,0,2018-12-02,2019-11-07,,,,,,0.64466125,0.5004902,0.5155373
C,MC2_2914,MC2,2914,0,349,0,2018-12-18,2019-12-01,,,,,,0.64185435,0.502989,0.5150399
C,MC2_3116,MC2,3116,0,351,0,2018-12-02,2019-11-17,,,,,,0.643094,0.5041634,0.5148976
C,MC2_3181,MC2,3181,0,341,0,2018-12-26,2019-12-01,,,,,,0.6417367,0.502662,0.51543987
C,MC2_3204,MC2,3204,0,478,0,2018-08-11,2019-12-01,,,,,,0.6437183,0.49349257,0.5089064
C,MC2_3267,MC2,3267,0,478,0,2018-08-11,2019-12-01,,,,,,0.62322205,0.4989455,0.5089377
C,MC2_3693,MC2,3693,0,664,0,2018-02-06,2019-12-01,,,,,,0.5265145,0.50972867,0.4926713
C,MC2_3933,MC2,3933,0,341,0,2018-12-26,2019-12-01,,,,,,0.6424464,0.50386244,0.5154124
C,MC2_3934,MC2,3934,0,415,0,2018-10-13,2019-12-01,,,,,,0.64481395,0.5019477,0.5117162
C,MC2_4021,MC2,4021,0,427,0,2018-10-01,2019-12-01,,,,,,0.65858823,0.506621,0.5113019
C,MC2_4131,MC2,4131,0,402,0,2018-10-26,2019-12-01,,,,,,0.64578485,0.49986425,0.51246345
C,MC2_4707,MC2,4707,0,319,0,2019-01-17,2019-12-01,,,,,,0.64196277,0.4967072,0.5167715
C,MC2_473,MC2,473,0,286,0,2019-02-19,2019-12-01,,,,,,0.6416212,0.52940243,0.51680857
C,MC2_4807,MC2,4807,0,370,0,2018-11-27,2019-12-01,,,,,,0.64026046,0.49734688,0.51415074
C,MC2_4832,MC2,4832,0,492,0,2018-07-28,2019-12-01,,,,,,0.64365584,0.50317776,0.50765294
C,MC2_4867,MC2,4867,0,522,0,2018-06-28,2019-12-01,,,,,,0.6445174,0.501403,0.50621164
C,MC2_5026,MC2,5026,1,134,26,2018-07-26,2018-12-06,2018-11-07,2018-12-06,0.52784663438797,0.5263675451278687,0.52784663438797,0.64835,0.4646161,0.52636755
C,MC2_5097,MC2,5097,0,436,0,2018-09-22,2019-12-01,,,,,,0.6448415,0.5010696,0.5106739
C,MC2_5144,MC2,5144,0,317,0,2019-01-19,2019-12-01,,,,,,0.6405227,0.49443993,0.5169377
C,MC2_5446,MC2,5446,0,461,0,2018-08-28,2019-12-01,,,,,,0.64369327,0.50161135,0.50934404
C,MC2_5597,MC2,5597,0,296,0,2019-01-12,2019-11-03,,,,,,0.6416888,0.49510276,0.5179583
C,MC2_5669,MC2,5669,0,664,0,2018-02-06,2019-12-01,,,,,,0.52713776,0.5098145,0.49247417
C,MC2_5705,MC2,5705,0,427,0,2018-10-01,2019-12-01,,,,,,0.6442718,0.5066018,0.51088977
C,MC2_5804,MC2,5804,0,214,0,2019-05-02,2019-12-01,,,,,,0.648146,0.48930517,0.5222861
C,MC2_6136,MC2,6136,0,312,0,2019-01-23,2019-11-30,,,,,,0.64036846,0.49255064,0.517184
C,MC2_6301,MC2,6301,0,457,0,2018-09-01,2019-12-01,,,,,,0.6441894,0.50287503,0.5102032
C,MC2_6380,MC2,6380,0,559,0,2018-05-22,2019-12-01,,,,,,0.64308596,0.5043012,0.5086105
C,MC2_6421,MC2,6421,0,566,0,2018-05-15,2019-12-01,,,,,,0.6426094,0.5020206,0.5039584
C,MC2_6428,MC2,6428,0,214,0,2018-09-05,2019-04-06,,,,,,0.6430831,0.49516442,0.5220542
C,MC2_655,MC2,655,0,416,0,2018-10-12,2019-12-01,,,,,,0.6517996,0.50073934,0.51187116
C,MC2_6649,MC2,6649,0,374,0,2018-11-23,2019-12-01,,,,,,0.64476997,0.5277599,0.51243734
C,MC2_6666,MC2,6666,0,593,0,2018-04-18,2019-12-01,,,,,,0.64396435,0.5091004,0.5020324
C,MC2_6870,MC2,6870,0,331,0,2019-01-05,2019-12-01,,,,,,0.63957477,0.49492693,0.51620996
C,MC2_695,MC2,695,0,439,0,2018-09-19,2019-12-01,,,,,,0.6473869,0.5017232,0.51087743
C,MC2_6950,MC2,6950,0,321,0,2019-01-15,2019-12-01,,,,,,0.6426607,0.49709722,0.51666456
C,MC2_6951,MC2,6951,0,429,0,2018-09-29,2019-12-01,,,,,,0.64512557,0.5020486,0.5109953
C,MC2_7237,MC2,7237,0,555,0,2018-05-26,2019-12-01,,,,,,0.6436989,0.50263727,0.5044143
C,MC2_7329,MC2,7329,0,323,0,2019-01-13,2019-12-01,,,,,,0.6446026,0.49620378,0.5166059
C,MC2_7330,MC2,7330,0,189,0,2019-05-27,2019-12-01,,,,,,0.64791787,0.48963818,0.5234367
C,MC2_7606,MC2,7606,0,446,0,2018-09-12,2019-12-01,,,,,,0.65636533,0.5020619,0.5103285
C,MC2_7682,MC2,7682,0,495,0,2018-07-25,2019-12-01,,,,,,0.64192957,0.49799356,0.50774455
C,MC2_7968,MC2,7968,0,323,0,2019-01-13,2019-12-01,,,,,,0.6483813,0.49733174,0.5167149
C,MC2_7973,MC2,7973,0,473,0,2018-08-16,2019-12-01,,,,,,0.64243716,0.5004725,0.508765
C,MC2_7996,MC2,7996,0,492,0,2018-07-28,2019-12-01,,,,,,0.64362967,0.52476984,0.5066297
C,MC2_8026,MC2,8026,0,171,0,2019-06-14,2019-12-01,,,,,,0.6541305,0.4537337,0.5249256
C,MC2_8085,MC2,8085,0,25,0,2018-12-18,2019-01-11,,,,,,0.6269192,0.17430626,0.6269192
C,MC2_8287,MC2,8287,0,450,0,2018-09-08,2019-12-01,,,,,,0.6441134,0.50255984,0.50990385
C,MC2_8784,MC2,8784,0,597,0,2018-04-14,2019-12-01,,,,,,0.6442699,0.5020803,0.50260127
C,MC2_9057,MC2,9057,0,544,0,2018-06-06,2019-12-01,,,,,,0.644432,0.50169295,0.50505155
C,MC2_9100,MC2,9100,0,377,0,2018-11-20,2019-12-01,,,,,,0.6418203,0.49939555,0.5137146
C,MC2_9260,MC2,9260,0,433,0,2018-09-25,2019-12-01,,,,,,0.6416904,0.51176226,0.51032597
C,MC2_9269,MC2,9269,0,514,0,2018-07-06,2019-12-01,,,,,,0.6422603,0.5010002,0.506649
C,MC2_9401,MC2,9401,0,391,0,2018-11-06,2019-12-01,,,,,,0.6397892,0.49634406,0.5131202
C,MC2_9542,MC2,9542,0,562,0,2018-05-19,2019-12-01,,,,,,0.65635735,0.4988289,0.5048971
