model,disk_id,drive_score,drive_label,n_final_windows,final_window_start,final_window_end
MC1,7,0.4943125247955322,0,30,2019-11-02,2019-12-01
MC1,15,0.4998774826526642,0,30,2019-11-02,2019-12-01
MC1,61,0.5107871294021606,0,30,2019-11-02,2019-12-01
MC1,161,0.494384765625,0,30,2019-11-02,2019-12-01
MC1,164,0.49438825249671936,0,30,2019-11-02,2019-12-01
MC1,223,0.49540022015571594,0,30,2019-10-03,2019-11-01
MC1,407,0.4906342923641205,0,30,2019-11-02,2019-12-01
MC1,431,0.4993090033531189,0,30,2019-11-02,2019-12-01
MC1,452,0.5247992873191833,0,30,2019-11-02,2019-12-01
MC1,565,0.48039811849594116,0,30,2019-11-02,2019-12-01
MC1,671,0.48705264925956726,0,30,2019-11-02,2019-12-01
MC1,703,0.5015028715133667,0,30,2019-11-02,2019-12-01
MC1,731,0.5024802684783936,0,30,2019-11-02,2019-12-01
MC1,770,0.5024828314781189,0,30,2019-11-02,2019-12-01
MC1,890,0.5123041868209839,1,30,2019-06-20,2019-07-19
MC1,1084,0.4804506003856659,0,30,2019-11-02,2019-12-01
MC1,1155,0.4966854453086853,0,30,2019-11-02,2019-12-01
MC1,1230,0.5171042084693909,0,30,2019-11-02,2019-12-01
MC1,1271,0.49390801787376404,0,30,2019-05-23,2019-06-21
MC1,1306,0.5068297982215881,0,30,2019-11-02,2019-12-01
MC1,1406,0.4997475743293762,0,30,2019-11-02,2019-12-01
MC1,1465,0.4830772876739502,0,30,2019-11-02,2019-12-01
MC1,1492,0.49115216732025146,0,30,2019-11-02,2019-12-01
MC1,1510,0.48534095287323,0,30,2019-11-02,2019-12-01
MC1,1637,0.4935871958732605,0,30,2019-11-02,2019-12-01
MC1,1854,0.5030972957611084,0,30,2019-11-02,2019-12-01
MC1,2032,0.4857648015022278,0,30,2019-11-02,2019-12-01
MC1,2624,0.5140444040298462,0,30,2018-12-27,2019-01-25
MC1,2835,0.49746423959732056,0,30,2019-11-02,2019-12-01
MC1,2891,0.4987422823905945,0,30,2019-11-02,2019-12-01
MC1,2925,0.5117900371551514,0,30,2019-11-02,2019-12-01
MC1,2977,0.49605220556259155,0,30,2019-11-02,2019-12-01
MC1,2990,0.49939051270484924,0,30,2019-11-02,2019-12-01
MC1,3188,0.5088018774986267,0,30,2019-11-02,2019-12-01
MC1,3300,0.5178591012954712,0,30,2019-11-02,2019-12-01
MC1,3341,0.494562029838562,0,30,2019-06-21,2019-07-20
MC1,3510,0.4965907633304596,0,30,2019-11-02,2019-12-01
MC1,3566,0.49397486448287964,0,30,2019-11-02,2019-12-01
MC1,3637,0.5043030381202698,0,30,2019-11-02,2019-12-01
MC1,3717,0.49729642271995544,0,30,2019-11-02,2019-12-01
MC1,3776,0.4965882897377014,0,30,2019-11-02,2019-12-01
MC1,3793,0.5180734395980835,0,30,2019-07-19,2019-08-17
MC1,3879,0.49712079763412476,0,30,2019-11-02,2019-12-01
MC1,3914,0.5114302039146423,0,30,2019-11-02,2019-12-01
MC1,4356,0.4960688650608063,1,30,2019-09-02,2019-10-01
MC1,4373,0.4870791733264923,0,30,2019-11-02,2019-12-01
MC1,4414,0.49168750643730164,0,30,2019-08-14,2019-09-12
MC1,4442,0.5032963752746582,0,30,2019-11-02,2019-12-01
MC1,4500,0.48616844415664673,0,30,2019-11-02,2019-12-01
MC1,4531,0.5027021765708923,0,30,2019-11-02,2019-12-01
MC1,4593,0.5070276856422424,0,30,2019-11-02,2019-12-01
MC1,4624,0.5042986273765564,0,30,2019-11-02,2019-12-01
MC1,4807,0.5072627067565918,0,30,2019-11-02,2019-12-01
MC1,5154,0.4905311167240143,0,30,2019-11-02,2019-12-01
MC1,5386,0.5059990882873535,0,30,2019-11-02,2019-12-01
MC1,5396,0.5032893419265747,1,30,2019-05-03,2019-06-01
MC1,5551,0.5404212474822998,0,30,2019-11-02,2019-12-01
MC1,5968,0.4963853061199188,0,30,2019-11-02,2019-12-01
MC1,6124,0.48371851444244385,0,30,2019-11-02,2019-12-01
MC1,6222,0.4991370439529419,0,30,2019-11-02,2019-12-01
MC1,6242,0.5041489005088806,0,30,2019-11-02,2019-12-01
MC1,6472,0.4933387041091919,0,30,2019-10-19,2019-11-17
MC1,6501,0.5096122622489929,0,30,2019-11-02,2019-12-01
MC1,6512,0.5070403814315796,0,30,2019-11-02,2019-12-01
MC1,6549,0.49735480546951294,0,30,2019-11-02,2019-12-01
MC1,6736,0.5029972791671753,0,30,2019-11-02,2019-12-01
MC1,6789,0.5159185528755188,0,30,2019-11-02,2019-12-01
MC1,6801,0.4985896944999695,0,30,2019-11-02,2019-12-01
MC1,6802,0.5005658268928528,0,30,2019-11-02,2019-12-01
MC1,7112,0.498929888010025,0,30,2019-11-02,2019-12-01
MC1,7209,0.5110718011856079,0,30,2019-11-02,2019-12-01
MC1,7246,0.4869128167629242,0,30,2019-11-02,2019-12-01
MC1,7251,0.49027517437934875,0,30,2019-11-02,2019-12-01
MC1,7298,0.5117514729499817,0,30,2019-11-02,2019-12-01
MC1,7425,0.5026633143424988,0,30,2019-10-19,2019-11-17
MC1,7447,0.5101439356803894,0,30,2019-11-02,2019-12-01
MC1,7498,0.495948851108551,0,30,2019-11-02,2019-12-01
MC1,7689,0.5078778266906738,0,30,2019-11-02,2019-12-01
MC1,7715,0.5052524209022522,0,30,2019-11-02,2019-12-01
MC1,7800,0.48413169384002686,0,30,2019-11-02,2019-12-01
MC1,7937,0.4975830912590027,0,30,2019-11-02,2019-12-01
MC1,8242,0.5185465216636658,0,30,2018-12-29,2019-01-27
MC1,8394,0.5045854449272156,0,30,2019-11-02,2019-12-01
MC1,8613,0.4924921989440918,0,30,2019-10-19,2019-11-17
MC1,8765,0.4923873245716095,0,30,2019-11-02,2019-12-01
MC1,8923,0.5025950074195862,0,30,2019-11-02,2019-12-01
MC1,9081,0.48252788186073303,0,30,2019-11-02,2019-12-01
MC1,9151,0.48832279443740845,0,30,2019-11-02,2019-12-01
MC1,9296,0.5091316103935242,0,30,2019-11-02,2019-12-01
MC1,9385,0.4869343042373657,0,30,2019-11-02,2019-12-01
MC1,9404,0.48592349886894226,0,30,2019-11-02,2019-12-01
MC1,9408,0.5022680163383484,0,30,2019-11-02,2019-12-01
MC1,9472,0.4964359700679779,0,30,2019-11-02,2019-12-01
MC1,9583,0.48544588685035706,0,30,2019-11-02,2019-12-01
MC1,9612,0.509383499622345,0,30,2019-11-02,2019-12-01
MC1,9628,0.5044441819190979,0,30,2019-11-02,2019-12-01
MC1,9654,0.4838434159755707,0,30,2019-11-02,2019-12-01
MC1,10033,0.48797014355659485,0,30,2019-11-02,2019-12-01
MC1,10141,0.5024088621139526,0,30,2019-11-02,2019-12-01
MC1,10271,0.5024843215942383,0,30,2019-11-02,2019-12-01
MC1,10333,0.5014987587928772,0,30,2019-11-02,2019-12-01
MC1,10385,0.4804491698741913,0,30,2019-11-02,2019-12-01
MC1,10596,0.48070114850997925,0,30,2019-11-02,2019-12-01
MC1,10607,0.49640774726867676,0,30,2019-11-02,2019-12-01
MC1,10610,0.48045963048934937,0,30,2019-11-02,2019-12-01
MC1,10719,0.5094534158706665,0,30,2019-11-02,2019-12-01
MC1,10746,0.49806737899780273,0,30,2019-11-02,2019-12-01
MC1,10831,0.49125513434410095,0,30,2019-11-02,2019-12-01
MC1,11218,0.4944359362125397,0,30,2019-11-02,2019-12-01
MC1,11227,0.4944359362125397,0,30,2019-11-02,2019-12-01
MC1,11348,0.4835406243801117,0,30,2019-11-02,2019-12-01
MC1,11394,0.5027954578399658,0,30,2019-10-19,2019-11-17
MC1,11397,0.5027948021888733,0,30,2019-10-19,2019-11-17
MC1,11500,0.4975787103176117,1,30,2019-09-01,2019-09-30
MC1,11615,0.492632657289505,0,30,2019-11-02,2019-12-01
MC1,11623,0.5094836950302124,0,30,2019-11-02,2019-12-01
MC1,11863,0.48783761262893677,0,30,2019-11-02,2019-12-01
MC1,11879,0.516413688659668,0,30,2019-11-02,2019-12-01
MC1,11948,0.4859235882759094,0,30,2019-11-02,2019-12-01
MC1,11968,0.4805135130882263,0,30,2019-11-02,2019-12-01
MC1,12022,0.49231648445129395,0,30,2019-11-02,2019-12-01
MC1,12045,0.49933165311813354,0,30,2019-11-02,2019-12-01
MC1,12120,0.4950164258480072,0,30,2019-11-02,2019-12-01
MC1,12610,0.49517831206321716,0,30,2019-11-02,2019-12-01
MC1,12779,0.4942272901535034,0,30,2019-11-02,2019-12-01
MC1,12988,0.4976882338523865,1,30,2019-09-19,2019-10-18
MC1,13015,0.5922070741653442,0,30,2018-08-19,2018-09-17
MC1,13138,0.4953325390815735,0,30,2019-10-03,2019-11-01
MC1,13139,0.4953346848487854,0,30,2019-10-03,2019-11-01
MC1,13174,0.49543124437332153,0,30,2019-11-02,2019-12-01
MC1,13400,0.5046451687812805,0,30,2019-11-02,2019-12-01
MC1,13584,0.5096811652183533,0,30,2019-11-02,2019-12-01
MC1,13670,0.5117206573486328,0,30,2019-11-02,2019-12-01
MC1,13730,0.49513494968414307,0,30,2019-11-02,2019-12-01
MC1,13773,0.489679753780365,0,30,2019-10-19,2019-11-17
MC1,13915,0.4989824891090393,0,30,2019-11-02,2019-12-01
MC1,14238,0.49728965759277344,0,30,2019-11-02,2019-12-01
MC1,14311,0.5158957242965698,1,30,2018-06-17,2018-07-16
MC1,14326,0.5020332932472229,0,30,2019-11-02,2019-12-01
MC1,14455,0.4854487180709839,0,30,2019-11-02,2019-12-01
MC1,14665,0.5173730254173279,0,30,2019-11-01,2019-11-30
MC1,14738,0.4918336272239685,0,30,2019-11-02,2019-12-01
MC1,14878,0.49569952487945557,0,30,2019-07-11,2019-08-09
MC1,14935,0.5080373287200928,0,30,2019-11-02,2019-12-01
MC1,15011,0.49154093861579895,0,30,2019-11-02,2019-12-01
MC1,15316,0.4919499158859253,0,30,2019-11-02,2019-12-01
MC1,15443,0.515081524848938,0,30,2019-11-02,2019-12-01
MC1,15604,0.4953087866306305,0,30,2019-11-02,2019-12-01
MC1,15990,0.49758026003837585,0,30,2019-11-02,2019-12-01
MC1,15991,0.49757954478263855,0,30,2019-11-02,2019-12-01
MC1,16194,0.5026454925537109,0,30,2019-11-02,2019-12-01
MC1,16261,0.49359095096588135,0,30,2019-11-02,2019-12-01
MC1,16269,0.5002031922340393,0,30,2019-11-02,2019-12-01
MC1,16532,0.4940453767776489,0,30,2019-09-03,2019-10-02
MC1,16571,0.4969421327114105,0,30,2019-11-02,2019-12-01
MC1,16625,0.4899650812149048,0,30,2019-08-18,2019-09-16
MC1,16672,0.4563901424407959,0,25,2019-11-07,2019-12-01
MC1,17713,0.49923428893089294,0,30,2019-11-02,2019-12-01
MC1,17895,0.515826404094696,0,30,2019-11-02,2019-12-01
MC1,18236,0.49644118547439575,0,30,2019-11-02,2019-12-01
MC1,18245,0.5124202966690063,0,30,2019-10-19,2019-11-17
MC1,18388,0.49746647477149963,0,30,2019-11-02,2019-12-01
MC1,18814,0.5024420022964478,0,30,2019-11-02,2019-12-01
MC1,18855,0.0,1,30,2019-11-03,2019-12-02
MC1,18898,0.49052441120147705,0,30,2019-11-02,2019-12-01
MC1,18955,0.4933512508869171,0,30,2019-11-02,2019-12-01
MC1,18970,0.5137314796447754,0,30,2019-11-02,2019-12-01
MC1,18986,0.5580507516860962,0,30,2019-11-02,2019-12-01
MC1,19001,0.5093919038772583,0,30,2019-11-02,2019-12-01
MC1,19026,0.5271145105361938,0,30,2019-11-02,2019-12-01
MC1,19266,0.49111664295196533,0,30,2019-11-02,2019-12-01
MC1,19339,0.49432173371315,0,30,2019-11-02,2019-12-01
MC1,19469,0.5098543167114258,0,30,2019-11-02,2019-12-01
MC1,19618,0.4903671145439148,1,30,2019-08-19,2019-09-17
MC1,19735,0.4962962567806244,0,30,2019-11-02,2019-12-01
MC1,19744,0.49513161182403564,0,30,2019-11-02,2019-12-01
MC1,19905,0.4982755780220032,0,30,2019-11-02,2019-12-01
MC1,19974,0.49861279129981995,0,30,2019-11-02,2019-12-01
MC1,20071,0.523315966129303,0,30,2019-11-02,2019-12-01
MC1,20123,0.5060110092163086,0,30,2019-11-02,2019-12-01
MC1,20147,0.4939559996128082,0,30,2019-05-23,2019-06-21
MC1,20151,0.504835844039917,0,30,2019-11-02,2019-12-01
MC1,20254,0.5000059604644775,0,30,2019-11-02,2019-12-01
MC1,20270,0.5065974593162537,0,30,2019-11-02,2019-12-01
MC1,20287,0.4870578944683075,0,30,2019-11-02,2019-12-01
MC1,20330,0.5036218762397766,0,30,2019-11-02,2019-12-01
MC1,20409,0.5100021362304688,1,30,2019-09-18,2019-10-17
MC1,20412,0.4950075149536133,0,30,2019-11-02,2019-12-01
MC1,20875,0.500773012638092,0,30,2019-11-02,2019-12-01
MC1,20881,0.4976681172847748,0,30,2019-11-02,2019-12-01
MC1,20884,0.4976681172847748,0,30,2019-11-02,2019-12-01
MC1,21009,0.0,0,30,2019-11-02,2019-12-01
MC1,21054,0.4981977641582489,0,30,2019-11-02,2019-12-01
MC1,21508,0.5070133805274963,0,30,2019-11-02,2019-12-01
MC1,21533,0.511750340461731,0,30,2019-11-02,2019-12-01
MC1,21553,0.5002021789550781,0,30,2019-11-02,2019-12-01
MC1,21629,0.5291896462440491,0,30,2019-11-02,2019-12-01
MC1,21688,0.4903981685638428,0,30,2019-11-02,2019-12-01
MC1,21865,0.5141199827194214,0,30,2019-11-02,2019-12-01
MC1,21902,0.5252946019172668,0,30,2019-11-02,2019-12-01
MC1,22244,0.496106892824173,0,30,2019-11-02,2019-12-01
MC1,22276,0.494006872177124,1,30,2019-10-16,2019-11-14
MC1,22407,0.4993869960308075,0,30,2019-11-02,2019-12-01
MC1,22415,0.5116071105003357,0,30,2019-11-02,2019-12-01
MC1,22491,0.5180636048316956,0,30,2019-11-02,2019-12-01
MC1,22561,0.4951479136943817,0,30,2019-11-02,2019-12-01
MC1,22794,0.4952663779258728,0,30,2019-11-02,2019-12-01
MC1,22853,0.5066172480583191,0,30,2019-08-11,2019-09-09
MC1,22952,0.4936761260032654,0,30,2019-11-02,2019-12-01
MC1,23142,0.4855227768421173,0,30,2019-11-02,2019-12-01
MC1,23652,0.49601057171821594,0,30,2019-11-02,2019-12-01
MC1,23704,0.4898924231529236,0,30,2019-10-19,2019-11-17
MC1,23760,0.4963492453098297,0,30,2019-11-02,2019-12-01
MC1,23814,0.49488818645477295,0,30,2019-11-02,2019-12-01
MC1,23879,0.497610479593277,0,30,2019-11-02,2019-12-01
MC1,24005,0.4804500639438629,0,30,2019-11-02,2019-12-01
MC1,24066,0.5101177096366882,0,30,2019-11-02,2019-12-01
MC1,24156,0.4893631339073181,0,30,2019-11-02,2019-12-01
MC1,24441,0.4825235903263092,0,30,2019-11-02,2019-12-01
MC1,24449,0.4825235903263092,0,30,2019-11-02,2019-12-01
MC1,24464,0.5099785327911377,0,30,2019-11-02,2019-12-01
MC1,24486,0.4984368085861206,0,30,2019-11-02,2019-12-01
MC1,24500,0.48566097021102905,0,30,2019-11-02,2019-12-01
MC1,24608,0.4920639097690582,0,30,2019-11-02,2019-12-01
MC1,24622,0.48735910654067993,0,30,2019-11-02,2019-12-01
MC1,24864,0.48834916949272156,0,30,2019-11-02,2019-12-01
MC1,25065,0.4996052384376526,0,30,2019-11-02,2019-12-01
MC1,25115,0.49141693115234375,0,30,2019-11-02,2019-12-01
MC1,25298,0.5021370649337769,0,30,2019-11-02,2019-12-01
MC1,25453,0.49438005685806274,0,30,2019-11-02,2019-12-01
MC1,25542,0.48540911078453064,0,30,2019-11-02,2019-12-01
MC1,25674,0.4960377812385559,0,30,2019-11-02,2019-12-01
MC1,25788,0.490058958530426,0,30,2019-11-02,2019-12-01
MC1,26006,0.5076462626457214,0,30,2019-02-21,2019-03-22
MC1,26050,0.4912704527378082,0,30,2019-10-19,2019-11-17
MC1,26408,0.49939194321632385,0,30,2019-11-02,2019-12-01
MC1,26562,0.49639835953712463,0,30,2019-11-02,2019-12-01
MC1,26603,0.4882025718688965,0,30,2019-10-19,2019-11-17
MC1,26675,0.504222571849823,0,30,2019-11-02,2019-12-01
MC1,26861,0.4978199601173401,0,30,2019-11-02,2019-12-01
MC1,26939,0.4946008324623108,1,30,2019-07-05,2019-08-03
MC1,27259,0.5095569491386414,0,30,2019-11-02,2019-12-01
MC1,27270,0.48764047026634216,0,30,2019-11-02,2019-12-01
MC1,27362,0.4937483072280884,0,30,2019-11-02,2019-12-01
MC1,27567,0.4953797459602356,0,30,2019-11-02,2019-12-01
MC1,28010,0.4895753860473633,1,30,2019-09-19,2019-10-18
MC1,28134,0.512487530708313,0,30,2019-10-19,2019-11-17
MC1,28395,0.49800941348075867,0,30,2019-11-02,2019-12-01
MC1,28567,0.504453182220459,0,30,2019-11-02,2019-12-01
MC1,28602,0.49642738699913025,0,30,2019-11-02,2019-12-01
MC1,28786,0.48593375086784363,0,30,2019-11-02,2019-12-01
MC1,28805,0.48369866609573364,0,30,2019-11-02,2019-12-01
MC1,28827,0.5106014013290405,0,30,2019-11-02,2019-12-01
MC1,28894,0.5093926191329956,0,30,2019-11-02,2019-12-01
MC1,29237,0.4936622381210327,0,30,2019-10-19,2019-11-17
MC1,29284,0.49356383085250854,0,30,2019-11-02,2019-12-01
MC1,29310,0.5069352388381958,0,30,2019-11-02,2019-12-01
MC1,29397,0.4936591684818268,0,30,2019-11-02,2019-12-01
MC1,29517,0.5095306634902954,0,30,2019-11-02,2019-12-01
MC1,29533,0.510803759098053,0,30,2019-11-02,2019-12-01
MC1,29595,0.49234479665756226,0,30,2019-11-02,2019-12-01
MC1,29704,0.5105828642845154,0,30,2019-11-02,2019-12-01
MC1,29725,0.48040318489074707,0,30,2019-11-02,2019-12-01
MC1,29738,0.48833268880844116,0,30,2019-11-02,2019-12-01
MC1,29780,0.5041130185127258,1,30,2019-05-17,2019-06-15
MC1,29823,0.5193561315536499,0,30,2019-11-02,2019-12-01
MC1,29955,0.5044553875923157,0,30,2019-11-02,2019-12-01
MC1,29990,0.5086587071418762,0,30,2019-11-02,2019-12-01
MC1,30167,0.4806152284145355,0,30,2019-11-02,2019-12-01
MC1,30494,0.4890074133872986,0,30,2019-11-02,2019-12-01
MC1,30578,0.5055198669433594,0,30,2019-11-02,2019-12-01
MC1,30688,0.5119028091430664,0,30,2019-11-02,2019-12-01
MC1,30860,0.5046051144599915,0,30,2019-11-02,2019-12-01
MC1,31067,0.49526169896125793,0,30,2019-11-02,2019-12-01
MC1,31192,0.5137092471122742,1,30,2019-06-27,2019-07-26
MC1,31334,0.48782485723495483,0,30,2019-11-02,2019-12-01
MC1,31576,0.49645909667015076,0,30,2019-11-02,2019-12-01
MC1,32070,0.4950476288795471,0,30,2019-11-02,2019-12-01
MC1,32081,0.4988290071487427,0,30,2019-11-02,2019-12-01
MC1,32083,0.487255722284317,0,30,2019-11-02,2019-12-01
MC1,32090,0.48725390434265137,0,30,2019-11-02,2019-12-01
MC1,32183,0.49779167771339417,0,30,2019-11-02,2019-12-01
MC1,32231,0.4869575798511505,0,30,2019-11-02,2019-12-01
MC1,32330,0.4869583249092102,0,30,2019-11-02,2019-12-01
MC1,32442,0.4919072091579437,0,30,2019-08-23,2019-09-21
MC1,33062,0.4949151575565338,0,30,2019-11-02,2019-12-01
MC1,33112,0.48539426922798157,0,30,2019-11-02,2019-12-01
MC1,33114,0.48539426922798157,0,30,2019-11-02,2019-12-01
MC1,33250,0.5166987776756287,0,30,2019-11-02,2019-12-01
MC1,33306,0.4859766364097595,0,30,2019-11-02,2019-12-01
MC1,33502,0.48925718665122986,0,30,2019-11-02,2019-12-01
MC1,33649,0.48990532755851746,0,30,2019-11-02,2019-12-01
MC1,33766,0.5068328976631165,0,30,2019-11-02,2019-12-01
MC1,33821,0.5175938010215759,0,30,2019-11-01,2019-11-30
MC1,33927,0.4875684380531311,0,30,2019-11-02,2019-12-01
MC1,33960,0.49925628304481506,0,30,2019-11-02,2019-12-01
MC1,34115,0.48092857003211975,0,30,2019-11-02,2019-12-01
MC1,34298,0.5113579034805298,0,30,2019-02-07,2019-03-08
MC1,34393,0.5033551454544067,0,30,2019-08-13,2019-09-11
MC1,34484,0.5138779282569885,0,30,2019-10-19,2019-11-17
MC1,34611,0.632813036441803,0,30,2019-11-02,2019-12-01
MC1,35048,0.5029349327087402,0,30,2019-11-02,2019-12-01
MC1,35196,0.49913308024406433,0,30,2019-11-02,2019-12-01
MC1,35403,0.4922361671924591,0,30,2019-10-19,2019-11-17
MC1,35487,0.5283133387565613,0,30,2018-03-22,2018-04-20
MC1,35590,0.49518147110939026,0,30,2019-11-02,2019-12-01
MC1,35629,0.49111852049827576,0,30,2019-11-02,2019-12-01
MC1,35648,1.526318695540971e-16,0,13,2019-11-19,2019-12-01
MC1,35679,0.5119338631629944,0,30,2019-11-02,2019-12-01
MC1,35682,0.5119326114654541,0,30,2019-11-02,2019-12-01
MC1,36019,0.5110247731208801,0,30,2019-11-02,2019-12-01
MC1,36256,0.48308005928993225,0,30,2019-11-02,2019-12-01
MC1,36288,0.49733975529670715,0,30,2019-11-02,2019-12-01
MC1,36332,0.5044540762901306,0,30,2019-11-02,2019-12-01
MC1,36392,0.49437037110328674,0,30,2019-11-02,2019-12-01
MC1,36474,0.4953005313873291,0,30,2019-11-02,2019-12-01
MC1,36562,0.4972858130931854,0,30,2019-11-02,2019-12-01
MC1,36576,0.5069672465324402,0,30,2019-11-02,2019-12-01
MC1,36833,0.4826202094554901,0,30,2019-11-02,2019-12-01
MC1,36912,0.4972875118255615,0,30,2019-11-02,2019-12-01
MC1,36924,0.49388134479522705,0,30,2019-11-02,2019-12-01
MC1,36943,0.48044976592063904,0,30,2019-11-02,2019-12-01
MC1,36996,0.4981028437614441,0,30,2019-11-02,2019-12-01
MC1,37117,0.5260586738586426,0,30,2019-11-02,2019-12-01
MC1,37217,0.48252764344215393,0,30,2019-11-02,2019-12-01
MC1,37272,0.4966190457344055,0,30,2019-11-02,2019-12-01
MC1,37432,0.5022101998329163,0,30,2019-11-02,2019-12-01
MC1,37443,0.5022101998329163,0,30,2019-11-02,2019-12-01
MC1,37552,0.5156293511390686,0,30,2019-11-02,2019-12-01
MC1,37567,0.5068432688713074,0,30,2019-11-02,2019-12-01
MC1,37617,0.4908020496368408,0,30,2019-11-02,2019-12-01
MC1,37626,0.49625635147094727,0,30,2019-11-02,2019-12-01
MC1,37686,0.4852457344532013,0,30,2019-11-02,2019-12-01
MC1,37757,0.4940144121646881,0,30,2019-11-02,2019-12-01
MC1,37792,0.49684202671051025,0,30,2019-11-02,2019-12-01
MC1,37817,0.5179880261421204,0,30,2019-11-02,2019-12-01
MC1,37818,0.5179880261421204,0,30,2019-11-02,2019-12-01
MC1,37844,0.48919373750686646,0,30,2019-11-02,2019-12-01
MC1,37951,0.48575878143310547,0,30,2019-11-02,2019-12-01
MC1,38078,0.488721638917923,0,30,2019-11-02,2019-12-01
MC1,38154,0.4919753074645996,0,30,2019-11-02,2019-12-01
MC1,38413,0.5036148428916931,0,30,2019-11-02,2019-12-01
MC1,38424,0.5061729550361633,0,30,2019-11-02,2019-12-01
MC1,38459,0.49314677715301514,0,30,2019-11-02,2019-12-01
MC1,38613,0.4902587831020355,0,30,2019-11-02,2019-12-01
MC1,38672,0.4923247992992401,0,30,2019-11-02,2019-12-01
MC1,38754,0.5010977387428284,0,30,2019-11-02,2019-12-01
MC1,38856,0.5050410032272339,0,30,2019-10-19,2019-11-17
MC1,38882,0.49381643533706665,0,30,2019-11-02,2019-12-01
MC1,39085,0.4951963424682617,0,30,2019-11-02,2019-12-01
MC1,39090,0.5098697543144226,0,30,2019-11-02,2019-12-01
MC1,39109,0.49053463339805603,0,30,2019-11-02,2019-12-01
MC1,39159,0.4924401044845581,0,30,2019-11-02,2019-12-01
MC1,39299,0.4869832694530487,0,30,2019-11-02,2019-12-01
MC1,39349,0.4998658001422882,1,30,2019-09-25,2019-10-24
MC1,39381,0.48966139554977417,0,30,2019-11-02,2019-12-01
MC1,39514,0.48384541273117065,0,30,2019-11-02,2019-12-01
MC1,39659,0.49334248900413513,0,30,2019-11-02,2019-12-01
MC1,39662,0.5101245045661926,0,30,2019-10-19,2019-11-17
MC1,39712,0.5094090700149536,0,30,2019-11-02,2019-12-01
MC1,39771,0.5005258321762085,0,30,2019-11-02,2019-12-01
MC1,39823,0.49109703302383423,0,30,2019-11-02,2019-12-01
MC1,39898,0.5187967419624329,1,30,2018-04-04,2018-05-03
MC1,40011,0.4852403998374939,0,30,2019-11-02,2019-12-01
MC1,40387,0.4976513385772705,0,30,2019-11-02,2019-12-01
MC1,40475,0.49806877970695496,0,30,2019-11-02,2019-12-01
MC1,40748,0.4989417493343353,0,30,2019-11-02,2019-12-01
MC1,40819,0.4960900545120239,0,30,2019-11-02,2019-12-01
MC1,41055,0.528679609298706,0,30,2019-11-02,2019-12-01
MC1,41083,0.49746188521385193,0,30,2019-11-02,2019-12-01
MC1,41145,0.4896261394023895,1,30,2019-08-21,2019-09-19
MC1,41274,0.4923238754272461,0,30,2019-11-02,2019-12-01
MC1,41434,0.482748806476593,0,30,2019-11-02,2019-12-01
MC1,41704,0.4804011285305023,0,30,2019-11-02,2019-12-01
MC1,41723,0.49348002672195435,0,30,2019-11-02,2019-12-01
MC1,42036,0.4973827004432678,0,30,2019-11-02,2019-12-01
MC1,42093,0.5069608092308044,0,30,2019-11-02,2019-12-01
MC1,42416,0.5142145156860352,0,30,2019-10-19,2019-11-17
MC1,42619,0.5045000910758972,0,30,2019-11-02,2019-12-01
MC1,42812,0.5154228806495667,0,30,2019-11-02,2019-12-01
MC1,42880,0.495212584733963,0,30,2019-11-02,2019-12-01
MC1,42907,0.48454421758651733,0,30,2019-10-19,2019-11-17
MC1,42972,0.5923649668693542,0,30,2019-11-02,2019-12-01
MC1,43585,0.498029887676239,0,30,2019-11-02,2019-12-01
MC1,43640,0.4926469027996063,0,30,2019-11-02,2019-12-01
MC1,43734,0.48571017384529114,0,30,2019-11-02,2019-12-01
MC1,43761,0.5117751359939575,0,30,2019-11-02,2019-12-01
MC1,43865,0.5068276524543762,0,30,2019-11-02,2019-12-01
MC1,44028,0.4950648844242096,0,30,2019-08-13,2019-09-11
MC1,44075,0.4984027147293091,1,30,2019-08-21,2019-09-19
MC1,44347,0.4965944290161133,0,30,2019-11-02,2019-12-01
MC1,44477,0.5020368099212646,0,30,2019-11-02,2019-12-01
MC1,44532,0.4881725013256073,0,30,2019-11-02,2019-12-01
MC1,44545,0.48353761434555054,0,30,2019-11-02,2019-12-01
MC1,44554,0.5069118738174438,0,30,2019-11-02,2019-12-01
MC1,44636,0.5024475455284119,0,30,2019-11-02,2019-12-01
MC1,44640,0.48809531331062317,0,30,2019-11-02,2019-12-01
MC1,44662,0.49322986602783203,0,30,2019-10-19,2019-11-17
MC1,44755,0.5286816358566284,0,30,2019-11-02,2019-12-01
MC1,45052,0.5231754779815674,0,30,2019-11-02,2019-12-01
MC1,45121,0.48856884241104126,0,30,2019-10-19,2019-11-17
MC1,45151,0.4965647757053375,1,30,2019-05-14,2019-06-12
MC1,45332,0.5035213232040405,0,30,2019-11-02,2019-12-01
MC1,45435,0.511797308921814,0,30,2019-11-02,2019-12-01
MC1,45447,0.5000457167625427,0,30,2019-10-19,2019-11-17
MC1,45570,0.4951229691505432,0,30,2019-11-02,2019-12-01
MC1,45590,0.506050705909729,0,30,2019-11-02,2019-12-01
MC1,45885,0.49365708231925964,0,30,2019-11-02,2019-12-01
MC1,45930,0.5098307132720947,0,30,2019-11-02,2019-12-01
MC1,46013,0.48567435145378113,0,30,2019-11-02,2019-12-01
MC1,46050,0.506977379322052,0,30,2019-11-02,2019-12-01
MC1,46320,0.5171239972114563,0,30,2019-11-02,2019-12-01
MC1,46618,0.5037030577659607,0,30,2019-11-02,2019-12-01
MC1,46750,0.4903128743171692,0,30,2019-09-28,2019-10-27
MC1,46776,0.49133220314979553,0,30,2019-11-02,2019-12-01
MC1,46806,0.49540629982948303,0,30,2019-11-02,2019-12-01
MC1,46899,0.4956938922405243,0,30,2019-11-02,2019-12-01
MC1,47080,0.5065211653709412,0,30,2019-11-02,2019-12-01
MC1,47118,0.5235809087753296,1,30,2018-10-19,2018-11-17
MC1,47131,0.5022135376930237,0,30,2019-11-02,2019-12-01
MC1,47217,0.5101529955863953,0,30,2019-11-02,2019-12-01
MC1,47321,0.49683311581611633,0,30,2019-11-02,2019-12-01
MC1,47403,0.49694833159446716,0,30,2019-11-02,2019-12-01
MC1,47519,0.48848167061805725,0,30,2019-11-02,2019-12-01
MC1,47705,0.5161437392234802,0,30,2019-02-09,2019-03-10
MC1,47914,0.49186915159225464,0,30,2019-11-02,2019-12-01
MC1,47961,0.4965568482875824,0,30,2019-11-02,2019-12-01
MC1,48028,0.4970851540565491,0,30,2019-11-02,2019-12-01
MC1,48376,0.5020491480827332,0,30,2019-11-02,2019-12-01
MC1,48460,0.4984827935695648,1,30,2019-04-27,2019-05-26
MC1,48846,0.48538938164711,0,30,2019-11-02,2019-12-01
MC1,48924,0.49328485131263733,0,30,2019-11-02,2019-12-01
MC1,49247,0.48044511675834656,0,30,2019-11-02,2019-12-01
MC1,49359,0.49324795603752136,0,30,2019-11-02,2019-12-01
MC1,49445,0.4865129590034485,0,30,2019-11-02,2019-12-01
MC1,49560,0.5104525089263916,0,30,2019-11-02,2019-12-01
MC1,49824,0.5065943598747253,0,30,2019-11-02,2019-12-01
MC1,49840,0.4968830347061157,0,30,2019-11-02,2019-12-01
MC1,50067,0.5082820653915405,0,30,2019-11-02,2019-12-01
MC1,50153,0.5167551040649414,0,30,2019-11-02,2019-12-01
MC1,50184,0.5025003552436829,0,30,2019-11-02,2019-12-01
MC1,50204,0.4991716742515564,0,30,2019-11-02,2019-12-01
MC1,50382,0.5119587182998657,0,30,2019-11-02,2019-12-01
MC1,50481,0.49300992488861084,0,30,2019-11-02,2019-12-01
MC1,50547,0.501829981803894,0,30,2019-11-02,2019-12-01
MC1,50698,0.5171168446540833,0,30,2019-11-02,2019-12-01
MC1,50774,0.5021172761917114,0,30,2019-11-02,2019-12-01
MC1,50881,0.48725634813308716,0,30,2019-11-02,2019-12-01
MC1,51044,0.491860955953598,0,30,2019-11-02,2019-12-01
MC1,51262,0.49018165469169617,0,30,2019-11-02,2019-12-01
MC1,51275,0.4963873028755188,0,30,2019-11-02,2019-12-01
MC1,51764,0.49109673500061035,0,30,2019-11-02,2019-12-01
MC1,51839,0.4989914894104004,0,30,2019-10-19,2019-11-17
MC1,51880,0.5104557871818542,0,30,2019-11-02,2019-12-01
MC1,52183,0.48616674542427063,0,30,2019-11-02,2019-12-01
MC1,52253,0.5091241002082825,1,30,2018-12-29,2019-01-27
MC1,52381,0.4856531322002411,0,30,2019-11-02,2019-12-01
MC1,52637,0.4870471656322479,0,30,2019-11-02,2019-12-01
MC1,52697,0.5021867156028748,0,30,2019-11-02,2019-12-01
MC1,52757,0.4960068166255951,0,30,2019-11-02,2019-12-01
MC1,52760,0.4859806299209595,0,30,2019-11-02,2019-12-01
MC1,52895,0.4858860671520233,0,30,2019-11-02,2019-12-01
MC1,53012,0.4944285452365875,0,30,2019-11-02,2019-12-01
MC1,53032,0.5117797255516052,0,30,2019-11-02,2019-12-01
MC1,53585,0.4824753999710083,0,30,2019-11-02,2019-12-01
MC1,53710,0.49840548634529114,0,30,2019-10-19,2019-11-17
MC1,53755,0.48545533418655396,0,30,2019-11-02,2019-12-01
MC1,53872,0.5030408501625061,0,30,2019-11-02,2019-12-01
MC1,54097,0.4942956268787384,0,30,2019-09-04,2019-10-03
MC1,54274,0.4865194261074066,0,30,2019-11-02,2019-12-01
MC1,54311,0.49035975337028503,0,30,2019-11-02,2019-12-01
MC1,54429,0.49762287735939026,0,30,2019-11-02,2019-12-01
MC1,54575,0.49807173013687134,0,30,2019-11-02,2019-12-01
MC1,54771,0.4949225187301636,0,30,2019-11-02,2019-12-01
MC1,55120,0.4984152615070343,1,30,2019-05-05,2019-06-03
MC1,55253,0.5044552683830261,0,30,2019-11-02,2019-12-01
MC1,55451,0.5034436583518982,0,30,2019-11-02,2019-12-01
MC1,55617,0.48361045122146606,0,30,2019-11-02,2019-12-01
MC1,56022,0.0,0,30,2019-11-02,2019-12-01
MC1,56093,0.4839835464954376,1,30,2019-09-13,2019-10-12
MC1,56521,0.4946269392967224,0,30,2019-11-02,2019-12-01
MC1,56924,0.5136978030204773,0,30,2019-11-02,2019-12-01
MC1,57025,0.49683088064193726,0,30,2019-11-02,2019-12-01
MC1,57068,0.5037034749984741,0,30,2019-11-02,2019-12-01
MC1,57174,0.5146416425704956,0,30,2019-11-02,2019-12-01
MC1,57377,0.49190977215766907,0,30,2019-10-19,2019-11-17
MC1,57424,0.49403515458106995,0,30,2019-11-02,2019-12-01
MC1,57434,0.5134508609771729,0,30,2019-11-02,2019-12-01
MC1,57600,0.4837934076786041,0,30,2019-11-02,2019-12-01
MC1,57878,0.48306939005851746,0,30,2019-11-02,2019-12-01
MC1,57953,0.49595755338668823,0,30,2019-11-02,2019-12-01
MC1,58013,0.5126322507858276,1,30,2019-10-26,2019-11-24
MC1,58321,0.6372511982917786,0,30,2019-08-29,2019-09-27
MC1,58323,0.4941326975822449,0,30,2019-08-29,2019-09-27
MC1,59010,0.5227991342544556,0,30,2018-08-20,2018-09-18
MC1,59127,0.49892622232437134,0,30,2019-11-02,2019-12-01
MC1,59201,3.099806008936574e-16,0,13,2019-11-19,2019-12-01
MC1,59393,0.5066637992858887,0,30,2019-11-02,2019-12-01
MC1,59576,0.504305899143219,0,30,2019-11-02,2019-12-01
MC1,59636,0.5110284090042114,0,30,2019-11-02,2019-12-01
MC1,59665,0.4926445186138153,0,30,2019-11-02,2019-12-01
MC1,59670,0.4926457405090332,0,30,2019-11-02,2019-12-01
MC1,59846,0.48542943596839905,0,30,2019-11-02,2019-12-01
MC1,59963,0.4876275658607483,0,30,2019-11-02,2019-12-01
MC1,60156,0.48839136958122253,0,30,2019-11-02,2019-12-01
MC1,60264,0.4965858459472656,0,30,2019-11-02,2019-12-01
MC1,60319,0.5112360119819641,0,30,2019-11-02,2019-12-01
MC1,60533,0.48364317417144775,0,30,2019-11-02,2019-12-01
MC1,60549,8.126364509388726e-19,0,12,2019-11-20,2019-12-01
MC1,60595,0.497604101896286,0,30,2019-11-02,2019-12-01
MC1,60693,0.50238037109375,1,30,2019-06-17,2019-07-16
MC1,61157,0.49383360147476196,0,30,2019-09-04,2019-10-03
MC1,61201,0.4924485981464386,1,30,2019-10-16,2019-11-14
MC1,61229,0.49685925245285034,0,30,2019-11-02,2019-12-01
MC1,61400,0.4973936676979065,0,30,2019-10-19,2019-11-17
MC1,61485,0.5022034049034119,0,30,2019-11-02,2019-12-01
MC1,61565,0.5045821666717529,0,30,2019-11-02,2019-12-01
MC1,61667,0.49766090512275696,0,30,2019-11-02,2019-12-01
MC1,61671,0.4984891414642334,1,30,2019-10-17,2019-11-15
MC1,61729,0.48076826333999634,0,30,2019-11-02,2019-12-01
MC1,61902,0.49009969830513,0,30,2019-11-02,2019-12-01
MC1,61926,0.4832417964935303,0,30,2019-11-02,2019-12-01
MC1,62491,0.49530228972435,0,30,2019-11-02,2019-12-01
MC1,62564,0.49383819103240967,0,30,2019-11-02,2019-12-01
MC1,62812,0.0,0,30,2019-11-02,2019-12-01
MC1,63232,2.8316510250142117e-36,0,30,2019-10-19,2019-11-17
MC1,63322,0.49985358119010925,0,30,2019-11-02,2019-12-01
MC1,63385,0.5046838521957397,0,30,2019-11-02,2019-12-01
MC1,63553,0.5138793587684631,0,30,2019-11-02,2019-12-01
MC1,63770,0.5012727975845337,0,30,2019-06-17,2019-07-16
MC1,63847,0.5059840083122253,0,30,2019-11-02,2019-12-01
MC1,63892,0.4980016052722931,0,30,2019-11-02,2019-12-01
MC1,63999,0.4806036651134491,0,30,2019-11-02,2019-12-01
MC1,64172,0.4979177713394165,0,30,2019-07-20,2019-08-18
MC1,64592,0.5092926621437073,0,30,2019-11-02,2019-12-01
MC1,64640,0.49761492013931274,0,30,2019-11-02,2019-12-01
MC1,64665,0.5173643827438354,0,30,2019-10-31,2019-11-29
MC1,64853,0.4993278980255127,0,30,2019-11-02,2019-12-01
MC1,64960,0.5043022632598877,0,30,2019-11-02,2019-12-01
MC1,64973,0.49790748953819275,0,30,2019-11-02,2019-12-01
MC1,65040,0.49234485626220703,0,30,2019-11-02,2019-12-01
MC1,65052,0.5120300054550171,0,30,2019-11-02,2019-12-01
MC1,65218,0.4957883358001709,0,30,2019-09-29,2019-10-28
MC1,65391,0.4956566393375397,0,30,2019-11-02,2019-12-01
MC1,65401,0.4878641963005066,0,30,2019-11-02,2019-12-01
MC1,65467,0.4917842447757721,0,30,2019-11-02,2019-12-01
MC1,65500,0.48253941535949707,0,30,2019-11-02,2019-12-01
MC1,65762,0.49529218673706055,0,30,2019-11-02,2019-12-01
MC1,65813,0.5117275714874268,0,30,2019-11-02,2019-12-01
MC1,65814,0.5117275714874268,0,30,2019-11-02,2019-12-01
MC1,65844,0.5930209159851074,0,30,2018-08-19,2018-09-17
MC1,66140,0.517236053943634,0,30,2019-11-02,2019-12-01
MC1,66341,0.5113773941993713,0,30,2019-11-02,2019-12-01
MC1,66357,0.5045260190963745,0,30,2019-06-08,2019-07-07
MC1,66380,0.5110170841217041,0,30,2019-11-02,2019-12-01
MC1,66391,0.511005699634552,0,30,2019-11-02,2019-12-01
MC1,66523,0.48549196124076843,0,30,2019-11-02,2019-12-01
MC1,66651,0.5006706714630127,0,30,2019-11-02,2019-12-01
MC1,66681,0.5031290650367737,0,30,2019-11-02,2019-12-01
MC1,66824,0.49187248945236206,0,30,2019-11-02,2019-12-01
MC1,66852,0.49200117588043213,0,30,2019-11-02,2019-12-01
MC1,66884,0.4886339604854584,0,30,2019-11-02,2019-12-01
MC1,66922,0.4934110641479492,0,30,2019-11-02,2019-12-01
MC1,67079,0.4927719235420227,0,30,2019-11-02,2019-12-01
MC1,67277,0.5084556937217712,1,30,2018-10-03,2018-11-01
MC1,67544,0.49190905690193176,0,30,2019-11-02,2019-12-01
MC1,67690,0.49430763721466064,0,30,2019-11-02,2019-12-01
MC1,67698,0.49521028995513916,0,30,2019-11-02,2019-12-01
MC1,67727,0.49036043882369995,0,30,2019-11-02,2019-12-01
MC1,67958,0.49364137649536133,0,30,2019-11-02,2019-12-01
MC1,68012,0.4917040169239044,0,30,2019-11-02,2019-12-01
MC1,68020,0.510980486869812,0,30,2019-11-02,2019-12-01
MC1,68064,0.49308961629867554,0,30,2019-11-02,2019-12-01
MC1,68248,0.5042606592178345,0,30,2019-11-02,2019-12-01
MC1,68728,0.5068277716636658,0,30,2019-11-02,2019-12-01
MC1,68742,0.4952392578125,0,30,2019-11-02,2019-12-01
MC1,68791,0.4983728528022766,0,30,2019-04-14,2019-05-13
MC1,68835,0.4938393533229828,0,30,2019-11-02,2019-12-01
MC1,68968,0.5019174218177795,0,30,2019-11-02,2019-12-01
MC1,69245,0.48385289311408997,0,30,2019-11-02,2019-12-01
MC1,69640,0.5094963312149048,0,30,2019-11-02,2019-12-01
MC1,69917,0.48592662811279297,0,30,2019-11-02,2019-12-01
MC1,70008,0.4943943917751312,0,30,2019-11-02,2019-12-01
MC1,70054,0.4920710027217865,0,30,2019-11-02,2019-12-01
MC1,70106,0.4905329644680023,0,30,2019-11-02,2019-12-01
MC1,70351,0.5175683498382568,0,30,2019-11-01,2019-11-30
MC1,70383,0.4858403503894806,0,30,2019-11-02,2019-12-01
MC1,70567,0.5101173520088196,0,30,2019-11-02,2019-12-01
MC1,70634,0.4955485463142395,0,30,2019-11-02,2019-12-01
MC1,70636,0.4955485463142395,0,30,2019-11-02,2019-12-01
MC1,70772,0.49186766147613525,0,30,2019-11-02,2019-12-01
MC1,70848,0.5022120475769043,0,30,2019-11-02,2019-12-01
MC1,70874,0.5008047819137573,0,30,2019-11-02,2019-12-01
MC1,70944,0.4893818497657776,0,30,2019-11-02,2019-12-01
MC1,71054,0.49397799372673035,0,30,2019-11-02,2019-12-01
MC1,71104,0.5003746747970581,0,30,2019-11-02,2019-12-01
MC1,71233,0.4928521513938904,0,30,2019-11-02,2019-12-01
MC1,71554,0.5033272504806519,1,30,2019-05-26,2019-06-24
MC1,71700,0.493411660194397,0,30,2019-11-02,2019-12-01
MC1,71849,0.49646109342575073,0,30,2019-11-02,2019-12-01
MC1,71909,0.5117583274841309,0,30,2019-11-02,2019-12-01
MC1,71948,0.5091918706893921,0,30,2019-11-02,2019-12-01
MC1,71991,0.48845750093460083,0,30,2019-11-02,2019-12-01
MC1,72052,0.49546149373054504,0,30,2019-11-02,2019-12-01
MC1,72058,0.4824807941913605,0,30,2019-11-02,2019-12-01
MC1,72157,0.4995647966861725,0,30,2019-11-02,2019-12-01
MC1,72295,0.5171494483947754,0,30,2019-11-02,2019-12-01
MC1,72362,0.49992477893829346,0,30,2019-10-19,2019-11-17
MC1,72383,0.5000295639038086,0,30,2019-11-02,2019-12-01
MC1,72704,0.5408183336257935,0,30,2019-11-02,2019-12-01
MC1,72743,0.5043066143989563,0,30,2019-11-02,2019-12-01
MC1,72776,0.517150342464447,0,30,2019-11-02,2019-12-01
MC1,72865,0.4964039921760559,0,30,2019-11-02,2019-12-01
MC1,73120,0.5004510879516602,0,30,2019-11-02,2019-12-01
MC1,73178,0.5066520571708679,0,30,2019-11-01,2019-11-30
MC1,73323,0.4943850636482239,0,30,2019-11-02,2019-12-01
MC1,73495,0.4975043535232544,0,30,2019-11-02,2019-12-01
MC1,73505,0.5181645154953003,1,30,2018-05-29,2018-06-27
MC1,73575,0.5037754774093628,1,30,2019-07-02,2019-07-31
MC1,73673,0.5025730133056641,0,30,2019-11-02,2019-12-01
MC1,73677,0.5025730133056641,0,30,2019-11-02,2019-12-01
MC1,73700,0.497759073972702,0,30,2019-11-02,2019-12-01
MC1,73778,0.49902617931365967,0,30,2019-11-02,2019-12-01
MC1,73866,0.4833926260471344,0,30,2019-11-02,2019-12-01
MC1,73881,0.49812331795692444,0,30,2019-11-02,2019-12-01
MC1,73917,0.5117347240447998,0,30,2019-11-02,2019-12-01
MC1,74367,0.4920012652873993,0,30,2019-11-02,2019-12-01
MC1,74428,0.49911922216415405,0,30,2019-09-29,2019-10-28
MC1,74579,0.49531224370002747,0,30,2019-11-02,2019-12-01
MC1,74617,0.4992724657058716,0,30,2019-11-02,2019-12-01
MC1,74843,0.4883387088775635,0,30,2019-11-02,2019-12-01
MC1,74878,0.4989513158798218,0,30,2019-11-02,2019-12-01
MC1,74900,0.49265336990356445,0,30,2019-11-02,2019-12-01
MC1,74993,0.5043548345565796,0,30,2019-11-02,2019-12-01
MC1,75068,0.487214058637619,0,30,2019-11-02,2019-12-01
MC1,75082,0.5172092914581299,0,30,2019-11-02,2019-12-01
MC1,75120,0.5026108026504517,0,30,2019-07-16,2019-08-14
MC1,75135,0.49439501762390137,0,30,2019-11-02,2019-12-01
MC1,75158,0.5100951790809631,0,30,2019-10-19,2019-11-17
MC1,75237,0.48841193318367004,0,30,2019-11-02,2019-12-01
MC1,75275,0.4913787543773651,1,30,2019-09-02,2019-10-01
MC1,75363,0.4951036274433136,0,30,2019-11-02,2019-12-01
MC1,75504,0.5054264664649963,0,30,2019-09-08,2019-10-07
MC1,75526,0.5088155269622803,0,30,2019-11-02,2019-12-01
MC1,75709,0.5037121772766113,0,30,2019-11-02,2019-12-01
MC1,75781,0.4959591329097748,0,30,2019-11-02,2019-12-01
MC1,76072,0.509876549243927,0,30,2019-11-02,2019-12-01
MC1,76168,0.5117591023445129,0,30,2019-11-02,2019-12-01
MC1,76237,0.48591843247413635,0,30,2019-11-02,2019-12-01
MC1,76690,0.4873273968696594,0,30,2019-11-02,2019-12-01
MC1,77004,0.4950697720050812,0,30,2019-08-13,2019-09-11
MC1,77006,0.4950697720050812,0,30,2019-08-13,2019-09-11
MC1,77016,0.4972054660320282,0,30,2019-11-02,2019-12-01
MC1,77037,0.4886573553085327,0,30,2019-11-02,2019-12-01
MC1,77203,0.4847927689552307,0,30,2019-11-02,2019-12-01
MC1,77522,0.504463791847229,0,30,2019-11-02,2019-12-01
MC1,77550,0.5120793581008911,0,30,2019-11-02,2019-12-01
MC1,77568,0.48771896958351135,0,30,2019-11-02,2019-12-01
MC1,77571,0.5059681534767151,1,30,2019-01-21,2019-02-19
MC1,77574,0.5273420214653015,0,30,2019-11-02,2019-12-01
MC1,77676,0.502505362033844,0,30,2019-11-02,2019-12-01
MC1,77719,0.48898568749427795,0,30,2019-11-02,2019-12-01
MC1,77781,0.4853851795196533,0,30,2019-11-02,2019-12-01
MC1,77988,0.4970053732395172,0,30,2019-11-02,2019-12-01
MC1,78105,0.4958748519420624,0,30,2019-09-19,2019-10-18
MC1,78130,0.5135809779167175,0,30,2018-09-16,2018-10-15
MC1,78203,0.48782995343208313,0,30,2019-11-02,2019-12-01
MC1,78358,0.5033686757087708,0,30,2019-11-02,2019-12-01
MC1,78754,0.49800699949264526,0,30,2019-11-02,2019-12-01
MC1,79150,0.49454379081726074,0,30,2019-11-02,2019-12-01
MC1,79523,0.502280592918396,0,30,2019-11-02,2019-12-01
MC1,79540,0.5166953802108765,0,30,2019-11-02,2019-12-01
MC1,79581,0.49814119935035706,0,30,2019-11-02,2019-12-01
MC1,79704,0.5042902231216431,0,30,2019-11-02,2019-12-01
MC1,80012,0.4934644103050232,0,30,2019-11-02,2019-12-01
MC1,80036,0.4963147044181824,0,30,2019-11-02,2019-12-01
MC1,80111,0.5174859166145325,0,30,2019-11-02,2019-12-01
MC1,80270,0.4946277141571045,0,30,2019-11-02,2019-12-01
MC1,80625,0.4919221103191376,0,30,2019-11-02,2019-12-01
MC1,80870,0.5105843544006348,0,30,2019-11-02,2019-12-01
MC1,80984,0.4926770329475403,0,30,2019-11-02,2019-12-01
MC1,80994,0.48819729685783386,0,30,2019-11-02,2019-12-01
MC1,81235,0.48933446407318115,0,30,2019-11-02,2019-12-01
MC1,81241,0.48933446407318115,0,30,2019-11-02,2019-12-01
MC1,81394,0.513270914554596,1,30,2018-12-20,2019-01-18
MC1,81452,0.48763152956962585,0,30,2019-11-02,2019-12-01
MC1,81729,0.49128517508506775,0,30,2019-07-18,2019-08-16
MC1,81863,0.49221763014793396,0,30,2019-11-02,2019-12-01
MC1,82300,0.5038601756095886,0,30,2019-06-17,2019-07-16
MC1,82347,0.49540022015571594,0,30,2019-11-02,2019-12-01
MC1,82543,0.4989132583141327,0,30,2019-11-02,2019-12-01
MC1,82650,0.49723687767982483,0,30,2019-11-02,2019-12-01
MC1,82687,0.4891742765903473,0,30,2019-11-02,2019-12-01
MC1,82836,0.4993542432785034,0,30,2019-11-02,2019-12-01
MC1,82995,0.49451252818107605,0,30,2019-11-02,2019-12-01
MC1,83074,0.4878232181072235,0,30,2019-11-02,2019-12-01
MC1,83121,0.5200660228729248,0,30,2019-11-02,2019-12-01
MC1,83267,0.6061884164810181,0,24,2019-01-26,2019-02-18
MC1,83355,0.49938681721687317,0,30,2019-11-02,2019-12-01
MC1,83677,0.5296419262886047,0,30,2018-03-22,2018-04-20
MC1,83786,0.4804092347621918,0,30,2019-11-02,2019-12-01
MC1,83967,0.4936477839946747,0,30,2019-11-02,2019-12-01
MC1,83988,0.4945923089981079,0,30,2019-06-09,2019-07-08
MC1,84197,0.5041587948799133,0,30,2019-11-02,2019-12-01
MC1,84299,0.4969205856323242,0,30,2019-11-02,2019-12-01
MC1,84457,0.49936994910240173,0,30,2019-11-02,2019-12-01
MC1,84532,0.5095089673995972,0,30,2019-11-02,2019-12-01
MC1,84667,0.5117468237876892,0,30,2019-11-02,2019-12-01
MC1,84710,0.48870229721069336,0,30,2019-11-02,2019-12-01
MC1,84803,0.5037755370140076,0,30,2019-11-02,2019-12-01
MC1,84831,0.5002347230911255,0,30,2019-11-02,2019-12-01
MC1,84838,0.500235378742218,0,30,2019-11-02,2019-12-01
MC1,85186,0.5078232884407043,0,30,2019-11-02,2019-12-01
MC1,85448,0.4911983609199524,0,30,2019-11-02,2019-12-01
MC1,85460,0.5096821188926697,0,30,2019-11-02,2019-12-01
MC1,85622,0.4855140149593353,0,30,2019-11-02,2019-12-01
MC1,86059,0.5105876922607422,0,30,2019-10-19,2019-11-17
MC1,86076,0.5019363760948181,0,30,2019-11-02,2019-12-01
MC1,86148,0.4982890784740448,0,30,2019-11-02,2019-12-01
MC1,86150,0.49828842282295227,0,30,2019-11-02,2019-12-01
MC1,86194,0.5172462463378906,0,30,2019-11-02,2019-12-01
MC1,86631,0.49767205119132996,0,30,2019-11-02,2019-12-01
MC1,86755,0.4987707734107971,0,30,2019-11-02,2019-12-01
MC1,86802,0.5088589191436768,1,30,2019-08-20,2019-09-18
MC1,87135,0.49526286125183105,0,30,2019-11-02,2019-12-01
MC1,87150,0.49526286125183105,0,30,2019-11-02,2019-12-01
MC1,87353,0.49425309896469116,0,30,2019-11-02,2019-12-01
MC1,87359,0.4944683909416199,0,30,2019-11-02,2019-12-01
MC1,87471,0.502302348613739,0,30,2019-11-02,2019-12-01
MC1,87503,0.49429935216903687,0,30,2019-11-02,2019-12-01
MC1,87625,0.5000280737876892,0,30,2019-11-02,2019-12-01
MC1,87695,0.496521532535553,0,30,2019-11-02,2019-12-01
MC1,87807,0.49647945165634155,0,30,2019-11-02,2019-12-01
MC1,88005,0.4857851564884186,0,30,2019-11-02,2019-12-01
MC1,88006,0.5117352604866028,0,30,2019-11-02,2019-12-01
MC1,88040,0.49343591928482056,0,30,2019-10-09,2019-11-07
MC1,88131,0.4949144423007965,0,30,2019-11-02,2019-12-01
MC1,88141,0.4987393319606781,0,30,2019-11-02,2019-12-01
MC1,88440,0.5116844177246094,0,30,2019-11-02,2019-12-01
MC1,88567,0.49281927943229675,0,30,2019-11-02,2019-12-01
MC1,88572,0.4882597327232361,0,30,2019-11-02,2019-12-01
MC1,88602,0.49201449751853943,0,30,2019-11-02,2019-12-01
MC1,88691,0.5003257989883423,0,30,2019-10-19,2019-11-17
MC1,88786,0.4975726902484894,0,30,2019-08-12,2019-09-10
MC1,88888,0.4935062825679779,0,30,2019-11-02,2019-12-01
MC1,89023,0.48041900992393494,0,30,2019-11-02,2019-12-01
MC1,89072,0.6419807076454163,0,30,2019-11-02,2019-12-01
MC1,89100,0.48877665400505066,0,30,2019-11-02,2019-12-01
MC1,89164,0.49706557393074036,0,30,2019-10-27,2019-11-25
MC1,89387,0.4946632385253906,0,30,2019-11-02,2019-12-01
MC1,89454,0.5135524272918701,0,30,2019-03-24,2019-04-22
MC1,89491,0.4989345669746399,0,30,2019-11-02,2019-12-01
MC1,89578,0.4877063035964966,0,30,2019-11-02,2019-12-01
MC1,89756,0.5111143589019775,0,30,2019-11-02,2019-12-01
MC1,89785,0.49521100521087646,0,30,2019-11-02,2019-12-01
MC1,89850,0.5104608535766602,0,30,2019-11-02,2019-12-01
MC1,90005,0.4999692440032959,0,30,2019-11-02,2019-12-01
MC1,90062,0.48050883412361145,0,30,2019-11-02,2019-12-01
MC1,90473,0.5006201267242432,0,30,2019-08-14,2019-09-12
MC1,90498,0.49295574426651,0,30,2019-11-02,2019-12-01
MC1,90574,0.5065398216247559,0,30,2019-08-25,2019-09-23
MC1,90593,0.5056425929069519,0,30,2019-11-02,2019-12-01
MC1,90603,0.5039972066879272,0,30,2019-10-28,2019-11-26
MC1,91051,0.5105827450752258,0,30,2019-10-19,2019-11-17
MC1,91118,0.4843210279941559,0,30,2019-10-19,2019-11-17
MC1,91132,0.5051218271255493,0,30,2019-11-02,2019-12-01
MC1,91151,0.500731348991394,0,30,2019-11-02,2019-12-01
MC1,91538,0.5044842958450317,0,30,2019-11-02,2019-12-01
MC1,91574,0.4977172315120697,0,30,2019-11-02,2019-12-01
MC1,91723,0.4830577075481415,0,30,2019-11-02,2019-12-01
MC1,91753,0.5020628571510315,0,30,2019-02-25,2019-03-26
MC1,91767,0.4998212456703186,0,30,2019-11-02,2019-12-01
MC1,91818,0.5049853920936584,0,30,2019-11-02,2019-12-01
MC1,91907,0.5036430954933167,0,30,2019-11-02,2019-12-01
MC1,91979,0.4951743483543396,0,30,2019-11-02,2019-12-01
MC1,92091,0.5024809241294861,0,30,2019-11-02,2019-12-01
MC1,92388,0.4862041175365448,0,30,2019-11-02,2019-12-01
MC1,92599,0.49200335144996643,0,30,2019-11-02,2019-12-01
MC1,92731,0.5037117004394531,0,30,2019-11-02,2019-12-01
MC1,92750,0.49928227066993713,0,30,2019-11-02,2019-12-01
MC1,92958,0.48346439003944397,0,30,2019-11-02,2019-12-01
MC1,93073,0.48741427063941956,0,30,2019-11-02,2019-12-01
MC1,93173,0.5019420981407166,0,30,2019-11-02,2019-12-01
MC1,93220,0.4840124845504761,0,30,2019-11-02,2019-12-01
MC1,93507,0.4825296401977539,0,30,2019-11-02,2019-12-01
MC1,93726,0.5016586780548096,1,30,2019-07-26,2019-08-24
MC1,93727,0.5436159372329712,0,30,2019-11-02,2019-12-01
MC1,93916,0.4952448606491089,0,30,2019-11-02,2019-12-01
MC1,94112,0.4993809461593628,0,30,2019-11-02,2019-12-01
MC1,94190,0.5024493932723999,0,30,2019-11-02,2019-12-01
MC1,94445,0.502779483795166,0,30,2019-11-02,2019-12-01
MC1,94532,0.4999810457229614,0,30,2019-11-02,2019-12-01
MC1,94608,0.48934581875801086,0,30,2019-10-19,2019-11-17
MC1,94623,0.490852952003479,0,30,2019-11-02,2019-12-01
MC1,95081,0.5105875134468079,0,30,2019-04-01,2019-04-30
MC1,95090,0.48599106073379517,0,30,2019-11-02,2019-12-01
MC1,95146,0.494537889957428,0,30,2019-11-02,2019-12-01
MC1,95148,0.4945394694805145,0,30,2019-11-02,2019-12-01
MC1,95360,0.49601149559020996,0,30,2019-11-02,2019-12-01
MC1,95587,0.5005395412445068,0,30,2019-11-02,2019-12-01
MC1,95605,0.49693191051483154,0,30,2019-11-02,2019-12-01
MC1,95608,0.49693191051483154,0,30,2019-11-02,2019-12-01
MC1,95672,0.5001116394996643,1,30,2019-09-07,2019-10-06
MC1,95716,0.48812830448150635,0,30,2019-10-19,2019-11-17
MC1,95718,0.4993874132633209,0,30,2019-11-02,2019-12-01
MC1,95852,0.5024006366729736,0,30,2019-11-02,2019-12-01
MC1,95897,0.5023900866508484,0,30,2019-11-02,2019-12-01
MC1,95958,0.4918650686740875,0,30,2019-11-02,2019-12-01
MC1,96232,0.49807706475257874,0,30,2019-07-25,2019-08-23
MC1,96277,0.502653181552887,0,30,2019-11-02,2019-12-01
MC1,96686,0.5098465085029602,0,30,2019-11-02,2019-12-01
MC1,96755,0.5111373066902161,0,30,2019-11-02,2019-12-01
MC1,96779,0.4885958433151245,0,30,2019-11-02,2019-12-01
MC1,97006,0.4877837300300598,0,30,2019-11-02,2019-12-01
MC1,97044,0.4933561682701111,0,30,2019-10-19,2019-11-17
MC1,97096,0.5255997776985168,0,30,2019-11-02,2019-12-01
MC1,97229,3.5694395137397805e-6,0,19,2019-11-13,2019-12-01
MC1,97535,0.4912223517894745,0,30,2019-11-02,2019-12-01
MC1,97557,0.4952618181705475,0,30,2019-11-02,2019-12-01
MC1,97661,0.500977635383606,1,30,2019-08-11,2019-09-09
MC1,97673,0.5043818950653076,1,30,2019-06-07,2019-07-06
MC1,97757,0.49826639890670776,0,30,2019-11-02,2019-12-01
MC1,97826,0.4835415184497833,0,30,2019-11-02,2019-12-01
MC1,97967,0.48247459530830383,0,30,2019-11-02,2019-12-01
MC1,97977,0.4937034547328949,0,30,2019-11-02,2019-12-01
MC1,98009,0.5059267282485962,0,30,2019-11-02,2019-12-01
MC1,98029,0.5120214819908142,0,30,2019-11-02,2019-12-01
MC1,98108,0.0,0,30,2019-10-19,2019-11-17
MC1,98153,0.488545686006546,0,30,2019-11-02,2019-12-01
MC1,98303,0.49950066208839417,0,30,2019-11-02,2019-12-01
MC1,98363,0.5098249912261963,0,30,2019-09-27,2019-10-26
MC1,98447,0.5069762468338013,0,30,2019-11-02,2019-12-01
MC1,98702,0.4864896833896637,0,30,2019-11-02,2019-12-01
MC1,98852,0.5095086097717285,0,30,2019-11-02,2019-12-01
MC1,99021,0.49186885356903076,0,30,2019-11-02,2019-12-01
MC1,99161,0.49810144305229187,0,30,2019-11-02,2019-12-01
MC1,99209,0.5024272203445435,0,30,2019-11-02,2019-12-01
MC1,99371,0.4942508339881897,0,30,2019-07-19,2019-08-17
MC1,99390,0.48622220754623413,0,30,2019-11-02,2019-12-01
MC1,99396,0.4862203598022461,0,30,2019-11-02,2019-12-01
MC1,99513,0.5015012621879578,0,30,2019-11-02,2019-12-01
MC1,99520,0.4924268126487732,0,30,2019-11-02,2019-12-01
MC1,100012,1.2075006312657548e-23,0,10,2019-11-22,2019-12-01
MC1,100030,0.4940333962440491,0,30,2019-11-02,2019-12-01
MC1,100103,0.4898458421230316,0,30,2019-11-02,2019-12-01
MC1,100124,0.49015289545059204,0,30,2019-11-02,2019-12-01
MC1,100154,0.5011163949966431,0,30,2019-11-02,2019-12-01
MC1,100163,0.4902726411819458,0,30,2019-08-01,2019-08-30
MC1,100249,0.5007988810539246,1,30,2019-08-15,2019-09-13
MC1,100376,0.49277931451797485,0,30,2019-11-02,2019-12-01
MC1,100470,0.5105723142623901,0,30,2019-11-02,2019-12-01
MC1,100595,0.5037592053413391,0,30,2019-11-02,2019-12-01
MC1,100643,0.5109028816223145,0,30,2019-11-02,2019-12-01
MC1,100921,0.4856642186641693,0,30,2019-11-02,2019-12-01
MC1,101310,0.5014361143112183,0,30,2019-11-02,2019-12-01
MC1,101457,0.4891539216041565,0,30,2019-11-02,2019-12-01
MC1,101486,0.5139234662055969,0,30,2019-11-02,2019-12-01
MC1,101552,0.5184444785118103,0,30,2018-07-23,2018-08-21
MC1,101665,0.5087115168571472,0,30,2019-11-02,2019-12-01
MC1,101789,0.5096081495285034,0,30,2019-11-02,2019-12-01
MC1,101877,0.4960792064666748,0,30,2019-11-02,2019-12-01
MC1,102106,0.49744322896003723,0,30,2019-08-02,2019-08-31
MC1,102129,0.5004897117614746,0,30,2019-11-02,2019-12-01
MC1,102327,0.5001948475837708,0,30,2019-04-22,2019-05-21
MC1,102330,0.49169212579727173,0,30,2019-11-02,2019-12-01
MC1,102465,0.5024805665016174,0,30,2019-11-02,2019-12-01
MC1,102576,0.5059711337089539,0,30,2019-11-02,2019-12-01
MC1,102721,0.49529755115509033,0,30,2019-11-02,2019-12-01
MC1,102907,0.489861398935318,0,30,2019-11-02,2019-12-01
MC1,102980,0.4943881332874298,0,30,2019-11-02,2019-12-01
MC1,103019,0.5007575154304504,0,30,2019-11-02,2019-12-01
MC1,103151,0.5046514868736267,0,30,2019-11-02,2019-12-01
MC1,103409,0.5014426708221436,0,30,2019-11-02,2019-12-01
MC1,103741,0.4859740436077118,0,30,2019-11-02,2019-12-01
MC1,103766,0.49530428647994995,0,30,2019-11-02,2019-12-01
MC1,103810,0.4965444505214691,0,30,2019-11-02,2019-12-01
MC1,104182,0.4972866475582123,0,30,2019-11-02,2019-12-01
MC1,104235,0.4936176836490631,0,30,2019-11-02,2019-12-01
MC1,104337,0.49698153138160706,0,30,2019-09-10,2019-10-09
MC1,104606,0.506981611251831,0,30,2019-11-02,2019-12-01
MC1,104651,0.5055070519447327,0,30,2019-11-02,2019-12-01
MC1,104837,0.4993855059146881,0,30,2019-11-02,2019-12-01
MC1,104892,0.5159775614738464,0,30,2019-11-02,2019-12-01
MC1,105051,0.5049513578414917,0,30,2019-07-24,2019-08-22
MC1,105263,0.4967598021030426,0,30,2019-11-02,2019-12-01
MC1,105580,0.49438586831092834,0,30,2019-11-02,2019-12-01
MC1,105685,0.0,0,30,2019-11-02,2019-12-01
MC1,105857,0.5153198838233948,0,30,2019-11-02,2019-12-01
MC1,105863,0.5153180956840515,0,30,2019-11-02,2019-12-01
MC1,105873,0.487315833568573,0,30,2019-11-02,2019-12-01
MC1,105962,0.5131157636642456,0,30,2019-11-02,2019-12-01
MC1,105976,0.4874553978443146,0,30,2019-11-02,2019-12-01
MC1,105983,0.49577054381370544,0,30,2019-05-19,2019-06-17
MC1,106059,0.510159969329834,0,30,2019-11-02,2019-12-01
MC1,106090,0.49692708253860474,0,30,2019-11-02,2019-12-01
MC1,106218,0.49243924021720886,0,30,2019-11-02,2019-12-01
MC1,106670,0.5067946910858154,1,30,2019-03-07,2019-04-05
MC1,107096,0.4857616424560547,0,30,2019-11-02,2019-12-01
MC1,107109,0.5114085078239441,0,30,2019-11-02,2019-12-01
MC1,107260,0.5020768642425537,0,30,2019-11-02,2019-12-01
MC1,107312,0.5078249573707581,0,30,2019-11-02,2019-12-01
MC1,107379,0.5250971913337708,0,30,2019-11-02,2019-12-01
MC1,107397,0.48247531056404114,0,30,2019-11-02,2019-12-01
MC1,107453,0.4997006058692932,0,30,2019-11-02,2019-12-01
MC1,107542,0.4929928779602051,0,30,2019-11-02,2019-12-01
MC1,107564,0.48638826608657837,0,30,2019-11-02,2019-12-01
MC1,107690,0.5007832050323486,0,30,2019-11-02,2019-12-01
MC1,107796,0.49093371629714966,0,30,2019-11-02,2019-12-01
MC1,107820,0.5075042843818665,0,30,2019-07-08,2019-08-06
MC1,107824,0.4807136058807373,0,30,2019-11-02,2019-12-01
MC1,107910,0.0,0,30,2019-11-02,2019-12-01
MC1,108218,0.5119563341140747,0,30,2019-11-02,2019-12-01
MC1,108375,0.48777464032173157,0,30,2019-11-02,2019-12-01
MC1,108572,0.49634331464767456,1,30,2019-04-27,2019-05-26
MC1,108691,0.4836810529232025,0,30,2019-11-02,2019-12-01
MC1,108791,0.4915561378002167,0,30,2019-11-02,2019-12-01
MC1,108834,0.4970923960208893,0,30,2019-11-02,2019-12-01
MC1,109123,0.4974847733974457,0,30,2019-11-02,2019-12-01
MC1,109316,0.48933908343315125,0,30,2019-11-02,2019-12-01
MC1,109385,0.4805181920528412,0,30,2019-11-02,2019-12-01
MC1,109538,0.4952535033226013,0,30,2019-11-02,2019-12-01
MC1,109584,0.5117281675338745,0,30,2019-11-02,2019-12-01
MC1,109587,0.5117273926734924,0,30,2019-11-02,2019-12-01
MC1,109628,0.49178287386894226,0,30,2019-11-02,2019-12-01
MC1,109639,0.489173024892807,0,30,2019-11-02,2019-12-01
MC1,109640,0.4914684593677521,0,30,2019-11-02,2019-12-01
MC1,109680,0.48376455903053284,0,30,2019-11-02,2019-12-01
MC1,109871,0.6241252422332764,0,30,2019-11-02,2019-12-01
MC1,110058,0.49300938844680786,0,30,2019-11-02,2019-12-01
MC1,110074,0.49927839636802673,0,30,2019-11-02,2019-12-01
MC1,110084,0.5200228095054626,1,30,2018-02-07,2018-03-08
MC1,110101,0.5157821178436279,0,30,2019-11-02,2019-12-01
MC1,110468,0.4910159111022949,0,30,2019-11-02,2019-12-01
MC1,110516,0.5071851015090942,0,30,2019-11-02,2019-12-01
MC1,110617,0.4935075640678406,0,30,2019-06-01,2019-06-30
MC1,110697,0.49940192699432373,0,30,2019-11-02,2019-12-01
MC1,110730,0.498955637216568,0,30,2019-11-02,2019-12-01
MC1,111035,0.4918198883533478,0,30,2019-11-02,2019-12-01
MC1,111064,0.4973275065422058,0,30,2019-11-02,2019-12-01
MC1,111143,0.5153141617774963,0,30,2019-08-20,2019-09-18
MC1,111518,0.5013464093208313,1,30,2019-05-04,2019-06-02
MC1,111821,0.4905048608779907,0,30,2019-11-02,2019-12-01
MC1,111967,0.48343998193740845,0,30,2019-11-02,2019-12-01
MC1,112337,0.4956640899181366,0,30,2019-11-02,2019-12-01
MC1,112583,0.5013366341590881,0,30,2019-11-02,2019-12-01
MC1,112587,0.5013366341590881,0,30,2019-11-02,2019-12-01
MC1,112834,0.5069780945777893,0,30,2019-11-02,2019-12-01
MC1,112922,0.49506956338882446,0,30,2019-11-02,2019-12-01
MC1,113023,0.5098336935043335,0,30,2019-11-02,2019-12-01
MC1,113391,0.49180057644844055,0,30,2019-11-02,2019-12-01
MC1,113604,0.49198436737060547,0,30,2019-11-02,2019-12-01
MC1,113758,0.5008551478385925,0,30,2019-11-02,2019-12-01
MC1,114142,0.49754366278648376,0,30,2019-07-01,2019-07-30
MC1,114496,0.49123427271842957,0,30,2019-11-02,2019-12-01
MC1,114616,0.48871925473213196,0,30,2019-10-19,2019-11-17
MC1,114847,0.4971858859062195,0,30,2019-11-02,2019-12-01
MC1,114936,0.48919567465782166,0,30,2019-11-02,2019-12-01
MC1,115035,0.49526387453079224,0,30,2019-11-02,2019-12-01
MC1,115181,0.48593059182167053,0,30,2019-11-02,2019-12-01
MC1,115315,0.49365776777267456,0,30,2019-11-02,2019-12-01
MC1,115339,0.5117688775062561,0,30,2019-11-02,2019-12-01
MC1,115411,0.5020257234573364,0,30,2019-11-02,2019-12-01
MC1,115414,0.5020248889923096,0,30,2019-11-02,2019-12-01
MC1,115526,0.4918655753135681,0,30,2019-11-02,2019-12-01
MC1,115630,0.5007764101028442,0,30,2019-11-02,2019-12-01
MC1,115743,0.4930633008480072,0,30,2019-11-02,2019-12-01
MC1,115779,0.49756526947021484,0,30,2019-08-01,2019-08-30
MC1,115859,0.5101496577262878,0,30,2019-11-02,2019-12-01
MC1,115932,0.4956933259963989,0,30,2019-11-02,2019-12-01
MC1,115974,0.4872123599052429,0,30,2019-11-02,2019-12-01
MC1,116044,0.4864565134048462,0,30,2019-11-02,2019-12-01
MC1,116170,0.5209855437278748,0,30,2019-11-02,2019-12-01
MC1,116208,0.4881908595561981,0,30,2019-11-02,2019-12-01
MC1,116282,0.492986798286438,0,30,2019-11-02,2019-12-01
MC1,116291,0.49298417568206787,0,30,2019-11-02,2019-12-01
MC1,116537,0.49901050329208374,0,30,2019-11-02,2019-12-01
MC1,116709,0.4834578037261963,0,30,2019-11-02,2019-12-01
MC1,116744,0.5022154450416565,0,30,2019-11-02,2019-12-01
MC1,116768,0.4926914572715759,0,30,2019-11-02,2019-12-01
MC1,117013,0.5024693608283997,0,30,2019-11-02,2019-12-01
MC1,117125,0.4809681475162506,0,30,2019-10-23,2019-11-21
MC1,117225,0.49217355251312256,0,30,2019-11-02,2019-12-01
MC1,117409,0.49729907512664795,0,30,2019-11-02,2019-12-01
MC1,117413,0.49729907512664795,0,30,2019-11-02,2019-12-01
MC1,117425,0.49461308121681213,0,30,2019-11-02,2019-12-01
MC1,117615,0.48276451230049133,0,30,2019-11-02,2019-12-01
MC1,117807,0.4859190881252289,0,30,2019-11-02,2019-12-01
MC1,117827,0.49530574679374695,0,30,2019-11-02,2019-12-01
MC1,118255,0.49636170268058777,0,30,2019-11-02,2019-12-01
MC1,118328,0.4997672438621521,0,30,2019-11-02,2019-12-01
MC1,118431,0.4973065257072449,0,30,2019-11-02,2019-12-01
MC1,118512,0.5169171094894409,0,30,2019-11-02,2019-12-01
MC1,118527,0.5114593505859375,0,30,2019-11-02,2019-12-01
MC1,118835,0.5036079287528992,0,30,2019-11-02,2019-12-01
MC1,118923,0.5289512872695923,0,30,2019-11-02,2019-12-01
MC1,119036,0.48302021622657776,0,30,2019-11-02,2019-12-01
MC1,119096,0.48802199959754944,0,30,2019-11-02,2019-12-01
MC1,119317,0.5046164393424988,0,30,2019-11-02,2019-12-01
MC1,119336,0.5094150900840759,0,30,2019-11-02,2019-12-01
MC1,119361,0.49601978063583374,0,30,2019-11-02,2019-12-01
MC1,119468,0.5042741298675537,0,30,2019-11-02,2019-12-01
MC1,119554,0.49418729543685913,0,30,2019-05-19,2019-06-17
MC1,119985,0.48664990067481995,0,30,2019-11-02,2019-12-01
MC1,120203,0.511822521686554,0,30,2019-11-02,2019-12-01
MC1,120464,0.4997282922267914,0,30,2019-11-01,2019-11-30
MC1,120689,0.49112668633461,0,30,2019-11-02,2019-12-01
MC1,120814,0.4923255443572998,0,30,2019-11-02,2019-12-01
MC1,121008,0.49728503823280334,0,30,2019-11-02,2019-12-01
MC1,121051,0.5097852349281311,0,30,2019-11-02,2019-12-01
MC1,121170,0.5290704965591431,0,30,2019-11-02,2019-12-01
MC1,121281,0.5086671710014343,0,30,2019-11-02,2019-12-01
MC1,121355,0.5045824646949768,0,30,2019-11-02,2019-12-01
MC1,121452,0.48853734135627747,0,30,2019-11-02,2019-12-01
MC1,121462,0.5086027979850769,0,30,2019-11-02,2019-12-01
MC1,121489,0.49027010798454285,0,30,2019-10-02,2019-10-31
MC1,121781,0.4979883134365082,0,30,2019-11-02,2019-12-01
MC1,121911,0.5166885256767273,0,30,2019-11-02,2019-12-01
MC1,121926,0.4870234727859497,0,30,2019-10-21,2019-11-19
MC1,122072,0.48357000946998596,0,30,2019-11-02,2019-12-01
MC1,122086,0.5006155371665955,0,30,2019-11-02,2019-12-01
MC1,122124,0.4843868613243103,0,30,2019-11-02,2019-12-01
MC1,122154,0.49491438269615173,0,30,2019-11-02,2019-12-01
MC1,122179,0.4878329634666443,0,30,2019-11-02,2019-12-01
MC1,122188,0.4807715117931366,0,30,2019-11-02,2019-12-01
MC1,122381,0.50246661901474,0,30,2019-11-02,2019-12-01
MC1,122737,0.48479339480400085,0,30,2019-11-02,2019-12-01
MC1,122934,0.4889916181564331,0,30,2019-11-02,2019-12-01
MC1,122940,0.6366382837295532,0,24,2019-11-08,2019-12-01
MC1,123030,0.5003555417060852,0,30,2019-11-02,2019-12-01
MC1,123281,0.49398893117904663,0,30,2019-11-02,2019-12-01
MC1,123403,0.48648330569267273,0,30,2019-10-19,2019-11-17
MC1,123545,0.4992537200450897,0,30,2019-11-02,2019-12-01
MC1,123826,0.4911514222621918,0,30,2019-11-02,2019-12-01
MC1,123834,0.49128052592277527,0,30,2019-11-02,2019-12-01
MC1,123923,0.5032312273979187,0,30,2019-11-02,2019-12-01
MC1,124033,0.5098772048950195,1,30,2018-11-24,2018-12-23
MC1,124041,0.4926311671733856,0,30,2019-11-02,2019-12-01
MC1,124321,0.5093919038772583,0,30,2019-11-02,2019-12-01
MC1,124367,0.4926528036594391,0,30,2019-11-02,2019-12-01
MC1,124415,0.5279644131660461,0,30,2019-10-19,2019-11-17
MC1,124625,0.5174700617790222,0,30,2019-11-02,2019-12-01
MC1,124849,0.4838898479938507,0,30,2019-11-02,2019-12-01
MC1,124953,0.4959535598754883,0,30,2019-11-02,2019-12-01
MC1,125438,0.4854373633861542,0,30,2019-11-02,2019-12-01
MC1,125473,0.4877817928791046,0,30,2019-11-02,2019-12-01
MC1,125588,0.49529680609703064,0,30,2019-11-02,2019-12-01
MC1,125602,0.49492233991622925,0,30,2019-11-02,2019-12-01
MC1,125636,0.49601396918296814,0,30,2019-10-19,2019-11-17
MC1,125869,0.49735286831855774,0,30,2019-11-02,2019-12-01
MC1,125925,0.49254900217056274,0,30,2019-11-02,2019-12-01
MC1,126038,0.5172787308692932,0,30,2019-11-02,2019-12-01
MC1,126069,0.49633654952049255,0,30,2019-11-02,2019-12-01
MC1,126116,0.4951559901237488,0,30,2019-11-02,2019-12-01
MC1,126125,0.4936201274394989,1,30,2019-09-15,2019-10-14
MC1,126254,0.4918995499610901,0,30,2019-08-23,2019-09-21
MC1,126644,0.5066476464271545,0,30,2019-11-02,2019-12-01
MC1,126955,0.4854623079299927,0,30,2019-11-02,2019-12-01
MC1,126972,0.5130529403686523,0,30,2019-11-02,2019-12-01
MC1,126974,0.5130529403686523,0,30,2019-11-02,2019-12-01
MC1,127075,0.49407511949539185,0,30,2019-11-02,2019-12-01
MC1,127186,0.5078231692314148,0,30,2019-11-02,2019-12-01
MC1,127198,0.49123719334602356,0,30,2019-11-02,2019-12-01
MC1,127342,0.5156766772270203,0,30,2019-11-02,2019-12-01
MC1,127493,0.5223239064216614,0,30,2018-05-13,2018-06-11
MC1,127655,0.49696627259254456,0,30,2019-09-10,2019-10-09
MC1,127740,0.48992589116096497,0,30,2019-10-03,2019-11-01
MC1,127835,0.5173704624176025,1,30,2019-07-22,2019-08-20
MC1,128003,0.48601892590522766,0,30,2019-11-02,2019-12-01
MC1,128037,0.4964044690132141,0,30,2019-11-02,2019-12-01
MC1,128121,0.5092296004295349,0,30,2019-11-02,2019-12-01
MC1,128150,0.49351558089256287,0,30,2019-11-02,2019-12-01
MC1,128276,0.502140462398529,0,30,2019-11-02,2019-12-01
MC1,128278,0.5021355152130127,0,30,2019-11-02,2019-12-01
MC1,128447,0.4932035505771637,0,30,2019-11-02,2019-12-01
MC1,128517,0.4952576756477356,0,30,2019-11-02,2019-12-01
MC1,128590,0.5043655633926392,0,30,2019-11-02,2019-12-01
MC1,129240,0.49666526913642883,0,30,2019-11-02,2019-12-01
MC1,129390,0.5002290606498718,0,30,2019-11-02,2019-12-01
MC1,129444,0.48842230439186096,0,30,2019-11-02,2019-12-01
MC1,129774,0.49517306685447693,0,30,2019-11-02,2019-12-01
MC1,129821,0.5036786198616028,0,30,2019-11-02,2019-12-01
MC1,129906,0.48761576414108276,0,30,2019-11-02,2019-12-01
MC1,129913,0.5117459893226624,0,30,2019-11-02,2019-12-01
MC1,129940,0.4981248676776886,0,30,2019-11-02,2019-12-01
MC1,129961,0.5118541121482849,0,30,2019-11-02,2019-12-01
MC1,130000,0.49123701453208923,0,30,2019-11-02,2019-12-01
MC1,130025,0.48587557673454285,0,30,2019-11-02,2019-12-01
MC1,130186,0.48539477586746216,0,30,2019-11-02,2019-12-01
MC1,130233,0.48542964458465576,0,30,2019-11-02,2019-12-01
MC1,130425,0.4971969723701477,0,30,2019-11-02,2019-12-01
MC1,130438,0.49607956409454346,0,30,2019-11-02,2019-12-01
MC1,130497,0.5117315053939819,1,30,2019-10-28,2019-11-26
MC1,130543,0.5039289593696594,0,30,2019-11-02,2019-12-01
MC1,130668,0.48577582836151123,0,30,2019-11-02,2019-12-01
MC1,130674,0.0,1,30,2019-11-03,2019-12-02
MC1,130701,0.48398616909980774,0,30,2019-11-02,2019-12-01
MC1,130748,0.5039162039756775,0,30,2019-10-19,2019-11-17
MC1,130769,0.5067934989929199,0,30,2019-11-02,2019-12-01
MC1,131105,0.4964582920074463,0,30,2019-11-02,2019-12-01
MC1,131227,0.4936780035495758,0,30,2019-11-02,2019-12-01
MC1,131280,0.49192366003990173,0,30,2019-11-02,2019-12-01
MC1,131302,0.5117895007133484,0,30,2019-11-02,2019-12-01
MC1,131621,0.4963679909706116,1,30,2019-04-08,2019-05-07
MC1,131735,0.4918757975101471,0,30,2019-11-02,2019-12-01
MC1,131928,0.48565948009490967,0,30,2019-11-02,2019-12-01
MC1,131984,0.4830310046672821,0,30,2019-11-02,2019-12-01
MC1,132006,0.5084477663040161,0,30,2019-11-02,2019-12-01
MC1,132025,0.49621936678886414,1,30,2019-04-16,2019-05-15
MC1,132054,0.5043050646781921,0,30,2019-11-02,2019-12-01
MC1,132070,0.49721384048461914,0,30,2019-11-02,2019-12-01
MC1,132096,0.5106123685836792,0,30,2019-11-02,2019-12-01
MC1,132426,0.48780834674835205,0,30,2019-10-19,2019-11-17
MC1,132446,0.4875483810901642,0,30,2019-11-02,2019-12-01
MC1,132481,0.49926578998565674,0,30,2019-11-02,2019-12-01
MC1,132936,0.49595215916633606,0,30,2019-11-02,2019-12-01
MC1,132963,0.48668354749679565,0,30,2019-11-02,2019-12-01
MC1,132988,0.4919514060020447,0,30,2019-11-02,2019-12-01
MC1,133007,0.48764705657958984,0,30,2019-11-02,2019-12-01
MC1,133044,0.5110092759132385,1,30,2018-12-02,2018-12-31
MC1,133323,0.4990077614784241,0,30,2019-11-02,2019-12-01
MC1,133340,0.4878084659576416,0,30,2019-11-02,2019-12-01
MC1,133403,0.5024447441101074,0,30,2019-11-02,2019-12-01
MC1,133413,0.49298354983329773,0,30,2019-11-02,2019-12-01
MC1,133552,0.49016618728637695,0,30,2019-11-02,2019-12-01
MC1,133902,0.5024635195732117,0,30,2019-11-02,2019-12-01
MC1,133912,0.49715620279312134,0,30,2019-11-02,2019-12-01
MC1,134063,0.4836162328720093,0,30,2019-11-02,2019-12-01
MC1,134232,0.49717020988464355,0,30,2019-11-02,2019-12-01
MC1,134437,0.5100308656692505,0,30,2019-11-02,2019-12-01
MC1,134501,0.500349760055542,0,30,2019-11-02,2019-12-01
MC1,134520,0.5042404532432556,0,30,2019-11-02,2019-12-01
MC1,134554,0.5077806711196899,0,30,2019-10-31,2019-11-29
MC1,134628,0.48624831438064575,0,30,2019-11-02,2019-12-01
MC1,134634,0.5290707945823669,0,30,2018-03-22,2018-04-20
MC1,134668,0.49117323756217957,0,30,2019-11-02,2019-12-01
MC1,134684,0.5020933151245117,0,30,2019-11-02,2019-12-01
MC1,134687,0.5020818114280701,0,30,2019-11-02,2019-12-01
MC1,134941,0.5043498873710632,0,30,2019-11-02,2019-12-01
MC1,135059,0.0,0,30,2019-11-02,2019-12-01
MC1,135144,0.4967268109321594,0,30,2019-11-02,2019-12-01
MC1,135185,0.48261380195617676,0,30,2019-11-02,2019-12-01
MC1,135355,0.4991472065448761,0,30,2019-11-02,2019-12-01
MC1,135388,0.49109065532684326,0,30,2019-11-02,2019-12-01
MC1,135423,0.0,0,30,2019-11-02,2019-12-01
MC1,135427,0.5244726538658142,0,30,2019-11-02,2019-12-01
MC1,135532,0.49492356181144714,0,30,2019-11-02,2019-12-01
MC1,135637,0.49695196747779846,0,30,2019-11-02,2019-12-01
MC1,135733,0.4975985586643219,0,30,2019-11-02,2019-12-01
MC1,135819,0.4981885254383087,0,30,2019-11-02,2019-12-01
MC1,135986,0.5172106027603149,0,30,2019-11-02,2019-12-01
MC1,136091,0.5101168155670166,0,30,2019-11-02,2019-12-01
MC1,136228,0.5042917728424072,0,30,2019-11-02,2019-12-01
MC1,136625,0.5036212205886841,0,30,2019-11-02,2019-12-01
MC1,136682,0.5098429918289185,0,30,2019-11-02,2019-12-01
MC1,136859,0.5042645931243896,0,30,2019-11-02,2019-12-01
MC1,136979,0.5082785487174988,0,30,2019-11-02,2019-12-01
MC1,137196,0.49767154455184937,0,30,2019-11-02,2019-12-01
MC1,137394,0.4912392497062683,0,30,2019-11-02,2019-12-01
MC1,137514,0.5005549192428589,0,30,2019-11-02,2019-12-01
MC1,137564,0.49460363388061523,0,30,2019-11-02,2019-12-01
MC1,137866,0.49637556076049805,1,30,2019-11-03,2019-12-02
MC1,137945,0.5036370754241943,0,30,2019-11-02,2019-12-01
MC1,137956,0.49144935607910156,0,30,2019-11-02,2019-12-01
MC1,138052,0.4940105974674225,1,30,2019-10-29,2019-11-27
MC1,138053,0.5034928321838379,0,30,2019-11-02,2019-12-01
MC1,138066,0.5214923024177551,0,30,2019-11-02,2019-12-01
MC1,138101,0.4957064390182495,1,30,2019-08-06,2019-09-04
MC1,138365,0.49260851740837097,0,30,2019-11-02,2019-12-01
MC1,138398,0.5046823024749756,0,30,2019-11-02,2019-12-01
MC1,138465,0.48575758934020996,0,30,2019-11-02,2019-12-01
MC1,138494,0.4877777695655823,0,30,2019-11-02,2019-12-01
MC1,138828,0.49671390652656555,0,30,2019-11-02,2019-12-01
MC1,138983,0.4978058636188507,0,30,2019-11-02,2019-12-01
MC1,139008,0.5130316615104675,0,30,2019-11-02,2019-12-01
MC1,139198,0.5169311761856079,0,30,2019-11-02,2019-12-01
MC1,139238,0.5089651346206665,0,30,2019-11-02,2019-12-01
MC1,139622,0.4981030821800232,0,30,2019-11-02,2019-12-01
MC1,139634,0.4987257421016693,0,30,2019-11-02,2019-12-01
MC1,139776,0.4933883845806122,0,30,2019-06-02,2019-07-01
MC1,140030,0.49255046248435974,0,30,2019-11-02,2019-12-01
MC1,140265,0.4974599778652191,0,30,2019-10-19,2019-11-17
MC1,140276,0.4876250624656677,0,30,2019-11-02,2019-12-01
MC1,140350,0.5098433494567871,0,30,2019-11-02,2019-12-01
MC1,140511,0.4923473298549652,0,30,2019-10-19,2019-11-17
MC1,140520,0.49578195810317993,0,30,2019-11-02,2019-12-01
MC1,140665,0.494054913520813,0,30,2019-11-02,2019-12-01
MC1,140695,0.5173604488372803,0,30,2019-11-01,2019-11-30
MC1,140815,0.4807402491569519,0,30,2019-11-02,2019-12-01
MC1,140867,0.5264199376106262,1,30,2018-06-10,2018-07-09
MC1,141039,0.6170625686645508,0,30,2019-11-02,2019-12-01
MC1,141073,0.5110270380973816,0,30,2019-11-02,2019-12-01
MC1,141130,0.5020605325698853,0,30,2019-11-02,2019-12-01
MC1,141155,0.49141889810562134,0,30,2019-11-02,2019-12-01
MC1,141205,0.5020591616630554,0,30,2019-11-02,2019-12-01
MC1,141250,0.4982355833053589,0,30,2019-09-26,2019-10-25
MC1,141330,0.4875950217247009,0,30,2019-11-02,2019-12-01
MC1,141443,0.5267109870910645,0,30,2019-11-02,2019-12-01
MC1,141603,0.5171476006507874,0,30,2019-11-02,2019-12-01
MC1,142045,0.5009755492210388,0,30,2019-11-02,2019-12-01
MC1,142161,0.5286076068878174,1,30,2019-02-05,2019-03-06
MC1,142577,0.49243536591529846,0,30,2019-11-02,2019-12-01
MC1,142753,0.4905349016189575,0,30,2019-11-02,2019-12-01
MC1,142801,0.4960077404975891,0,30,2019-11-02,2019-12-01
MC1,142821,0.5100415945053101,0,30,2019-11-02,2019-12-01
MC1,143158,0.5166959166526794,1,30,2018-05-29,2018-06-27
MC1,143343,0.5282635688781738,0,30,2019-11-02,2019-12-01
MC1,143359,0.49786287546157837,0,30,2019-11-02,2019-12-01
MC1,143459,0.5060137510299683,0,30,2019-11-02,2019-12-01
MC1,143800,0.49187710881233215,0,30,2019-11-02,2019-12-01
MC1,143862,0.4969549775123596,0,30,2019-11-02,2019-12-01
MC1,143877,0.4897194504737854,0,30,2019-10-19,2019-11-17
MC1,143945,0.49787256121635437,0,30,2019-11-02,2019-12-01
MC1,144154,0.4965910017490387,0,30,2019-11-02,2019-12-01
MC1,144541,0.49601301550865173,0,30,2019-11-02,2019-12-01
MC1,144589,0.4957905113697052,0,30,2019-09-29,2019-10-28
MC1,144662,0.5066782832145691,1,30,2018-02-18,2018-03-19
MC1,144932,0.4861259162425995,0,30,2019-11-02,2019-12-01
MC1,144960,0.49017438292503357,0,30,2019-11-02,2019-12-01
MC1,145009,0.4922696650028229,0,30,2019-11-02,2019-12-01
MC1,145013,0.49645575881004333,0,30,2019-11-02,2019-12-01
MC1,145182,0.5074862837791443,1,30,2019-02-14,2019-03-15
MC1,145423,0.49766042828559875,0,30,2019-11-02,2019-12-01
MC1,145434,0.5037279725074768,0,30,2019-11-02,2019-12-01
MC1,145526,0.5032088756561279,0,30,2019-10-19,2019-11-17
MC1,145563,0.4854899048805237,0,30,2019-11-02,2019-12-01
MC1,146045,0.49200958013534546,0,30,2019-11-02,2019-12-01
MC1,146153,0.5058625936508179,0,30,2019-11-02,2019-12-01
MC1,146177,0.517149806022644,0,30,2019-11-02,2019-12-01
MC1,146280,0.49630919098854065,0,30,2019-11-02,2019-12-01
MC1,146373,0.5172592997550964,0,30,2019-11-02,2019-12-01
MC1,146377,0.5172560214996338,0,30,2019-11-02,2019-12-01
MC1,146386,0.497602641582489,0,30,2019-11-02,2019-12-01
MC1,146617,0.5236159563064575,1,30,2018-08-02,2018-08-31
MC1,146732,0.5068268179893494,0,30,2019-11-02,2019-12-01
MC1,146750,0.5104495882987976,0,30,2019-11-02,2019-12-01
MC1,146870,0.49397462606430054,0,30,2019-11-02,2019-12-01
MC1,147177,0.5037437677383423,0,30,2019-11-02,2019-12-01
MC1,147780,0.5179668664932251,0,30,2019-10-30,2019-11-28
MC1,147986,0.5165058970451355,0,30,2019-11-02,2019-12-01
MC1,147989,0.5165058970451355,0,30,2019-11-02,2019-12-01
MC1,148177,0.5101898312568665,0,30,2019-11-02,2019-12-01
MC1,148212,0.48646271228790283,0,30,2019-11-02,2019-12-01
MC1,148393,0.48314768075942993,0,30,2019-11-02,2019-12-01
MC1,148765,0.4926576614379883,0,30,2019-11-02,2019-12-01
MC1,149043,0.48344486951828003,0,30,2019-11-02,2019-12-01
MC1,149159,0.5034951567649841,0,30,2019-11-02,2019-12-01
MC1,149286,0.5044544339179993,0,30,2019-11-02,2019-12-01
MC1,149397,0.5068237781524658,0,30,2019-11-02,2019-12-01
MC1,149521,0.5036410093307495,0,30,2019-11-02,2019-12-01
MC1,149640,0.4939979612827301,0,30,2019-11-02,2019-12-01
MC1,149677,0.4935982823371887,0,30,2019-11-02,2019-12-01
MC1,149697,0.4909075200557709,0,30,2019-11-02,2019-12-01
MC1,149717,0.5025851130485535,0,30,2019-11-02,2019-12-01
MC1,149899,0.4982526898384094,0,30,2019-11-02,2019-12-01
MC1,149900,0.49824392795562744,0,30,2019-11-02,2019-12-01
MC1,149940,0.5179800987243652,0,30,2019-10-19,2019-11-17
MC1,150127,0.5109553933143616,0,30,2019-11-02,2019-12-01
MC1,150264,0.48725637793540955,0,30,2019-11-02,2019-12-01
MC1,150534,0.5110302567481995,0,30,2019-11-02,2019-12-01
MC1,150569,0.5091692805290222,0,30,2019-11-02,2019-12-01
MC1,150591,0.4913949966430664,0,30,2019-11-02,2019-12-01
MC1,150620,0.49623724818229675,0,30,2019-09-28,2019-10-27
MC1,150691,0.48895546793937683,0,30,2019-11-02,2019-12-01
MC1,150787,0.4893234074115753,0,30,2019-11-02,2019-12-01
MC1,151007,0.50586998462677,0,30,2019-11-02,2019-12-01
MC1,151075,0.5093636512756348,0,30,2019-11-02,2019-12-01
MC1,151102,0.49645230174064636,0,30,2019-11-02,2019-12-01
MC1,151212,0.6100760102272034,0,30,2019-11-02,2019-12-01
MC1,151302,0.4969446063041687,0,30,2019-11-02,2019-12-01
MC1,151526,0.4923871159553528,0,30,2019-11-02,2019-12-01
MC1,151592,2.3111880698613e-21,0,11,2019-11-21,2019-12-01
MC1,151893,0.509635865688324,0,30,2019-11-02,2019-12-01
MC1,151980,0.4965915381908417,0,30,2019-11-02,2019-12-01
MC1,151991,0.5577370524406433,0,30,2019-11-02,2019-12-01
MC1,152046,0.5046952962875366,0,30,2019-11-02,2019-12-01
MC1,152165,0.5141664743423462,0,30,2019-11-02,2019-12-01
MC1,152405,0.5058839917182922,0,30,2019-11-02,2019-12-01
MC1,152648,0.4959648847579956,0,30,2019-11-02,2019-12-01
MC1,152967,0.5030266046524048,0,30,2019-11-02,2019-12-01
MC1,153370,0.5093773603439331,0,30,2019-11-02,2019-12-01
MC1,153457,0.4804514944553375,0,30,2019-11-02,2019-12-01
MC1,153883,0.4879622459411621,0,30,2019-11-02,2019-12-01
MC1,154030,0.497610479593277,0,30,2019-11-02,2019-12-01
MC1,154289,0.49530264735221863,1,30,2019-06-06,2019-07-05
MC1,154311,0.4863909184932709,0,30,2019-11-02,2019-12-01
MC1,154461,0.4927197992801666,0,30,2019-11-02,2019-12-01
MC1,154470,0.4953280985355377,0,30,2019-08-22,2019-09-20
MC1,154555,0.4864652156829834,0,30,2019-11-02,2019-12-01
MC1,154574,0.4952813386917114,0,30,2019-11-02,2019-12-01
MC1,154848,0.49340346455574036,0,30,2019-11-02,2019-12-01
MC1,154916,0.4992467761039734,0,30,2019-10-19,2019-11-17
MC1,154933,0.5036607980728149,0,30,2019-11-02,2019-12-01
MC1,155119,0.5065023303031921,1,30,2019-05-16,2019-06-14
MC1,155177,0.49112600088119507,0,30,2019-11-02,2019-12-01
MC1,155254,0.4967164397239685,0,30,2019-11-02,2019-12-01
MC1,155301,0.49765363335609436,0,30,2019-11-02,2019-12-01
MC1,155385,0.4855409860610962,0,30,2019-11-02,2019-12-01
MC1,155673,0.5043652057647705,0,30,2019-11-02,2019-12-01
MC1,155731,0.4943867623806,0,30,2019-11-02,2019-12-01
MC1,155755,0.5028268694877625,0,30,2019-11-02,2019-12-01
MC1,155789,0.49398282170295715,0,30,2019-11-02,2019-12-01
MC1,155919,0.4963541328907013,0,30,2019-11-02,2019-12-01
MC1,155925,0.4963541328907013,0,30,2019-11-02,2019-12-01
MC1,155973,0.5111973881721497,0,30,2019-10-19,2019-11-17
MC1,155977,0.5086364150047302,0,30,2019-11-02,2019-12-01
MC1,156551,0.5043135285377502,0,30,2019-11-02,2019-12-01
MC1,156780,0.5042860507965088,0,30,2019-11-02,2019-12-01
MC1,156967,0.4967467486858368,0,30,2019-11-02,2019-12-01
MC1,157034,0.4936046600341797,0,30,2019-11-02,2019-12-01
MC1,157042,0.4936046600341797,0,30,2019-11-02,2019-12-01
MC1,157210,0.4980127215385437,0,30,2019-11-02,2019-12-01
MC1,157242,0.492640882730484,0,30,2019-11-02,2019-12-01
MC1,157254,0.487544447183609,0,30,2019-11-02,2019-12-01
MC1,157296,0.5251255631446838,1,30,2018-04-30,2018-05-29
MC1,157458,0.49147969484329224,0,30,2019-11-02,2019-12-01
MC1,157738,0.4831596314907074,0,30,2019-11-02,2019-12-01
MC1,157877,0.49916312098503113,0,30,2019-11-02,2019-12-01
MC1,157885,0.4978397786617279,0,30,2019-11-02,2019-12-01
MC1,158001,0.49714311957359314,0,30,2019-11-02,2019-12-01
MC1,158155,0.4974544942378998,0,30,2019-11-02,2019-12-01
MC1,158389,0.5215221643447876,0,30,2019-04-30,2019-05-29
MC1,158416,0.5101251602172852,0,30,2019-11-02,2019-12-01
MC1,158710,0.5093662142753601,0,30,2019-11-02,2019-12-01
MC1,158826,0.4972134828567505,0,30,2019-11-02,2019-12-01
MC1,159152,0.50775545835495,0,30,2019-11-02,2019-12-01
MC1,159189,0.4969356656074524,0,30,2019-11-02,2019-12-01
MC1,159233,0.48815682530403137,0,30,2019-11-02,2019-12-01
MC1,159240,0.4865240156650543,0,30,2019-11-02,2019-12-01
MC1,159252,0.5104994773864746,1,30,2018-10-23,2018-11-21
MC1,159408,0.48363497853279114,0,30,2019-11-02,2019-12-01
MC1,159549,0.49082139134407043,1,30,2019-07-30,2019-08-28
MC1,159682,0.4989292323589325,0,30,2019-11-02,2019-12-01
MC1,159744,0.5099437236785889,0,30,2019-10-19,2019-11-17
MC1,159762,0.4811989367008209,0,30,2019-10-19,2019-11-17
MC1,159898,0.5020573735237122,0,30,2019-11-02,2019-12-01
MC1,159933,0.4974507689476013,0,30,2019-08-02,2019-08-31
MC1,159993,0.5259676575660706,1,30,2018-04-20,2018-05-19
MC1,159994,0.5038133263587952,0,30,2019-06-23,2019-07-22
MC1,160142,0.4853843152523041,0,30,2019-11-02,2019-12-01
MC1,160443,0.49666687846183777,0,30,2019-11-02,2019-12-01
MC1,160495,0.5027908086776733,0,30,2019-11-02,2019-12-01
MC1,160577,0.5023933053016663,0,30,2019-11-02,2019-12-01
MC1,160622,0.49343475699424744,0,30,2019-09-19,2019-10-18
MC1,160860,0.5154955983161926,0,30,2019-11-02,2019-12-01
MC1,160897,0.5270951986312866,0,30,2019-11-02,2019-12-01
MC1,160979,0.513702392578125,0,30,2019-11-02,2019-12-01
MC1,161129,0.49948960542678833,0,30,2019-11-02,2019-12-01
MC1,161184,0.5118809938430786,0,30,2019-11-02,2019-12-01
MC1,161267,0.5061787366867065,0,30,2019-04-27,2019-05-26
MC1,161577,0.49377110600471497,0,30,2019-11-02,2019-12-01
MC1,161609,0.4952542781829834,0,30,2019-11-02,2019-12-01
MC1,161641,0.4959660470485687,0,30,2019-11-02,2019-12-01
MC1,161693,0.5107290148735046,0,30,2019-11-02,2019-12-01
MC1,161723,0.4883863627910614,0,30,2019-11-02,2019-12-01
MC1,161730,0.49270278215408325,0,30,2019-11-02,2019-12-01
MC1,162099,0.49078482389450073,0,30,2019-11-02,2019-12-01
MC1,162149,0.49032628536224365,0,30,2019-11-02,2019-12-01
MC1,162184,0.4993729591369629,0,30,2019-11-02,2019-12-01
MC1,162370,0.4892559349536896,0,30,2019-11-02,2019-12-01
MC1,162395,0.5237966179847717,1,30,2019-06-27,2019-07-26
MC1,162645,0.4962949752807617,0,30,2019-11-02,2019-12-01
MC1,162949,0.503261387348175,0,30,2019-10-19,2019-11-17
MC1,163030,0.513712465763092,0,30,2019-11-02,2019-12-01
MC1,163170,0.4946397840976715,0,30,2019-11-02,2019-12-01
MC1,163337,0.5098493099212646,0,30,2019-11-02,2019-12-01
MC1,163398,0.49396729469299316,0,30,2019-11-02,2019-12-01
MC1,163409,0.4984016418457031,1,30,2019-04-27,2019-05-26
MC1,163472,0.5658884048461914,1,30,2019-07-22,2019-08-20
MC1,163703,0.49896782636642456,0,30,2019-11-02,2019-12-01
MC1,163798,0.4870055317878723,0,30,2019-11-02,2019-12-01
MC1,163942,0.49558132886886597,0,30,2019-11-02,2019-12-01
MC1,164018,0.4911981225013733,0,30,2019-11-02,2019-12-01
MC1,164046,0.4936898350715637,0,30,2019-11-02,2019-12-01
MC1,164179,0.4976443648338318,0,30,2019-11-02,2019-12-01
MC1,164464,0.49354448914527893,0,30,2019-11-02,2019-12-01
MC1,164778,0.4944125711917877,0,30,2019-11-02,2019-12-01
MC1,164781,0.4944125711917877,0,30,2019-11-02,2019-12-01
MC1,164925,0.528983473777771,0,30,2019-11-02,2019-12-01
MC1,164995,0.48544055223464966,0,30,2019-11-02,2019-12-01
MC1,164998,0.4866328239440918,1,30,2019-10-10,2019-11-08
MC1,165026,0.48733803629875183,1,30,2019-10-01,2019-10-30
MC1,165239,0.5117493271827698,0,30,2019-11-02,2019-12-01
MC1,165297,0.49521586298942566,0,30,2019-11-02,2019-12-01
MC1,165307,0.48856088519096375,0,30,2019-11-02,2019-12-01
MC1,165373,0.48057401180267334,0,30,2019-11-02,2019-12-01
MC1,165682,0.49371540546417236,0,30,2019-11-02,2019-12-01
MC1,165686,0.5037069320678711,0,30,2019-11-02,2019-12-01
MC1,165875,0.4947507679462433,0,30,2019-11-02,2019-12-01
MC1,166549,0.4925680458545685,0,30,2019-11-02,2019-12-01
MC1,166587,0.4873877465724945,0,30,2019-11-02,2019-12-01
MC1,166623,0.49763762950897217,0,30,2019-11-02,2019-12-01
MC1,166831,0.4978242814540863,0,30,2019-11-02,2019-12-01
MC1,166854,0.4946870505809784,0,30,2019-10-19,2019-11-17
MC1,167118,0.4873290956020355,0,30,2019-11-02,2019-12-01
MC1,167297,0.48977890610694885,0,30,2019-11-02,2019-12-01
MC1,167346,0.49021831154823303,0,30,2019-11-02,2019-12-01
MC1,167367,0.5025672912597656,0,30,2019-10-19,2019-11-17
MC1,167427,0.5196584463119507,1,30,2019-07-15,2019-08-13
MC1,167547,0.4927121698856354,0,30,2019-11-02,2019-12-01
MC1,167553,0.49270859360694885,0,30,2019-11-02,2019-12-01
MC1,167828,0.48719310760498047,0,30,2019-11-02,2019-12-01
MC1,167857,0.4971964955329895,0,30,2019-03-26,2019-04-24
MC1,167913,0.5033326148986816,0,30,2019-11-02,2019-12-01
MC1,168345,0.4968865215778351,0,30,2019-11-02,2019-12-01
MC1,168363,0.5098493099212646,0,30,2019-11-02,2019-12-01
MC1,168388,0.49887174367904663,0,30,2019-11-02,2019-12-01
MC1,168467,0.49460816383361816,0,30,2019-11-02,2019-12-01
MC1,168701,0.49464643001556396,1,30,2019-09-24,2019-10-23
MC1,168846,0.4854419529438019,0,30,2019-11-02,2019-12-01
MC1,168938,0.5157992243766785,1,30,2018-10-02,2018-10-31
MC1,169011,0.4893759787082672,0,30,2019-11-02,2019-12-01
MC1,169035,0.48821625113487244,0,30,2019-11-02,2019-12-01
MC1,169155,0.4963918924331665,0,30,2019-11-02,2019-12-01
MC1,169178,0.5204948782920837,0,30,2019-11-02,2019-12-01
MC1,169402,0.4943828880786896,0,30,2019-11-02,2019-12-01
MC1,169544,0.5037066340446472,0,30,2019-11-02,2019-12-01
MC1,169550,0.5168931484222412,1,30,2018-05-08,2018-06-06
MC1,169560,0.5028968453407288,0,30,2019-11-02,2019-12-01
MC1,169663,0.5191611051559448,0,30,2019-04-23,2019-05-22
MC1,169751,0.4934839904308319,0,30,2019-11-02,2019-12-01
MC1,169792,0.5175608992576599,0,30,2019-11-01,2019-11-30
MC1,169887,0.488986998796463,0,30,2019-11-02,2019-12-01
MC1,169904,0.5039462447166443,1,30,2019-06-15,2019-07-14
MC1,169955,0.49540093541145325,0,30,2019-10-03,2019-11-01
MC1,170070,0.4954521954059601,0,30,2019-11-02,2019-12-01
MC1,170131,0.49295690655708313,0,30,2019-11-02,2019-12-01
MC1,170149,0.5067515969276428,0,30,2019-11-02,2019-12-01
MC1,170365,0.5070394277572632,0,30,2019-11-02,2019-12-01
MC1,170422,0.510899543762207,0,30,2019-11-02,2019-12-01
MC1,170567,0.5235536694526672,0,30,2019-11-02,2019-12-01
MC1,170708,0.49652746319770813,0,30,2019-11-02,2019-12-01
MC1,170802,0.49548643827438354,0,30,2019-11-02,2019-12-01
MC1,170818,0.4834885895252228,0,30,2019-11-02,2019-12-01
MC1,170879,0.4953567385673523,0,30,2019-11-02,2019-12-01
MC1,171038,0.5062158703804016,0,30,2019-11-02,2019-12-01
MC1,171220,0.00038847033283673227,0,20,2019-11-12,2019-12-01
MC1,171266,0.483776330947876,0,30,2019-11-02,2019-12-01
MC1,171271,0.48382773995399475,0,30,2019-11-02,2019-12-01
MC1,171280,0.5095046758651733,0,30,2019-11-02,2019-12-01
MC1,171823,0.4939012825489044,0,30,2019-11-02,2019-12-01
MC1,171890,0.49517205357551575,0,30,2019-11-02,2019-12-01
MC1,171918,0.5024834275245667,0,30,2019-11-02,2019-12-01
MC1,171929,0.4916204810142517,0,30,2019-11-02,2019-12-01
MC1,172096,0.5021539926528931,1,30,2019-07-16,2019-08-14
MC1,172315,0.49972906708717346,0,30,2019-11-01,2019-11-30
MC1,172453,0.5022842288017273,0,30,2019-11-02,2019-12-01
MC1,172557,0.5975247621536255,0,30,2019-11-02,2019-12-01
MC1,172689,0.48871561884880066,0,30,2019-11-02,2019-12-01
MC1,172859,0.49181580543518066,0,30,2019-11-02,2019-12-01
MC1,172955,0.4939756691455841,0,30,2019-11-02,2019-12-01
MC1,173065,0.5043026208877563,0,30,2019-11-02,2019-12-01
MC1,173218,0.48383960127830505,0,30,2019-11-02,2019-12-01
MC1,173431,0.5135819911956787,0,30,2018-09-16,2018-10-15
MC1,173647,0.48545894026756287,0,30,2019-11-02,2019-12-01
MC1,173748,0.49374818801879883,0,30,2019-11-02,2019-12-01
MC1,173778,0.4859926402568817,0,30,2019-11-02,2019-12-01
MC1,173897,0.509914219379425,0,30,2018-11-08,2018-12-07
MC1,173908,0.48538365960121155,0,30,2019-11-02,2019-12-01
MC1,173950,0.48718735575675964,0,30,2019-11-02,2019-12-01
MC1,173977,0.4949578046798706,0,30,2019-11-02,2019-12-01
MC1,174169,0.4911023676395416,0,30,2019-11-02,2019-12-01
MC1,174250,0.4935743510723114,0,30,2019-11-02,2019-12-01
MC1,174258,0.4935743510723114,0,30,2019-11-02,2019-12-01
MC1,174497,0.4932830035686493,0,30,2019-11-02,2019-12-01
MC1,174536,0.5037418007850647,0,30,2019-11-02,2019-12-01
MC1,174570,0.4899573028087616,0,30,2019-11-02,2019-12-01
MC1,174593,0.501039981842041,0,30,2019-11-02,2019-12-01
MC1,174664,0.4963470697402954,0,30,2019-11-02,2019-12-01
MC1,174665,0.49634429812431335,0,30,2019-11-02,2019-12-01
MC1,174745,0.4868389964103699,1,30,2019-10-16,2019-11-14
MC1,174785,0.4806271195411682,0,30,2019-11-02,2019-12-01
MC1,174805,0.4856642186641693,0,30,2019-11-02,2019-12-01
MC1,174841,0.49808356165885925,0,30,2019-11-02,2019-12-01
MC1,174997,0.49296337366104126,0,30,2019-11-02,2019-12-01
MC1,175055,0.4917779266834259,0,30,2019-11-02,2019-12-01
MC1,175468,0.5035833716392517,0,30,2019-11-02,2019-12-01
MC1,175591,0.5066446661949158,0,30,2019-11-02,2019-12-01
MC1,175789,0.49186939001083374,0,30,2019-11-02,2019-12-01
MC1,176153,0.00007624114368809387,0,20,2019-11-12,2019-12-01
MC1,176194,0.495505154132843,1,30,2019-09-09,2019-10-08
MC1,176406,0.5140848159790039,0,30,2019-03-28,2019-04-26
MC1,176450,0.49818354845046997,0,30,2019-11-02,2019-12-01
MC1,176635,0.5100405812263489,0,30,2019-11-02,2019-12-01
MC1,176717,0.4963935315608978,0,30,2019-11-02,2019-12-01
MC1,176740,0.483944296836853,0,30,2019-11-01,2019-11-30
MC1,176823,0.4855131506919861,0,30,2019-10-19,2019-11-17
MC1,177031,0.4969491958618164,0,30,2019-11-02,2019-12-01
MC1,177042,0.4941248893737793,0,30,2019-11-02,2019-12-01
MC1,177432,0.4952831566333771,0,30,2019-11-02,2019-12-01
MC1,177674,0.5110266804695129,0,30,2019-11-02,2019-12-01
MC1,177965,0.5077858567237854,0,30,2019-11-02,2019-12-01
MC1,178030,0.4860498607158661,0,30,2019-11-02,2019-12-01
MC1,178142,0.5032716393470764,0,30,2019-11-02,2019-12-01
MC1,178150,0.5089821219444275,0,30,2019-11-02,2019-12-01
MC1,178361,0.5005625486373901,0,30,2019-11-02,2019-12-01
MC1,178384,0.5024271607398987,0,30,2019-11-02,2019-12-01
MC1,178394,0.5181971788406372,0,30,2019-10-31,2019-11-29
MC1,178480,0.4839772880077362,0,30,2019-11-02,2019-12-01
MC1,178482,0.4839824140071869,0,30,2019-11-02,2019-12-01
MC1,178635,0.5252363681793213,0,30,2019-11-02,2019-12-01
MC1,178766,0.4982372224330902,0,30,2019-11-02,2019-12-01
MC1,178913,0.4973827600479126,0,30,2019-11-02,2019-12-01
MC1,179018,0.4939747452735901,0,30,2019-11-02,2019-12-01
MC1,179174,0.5172441005706787,0,30,2019-11-02,2019-12-01
MC1,179249,0.4905213713645935,0,30,2019-11-02,2019-12-01
MC1,179509,0.49150291085243225,0,30,2019-11-02,2019-12-01
MC1,179539,0.4915691614151001,0,30,2019-11-02,2019-12-01
MC1,179720,0.4926469624042511,0,30,2019-11-02,2019-12-01
MC1,179999,0.5115931034088135,0,30,2019-11-02,2019-12-01
MC1,180030,0.5102611780166626,0,30,2019-11-02,2019-12-01
MC1,180148,0.4960341453552246,1,30,2019-11-08,2019-12-07
MC1,180260,0.49640870094299316,0,30,2019-11-02,2019-12-01
MC1,180582,0.5101527571678162,0,30,2019-11-02,2019-12-01
MC1,180607,0.49459317326545715,0,30,2019-10-27,2019-11-25
MC1,180665,0.5040832161903381,1,30,2019-05-06,2019-06-04
MC1,180811,0.5071648955345154,0,30,2019-11-02,2019-12-01
MC1,180833,0.49693119525909424,0,30,2019-11-02,2019-12-01
MC1,180915,0.49588271975517273,0,30,2019-09-22,2019-10-21
MC1,180941,0.5522379875183105,0,30,2019-11-02,2019-12-01
MC1,181539,0.49810025095939636,0,30,2019-11-02,2019-12-01
MC1,181571,0.498935341835022,0,30,2019-11-02,2019-12-01
MC1,181584,0.5008279085159302,0,30,2019-10-19,2019-11-17
MC1,181729,0.49141353368759155,1,30,2019-10-31,2019-11-29
MC1,182577,0.4955047369003296,0,30,2019-11-02,2019-12-01
MC1,182639,0.4918482005596161,0,30,2019-11-02,2019-12-01
MC1,182718,0.4995894134044647,1,30,2019-10-03,2019-11-01
MC1,182723,0.49798470735549927,1,30,2019-11-03,2019-12-02
MC1,182878,0.4975307881832123,0,30,2019-11-02,2019-12-01
MC1,183209,0.4804472029209137,0,30,2019-11-02,2019-12-01
MC1,183225,0.49768924713134766,0,30,2019-11-02,2019-12-01
MC1,183676,0.48854562640190125,0,30,2019-11-02,2019-12-01
MC1,183685,0.5116771459579468,0,30,2019-11-02,2019-12-01
MC1,183776,0.5005660057067871,0,30,2019-08-23,2019-09-21
MC1,183933,0.48863500356674194,0,30,2019-11-02,2019-12-01
MC1,184010,0.4918595850467682,0,30,2019-11-02,2019-12-01
MC1,184051,0.49391815066337585,0,30,2019-11-02,2019-12-01
MC1,184115,0.5622779726982117,0,30,2019-10-19,2019-11-17
MC1,184119,0.48565948009490967,0,30,2019-10-19,2019-11-17
MC1,184316,0.4972895383834839,0,30,2019-11-02,2019-12-01
MC1,184442,0.4932813346385956,0,30,2019-11-02,2019-12-01
MC1,184625,0.5173014998435974,0,30,2019-11-01,2019-11-30
MC1,184703,0.49742528796195984,1,30,2019-04-18,2019-05-17
MC1,184826,0.5001459717750549,0,30,2019-11-02,2019-12-01
MC1,184856,0.49113088846206665,0,30,2019-11-02,2019-12-01
MC1,184924,0.4965199828147888,0,30,2019-11-02,2019-12-01
MC1,184941,0.4935740530490875,0,30,2019-11-02,2019-12-01
MC1,184991,0.4992167055606842,0,30,2019-11-02,2019-12-01
MC1,185035,0.4920904040336609,0,30,2019-11-01,2019-11-30
MC1,185095,0.4932100474834442,0,30,2019-11-02,2019-12-01
MC1,185338,0.4853906035423279,0,30,2019-11-02,2019-12-01
MC1,185532,0.4886232614517212,0,30,2019-11-02,2019-12-01
MC1,185711,0.4939742684364319,0,30,2019-11-02,2019-12-01
MC1,185741,3.67740993548278e-21,0,11,2019-11-21,2019-12-01
MC1,185916,0.49409905076026917,0,30,2019-11-02,2019-12-01
MC1,186002,0.4857933223247528,0,30,2019-11-02,2019-12-01
MC1,186017,0.48252546787261963,0,30,2019-11-02,2019-12-01
MC1,186038,0.5093905329704285,0,30,2019-11-02,2019-12-01
MC1,186122,0.4988948106765747,0,30,2019-11-02,2019-12-01
MC1,186183,0.4978318512439728,0,30,2019-11-02,2019-12-01
MC1,186256,0.4881068468093872,0,30,2019-11-02,2019-12-01
MC1,186307,0.4905324876308441,0,30,2019-11-02,2019-12-01
MC1,186405,0.5076699256896973,0,30,2019-11-02,2019-12-01
MC1,186865,0.48926129937171936,0,30,2019-11-02,2019-12-01
MC1,186901,0.5039448738098145,0,30,2019-11-02,2019-12-01
MC1,187018,0.49010053277015686,0,30,2019-11-02,2019-12-01
MC1,187094,0.5074209570884705,0,30,2018-11-10,2018-12-09
MC1,187178,0.5026501417160034,0,30,2019-11-02,2019-12-01
MC1,187487,0.5105680823326111,0,30,2019-11-02,2019-12-01
MC1,187769,0.5024581551551819,0,30,2019-11-02,2019-12-01
MC1,187917,0.5072146654129028,1,30,2019-04-14,2019-05-13
MC1,187961,0.4928431212902069,0,30,2019-11-02,2019-12-01
MC1,187979,0.511696994304657,0,30,2019-11-02,2019-12-01
MC1,187985,0.49660006165504456,0,30,2019-11-02,2019-12-01
MC1,188077,0.5025417804718018,0,30,2019-11-02,2019-12-01
MC1,188331,0.4958830773830414,0,30,2019-09-22,2019-10-21
MC1,188534,0.5117865800857544,1,30,2019-05-02,2019-05-31
MC1,188562,0.48570629954338074,0,30,2019-11-02,2019-12-01
MC1,189154,0.49595344066619873,0,30,2019-11-02,2019-12-01
MC1,189273,0.5043303966522217,0,30,2019-11-02,2019-12-01
MC1,189295,0.5014495253562927,0,30,2019-11-02,2019-12-01
MC1,189319,0.4967396855354309,0,30,2019-11-02,2019-12-01
MC1,189362,0.491690069437027,0,30,2019-11-02,2019-12-01
MC1,189456,0.4897797107696533,0,30,2019-11-02,2019-12-01
MC1,189529,0.48361656069755554,0,30,2019-11-02,2019-12-01
MC1,189553,0.4896141290664673,0,30,2019-11-02,2019-12-01
MC1,189558,0.504465639591217,0,30,2019-11-02,2019-12-01
MC1,189573,0.5123128890991211,0,30,2019-11-02,2019-12-01
MC1,189607,0.4954562187194824,0,30,2019-11-02,2019-12-01
MC1,189771,0.48348042368888855,0,30,2019-11-02,2019-12-01
MC1,189822,0.4865010976791382,0,30,2019-11-02,2019-12-01
MC1,189841,0.49495476484298706,0,30,2019-11-02,2019-12-01
MC1,190006,0.48756739497184753,0,30,2019-11-02,2019-12-01
MC1,190353,0.4952712953090668,0,30,2019-11-02,2019-12-01
MC1,190487,0.49479055404663086,0,30,2019-11-02,2019-12-01
MC1,191157,0.4915432333946228,0,30,2019-11-02,2019-12-01
MC1,191184,0.503145694732666,0,30,2019-11-02,2019-12-01
MC1,191232,0.49322330951690674,0,30,2019-11-02,2019-12-01
MC1,191368,0.5190317034721375,0,30,2019-11-02,2019-12-01
MC1,191412,0.4972144365310669,0,30,2019-11-02,2019-12-01
MC1,191577,0.4905257225036621,0,30,2019-11-02,2019-12-01
MC1,191586,0.5052838921546936,0,30,2019-11-02,2019-12-01
MC1,191611,0.4897655248641968,0,30,2019-11-02,2019-12-01
MC1,191780,0.4911586046218872,0,30,2019-11-02,2019-12-01
MC1,191990,0.48818063735961914,0,30,2019-11-02,2019-12-01
MC1,192051,0.5021007657051086,0,30,2019-11-02,2019-12-01
MC1,192184,0.5026783347129822,0,30,2019-11-02,2019-12-01
MC1,192271,0.5098854899406433,0,30,2019-11-02,2019-12-01
MC1,192310,0.5147255659103394,0,30,2018-10-23,2018-11-21
MC1,192352,0.48247700929641724,0,30,2019-11-02,2019-12-01
MC1,192353,0.4824744760990143,0,30,2019-11-02,2019-12-01
MC1,192382,0.4930623471736908,0,30,2019-11-02,2019-12-01
MC1,192392,0.49306172132492065,0,30,2019-11-02,2019-12-01
MC1,192439,0.4974978566169739,0,30,2019-11-02,2019-12-01
MC1,192447,0.4903683662414551,0,30,2019-11-02,2019-12-01
MC1,192547,0.489938884973526,0,30,2019-11-02,2019-12-01
MC1,192620,0.5091148018836975,0,30,2019-11-02,2019-12-01
MC1,192749,0.49052006006240845,0,30,2019-11-02,2019-12-01
MC1,192870,0.5053004622459412,0,30,2019-11-02,2019-12-01
MC1,192883,0.5069797039031982,0,30,2019-11-02,2019-12-01
MC1,193490,0.49112457036972046,0,30,2019-11-02,2019-12-01
MC1,193492,0.48839136958122253,0,30,2019-11-02,2019-12-01
MC1,193703,0.5165098309516907,0,30,2019-11-02,2019-12-01
MC1,193810,0.4991277754306793,0,30,2019-11-02,2019-12-01
MC1,194004,0.4946390390396118,0,30,2019-11-02,2019-12-01
MC1,194037,0.4942927062511444,0,30,2019-11-02,2019-12-01
MC1,194235,0.517297625541687,0,30,2019-11-02,2019-12-01
MC1,194252,0.495108425617218,0,30,2019-07-26,2019-08-24
MC1,194513,0.4833219349384308,0,30,2019-11-02,2019-12-01
MC1,194600,0.5101566314697266,0,30,2019-11-02,2019-12-01
MC1,194700,0.4935901463031769,0,30,2019-11-02,2019-12-01
MC1,194747,0.49781909584999084,0,30,2019-11-02,2019-12-01
MC1,194815,0.5154868364334106,0,30,2019-11-02,2019-12-01
MC1,194860,0.4954947531223297,0,30,2019-11-02,2019-12-01
MC1,195076,0.4805373549461365,0,30,2019-11-02,2019-12-01
MC1,195196,0.5058712959289551,0,30,2019-11-02,2019-12-01
MC1,195268,0.5093998312950134,0,30,2019-11-02,2019-12-01
MC1,195425,0.49333086609840393,0,30,2019-11-02,2019-12-01
MC1,195577,0.4825282096862793,0,30,2019-11-02,2019-12-01
MC1,195606,0.49497362971305847,0,30,2019-11-02,2019-12-01
MC1,195820,0.49284613132476807,0,30,2019-11-02,2019-12-01
MC1,195933,0.49720123410224915,0,30,2019-11-02,2019-12-01
MC1,196035,0.486976683139801,0,30,2019-11-02,2019-12-01
MC1,196109,0.5133012533187866,0,30,2019-11-02,2019-12-01
MC1,196161,0.4852398931980133,0,30,2019-11-02,2019-12-01
MC1,196429,0.49523574113845825,0,30,2019-11-02,2019-12-01
MC1,196586,0.49335211515426636,0,30,2019-11-02,2019-12-01
MC1,196684,0.49892348051071167,0,30,2019-11-02,2019-12-01
MC1,196893,0.5103602409362793,0,30,2019-11-02,2019-12-01
MC1,196955,0.4873299300670624,0,30,2019-11-02,2019-12-01
MC1,197165,0.4869590699672699,0,30,2019-11-02,2019-12-01
MC1,197248,0.48056456446647644,0,30,2019-11-02,2019-12-01
MC1,197498,0.4982489049434662,0,30,2019-11-02,2019-12-01
MC1,197556,0.48778271675109863,0,30,2019-11-02,2019-12-01
MC1,197662,0.49515295028686523,1,30,2019-10-22,2019-11-20
MC1,197677,0.48383280634880066,0,30,2019-11-02,2019-12-01
MC1,197820,0.4881605803966522,0,30,2019-11-02,2019-12-01
MC1,197897,0.5283941626548767,0,30,2018-04-21,2018-05-20
MC1,198093,0.5141213536262512,0,30,2019-11-02,2019-12-01
MC1,198116,0.48604482412338257,0,30,2019-11-02,2019-12-01
MC1,198225,0.5076642632484436,0,30,2019-11-02,2019-12-01
MC1,198365,0.4969334900379181,0,30,2019-11-02,2019-12-01
MC1,198409,0.4963979423046112,0,30,2019-11-02,2019-12-01
MC1,198422,0.48469483852386475,0,30,2019-11-02,2019-12-01
MC1,198727,0.5291823148727417,0,30,2019-11-02,2019-12-01
MC1,198787,0.5024720430374146,0,30,2019-11-02,2019-12-01
MC1,199209,0.4980787932872772,0,30,2019-11-02,2019-12-01
MC1,199428,0.49640917778015137,0,30,2019-11-02,2019-12-01
MC1,199468,0.5024863481521606,0,30,2019-11-02,2019-12-01
MC1,199547,0.5109246373176575,0,30,2019-11-02,2019-12-01
MC1,199561,0.4854187071323395,0,30,2019-11-02,2019-12-01
MC1,199651,0.5024610757827759,0,30,2019-11-02,2019-12-01
MC1,199706,0.5018935203552246,0,30,2019-11-02,2019-12-01
MC1,199840,0.49693048000335693,0,30,2019-11-02,2019-12-01
MC1,199924,0.5115973949432373,0,30,2019-11-02,2019-12-01
MC1,200029,0.4864681363105774,0,30,2019-11-02,2019-12-01
MC1,200210,0.48914214968681335,0,30,2019-11-02,2019-12-01
MC2,106,0.5166048407554626,0,30,2019-11-02,2019-12-01
MC2,168,0.5156552791595459,0,30,2019-10-04,2019-11-02
MC2,249,0.5074889063835144,0,30,2019-11-02,2019-12-01
MC2,473,0.5168085694313049,0,30,2019-11-02,2019-12-01
MC2,655,0.5118711590766907,0,30,2019-11-02,2019-12-01
MC2,695,0.5108774304389954,0,30,2019-11-02,2019-12-01
MC2,1260,0.5069223642349243,0,30,2019-11-02,2019-12-01
MC2,1272,0.5134782195091248,0,30,2019-11-02,2019-12-01
MC2,1553,0.49014121294021606,0,30,2019-11-02,2019-12-01
MC2,2001,0.5245316624641418,1,30,2018-10-23,2018-11-21
MC2,2003,0.5172107219696045,0,30,2019-11-02,2019-12-01
MC2,2037,0.5102152824401855,0,30,2019-11-02,2019-12-01
MC2,2169,0.49127069115638733,0,30,2019-10-19,2019-11-17
MC2,2376,0.5172800421714783,0,30,2019-11-02,2019-12-01
MC2,2565,0.5028572082519531,0,30,2019-11-02,2019-12-01
MC2,2584,0.4931754171848297,0,30,2019-11-02,2019-12-01
MC2,2602,0.5051872134208679,0,30,2019-10-19,2019-11-17
MC2,2824,0.5167329907417297,0,30,2019-11-02,2019-12-01
MC2,2853,0.5155373215675354,0,30,2019-10-09,2019-11-07
MC2,2914,0.5150399208068848,0,30,2019-11-02,2019-12-01
MC2,3116,0.5148975849151611,0,30,2019-10-19,2019-11-17
MC2,3181,0.5154398679733276,0,30,2019-11-02,2019-12-01
MC2,3204,0.5089064240455627,0,30,2019-11-02,2019-12-01
MC2,3267,0.5089377164840698,0,30,2019-11-02,2019-12-01
MC2,3693,0.49267131090164185,0,30,2019-11-02,2019-12-01
MC2,3933,0.5154123902320862,0,30,2019-11-02,2019-12-01
MC2,3934,0.5117161870002747,0,30,2019-11-02,2019-12-01
MC2,4021,0.5113018751144409,0,30,2019-11-02,2019-12-01
MC2,4131,0.5124634504318237,0,30,2019-11-02,2019-12-01
MC2,4707,0.5167714953422546,0,30,2019-11-02,2019-12-01
MC2,4807,0.5141507387161255,0,30,2019-11-02,2019-12-01
MC2,4832,0.5076529383659363,0,30,2019-11-02,2019-12-01
MC2,4867,0.5062116384506226,0,30,2019-11-02,2019-12-01
MC2,5026,0.5263675451278687,1,30,2018-11-07,2018-12-06
MC2,5097,0.5106738805770874,0,30,2019-11-02,2019-12-01
MC2,5144,0.5169376730918884,0,30,2019-11-02,2019-12-01
MC2,5446,0.5093440413475037,0,30,2019-11-02,2019-12-01
MC2,5597,0.5179582834243774,0,30,2019-10-05,2019-11-03
MC2,5669,0.49247416853904724,0,30,2019-11-02,2019-12-01
MC2,5705,0.5108897686004639,0,30,2019-11-02,2019-12-01
MC2,5804,0.5222861170768738,0,30,2019-11-02,2019-12-01
MC2,6136,0.5171840190887451,0,30,2019-11-01,2019-11-30
MC2,6301,0.5102031826972961,0,30,2019-11-02,2019-12-01
MC2,6380,0.5086104869842529,0,30,2019-11-02,2019-12-01
MC2,6421,0.5039584040641785,0,30,2019-11-02,2019-12-01
MC2,6428,0.5220541954040527,0,30,2019-03-08,2019-04-06
MC2,6649,0.5124373435974121,0,30,2019-11-02,2019-12-01
MC2,6666,0.5020323991775513,0,30,2019-11-02,2019-12-01
MC2,6870,0.5162099599838257,0,30,2019-11-02,2019-12-01
MC2,6950,0.5166645646095276,0,30,2019-11-02,2019-12-01
MC2,6951,0.5109953284263611,0,30,2019-11-02,2019-12-01
MC2,7237,0.5044143199920654,0,30,2019-11-02,2019-12-01
MC2,7329,0.5166059136390686,0,30,2019-11-02,2019-12-01
MC2,7330,0.5234367251396179,0,30,2019-11-02,2019-12-01
MC2,7606,0.510328471660614,0,30,2019-11-02,2019-12-01
MC2,7682,0.507744550704956,0,30,2019-11-02,2019-12-01
MC2,7968,0.516714870929718,0,30,2019-11-02,2019-12-01
MC2,7973,0.5087649822235107,0,30,2019-11-02,2019-12-01
MC2,7996,0.5066297054290771,0,30,2019-11-02,2019-12-01
MC2,8026,0.5249255895614624,0,30,2019-11-02,2019-12-01
MC2,8085,0.6269192099571228,0,25,2018-12-18,2019-01-11
MC2,8287,0.5099038481712341,0,30,2019-11-02,2019-12-01
MC2,8784,0.5026012659072876,0,30,2019-11-02,2019-12-01
MC2,9057,0.5050515532493591,0,30,2019-11-02,2019-12-01
MC2,9100,0.513714611530304,0,30,2019-11-02,2019-12-01
MC2,9260,0.5103259682655334,0,30,2019-11-02,2019-12-01
MC2,9269,0.5066490173339844,0,30,2019-11-02,2019-12-01
MC2,9401,0.513120174407959,0,30,2019-11-02,2019-12-01
MC2,9542,0.5048971176147461,0,30,2019-11-02,2019-12-01
MC2,10074,0.5124648809432983,0,30,2019-11-02,2019-12-01
MC2,10296,0.5179235339164734,1,30,2019-10-31,2019-11-29
MC2,10368,0.5095028281211853,0,30,2019-11-02,2019-12-01
MC2,10384,0.5051108598709106,0,30,2019-11-02,2019-12-01
MC2,10490,0.5169764161109924,0,30,2019-11-02,2019-12-01
MC2,10516,0.5117881298065186,0,30,2019-11-02,2019-12-01
MC2,10903,0.5042818188667297,0,30,2019-11-02,2019-12-01
MC2,10923,0.5167575478553772,0,30,2019-11-02,2019-12-01
MC2,10955,0.638597309589386,0,30,2019-02-12,2019-03-13
MC2,11042,0.5042680501937866,0,30,2019-11-02,2019-12-01
MC2,11431,0.5150485634803772,0,30,2019-11-02,2019-12-01
MC2,11599,0.5101801156997681,0,30,2019-11-02,2019-12-01
MC2,11691,0.5156411528587341,0,30,2019-11-02,2019-12-01
MC2,11772,0.5078350901603699,0,30,2019-10-19,2019-11-17
MC2,11930,0.4905160963535309,0,30,2019-11-02,2019-12-01
MC2,12038,0.5048186779022217,0,30,2019-11-02,2019-12-01
MC2,12172,0.5140084028244019,0,30,2019-11-02,2019-12-01
MC2,12178,0.5045443177223206,0,30,2019-11-02,2019-12-01
MC2,12255,0.5061137676239014,0,30,2019-08-26,2019-09-24
MC2,12263,0.512032687664032,1,30,2019-06-04,2019-07-03
MC2,12312,0.5172193050384521,0,30,2019-11-02,2019-12-01
MC2,12331,0.5061942338943481,0,30,2019-11-02,2019-12-01
MC2,12399,0.5173787474632263,0,30,2019-11-02,2019-12-01
MC2,12531,0.5167685151100159,0,30,2019-11-02,2019-12-01
MC2,12533,0.5112748742103577,0,30,2019-10-19,2019-11-17
MC2,12568,0.49169644713401794,0,30,2019-11-02,2019-12-01
MC2,12660,0.5234509110450745,0,30,2019-11-02,2019-12-01
MC2,12833,0.5115290284156799,0,30,2019-11-02,2019-12-01
MC2,13031,0.5100696086883545,0,30,2019-11-02,2019-12-01
MC2,13119,0.5090385675430298,0,30,2019-11-02,2019-12-01
MC2,13180,0.5044976472854614,0,30,2019-11-02,2019-12-01
MC2,13239,0.4901350140571594,0,30,2019-11-02,2019-12-01
MC2,13466,0.5126947164535522,0,30,2019-09-25,2019-10-24
MC2,13478,0.5047119855880737,0,30,2019-11-02,2019-12-01
MC2,13536,0.510520875453949,0,30,2019-11-02,2019-12-01
MC2,13576,0.5094751715660095,0,30,2019-11-02,2019-12-01
MC2,13878,0.5101737976074219,0,30,2019-11-02,2019-12-01
MC2,13895,0.5171763896942139,0,30,2019-10-05,2019-11-03
MC2,14080,0.49057626724243164,0,30,2019-11-02,2019-12-01
MC2,14501,0.5117671489715576,0,30,2019-11-02,2019-12-01
MC2,14724,0.507646918296814,0,30,2019-11-02,2019-12-01
MC2,14803,0.5153032541275024,0,30,2019-11-02,2019-12-01
MC2,14812,0.5051573514938354,0,30,2019-11-02,2019-12-01
MC2,14863,0.513263463973999,0,30,2019-11-02,2019-12-01
MC2,14902,0.508158266544342,0,30,2019-10-19,2019-11-17
MC2,15088,0.5159785151481628,1,30,2019-07-29,2019-08-27
MC2,15107,0.5075671076774597,0,30,2019-11-02,2019-12-01
MC2,15129,0.5189036130905151,1,30,2019-05-19,2019-06-17
MC2,15199,0.5170959830284119,0,30,2019-09-27,2019-10-26
MC2,15412,0.49115878343582153,0,30,2019-11-02,2019-12-01
MC2,15498,0.5157757997512817,0,30,2019-10-19,2019-11-17
MC2,15705,0.5290350317955017,0,30,2018-10-15,2018-11-13
MC2,15786,0.5111830830574036,0,30,2019-11-02,2019-12-01
MC2,15800,0.5035895705223083,0,30,2019-10-19,2019-11-17
MC2,15885,0.5063813924789429,0,30,2019-11-02,2019-12-01
MC2,16096,0.4916766881942749,0,30,2019-11-02,2019-12-01
MC2,16196,0.5179812908172607,0,30,2019-10-04,2019-11-02
MC2,16433,0.5156587362289429,0,30,2019-11-02,2019-12-01
MC2,16517,0.5098974108695984,0,30,2019-11-02,2019-12-01
MC2,16604,0.5028005242347717,0,30,2019-11-02,2019-12-01
MC2,16623,0.5133951306343079,0,30,2019-11-02,2019-12-01
MC2,16739,0.5166592001914978,0,30,2019-11-02,2019-12-01
MC2,16767,0.5136458873748779,0,30,2019-11-02,2019-12-01
MC2,16857,0.5165933966636658,0,30,2019-11-02,2019-12-01
MC2,16895,1.1227358188384707e-15,0,13,2019-11-19,2019-12-01
MC2,17024,0.5123888850212097,0,30,2019-11-02,2019-12-01
MC2,17047,0.5051152110099792,0,30,2019-11-02,2019-12-01
MC2,17058,0.504784882068634,0,30,2019-11-02,2019-12-01
MC2,17306,0.5138618350028992,0,30,2019-11-02,2019-12-01
MC2,17445,0.5108807682991028,0,30,2019-11-02,2019-12-01
MC2,17549,0.5118339657783508,0,30,2019-11-02,2019-12-01
MC2,17788,0.5020673871040344,0,30,2019-11-02,2019-12-01
MC2,17864,0.5118061304092407,0,30,2019-11-02,2019-12-01
MC2,18444,0.5043128728866577,0,30,2019-11-02,2019-12-01
MC2,18466,0.5069677829742432,0,30,2019-11-02,2019-12-01
MC2,18478,0.5069443583488464,0,30,2019-11-02,2019-12-01
MC2,18517,0.5042397379875183,0,30,2019-11-02,2019-12-01
MC2,18938,0.5101985335350037,0,30,2019-11-02,2019-12-01
MC2,18947,0.5050877332687378,0,30,2019-11-02,2019-12-01
MC2,18971,0.5281157493591309,0,30,2019-11-02,2019-12-01
MC2,19195,0.5103053450584412,0,30,2019-11-02,2019-12-01
MC2,19373,0.5255664587020874,0,30,2019-11-02,2019-12-01
MC2,19402,0.509974479675293,0,30,2019-11-02,2019-12-01
MC2,19481,0.5080545544624329,0,30,2019-11-02,2019-12-01
MC2,19563,0.5100938677787781,0,30,2019-11-02,2019-12-01
MC2,19613,0.49993669986724854,0,30,2019-11-02,2019-12-01
MC2,19656,0.5045914053916931,0,30,2019-11-02,2019-12-01
MC2,19671,0.5133221745491028,0,30,2019-11-02,2019-12-01
MC2,19932,0.5117108225822449,0,30,2019-11-02,2019-12-01
MC2,19973,0.5020154118537903,0,30,2019-11-02,2019-12-01
MC2,19975,0.5156641006469727,0,30,2019-11-02,2019-12-01
MC2,20008,0.5097594261169434,0,30,2019-11-02,2019-12-01
MC2,20141,0.6081653237342834,1,15,2018-09-25,2018-10-09
MC2,20387,0.5112079977989197,0,30,2019-11-02,2019-12-01
MC2,20525,0.5182281136512756,0,30,2019-10-05,2019-11-03
MC2,20554,0.5233888626098633,0,30,2019-11-02,2019-12-01
MC2,20579,0.5184754729270935,1,30,2019-08-26,2019-09-24
MC2,20744,0.5153266787528992,0,30,2019-11-02,2019-12-01
MC2,20875,0.5167639255523682,0,30,2019-11-02,2019-12-01
MC2,20935,0.5078331232070923,0,30,2019-09-27,2019-10-26
MC2,20963,0.5180217623710632,0,30,2019-10-04,2019-11-02
MC2,21238,0.5041900277137756,0,30,2019-11-02,2019-12-01
MC2,21382,0.5154476165771484,0,30,2019-11-02,2019-12-01
MC2,21477,0.5039910674095154,0,30,2019-11-02,2019-12-01
MC2,21663,0.5027890801429749,0,30,2019-11-02,2019-12-01
MC2,21930,0.5042716860771179,0,30,2019-11-02,2019-12-01
MC2,21941,0.5211111307144165,0,30,2019-06-03,2019-07-02
MC2,22065,0.4984288811683655,0,30,2019-11-02,2019-12-01
MC2,22145,0.5246248841285706,0,5,2019-11-27,2019-12-01
MC2,22159,0.5147106051445007,0,30,2019-11-02,2019-12-01
MC2,22492,0.5219342112541199,0,30,2019-05-04,2019-06-02
MC2,22499,0.5064157247543335,0,30,2019-11-02,2019-12-01
MC2,22506,0.5149858593940735,0,30,2019-11-02,2019-12-01
MC2,22563,0.5207307934761047,1,30,2019-04-24,2019-05-23
MC2,22603,0.5273842811584473,1,30,2018-08-26,2018-09-24
MC2,22644,0.5110515356063843,0,30,2019-11-02,2019-12-01
MC2,22845,0.5025904774665833,0,30,2019-11-02,2019-12-01
MC2,23050,0.5101014971733093,0,30,2019-11-02,2019-12-01
MC2,23352,0.49050989747047424,0,30,2019-11-02,2019-12-01
MC2,23481,0.5165740847587585,0,30,2019-11-02,2019-12-01
MC2,23530,0.5176880359649658,0,30,2019-10-19,2019-11-17
MC2,23656,0.5116261839866638,0,30,2019-11-02,2019-12-01
MC2,23725,0.5095421075820923,0,30,2019-11-02,2019-12-01
