fold,drive_id,model,disk_id,drive_label,total_windows,positive_windows,first_window_date,last_window_date,first_positive_date,last_positive_date,first_positive_probability,last_positive_probability,max_positive_probability,max_probability,mean_probability,last_window_probability
A,MA1_10021,MA1,10021,0,278,0,2018-01-30,2018-11-03,,,,,,0.49389693,0.49389693,0.49389693
A,MA1_10091,MA1,10091,0,671,0,2018-01-30,2019-12-01,,,,,,0.49389693,0.49389693,0.49389693
A,MA1_10094,MA1,10094,0,671,0,2018-01-30,2019-12-01,,,,,,0.49389693,0.49389693,0.49389693
A,MA1_10111,MA1,10111,0,671,0,2018-01-30,2019-12-01,,,,,,0.49389693,0.49389693,0.49389693
A,MA1_10232,MA1,10232,0,420,0,2018-05-19,2019-07-12,,,,,,0.49389693,0.49389693,0.49389693
A,MA1_10288,MA1,10288,0,635,0,2018-01-30,2019-10-26,,,,,,0.49389693,0.49389687,0.49389693
A,MA1_10601,MA1,10601,0,379,0,2018-01-30,2019-02-12,,,,,,0.49389693,0.4938969,0.49389693
A,MA1_10633,MA1,10633,0,671,0,2018-01-30,2019-12-01,,,,,,0.49389693,0.49389693,0.49389693
A,MA1_10662,MA1,10662,0,671,0,2018-01-30,2019-12-01,,,,,,0.49389693,0.49389693,0.49389693
A,MA1_10890,MA1,10890,0,403,0,2018-01-30,2019-03-08,,,,,,0.6834021,0.67559475,0.6699198
A,MA1_11096,MA1,11096,1,350,10,2018-01-30,2019-01-14,2018-12-24,2019-01-14,0.4938969314098358,0.4938969314098358,0.4938969314098358,0.49389693,0.49389693,0.49389693
A,MA1_11218,MA1,11218,0,663,0,2018-01-30,2019-11-23,,,,,,0.49389693,0.49389693,0.49389693
A,MA1_11226,MA1,11226,0,663,0,2018-01-30,2019-11-23,,,,,,0.49389693,0.49389693,0.49389693
A,MA1_11227,MA1,11227,0,663,0,2018-01-30,2019-11-23,,,,,,0.49389693,0.49389693,0.49389693
A,MA1_11276,MA1,11276,0,671,0,2018-01-30,2019-12-01,,,,,,0.49389693,0.49389693,0.49389693
A,MA1_11348,MA1,11348,0,523,0,2018-01-30,2019-07-06,,,,,,0.49389693,0.49389696,0.49389693
A,MA1_11505,MA1,11505,0,529,0,2018-01-30,2019-07-12,,,,,,0.49389693,0.49389693,0.49389693
A,MA1_11561,MA1,11561,0,562,0,2018-05-19,2019-12-01,,,,,,0.49389693,0.49389693,0.49389693
A,MA1_12240,MA1,12240,1,352,30,2018-01-30,2019-01-16,2018-12-18,2019-01-16,0.4938969314098358,0.4938969314098358,0.4938969314098358,0.49389693,0.49389693,0.49389693
A,MA1_12576,MA1,12576,0,635,0,2018-01-30,2019-10-26,,,,,,0.49389693,0.49389687,0.49389693
A,MA1_12706,MA1,12706,0,671,0,2018-01-30,2019-12-01,,,,,,0.49389693,0.49389693,0.49389693
A,MA1_12740,MA1,12740,0,671,0,2018-01-30,2019-12-01,,,,,,0.49389693,0.49389693,0.49389693
A,MA1_12831,MA1,12831,0,302,0,2018-01-30,2018-11-27,,,,,,0.49389693,0.4938969,0.49389693
A,MA1_13503,MA1,13503,0,671,0,2018-01-30,2019-12-01,,,,,,0.49389693,0.49389693,0.49389693
A,MA1_13822,MA1,13822,0,523,0,2018-01-30,2019-07-06,,,,,,0.49389693,0.49389696,0.49389693
A,MA1_13904,MA1,13904,0,271,0,2018-01-30,2018-10-27,,,,,,0.49389693,0.49389693,0.49389693
A,MA1_14013,MA1,14013,0,382,0,2018-01-30,2019-02-15,,,,,,0.49389693,0.49389687,0.49389693
A,MA1_14546,MA1,14546,0,671,0,2018-01-30,2019-12-01,,,,,,0.49389693,0.49389693,0.49389693
A,MA1_14693,MA1,14693,0,671,0,2018-01-30,2019-12-01,,,,,,0.49389693,0.49389693,0.49389693
A,MA1_14733,MA1,14733,0,22,0,2018-01-30,2018-02-20,,,,,,0.49389693,0.49389684,0.49389693
A,MA1_14743,MA1,14743,0,3,0,2018-02-18,2018-02-20,,,,,,0.49389693,0.461525,0.49389693
A,MA1_14850,MA1,14850,0,282,0,2019-02-23,2019-12-01,,,,,,0.49389693,0.49389693,0.49389693
A,MA1_15010,MA1,15010,0,635,0,2018-01-30,2019-10-26,,,,,,0.49389693,0.49389687,0.49389693
A,MA1_15025,MA1,15025,0,671,0,2018-01-30,2019-12-01,,,,,,0.49389693,0.49389693,0.49389693
A,MA1_15061,MA1,15061,0,671,0,2018-01-30,2019-12-01,,,,,,0.49389693,0.49389693,0.49389693
A,MA1_15242,MA1,15242,0,671,0,2018-01-30,2019-12-01,,,,,,0.49389693,0.49389693,0.49389693
A,MA1_15402,MA1,15402,0,431,0,2018-01-30,2019-04-05,,,,,,0.49389693,0.4938969,0.49389693
A,MA1_15448,MA1,15448,0,635,0,2018-01-30,2019-10-26,,,,,,0.49389693,0.49389687,0.49389693
A,MA1_15609,MA1,15609,0,253,0,2018-01-30,2018-10-09,,,,,,0.49389693,0.49389693,0.49389693
A,MA1_15637,MA1,15637,0,671,0,2018-01-30,2019-12-01,,,,,,0.49389693,0.49389693,0.49389693
A,MA1_15716,MA1,15716,0,326,0,2018-01-31,2018-12-22,,,,,,0.49389693,0.4938969,0.49389693
A,MA1_15948,MA1,15948,0,282,0,2019-02-23,2019-12-01,,,,,,0.49389693,0.49389693,0.49389693
A,MA1_15976,MA1,15976,0,635,0,2018-01-30,2019-10-26,,,,,,0.49389693,0.49389687,0.49389693
A,MA1_1622,MA1,1622,0,671,0,2018-01-30,2019-12-01,,,,,,0.49389693,0.49389693,0.49389693
A,MA1_16233,MA1,16233,0,89,0,2018-01-30,2018-04-28,,,,,,0.49389693,0.4938969,0.49389693
A,MA1_16251,MA1,16251,0,671,0,2018-01-30,2019-12-01,,,,,,0.49389693,0.49389693,0.49389693
A,MA1_16402,MA1,16402,0,260,0,2018-01-30,2018-10-16,,,,,,0.49389693,0.49389696,0.49389693
A,MA1_16549,MA1,16549,0,382,0,2018-01-30,2019-02-15,,,,,,0.6730572,0.6650872,0.65781444
A,MA1_16817,MA1,16817,0,403,0,2018-01-30,2019-03-08,,,,,,0.49389693,0.49389693,0.49389693
A,MA1_16932,MA1,16932,0,302,0,2018-01-30,2018-11-27,,,,,,0.49389693,0.4938969,0.49389693
A,MA1_17187,MA1,17187,0,671,0,2018-01-30,2019-12-01,,,,,,0.49389693,0.49389693,0.49389693
A,MA1_17344,MA1,17344,0,253,0,2018-01-30,2018-10-09,,,,,,0.49389693,0.49389693,0.49389693
A,MA1_17482,MA1,17482,0,523,0,2018-01-30,2019-07-06,,,,,,0.49389693,0.49389696,0.49389693
A,MA1_17728,MA1,17728,0,372,0,2018-01-30,2019-02-05,,,,,,0.49389693,0.4938969,0.49389693
A,MA1_17942,MA1,17942,0,635,0,2018-01-30,2019-10-26,,,,,,0.49389693,0.49389687,0.49389693
A,MA1_18000,MA1,18000,0,657,0,2018-01-30,2019-11-17,,,,,,0.49389693,0.49389696,0.49389693
A,MA1_18069,MA1,18069,0,671,0,2018-01-30,2019-12-01,,,,,,0.68235797,0.66891086,0.65562683
A,MA1_18117,MA1,18117,0,452,0,2018-01-30,2019-04-26,,,,,,0.49389693,0.49389693,0.49389693
A,MA1_18398,MA1,18398,0,671,0,2018-01-30,2019-12-01,,,,,,0.49389693,0.49389693,0.49389693
A,MA1_18445,MA1,18445,0,538,0,2018-01-30,2019-07-21,,,,,,0.49389693,0.49389693,0.49389693
A,MA1_18452,MA1,18452,0,538,0,2018-01-30,2019-07-21,,,,,,0.49389693,0.49389693,0.49389693
A,MA1_18458,MA1,18458,0,671,0,2018-01-30,2019-12-01,,,,,,0.49389693,0.49389693,0.49389693
A,MA1_18493,MA1,18493,0,671,0,2018-01-30,2019-12-01,,,,,,0.49389693,0.49389693,0.49389693
A,MA1_18648,MA1,18648,0,92,0,2018-01-30,2018-05-01,,,,,,0.49389693,0.4938969,0.49389693
A,MA1_18659,MA1,18659,0,271,0,2018-01-30,2018-10-27,,,,,,0.49389693,0.49389693,0.49389693
A,MA1_18769,MA1,18769,0,386,0,2018-01-30,2019-02-19,,,,,,0.49389693,0.49389693,0.49389693
A,MA1_19260,MA1,19260,0,671,0,2018-01-30,2019-12-01,,,,,,0.49389693,0.49389693,0.49389693
A,MA1_19406,MA1,19406,0,671,0,2018-01-30,2019-12-01,,,,,,0.49389693,0.49389693,0.49389693
A,MA1_19423,MA1,19423,0,635,0,2018-01-30,2019-10-26,,,,,,0.49389693,0.49389687,0.49389693
A,MA1_19481,MA1,19481,0,523,0,2018-01-30,2019-07-06,,,,,,0.49389693,0.49389696,0.49389693
A,MA1_19500,MA1,19500,0,271,0,2018-01-30,2018-10-27,,,,,,0.49389693,0.49389693,0.49389693
A,MA1_19536,MA1,19536,0,329,0,2018-01-30,2018-12-24,,,,,,0.49389693,0.49389696,0.49389693
A,MA1_19551,MA1,19551,1,205,28,2018-01-30,2018-08-22,2018-07-24,2018-08-22,0.4938969314098358,0.4938969314098358,0.4938969314098358,0.49389693,0.49389693,0.49389693
A,MA1_19697,MA1,19697,0,635,0,2018-01-30,2019-10-26,,,,,,0.49389693,0.49389687,0.49389693
A,MA1_19780,MA1,19780,0,671,0,2018-01-30,2019-12-01,,,,,,0.49389693,0.49389693,0.49389693
A,MA1_19813,MA1,19813,0,671,0,2018-01-30,2019-12-01,,,,,,0.49389693,0.49389693,0.49389693
A,MA1_20003,MA1,20003,0,382,0,2018-01-30,2019-02-15,,,,,,0.49389693,0.49389687,0.49389693
A,MA1_20162,MA1,20162,0,671,0,2018-01-30,2019-12-01,,,,,,0.49389693,0.49389693,0.49389693
A,MA1_20221,MA1,20221,0,671,0,2018-01-30,2019-12-01,,,,,,0.49389693,0.49389693,0.49389693
A,MA1_20297,MA1,20297,0,671,0,2018-01-30,2019-12-01,,,,,,0.49389693,0.49389693,0.49389693
A,MA1_20472,MA1,20472,0,272,0,2018-01-30,2018-10-28,,,,,,0.49389693,0.49389693,0.49389693
A,MA1_20514,MA1,20514,0,262,0,2019-03-15,2019-12-01,,,,,,0.49389693,0.49389696,0.49389693
A,MA1_20598,MA1,20598,0,671,0,2018-01-30,2019-12-01,,,,,,0.49389693,0.49389693,0.49389693
A,MA1_20706,MA1,20706,0,671,0,2018-01-30,2019-12-01,,,,,,0.49389693,0.49389693,0.49389693
A,MA1_2078,MA1,2078,0,29,0,2018-01-30,2018-02-27,,,,,,0.49389693,0.49389684,0.49389693
A,MA1_20828,MA1,20828,0,671,0,2018-01-30,2019-12-01,,,,,,0.49389693,0.49389693,0.49389693
A,MA1_20844,MA1,20844,0,441,0,2018-01-30,2019-04-15,,,,,,0.49389693,0.4938969,0.49389693
A,MA1_21256,MA1,21256,0,635,0,2018-01-30,2019-10-26,,,,,,0.49389693,0.49389687,0.49389693
A,MA1_21435,MA1,21435,0,654,0,2018-01-30,2019-11-14,,,,,,0.49389693,0.49389696,0.49389693
A,MA1_21469,MA1,21469,0,339,0,2018-01-30,2019-01-03,,,,,,0.49389693,0.49389693,0.49389693
A,MA1_21519,MA1,21519,0,671,0,2018-01-30,2019-12-01,,,,,,0.49389693,0.49389693,0.49389693
A,MA1_2154,MA1,2154,0,302,0,2018-01-30,2018-11-27,,,,,,0.49389693,0.4938969,0.49389693
A,MA1_21637,MA1,21637,0,671,0,2018-01-30,2019-12-01,,,,,,0.49389693,0.49389693,0.49389693
A,MA1_21674,MA1,21674,0,635,0,2018-01-30,2019-10-26,,,,,,0.49389693,0.49389687,0.49389693
A,MA1_21853,MA1,21853,0,271,0,2018-01-30,2018-10-27,,,,,,0.49389693,0.49389693,0.49389693
A,MA1_2192,MA1,2192,0,671,0,2018-01-30,2019-12-01,,,,,,0.49389693,0.49389693,0.49389693
A,MA1_21995,MA1,21995,0,671,0,2018-01-30,2019-12-01,,,,,,0.49389693,0.49389693,0.49389693
A,MA1_22039,MA1,22039,0,98,0,2018-01-30,2018-05-07,,,,,,0.49389693,0.4938969,0.49389693
A,MA1_2223,MA1,2223,0,671,0,2018-01-30,2019-12-01,,,,,,0.49389693,0.49389693,0.49389693
A,MA1_22473,MA1,22473,0,278,0,2018-01-30,2018-11-03,,,,,,0.49389693,0.49389693,0.49389693
A,MA1_22522,MA1,22522,1,386,30,2018-01-30,2019-02-19,2019-01-21,2019-02-19,0.4938969314098358,0.4938969314098358,0.4938969314098358,0.49389693,0.49389693,0.49389693
A,MA1_22523,MA1,22523,0,635,0,2018-01-30,2019-10-26,,,,,,0.49389693,0.49389687,0.49389693
A,MA1_22669,MA1,22669,0,11,0,2018-01-30,2018-02-09,,,,,,0.49389693,0.49389693,0.49389693
A,MA1_2278,MA1,2278,0,277,0,2019-02-28,2019-12-01,,,,,,0.49389693,0.49389693,0.49389693
A,MA1_23063,MA1,23063,0,452,0,2018-01-30,2019-04-26,,,,,,0.49389693,0.49389693,0.49389693
A,MA1_23171,MA1,23171,0,98,0,2018-01-30,2018-05-07,,,,,,0.49389693,0.4938969,0.49389693
A,MA1_23344,MA1,23344,0,407,0,2018-01-30,2019-03-12,,,,,,0.49389693,0.49389693,0.49389693
A,MA1_23610,MA1,23610,0,671,0,2018-01-30,2019-12-01,,,,,,0.49389693,0.49389693,0.49389693
A,MA1_23665,MA1,23665,0,671,0,2018-01-30,2019-12-01,,,,,,0.49389693,0.49389693,0.49389693
A,MA1_23701,MA1,23701,0,671,0,2018-01-30,2019-12-01,,,,,,0.49389693,0.49389693,0.49389693
A,MA1_23879,MA1,23879,0,671,0,2018-01-30,2019-12-01,,,,,,0.49389693,0.49389693,0.49389693
A,MA1_24031,MA1,24031,0,18,0,2018-01-30,2018-02-16,,,,,,0.49389693,0.4938969,0.49389693
A,MA1_24054,MA1,24054,0,404,0,2018-01-30,2019-03-09,,,,,,0.49389693,0.49389693,0.49389693
A,MA1_24096,MA1,24096,0,671,0,2018-01-30,2019-12-01,,,,,,0.49389693,0.49389693,0.49389693
A,MA1_2412,MA1,2412,0,671,0,2018-01-30,2019-12-01,,,,,,0.49389693,0.49389693,0.49389693
A,MA1_24146,MA1,24146,0,635,0,2018-01-30,2019-10-26,,,,,,0.49389693,0.49389687,0.49389693
A,MA1_24171,MA1,24171,0,671,0,2018-01-30,2019-12-01,,,,,,0.49389693,0.49389693,0.49389693
A,MA1_24317,MA1,24317,0,671,0,2018-01-30,2019-12-01,,,,,,0.49389693,0.49389693,0.49389693
A,MA1_24466,MA1,24466,0,89,0,2018-01-30,2018-04-28,,,,,,0.49389693,0.4938969,0.49389693
A,MA1_24529,MA1,24529,0,635,0,2018-01-30,2019-10-26,,,,,,0.49389693,0.49389687,0.49389693
A,MA1_24560,MA1,24560,0,152,0,2018-01-30,2018-06-30,,,,,,0.49389693,0.49389687,0.49389693
A,MA1_24629,MA1,24629,0,289,0,2018-01-30,2018-11-14,,,,,,0.49389693,0.4938969,0.49389693
A,MA1_2477,MA1,2477,0,671,0,2018-01-30,2019-12-01,,,,,,0.49389693,0.49389693,0.49389693
A,MA1_24789,MA1,24789,0,634,0,2018-01-30,2019-10-25,,,,,,0.49389693,0.49389687,0.49389693
A,MA1_24857,MA1,24857,0,410,0,2018-01-30,2019-03-15,,,,,,0.49389693,0.49389693,0.49389693
A,MA1_24905,MA1,24905,0,671,0,2018-01-30,2019-12-01,,,,,,0.49389693,0.49389693,0.49389693
A,MA1_24911,MA1,24911,0,635,0,2018-01-30,2019-10-26,,,,,,0.49389693,0.49389687,0.49389693
A,MA1_24941,MA1,24941,0,635,0,2018-01-30,2019-10-26,,,,,,0.49389693,0.49389687,0.49389693
A,MA1_25023,MA1,25023,0,671,0,2018-01-30,2019-12-01,,,,,,0.49389693,0.49389693,0.49389693
A,MA1_25300,MA1,25300,0,671,0,2018-01-30,2019-12-01,,,,,,0.49389693,0.49389693,0.49389693
A,MA1_25420,MA1,25420,0,194,0,2018-01-30,2018-08-11,,,,,,0.49389693,0.49389693,0.49389693
A,MA1_2564,MA1,2564,0,671,0,2018-01-30,2019-12-01,,,,,,0.49389693,0.49389693,0.49389693
A,MA1_25743,MA1,25743,0,671,0,2018-01-30,2019-12-01,,,,,,0.49389693,0.49389693,0.49389693
A,MA1_25836,MA1,25836,0,253,0,2018-01-30,2018-10-09,,,,,,0.49389693,0.49389693,0.49389693
A,MA1_26311,MA1,26311,1,189,29,2018-01-30,2018-08-06,2018-07-08,2018-08-06,0.4938969314098358,0.4938969314098358,0.4938969314098358,0.49389693,0.4938969,0.49389693
A,MA1_26472,MA1,26472,0,603,0,2018-01-30,2019-09-24,,,,,,0.49389693,0.4938969,0.49389693
A,MA1_26675,MA1,26675,0,248,0,2019-03-29,2019-12-01,,,,,,0.49389693,0.4938969,0.49389693
A,MA1_27229,MA1,27229,0,403,0,2018-01-30,2019-03-08,,,,,,0.49389693,0.49389693,0.49389693
A,MA1_27350,MA1,27350,0,523,0,2018-01-30,2019-07-06,,,,,,0.49389693,0.49389696,0.49389693
A,MA1_27709,MA1,27709,0,523,0,2018-01-30,2019-07-06,,,,,,0.49389693,0.49389696,0.49389693
A,MA1_2774,MA1,2774,0,404,0,2018-01-30,2019-03-09,,,,,,0.49389693,0.49389693,0.49389693
A,MA1_2779,MA1,2779,0,404,0,2018-01-30,2019-03-09,,,,,,0.49389693,0.49389693,0.49389693
A,MA1_27907,MA1,27907,0,574,0,2018-01-30,2019-08-26,,,,,,0.49389693,0.4938969,0.49389693
A,MA1_27954,MA1,27954,0,671,0,2018-01-30,2019-12-01,,,,,,0.49389693,0.49389693,0.49389693
A,MA1_28335,MA1,28335,0,635,0,2018-01-30,2019-10-26,,,,,,0.49389693,0.49389687,0.49389693
A,MA1_28425,MA1,28425,0,671,0,2018-01-30,2019-12-01,,,,,,0.49389693,0.49389693,0.49389693
A,MA1_28458,MA1,28458,0,635,0,2018-01-30,2019-10-26,,,,,,0.49389693,0.49389687,0.49389693
A,MA1_2846,MA1,2846,0,671,0,2018-01-30,2019-12-01,,,,,,0.49389693,0.49389693,0.49389693
A,MA1_28530,MA1,28530,0,403,0,2018-01-30,2019-03-08,,,,,,0.49389693,0.49389693,0.49389693
A,MA1_28564,MA1,28564,0,523,0,2018-01-30,2019-07-06,,,,,,0.49389693,0.49389696,0.49389693
A,MA1_28588,MA1,28588,0,671,0,2018-01-30,2019-12-01,,,,,,0.49389693,0.49389693,0.49389693
A,MA1_2859,MA1,2859,0,6,0,2018-01-30,2018-02-04,,,,,,0.49389693,0.49389693,0.49389693
A,MA1_28595,MA1,28595,0,68,0,2018-01-30,2018-04-07,,,,,,0.49389693,0.49389693,0.49389693
A,MA1_2869,MA1,2869,0,6,0,2018-01-30,2018-02-04,,,,,,0.49389693,0.49389693,0.49389693
A,MA1_28837,MA1,28837,0,635,0,2018-01-30,2019-10-26,,,,,,0.49389693,0.49389687,0.49389693
A,MA1_28873,MA1,28873,0,671,0,2018-01-30,2019-12-01,,,,,,0.49389693,0.49389693,0.49389693
A,MA1_29029,MA1,29029,0,393,0,2018-01-30,2019-02-26,,,,,,0.49389693,0.49389696,0.49389693
A,MA1_29433,MA1,29433,0,671,0,2018-01-30,2019-12-01,,,,,,0.49389693,0.49389693,0.49389693
A,MA1_29444,MA1,29444,1,385,13,2018-01-30,2019-02-18,2019-01-26,2019-02-18,0.4938969314098358,0.4938969314098358,0.4938969314098358,0.49389693,0.49389693,0.49389693
A,MA1_29721,MA1,29721,0,432,0,2018-01-30,2019-04-06,,,,,,0.49389693,0.4938969,0.49389693
A,MA1_29847,MA1,29847,0,378,0,2018-01-30,2019-02-11,,,,,,0.49389693,0.4938969,0.49389693
A,MA1_29875,MA1,29875,0,671,0,2018-01-30,2019-12-01,,,,,,0.49389693,0.49389693,0.49389693
A,MA1_30006,MA1,30006,0,277,0,2019-02-28,2019-12-01,,,,,,0.49389693,0.49389693,0.49389693
A,MA1_30748,MA1,30748,0,671,0,2018-01-30,2019-12-01,,,,,,0.49389693,0.49389693,0.49389693
A,MA1_30813,MA1,30813,0,671,0,2018-01-30,2019-12-01,,,,,,0.49389693,0.49389693,0.49389693
A,MA1_30863,MA1,30863,0,670,0,2018-01-31,2019-12-01,,,,,,0.49389693,0.49389693,0.49389693
A,MA1_30885,MA1,30885,0,671,0,2018-01-30,2019-12-01,,,,,,0.49389693,0.49389693,0.49389693
A,MA1_30962,MA1,30962,0,372,0,2018-01-30,2019-02-05,,,,,,0.49389693,0.4938969,0.49389693
A,MA1_31228,MA1,31228,0,671,0,2018-01-30,2019-12-01,,,,,,0.49389693,0.49389693,0.49389693
A,MA1_31297,MA1,31297,0,452,0,2018-01-30,2019-04-26,,,,,,0.49389693,0.49389693,0.49389693
A,MA1_31419,MA1,31419,0,567,0,2018-01-30,2019-08-19,,,,,,0.49389693,0.4938969,0.49389693
A,MA1_31523,MA1,31523,0,386,0,2018-01-30,2019-02-19,,,,,,0.6811537,0.67326266,0.6659419
A,MA1_31712,MA1,31712,0,671,0,2018-01-30,2019-12-01,,,,,,0.49389693,0.49389693,0.49389693
A,MA1_31771,MA1,31771,0,671,0,2018-01-30,2019-12-01,,,,,,0.49389693,0.49389693,0.49389693
A,MA1_31776,MA1,31776,0,441,0,2018-01-30,2019-04-15,,,,,,0.49389693,0.4938969,0.49389693
A,MA1_31999,MA1,31999,0,657,0,2018-01-30,2019-11-17,,,,,,0.49389693,0.49389696,0.49389693
A,MA1_32135,MA1,32135,0,657,0,2018-01-30,2019-11-17,,,,,,0.49389693,0.49389696,0.49389693
A,MA1_32224,MA1,32224,0,403,0,2018-01-30,2019-03-08,,,,,,0.49389693,0.49389693,0.49389693
A,MA1_32239,MA1,32239,0,671,0,2018-01-30,2019-12-01,,,,,,0.49389693,0.49389693,0.49389693
A,MA1_32265,MA1,32265,0,403,0,2018-01-30,2019-03-08,,,,,,0.49389693,0.49389693,0.49389693
A,MA1_32417,MA1,32417,0,11,0,2018-11-28,2018-12-08,,,,,,0.49389693,0.49389693,0.49389693
A,MA1_32427,MA1,32427,0,210,0,2018-01-30,2018-08-27,,,,,,0.49389693,0.49389693,0.49389693
A,MA1_32480,MA1,32480,1,193,30,2018-01-30,2018-08-10,2018-07-12,2018-08-10,0.4938969314098358,0.4938969314098358,0.4938969314098358,0.49389693,0.49389693,0.49389693
A,MA1_32661,MA1,32661,0,671,0,2018-01-30,2019-12-01,,,,,,0.49389693,0.49389693,0.49389693
A,MA1_32764,MA1,32764,0,403,0,2018-01-30,2019-03-08,,,,,,0.49389693,0.49389693,0.49389693
A,MA1_32999,MA1,32999,1,183,29,2018-01-30,2018-07-31,2018-07-02,2018-07-31,0.4938969314098358,0.4938969314098358,0.4938969314098358,0.49389693,0.4938969,0.49389693
A,MA1_33000,MA1,33000,0,441,0,2018-01-30,2019-04-15,,,,,,0.49389693,0.4938969,0.49389693
A,MA1_33047,MA1,33047,0,515,0,2018-01-30,2019-06-28,,,,,,0.49389693,0.49389696,0.49389693
A,MA1_33146,MA1,33146,0,379,0,2018-01-30,2019-02-12,,,,,,0.49389693,0.4938969,0.49389693
A,MA1_33186,MA1,33186,0,327,0,2018-01-30,2018-12-22,,,,,,0.49389693,0.4938969,0.49389693
A,MA1_33280,MA1,33280,0,452,0,2018-01-30,2019-04-26,,,,,,0.49389693,0.49389693,0.49389693
A,MA1_33332,MA1,33332,0,671,0,2018-01-30,2019-12-01,,,,,,0.49389693,0.49389693,0.49389693
A,MA1_3341,MA1,3341,0,671,0,2018-01-30,2019-12-01,,,,,,0.49389693,0.49389693,0.49389693
A,MA1_33681,MA1,33681,0,441,0,2018-01-30,2019-04-15,,,,,,0.49389693,0.4938969,0.49389693
A,MA1_33735,MA1,33735,0,671,0,2018-01-30,2019-12-01,,,,,,0.49389693,0.49389693,0.49389693
A,MA1_33990,MA1,33990,0,635,0,2018-01-30,2019-10-26,,,,,,0.49389693,0.49389687,0.49389693
A,MA1_34127,MA1,34127,0,662,0,2018-01-30,2019-11-22,,,,,,0.49389693,0.49389693,0.49389693
A,MA1_34297,MA1,34297,0,437,0,2018-01-30,2019-04-11,,,,,,0.49389693,0.4938969,0.49389693
A,MA1_34303,MA1,34303,0,671,0,2018-01-30,2019-12-01,,,,,,0.49389693,0.49389693,0.49389693
A,MA1_34463,MA1,34463,0,671,0,2018-01-30,2019-12-01,,,,,,0.49389693,0.49389693,0.49389693
A,MA1_3449,MA1,3449,0,403,0,2018-01-30,2019-03-08,,,,,,0.49389693,0.49389693,0.49389693
A,MA1_34715,MA1,34715,0,671,0,2018-01-30,2019-12-01,,,,,,0.49389693,0.49389693,0.49389693
A,MA1_34749,MA1,34749,0,96,0,2018-09-20,2018-12-24,,,,,,0.49389693,0.49389693,0.49389693
A,MA1_34826,MA1,34826,0,635,0,2018-01-30,2019-10-26,,,,,,0.49389693,0.49389687,0.49389693
A,MA1_34835,MA1,34835,0,488,0,2018-01-30,2019-06-01,,,,,,0.49389693,0.49389693,0.49389693
A,MA1_35122,MA1,35122,0,671,0,2018-01-30,2019-12-01,,,,,,0.49389693,0.49389693,0.49389693
A,MA1_35136,MA1,35136,0,671,0,2018-01-30,2019-12-01,,,,,,0.49389693,0.49389693,0.49389693
A,MA1_35137,MA1,35137,0,671,0,2018-01-30,2019-12-01,,,,,,0.49389693,0.49389693,0.49389693
A,MA1_35142,MA1,35142,0,671,0,2018-01-30,2019-12-01,,,,,,0.49389693,0.49389693,0.49389693
A,MA1_35294,MA1,35294,0,8,0,2018-01-30,2018-02-06,,,,,,0.49389693,0.49389693,0.49389693
A,MA1_35391,MA1,35391,0,279,0,2018-01-30,2018-11-04,,,,,,0.49389693,0.49389693,0.49389693
A,MA1_35723,MA1,35723,0,671,0,2018-01-30,2019-12-01,,,,,,0.49389693,0.49389693,0.49389693
A,MA1_35748,MA1,35748,0,403,0,2018-01-30,2019-03-08,,,,,,0.49389693,0.49389693,0.49389693
A,MA1_35781,MA1,35781,0,671,0,2018-01-30,2019-12-01,,,,,,0.49389693,0.49389693,0.49389693
A,MA1_3583,MA1,3583,0,451,0,2018-01-30,2019-04-25,,,,,,0.49389693,0.49389693,0.49389693
A,MA1_35885,MA1,35885,0,671,0,2018-01-30,2019-12-01,,,,,,0.49389693,0.49389693,0.49389693
A,MA1_35888,MA1,35888,0,671,0,2018-01-30,2019-12-01,,,,,,0.49389693,0.49389693,0.49389693
A,MA1_35918,MA1,35918,0,277,0,2018-01-31,2018-11-03,,,,,,0.49389693,0.49389693,0.49389693
A,MA1_35988,MA1,35988,0,671,0,2018-01-30,2019-12-01,,,,,,0.49389693,0.49389693,0.49389693
A,MA1_36290,MA1,36290,0,671,0,2018-01-30,2019-12-01,,,,,,0.49389693,0.49389693,0.49389693
A,MA1_36312,MA1,36312,0,635,0,2018-01-30,2019-10-26,,,,,,0.49389693,0.49389687,0.49389693
A,MA1_36362,MA1,36362,0,671,0,2018-01-30,2019-12-01,,,,,,0.49389693,0.49389693,0.49389693
A,MA1_36433,MA1,36433,0,82,0,2019-09-11,2019-12-01,,,,,,0.49389693,0.4938969,0.49389693
A,MA1_36554,MA1,36554,0,671,0,2018-01-30,2019-12-01,,,,,,0.49389693,0.49389693,0.49389693
A,MA1_37052,MA1,37052,0,382,0,2018-01-30,2019-02-15,,,,,,0.49389693,0.49389687,0.49389693
A,MA1_3729,MA1,3729,0,671,0,2018-01-30,2019-12-01,,,,,,0.49389693,0.49389693,0.49389693
A,MA1_37349,MA1,37349,0,281,0,2018-01-30,2018-11-06,,,,,,0.49389693,0.49389693,0.49389693
A,MA1_37570,MA1,37570,0,635,0,2018-01-30,2019-10-26,,,,,,0.49389693,0.49389687,0.49389693
A,MA1_37713,MA1,37713,0,671,0,2018-01-30,2019-12-01,,,,,,0.49389693,0.49389693,0.49389693
A,MA1_37928,MA1,37928,0,635,0,2018-01-30,2019-10-26,,,,,,0.49389693,0.49389687,0.49389693
A,MA1_37932,MA1,37932,0,635,0,2018-01-30,2019-10-26,,,,,,0.49389693,0.49389687,0.49389693
A,MA1_3798,MA1,3798,0,468,0,2018-01-30,2019-05-12,,,,,,0.49389693,0.49389693,0.49389693
A,MA1_38039,MA1,38039,0,671,0,2018-01-30,2019-12-01,,,,,,0.49389693,0.49389693,0.49389693
A,MA1_38162,MA1,38162,0,671,0,2018-01-30,2019-12-01,,,,,,0.49389693,0.49389693,0.49389693
A,MA1_38397,MA1,38397,0,671,0,2018-01-30,2019-12-01,,,,,,0.49389693,0.49389693,0.49389693
A,MA1_38463,MA1,38463,0,546,0,2018-01-30,2019-07-29,,,,,,0.49389693,0.49389693,0.49389693
A,MA1_38464,MA1,38464,0,546,0,2018-01-30,2019-07-29,,,,,,0.49389693,0.49389693,0.49389693
A,MA1_38686,MA1,38686,0,403,0,2018-01-30,2019-03-08,,,,,,0.49389693,0.49389693,0.49389693
A,MA1_38704,MA1,38704,0,302,0,2018-01-30,2018-11-27,,,,,,0.49389693,0.4938969,0.49389693
A,MA1_39096,MA1,39096,0,529,0,2018-01-30,2019-07-12,,,,,,0.49389693,0.49389693,0.49389693
A,MA1_39205,MA1,39205,0,671,0,2018-01-30,2019-12-01,,,,,,0.49389693,0.49389693,0.49389693
A,MA1_39296,MA1,39296,0,635,0,2018-01-30,2019-10-26,,,,,,0.49389693,0.49389687,0.49389693
A,MA1_39647,MA1,39647,0,668,0,2018-02-02,2019-12-01,,,,,,0.49389693,0.49371722,0.49389693
A,MA1_39839,MA1,39839,0,403,0,2018-01-30,2019-03-08,,,,,,0.49389693,0.49389693,0.49389693
A,MA1_3995,MA1,3995,0,671,0,2018-01-30,2019-12-01,,,,,,0.49389693,0.49389693,0.49389693
A,MA1_40052,MA1,40052,0,644,0,2018-01-30,2019-11-04,,,,,,0.49389693,0.4938969,0.49389693
A,MA1_40243,MA1,40243,0,120,0,2018-01-30,2018-05-29,,,,,,0.49389693,0.49389693,0.49389693
A,MA1_40375,MA1,40375,0,408,0,2018-01-30,2019-03-13,,,,,,0.49389693,0.49389693,0.49389693
A,MA1_40766,MA1,40766,0,671,0,2018-01-30,2019-12-01,,,,,,0.49389693,0.49389693,0.49389693
A,MA1_41003,MA1,41003,0,327,0,2018-01-30,2018-12-22,,,,,,0.49389693,0.4938969,0.49389693
A,MA1_41051,MA1,41051,0,378,0,2018-01-30,2019-02-11,,,,,,0.49389693,0.4938969,0.49389693
A,MA1_41100,MA1,41100,0,658,0,2018-01-30,2019-11-18,,,,,,0.49389693,0.49389696,0.49389693
A,MA1_41167,MA1,41167,1,325,30,2018-01-30,2018-12-20,2018-11-21,2018-12-20,0.4938969314098358,0.4938969314098358,0.4938969314098358,0.49389693,0.4938969,0.49389693
A,MA1_41230,MA1,41230,0,671,0,2018-01-30,2019-12-01,,,,,,0.49389693,0.49389693,0.49389693
A,MA1_41388,MA1,41388,0,635,0,2018-01-30,2019-10-26,,,,,,0.49389693,0.49389687,0.49389693
A,MA1_41855,MA1,41855,0,274,0,2018-01-30,2018-10-30,,,,,,0.49389693,0.49389693,0.49389693
A,MA1_41878,MA1,41878,0,441,0,2018-01-30,2019-04-15,,,,,,0.49389693,0.4938969,0.49389693
A,MA1_41925,MA1,41925,0,666,0,2018-01-30,2019-11-26,,,,,,0.49389693,0.49389693,0.49389693
A,MA1_41942,MA1,41942,0,671,0,2018-01-30,2019-12-01,,,,,,0.49389693,0.49389693,0.49389693
A,MA1_41969,MA1,41969,0,118,0,2018-01-30,2018-05-27,,,,,,0.49389693,0.4938969,0.49389693
A,MA1_42274,MA1,42274,0,658,0,2018-01-30,2019-11-18,,,,,,0.49389693,0.49389696,0.49389693
A,MA1_42290,MA1,42290,0,404,0,2018-01-30,2019-03-09,,,,,,0.49389693,0.49389693,0.49389693
A,MA1_42386,MA1,42386,0,671,0,2018-01-30,2019-12-01,,,,,,0.49389693,0.49389693,0.49389693
A,MA1_42574,MA1,42574,0,657,0,2018-01-30,2019-11-17,,,,,,0.49389693,0.49389696,0.49389693
A,MA1_4271,MA1,4271,0,671,0,2018-01-30,2019-12-01,,,,,,0.49389693,0.49389693,0.49389693
A,MA1_42724,MA1,42724,0,635,0,2018-01-30,2019-10-26,,,,,,0.49389693,0.49389687,0.49389693
A,MA1_42894,MA1,42894,0,615,0,2018-03-27,2019-12-01,,,,,,0.49389693,0.4936827,0.49389693
A,MA1_42931,MA1,42931,0,671,0,2018-01-30,2019-12-01,,,,,,0.49389693,0.49389693,0.49389693
A,MA1_43119,MA1,43119,0,118,0,2018-01-30,2018-05-27,,,,,,0.49389693,0.4938969,0.49389693
A,MA1_4362,MA1,4362,0,671,0,2018-01-30,2019-12-01,,,,,,0.49389693,0.49389693,0.49389693
A,MA1_4374,MA1,4374,0,305,0,2019-01-31,2019-12-01,,,,,,0.49389693,0.49389687,0.49389693
A,MA1_448,MA1,448,0,529,0,2018-01-30,2019-07-12,,,,,,0.49389693,0.49389693,0.49389693
A,MA1_5048,MA1,5048,0,277,0,2019-02-28,2019-12-01,,,,,,0.49389693,0.49389693,0.49389693
A,MA1_5085,MA1,5085,0,635,0,2018-01-30,2019-10-26,,,,,,0.49389693,0.49389687,0.49389693
A,MA1_5249,MA1,5249,0,668,0,2018-01-30,2019-11-28,,,,,,0.49389693,0.49389693,0.49389693
A,MA1_527,MA1,527,0,671,0,2018-01-30,2019-12-01,,,,,,0.49389693,0.49389693,0.49389693
A,MA1_5328,MA1,5328,0,671,0,2018-01-30,2019-12-01,,,,,,0.49389693,0.49389693,0.49389693
A,MA1_5474,MA1,5474,0,393,0,2018-01-30,2019-02-26,,,,,,0.49389693,0.49389696,0.49389693
A,MA1_5666,MA1,5666,0,671,0,2018-01-30,2019-12-01,,,,,,0.49389693,0.49389693,0.49389693
A,MA1_5989,MA1,5989,0,536,0,2018-01-30,2019-07-19,,,,,,0.49389693,0.49389693,0.49389693
A,MA1_6095,MA1,6095,0,671,0,2018-01-30,2019-12-01,,,,,,0.49389693,0.49389693,0.49389693
A,MA1_6099,MA1,6099,0,671,0,2018-01-30,2019-12-01,,,,,,0.49389693,0.49389693,0.49389693
A,MA1_6177,MA1,6177,0,671,0,2018-01-30,2019-12-01,,,,,,0.49389693,0.49389693,0.49389693
A,MA1_6199,MA1,6199,0,671,0,2018-01-30,2019-12-01,,,,,,0.49389693,0.49389693,0.49389693
A,MA1_6465,MA1,6465,0,671,0,2018-01-30,2019-12-01,,,,,,0.49389693,0.49389693,0.49389693
A,MA1_6482,MA1,6482,0,671,0,2018-01-30,2019-12-01,,,,,,0.49389693,0.49389693,0.49389693
A,MA1_6553,MA1,6553,0,671,0,2018-01-30,2019-12-01,,,,,,0.49389693,0.49389693,0.49389693
A,MA1_6671,MA1,6671,0,671,0,2018-01-30,2019-12-01,,,,,,0.49389693,0.49389693,0.49389693
A,MA1_6691,MA1,6691,0,278,0,2018-01-30,2018-11-03,,,,,,0.49389693,0.49389693,0.49389693
A,MA1_6714,MA1,6714,0,671,0,2018-01-30,2019-12-01,,,,,,0.49389693,0.49389693,0.49389693
A,MA1_6741,MA1,6741,0,671,0,2018-01-30,2019-12-01,,,,,,0.49389693,0.49389693,0.49389693
A,MA1_6790,MA1,6790,0,671,0,2018-01-30,2019-12-01,,,,,,0.49389693,0.49389693,0.49389693
A,MA1_6794,MA1,6794,0,671,0,2018-01-30,2019-12-01,,,,,,0.49389693,0.49389693,0.49389693
A,MA1_6902,MA1,6902,0,263,0,2018-01-30,2018-10-19,,,,,,0.49389693,0.49389696,0.49389693
A,MA1_7155,MA1,7155,0,671,0,2018-01-30,2019-12-01,,,,,,0.49389693,0.49389693,0.49389693
A,MA1_7191,MA1,7191,0,671,0,2018-01-30,2019-12-01,,,,,,0.49389693,0.49389693,0.49389693
A,MA1_7226,MA1,7226,0,305,0,2019-01-31,2019-12-01,,,,,,0.49389693,0.49389687,0.49389693
A,MA1_7399,MA1,7399,0,253,0,2018-01-30,2018-10-09,,,,,,0.49389693,0.49389693,0.49389693
A,MA1_747,MA1,747,0,671,0,2018-01-30,2019-12-01,,,,,,0.49389693,0.49389693,0.49389693
A,MA1_7529,MA1,7529,0,567,0,2018-01-30,2019-08-19,,,,,,0.49389693,0.4938969,0.49389693
A,MA1_7652,MA1,7652,0,282,0,2018-01-30,2018-11-07,,,,,,0.49389693,0.49389693,0.49389693
A,MA1_7657,MA1,7657,0,282,0,2018-01-30,2018-11-07,,,,,,0.49389693,0.49389693,0.49389693
A,MA1_7788,MA1,7788,0,671,0,2018-01-30,2019-12-01,,,,,,0.49389693,0.49389693,0.49389693
A,MA1_839,MA1,839,0,635,0,2018-01-30,2019-10-26,,,,,,0.49389693,0.49389687,0.49389693
A,MA1_8496,MA1,8496,0,636,0,2018-03-06,2019-12-01,,,,,,0.49389693,0.49389687,0.49389693
A,MA1_8502,MA1,8502,0,634,0,2018-01-30,2019-10-25,,,,,,0.49389693,0.49389687,0.49389693
A,MA1_8586,MA1,8586,0,671,0,2018-01-30,2019-12-01,,,,,,0.49389693,0.49389693,0.49389693
A,MA1_8635,MA1,8635,0,671,0,2018-01-30,2019-12-01,,,,,,0.49389693,0.49389693,0.49389693
A,MA1_8867,MA1,8867,0,214,0,2019-05-02,2019-12-01,,,,,,0.49389693,0.4938969,0.49389693
A,MA1_8878,MA1,8878,0,369,0,2018-11-28,2019-12-01,,,,,,0.49389693,0.4938969,0.49389693
A,MA1_8956,MA1,8956,1,242,30,2018-01-30,2018-09-28,2018-08-30,2018-09-28,0.4938969314098358,0.4938969314098358,0.4938969314098358,0.49389693,0.49389693,0.49389693
A,MA1_9039,MA1,9039,0,281,0,2018-01-30,2018-11-06,,,,,,0.49389693,0.49389693,0.49389693
A,MA1_9186,MA1,9186,0,634,0,2018-01-30,2019-10-25,,,,,,0.49389693,0.49389687,0.49389693
A,MA1_9400,MA1,9400,0,671,0,2018-01-30,2019-12-01,,,,,,0.49389693,0.49389693,0.49389693
A,MA1_9559,MA1,9559,0,118,0,2018-01-30,2018-05-27,,,,,,0.49389693,0.4938969,0.49389693
A,MA1_9584,MA1,9584,0,403,0,2018-01-30,2019-03-08,,,,,,0.49389693,0.49389693,0.49389693
A,MA1_960,MA1,960,0,671,0,2018-01-30,2019-12-01,,,,,,0.49389693,0.49389693,0.49389693
A,MA1_977,MA1,977,0,655,0,2018-02-15,2019-12-01,,,,,,0.49389693,0.49389696,0.49389693
A,MA1_9790,MA1,9790,0,11,0,2018-01-30,2018-02-09,,,,,,0.49389693,0.49389693,0.49389693
A,MA1_9836,MA1,9836,0,671,0,2018-01-30,2019-12-01,,,,,,0.49389693,0.49389693,0.49389693
A,MA1_9841,MA1,9841,0,657,0,2018-01-30,2019-11-17,,,,,,0.49389693,0.49389696,0.49389693
A,MA2_100017,MA2,100017,0,444,0,2018-09-14,2019-12-01,,,,,,0.49389693,0.4938969,0.49389693
A,MA2_100157,MA2,100157,0,671,0,2018-01-30,2019-12-01,,,,,,0.49389693,0.49389693,0.49389693
A,MA2_100171,MA2,100171,0,393,0,2018-01-30,2019-02-26,,,,,,0.49389693,0.49389696,0.49389693
A,MA2_100289,MA2,100289,0,453,0,2018-01-30,2019-04-27,,,,,,0.49389693,0.49389693,0.49389693
A,MA2_100401,MA2,100401,0,671,0,2018-01-30,2019-12-01,,,,,,0.49389693,0.49389693,0.49389693
A,MA2_100651,MA2,100651,0,382,0,2018-01-30,2019-02-15,,,,,,0.49389693,0.49389687,0.49389693
A,MA2_100826,MA2,100826,0,635,0,2018-01-30,2019-10-26,,,,,,0.49389693,0.49389687,0.49389693
A,MA2_101167,MA2,101167,0,327,0,2018-01-30,2018-12-22,,,,,,0.49389693,0.4938969,0.49389693
A,MA2_101233,MA2,101233,0,457,0,2018-01-30,2019-05-01,,,,,,0.49389693,0.49389696,0.49389693
A,MA2_101376,MA2,101376,0,671,0,2018-01-30,2019-12-01,,,,,,0.49389693,0.49389693,0.49389693
A,MA2_101430,MA2,101430,0,671,0,2018-01-30,2019-12-01,,,,,,0.49389693,0.49389693,0.49389693
A,MA2_101436,MA2,101436,0,444,0,2018-09-14,2019-12-01,,,,,,0.49389693,0.4938969,0.49389693
A,MA2_101480,MA2,101480,0,671,0,2018-01-30,2019-12-01,,,,,,0.49389693,0.49389693,0.49389693
A,MA2_101503,MA2,101503,0,671,0,2018-01-30,2019-12-01,,,,,,0.49389693,0.49389693,0.49389693
A,MA2_101508,MA2,101508,0,671,0,2018-01-30,2019-12-01,,,,,,0.49389693,0.49389693,0.49389693
A,MA2_101524,MA2,101524,0,327,0,2018-01-30,2018-12-22,,,,,,0.49389693,0.4938969,0.49389693
A,MA2_101532,MA2,101532,0,671,0,2018-01-30,2019-12-01,,,,,,0.49389693,0.49389693,0.49389693
A,MA2_10163,MA2,10163,0,635,0,2018-01-30,2019-10-26,,,,,,0.49389693,0.49389687,0.49389693
A,MA2_101864,MA2,101864,0,635,0,2018-01-30,2019-10-26,,,,,,0.49389693,0.49389687,0.49389693
A,MA2_101988,MA2,101988,0,415,0,2018-03-08,2019-04-26,,,,,,0.49389693,0.49389693,0.49389693
A,MA2_10234,MA2,10234,0,671,0,2018-01-30,2019-12-01,,,,,,0.49389693,0.49389693,0.49389693
A,MA2_10251,MA2,10251,0,253,0,2018-01-30,2018-10-09,,,,,,0.49389693,0.49389693,0.49389693
A,MA2_102758,MA2,102758,0,476,0,2018-01-30,2019-05-20,,,,,,0.49389693,0.49389693,0.49389693
A,MA2_102759,MA2,102759,0,476,0,2018-01-30,2019-05-20,,,,,,0.49389693,0.49389693,0.49389693
A,MA2_102808,MA2,102808,0,671,0,2018-01-30,2019-12-01,,,,,,0.49389693,0.49389693,0.49389693
A,MA2_102852,MA2,102852,0,328,0,2018-01-30,2018-12-23,,,,,,0.49389693,0.49389696,0.49389693
A,MA2_103034,MA2,103034,0,169,0,2018-09-15,2019-03-02,,,,,,0.49389693,0.49389693,0.49389693
A,MA2_103271,MA2,103271,0,671,0,2018-01-30,2019-12-01,,,,,,0.49389693,0.49389693,0.49389693
A,MA2_103340,MA2,103340,0,671,0,2018-01-30,2019-12-01,,,,,,0.49389693,0.49389693,0.49389693
A,MA2_103420,MA2,103420,0,671,0,2018-01-30,2019-12-01,,,,,,0.49389693,0.49389693,0.49389693
A,MA2_103460,MA2,103460,0,669,0,2018-02-01,2019-12-01,,,,,,0.49389693,0.49389693,0.49389693
A,MA2_10351,MA2,10351,0,245,0,2018-01-30,2018-10-01,,,,,,0.49389693,0.49389693,0.49389693
A,MA2_103721,MA2,103721,0,635,0,2018-01-30,2019-10-26,,,,,,0.49389693,0.49389687,0.49389693
A,MA2_10384,MA2,10384,0,645,0,2018-01-30,2019-11-05,,,,,,0.49389693,0.4938969,0.49389693
A,MA2_103879,MA2,103879,0,671,0,2018-01-30,2019-12-01,,,,,,0.49389693,0.49389693,0.49389693
A,MA2_104203,MA2,104203,0,635,0,2018-01-30,2019-10-26,,,,,,0.49389693,0.49389687,0.49389693
A,MA2_10421,MA2,10421,0,671,0,2018-01-30,2019-12-01,,,,,,0.49389693,0.49389693,0.49389693
A,MA2_104250,MA2,104250,0,671,0,2018-01-30,2019-12-01,,,,,,0.49389693,0.49389693,0.49389693
A,MA2_10431,MA2,10431,0,671,0,2018-01-30,2019-12-01,,,,,,0.49389693,0.49389693,0.49389693
A,MA2_104388,MA2,104388,0,309,0,2018-01-30,2018-12-04,,,,,,0.49389693,0.49389687,0.49389693
A,MA2_104412,MA2,104412,0,668,0,2018-01-30,2019-11-28,,,,,,0.49389693,0.49389693,0.49389693
A,MA2_104427,MA2,104427,0,635,0,2018-01-30,2019-10-26,,,,,,0.49389693,0.49389687,0.49389693
A,MA2_104463,MA2,104463,0,671,0,2018-01-30,2019-12-01,,,,,,0.49389693,0.49389693,0.49389693
A,MA2_104471,MA2,104471,0,671,0,2018-01-30,2019-12-01,,,,,,0.49389693,0.49389693,0.49389693
A,MA2_104505,MA2,104505,0,635,0,2018-01-30,2019-10-26,,,,,,0.49389693,0.49389687,0.49389693
A,MA2_104512,MA2,104512,0,635,0,2018-01-30,2019-10-26,,,,,,0.49389693,0.49389687,0.49389693
A,MA2_10456,MA2,10456,0,671,0,2018-01-30,2019-12-01,,,,,,0.49389693,0.49389693,0.49389693
A,MA2_104700,MA2,104700,0,635,0,2018-01-30,2019-10-26,,,,,,0.49389693,0.49389687,0.49389693
A,MA2_104712,MA2,104712,0,468,0,2018-01-30,2019-05-12,,,,,,0.49389693,0.49389693,0.49389693
A,MA2_104791,MA2,104791,0,671,0,2018-01-30,2019-12-01,,,,,,0.49389693,0.49389693,0.49389693
A,MA2_105005,MA2,105005,0,620,0,2018-01-30,2019-10-11,,,,,,0.49389693,0.49389687,0.49389693
A,MA2_105047,MA2,105047,0,671,0,2018-01-30,2019-12-01,,,,,,0.49389693,0.49389693,0.49389693
A,MA2_105172,MA2,105172,0,671,0,2018-01-30,2019-12-01,,,,,,0.49389693,0.49389693,0.49389693
A,MA2_105189,MA2,105189,0,635,0,2018-01-30,2019-10-26,,,,,,0.49389693,0.49389687,0.49389693
A,MA2_105297,MA2,105297,0,620,0,2018-01-30,2019-10-11,,,,,,0.49389693,0.49389687,0.49389693
A,MA2_105394,MA2,105394,0,671,0,2018-01-30,2019-12-01,,,,,,0.49389693,0.49389693,0.49389693
A,MA2_105444,MA2,105444,0,635,0,2018-01-30,2019-10-26,,,,,,0.49389693,0.49389687,0.49389693
A,MA2_105472,MA2,105472,0,635,0,2018-01-30,2019-10-26,,,,,,0.49389693,0.49389687,0.49389693
A,MA2_105509,MA2,105509,0,251,0,2018-01-30,2018-10-07,,,,,,0.49389693,0.49389693,0.49389693
A,MA2_105526,MA2,105526,0,671,0,2018-01-30,2019-12-01,,,,,,0.49389693,0.49389693,0.49389693
A,MA2_105605,MA2,105605,0,635,0,2018-01-30,2019-10-26,,,,,,0.49389693,0.49389687,0.49389693
A,MA2_105907,MA2,105907,0,671,0,2018-01-30,2019-12-01,,,,,,0.49389693,0.49389693,0.49389693
A,MA2_105912,MA2,105912,0,671,0,2018-01-30,2019-12-01,,,,,,0.49389693,0.49389693,0.49389693
A,MA2_105922,MA2,105922,0,460,0,2018-01-30,2019-05-04,,,,,,0.49389693,0.49389696,0.49389693
A,MA2_105955,MA2,105955,0,635,0,2018-01-30,2019-10-26,,,,,,0.49389693,0.49389687,0.49389693
A,MA2_106155,MA2,106155,0,661,0,2018-01-30,2019-11-21,,,,,,0.49389693,0.49389693,0.49389693
A,MA2_106441,MA2,106441,0,635,0,2018-01-30,2019-10-26,,,,,,0.49389693,0.49389687,0.49389693
A,MA2_106851,MA2,106851,0,671,0,2018-01-30,2019-12-01,,,,,,0.49389693,0.49389693,0.49389693
A,MA2_106934,MA2,106934,0,671,0,2018-01-30,2019-12-01,,,,,,0.49389693,0.49389693,0.49389693
A,MA2_106994,MA2,106994,0,671,0,2018-01-30,2019-12-01,,,,,,0.49389693,0.49389693,0.49389693
A,MA2_107077,MA2,107077,0,671,0,2018-01-30,2019-12-01,,,,,,0.49389693,0.49389693,0.49389693
A,MA2_107123,MA2,107123,0,671,0,2018-01-30,2019-12-01,,,,,,0.49389693,0.49389693,0.49389693
A,MA2_107139,MA2,107139,0,635,0,2018-01-30,2019-10-26,,,,,,0.49389693,0.49389687,0.49389693
A,MA2_107169,MA2,107169,0,671,0,2018-01-30,2019-12-01,,,,,,0.49389693,0.49389693,0.49389693
A,MA2_107208,MA2,107208,0,671,0,2018-01-30,2019-12-01,,,,,,0.49389693,0.49389693,0.49389693
A,MA2_107456,MA2,107456,0,671,0,2018-01-30,2019-12-01,,,,,,0.49389693,0.49389693,0.49389693
A,MA2_107457,MA2,107457,0,671,0,2018-01-30,2019-12-01,,,,,,0.49389693,0.49389693,0.49389693
A,MA2_107500,MA2,107500,0,635,0,2018-01-30,2019-10-26,,,,,,0.49389693,0.49389687,0.49389693
A,MA2_107701,MA2,107701,0,671,0,2018-01-30,2019-12-01,,,,,,0.49389693,0.49389693,0.49389693
A,MA2_107733,MA2,107733,1,161,30,2018-01-30,2018-07-09,2018-06-10,2018-07-09,0.4938969314098358,0.4938969314098358,0.4938969314098358,0.49389693,0.4938969,0.49389693
A,MA2_107872,MA2,107872,0,99,0,2018-01-30,2018-05-08,,,,,,0.49389693,0.4938969,0.49389693
A,MA2_10800,MA2,10800,0,671,0,2018-01-30,2019-12-01,,,,,,0.49389693,0.49389693,0.49389693
A,MA2_108120,MA2,108120,0,635,0,2018-01-30,2019-10-26,,,,,,0.49389693,0.49389687,0.49389693
A,MA2_108123,MA2,108123,0,635,0,2018-01-30,2019-10-26,,,,,,0.49389693,0.49389687,0.49389693
A,MA2_108126,MA2,108126,0,671,0,2018-01-30,2019-12-01,,,,,,0.49389693,0.49389693,0.49389693
A,MA2_108192,MA2,108192,0,411,0,2018-01-30,2019-03-16,,,,,,0.49389693,0.49389693,0.49389693
A,MA2_108314,MA2,108314,0,671,0,2018-01-30,2019-12-01,,,,,,0.49389693,0.49389693,0.49389693
A,MA2_108486,MA2,108486,0,668,0,2018-01-30,2019-11-28,,,,,,0.49389693,0.49389693,0.49389693
A,MA2_108564,MA2,108564,0,671,0,2018-01-30,2019-12-01,,,,,,0.49389693,0.49389693,0.49389693
A,MA2_108601,MA2,108601,0,671,0,2018-01-30,2019-12-01,,,,,,0.49389693,0.49389693,0.49389693
A,MA2_108900,MA2,108900,0,635,0,2018-01-30,2019-10-26,,,,,,0.49389693,0.49389687,0.49389693
A,MA2_10896,MA2,10896,0,169,0,2018-09-15,2019-03-02,,,,,,0.49389693,0.49389693,0.49389693
A,MA2_108972,MA2,108972,0,671,0,2018-01-30,2019-12-01,,,,,,0.49389693,0.49389693,0.49389693
A,MA2_108976,MA2,108976,0,659,0,2018-01-30,2019-11-19,,,,,,0.49389693,0.49389696,0.49389693
A,MA2_108986,MA2,108986,0,634,0,2018-01-31,2019-10-26,,,,,,0.49389693,0.49389687,0.49389693
A,MA2_109044,MA2,109044,0,635,0,2018-01-30,2019-10-26,,,,,,0.49389693,0.49389687,0.49389693
A,MA2_109077,MA2,109077,0,635,0,2018-01-30,2019-10-26,,,,,,0.49389693,0.49389687,0.49389693
A,MA2_109140,MA2,109140,0,671,0,2018-01-30,2019-12-01,,,,,,0.49389693,0.49389693,0.49389693
A,MA2_109165,MA2,109165,0,635,0,2018-01-30,2019-10-26,,,,,,0.49389693,0.49389687,0.49389693
A,MA2_10933,MA2,10933,0,388,0,2018-11-09,2019-12-01,,,,,,0.49389693,0.49389693,0.49389693
A,MA2_10936,MA2,10936,0,545,0,2018-01-30,2019-07-28,,,,,,0.49389693,0.49389693,0.49389693
A,MA2_10941,MA2,10941,0,635,0,2018-01-30,2019-10-26,,,,,,0.49389693,0.49389687,0.49389693
A,MA2_10948,MA2,10948,0,635,0,2018-01-30,2019-10-26,,,,,,0.49389693,0.49389687,0.49389693
A,MA2_109996,MA2,109996,0,671,0,2018-01-30,2019-12-01,,,,,,0.49389693,0.49389693,0.49389693
A,MA2_110174,MA2,110174,0,384,0,2018-01-30,2019-02-17,,,,,,0.49389693,0.49389693,0.49389693
A,MA2_110244,MA2,110244,0,671,0,2018-01-30,2019-12-01,,,,,,0.49389693,0.49389693,0.49389693
A,MA2_110269,MA2,110269,0,670,0,2018-01-31,2019-12-01,,,,,,0.49389693,0.49389693,0.49389693
A,MA2_110503,MA2,110503,0,634,0,2018-01-30,2019-10-25,,,,,,0.49389693,0.49389687,0.49389693
A,MA2_11079,MA2,11079,0,671,0,2018-01-30,2019-12-01,,,,,,0.49389693,0.49389693,0.49389693
A,MA2_110862,MA2,110862,0,459,0,2018-01-30,2019-05-03,,,,,,0.49389693,0.49389696,0.49389693
A,MA2_111115,MA2,111115,0,635,0,2018-01-30,2019-10-26,,,,,,0.49389693,0.49389687,0.49389693
A,MA2_111161,MA2,111161,0,657,0,2018-01-30,2019-11-17,,,,,,0.49389693,0.49389696,0.49389693
A,MA2_111572,MA2,111572,0,671,0,2018-01-30,2019-12-01,,,,,,0.49389693,0.49389693,0.49389693
A,MA2_111607,MA2,111607,0,413,0,2018-01-30,2019-03-18,,,,,,0.49389693,0.49389693,0.49389693
A,MA2_111672,MA2,111672,0,452,0,2018-01-30,2019-04-26,,,,,,0.49389693,0.49389693,0.49389693
A,MA2_111697,MA2,111697,0,671,0,2018-01-30,2019-12-01,,,,,,0.49389693,0.49389693,0.49389693
A,MA2_111702,MA2,111702,0,456,0,2018-01-30,2019-04-30,,,,,,0.49389693,0.49389696,0.49389693
A,MA2_112047,MA2,112047,0,671,0,2018-01-30,2019-12-01,,,,,,0.49389693,0.49389693,0.49389693
A,MA2_112153,MA2,112153,1,372,30,2018-01-30,2019-02-05,2019-01-07,2019-02-05,0.4938969314098358,0.4938969314098358,0.4938969314098358,0.49389693,0.4938969,0.49389693
A,MA2_112406,MA2,112406,0,627,0,2018-01-30,2019-10-18,,,,,,0.49389693,0.49389687,0.49389693
A,MA2_112411,MA2,112411,0,671,0,2018-01-30,2019-12-01,,,,,,0.49389693,0.49389693,0.49389693
A,MA2_1126,MA2,1126,0,459,0,2018-01-30,2019-05-03,,,,,,0.68847096,0.6792959,0.6705362
A,MA2_112633,MA2,112633,0,671,0,2018-01-30,2019-12-01,,,,,,0.49389693,0.49389693,0.49389693
A,MA2_112728,MA2,112728,0,453,0,2018-01-30,2019-04-27,,,,,,0.49389693,0.49389693,0.49389693
A,MA2_112995,MA2,112995,0,671,0,2018-01-30,2019-12-01,,,,,,0.49389693,0.49389693,0.49389693
A,MA2_113340,MA2,113340,0,383,0,2018-01-30,2019-02-16,,,,,,0.49389693,0.49389687,0.49389693
A,MA2_113622,MA2,113622,0,671,0,2018-01-30,2019-12-01,,,,,,0.49389693,0.49389693,0.49389693
A,MA2_113648,MA2,113648,0,635,0,2018-01-30,2019-10-26,,,,,,0.49389693,0.49389687,0.49389693
A,MA2_113695,MA2,113695,0,671,0,2018-01-30,2019-12-01,,,,,,0.49389693,0.49389693,0.49389693
A,MA2_113749,MA2,113749,0,514,0,2018-01-30,2019-06-27,,,,,,0.49389693,0.49389696,0.49389693
A,MA2_114218,MA2,114218,0,458,0,2018-01-30,2019-05-02,,,,,,0.49389693,0.49389696,0.49389693
A,MA2_114290,MA2,114290,0,590,0,2018-01-30,2019-09-11,,,,,,0.49389693,0.4938969,0.49389693
A,MA2_114335,MA2,114335,0,119,0,2018-01-30,2018-05-28,,,,,,0.49389693,0.4938969,0.49389693
A,MA2_114360,MA2,114360,0,658,0,2018-01-30,2019-11-18,,,,,,0.49389693,0.49389696,0.49389693
A,MA2_114374,MA2,114374,0,671,0,2018-01-30,2019-12-01,,,,,,0.49389693,0.49389693,0.49389693
A,MA2_114714,MA2,114714,0,327,0,2018-01-30,2018-12-22,,,,,,0.49389693,0.4938969,0.49389693
A,MA2_11473,MA2,11473,0,671,0,2018-01-30,2019-12-01,,,,,,0.49389693,0.49389693,0.49389693
A,MA2_11475,MA2,11475,0,671,0,2018-01-30,2019-12-01,,,,,,0.49389693,0.49389693,0.49389693
A,MA2_11476,MA2,11476,0,671,0,2018-01-30,2019-12-01,,,,,,0.49389693,0.49389693,0.49389693
A,MA2_11503,MA2,11503,0,671,0,2018-01-30,2019-12-01,,,,,,0.49389693,0.49389693,0.49389693
A,MA2_115203,MA2,115203,0,671,0,2018-01-30,2019-12-01,,,,,,0.49389693,0.49389693,0.49389693
A,MA2_115326,MA2,115326,0,671,0,2018-01-30,2019-12-01,,,,,,0.49389693,0.49389693,0.49389693
A,MA2_115328,MA2,115328,0,671,0,2018-01-30,2019-12-01,,,,,,0.49389693,0.49389693,0.49389693
A,MA2_115461,MA2,115461,0,333,0,2018-01-30,2018-12-28,,,,,,0.49389693,0.49389693,0.49389693
A,MA2_115543,MA2,115543,0,671,0,2018-01-30,2019-12-01,,,,,,0.49389693,0.49389693,0.49389693
A,MA2_115636,MA2,115636,0,125,0,2018-01-30,2018-06-03,,,,,,0.49389693,0.4938969,0.49389693
A,MA2_115650,MA2,115650,0,671,0,2018-01-30,2019-12-01,,,,,,0.49389693,0.49389693,0.49389693
A,MA2_115955,MA2,115955,0,635,0,2018-01-30,2019-10-26,,,,,,0.49389693,0.49389687,0.49389693
A,MA2_116145,MA2,116145,1,254,29,2018-01-30,2018-10-10,2018-09-11,2018-10-10,0.4938969314098358,0.4938969314098358,0.4938969314098358,0.49389693,0.49389693,0.49389693
A,MA2_116192,MA2,116192,0,635,0,2018-01-30,2019-10-26,,,,,,0.49389693,0.49389687,0.49389693
A,MA2_116323,MA2,116323,0,488,0,2018-01-30,2019-06-01,,,,,,0.49389693,0.49389693,0.49389693
A,MA2_116351,MA2,116351,0,635,0,2018-01-30,2019-10-26,,,,,,0.49389693,0.49389687,0.49389693
A,MA2_116389,MA2,116389,0,635,0,2018-01-30,2019-10-26,,,,,,0.49389693,0.49389687,0.49389693
A,MA2_11653,MA2,11653,0,636,0,2018-01-30,2019-10-27,,,,,,0.49389693,0.49389687,0.49389693
A,MA2_116560,MA2,116560,0,96,0,2019-08-28,2019-12-01,,,,,,0.49389693,0.49389693,0.49389693
A,MA2_116609,MA2,116609,0,364,0,2018-01-30,2019-01-28,,,,,,0.49389693,0.4938969,0.49389693
A,MA2_11686,MA2,11686,0,457,0,2018-01-30,2019-05-01,,,,,,0.49389693,0.49389696,0.49389693
A,MA2_116895,MA2,116895,0,671,0,2018-01-30,2019-12-01,,,,,,0.49389693,0.49389693,0.49389693
A,MA2_116950,MA2,116950,0,529,0,2018-01-30,2019-07-12,,,,,,0.49389693,0.49389693,0.49389693
A,MA2_116983,MA2,116983,0,384,0,2018-01-30,2019-02-17,,,,,,0.49389693,0.49389693,0.49389693
A,MA2_117099,MA2,117099,0,663,0,2018-01-30,2019-11-23,,,,,,0.49389693,0.49389693,0.49389693
A,MA2_117132,MA2,117132,0,635,0,2018-01-30,2019-10-26,,,,,,0.49389693,0.49389687,0.49389693
A,MA2_117142,MA2,117142,0,659,0,2018-01-30,2019-11-19,,,,,,0.49389693,0.49389696,0.49389693
A,MA2_117299,MA2,117299,0,671,0,2018-01-30,2019-12-01,,,,,,0.49389693,0.49389693,0.49389693
A,MA2_117436,MA2,117436,0,671,0,2018-01-30,2019-12-01,,,,,,0.49389693,0.49389693,0.49389693
A,MA2_11745,MA2,11745,0,634,0,2018-01-31,2019-10-26,,,,,,0.49389693,0.49389687,0.49389693
A,MA2_117474,MA2,117474,0,671,0,2018-01-30,2019-12-01,,,,,,0.49389693,0.49389693,0.49389693
A,MA2_117566,MA2,117566,0,530,0,2018-01-30,2019-07-13,,,,,,0.49389693,0.49389693,0.49389693
A,MA2_117703,MA2,117703,0,671,0,2018-01-30,2019-12-01,,,,,,0.49389693,0.49389693,0.49389693
A,MA2_117799,MA2,117799,0,543,0,2018-01-30,2019-07-26,,,,,,0.49389693,0.49389693,0.49389693
A,MA2_117955,MA2,117955,0,671,0,2018-01-30,2019-12-01,,,,,,0.49389693,0.49389693,0.49389693
A,MA2_118158,MA2,118158,0,671,0,2018-01-30,2019-12-01,,,,,,0.49389693,0.49389693,0.49389693
A,MA2_118292,MA2,118292,0,169,0,2018-09-15,2019-03-02,,,,,,0.49389693,0.49389693,0.49389693
A,MA2_118396,MA2,118396,0,308,0,2018-01-30,2018-12-03,,,,,,0.49389693,0.49389687,0.49389693
A,MA2_11840,MA2,11840,0,443,0,2018-09-15,2019-12-01,,,,,,0.49389693,0.4938969,0.49389693
A,MA2_118698,MA2,118698,0,645,0,2018-01-30,2019-11-05,,,,,,0.49389693,0.4938969,0.49389693
A,MA2_118712,MA2,118712,0,174,0,2018-01-30,2018-07-22,,,,,,0.49389693,0.49389693,0.49389693
A,MA2_118844,MA2,118844,0,671,0,2018-01-30,2019-12-01,,,,,,0.49389693,0.49389693,0.49389693
A,MA2_118907,MA2,118907,0,671,0,2018-01-30,2019-12-01,,,,,,0.49389693,0.49389693,0.49389693
A,MA2_118989,MA2,118989,0,671,0,2018-01-30,2019-12-01,,,,,,0.49389693,0.49389693,0.49389693
A,MA2_119510,MA2,119510,0,671,0,2018-01-30,2019-12-01,,,,,,0.49389693,0.49389693,0.49389693
A,MA2_119522,MA2,119522,0,236,0,2018-01-30,2018-09-22,,,,,,0.49389693,0.49389693,0.49389693
A,MA2_11957,MA2,11957,0,671,0,2018-01-30,2019-12-01,,,,,,0.49389693,0.49389693,0.49389693
A,MA2_119788,MA2,119788,0,635,0,2018-01-30,2019-10-26,,,,,,0.49389693,0.49389687,0.49389693
A,MA2_119815,MA2,119815,0,635,0,2018-01-30,2019-10-26,,,,,,0.49389693,0.49389687,0.49389693
A,MA2_119879,MA2,119879,0,671,0,2018-01-30,2019-12-01,,,,,,0.49389693,0.49389693,0.49389693
A,MA2_119954,MA2,119954,0,671,0,2018-01-30,2019-12-01,,,,,,0.49389693,0.49389693,0.49389693
A,MA2_12002,MA2,12002,0,657,0,2018-01-30,2019-11-17,,,,,,0.49389693,0.49389696,0.49389693
A,MA2_120020,MA2,120020,0,665,0,2018-01-30,2019-11-25,,,,,,0.49389693,0.49389693,0.49389693
A,MA2_120034,MA2,120034,0,671,0,2018-01-30,2019-12-01,,,,,,0.49389693,0.49389693,0.49389693
A,MA2_120069,MA2,120069,0,671,0,2018-01-30,2019-12-01,,,,,,0.49389693,0.49389693,0.49389693
A,MA2_120150,MA2,120150,0,249,0,2018-01-30,2018-10-05,,,,,,0.49389693,0.49389693,0.49389693
A,MA2_120169,MA2,120169,0,668,0,2018-01-30,2019-11-28,,,,,,0.49389693,0.49389693,0.49389693
A,MA2_120312,MA2,120312,0,444,0,2018-09-14,2019-12-01,,,,,,0.49389693,0.4938969,0.49389693
A,MA2_120439,MA2,120439,0,635,0,2018-01-30,2019-10-26,,,,,,0.49389693,0.49389687,0.49389693
A,MA2_12044,MA2,12044,0,635,0,2018-01-30,2019-10-26,,,,,,0.49389693,0.49389687,0.49389693
A,MA2_120770,MA2,120770,0,137,0,2018-01-30,2018-06-15,,,,,,0.49389693,0.49389693,0.49389693
A,MA2_12109,MA2,12109,0,671,0,2018-01-30,2019-12-01,,,,,,0.49389693,0.49389693,0.49389693
A,MA2_12219,MA2,12219,0,630,0,2018-01-30,2019-10-21,,,,,,0.49389693,0.49389687,0.49389693
A,MA2_1224,MA2,1224,0,671,0,2018-01-30,2019-12-01,,,,,,0.49389693,0.49389693,0.49389693
A,MA2_12243,MA2,12243,0,635,0,2018-01-30,2019-10-26,,,,,,0.49389693,0.49389687,0.49389693
A,MA2_12365,MA2,12365,0,635,0,2018-01-30,2019-10-26,,,,,,0.49389693,0.49389687,0.49389693
A,MA2_12587,MA2,12587,0,458,0,2018-01-30,2019-05-02,,,,,,0.49389693,0.49389696,0.49389693
A,MA2_1276,MA2,1276,0,671,0,2018-01-30,2019-12-01,,,,,,0.49389693,0.49389693,0.49389693
A,MA2_12817,MA2,12817,0,635,0,2018-01-30,2019-10-26,,,,,,0.49389693,0.49389687,0.49389693
A,MA2_13056,MA2,13056,0,112,0,2018-01-30,2018-05-21,,,,,,0.49389693,0.49389693,0.49389693
A,MA2_13085,MA2,13085,0,444,0,2018-09-14,2019-12-01,,,,,,0.49389693,0.4938969,0.49389693
A,MA2_13167,MA2,13167,0,671,0,2018-01-30,2019-12-01,,,,,,0.49389693,0.49389693,0.49389693
A,MA2_13217,MA2,13217,1,15,15,2018-01-30,2018-02-13,2018-01-30,2018-02-13,0.4938969314098358,0.4938969314098358,0.4938969314098358,0.49389693,0.49389693,0.49389693
A,MA2_13382,MA2,13382,0,460,0,2018-01-30,2019-05-04,,,,,,0.49389693,0.49389696,0.49389693
A,MA2_13447,MA2,13447,0,671,0,2018-01-30,2019-12-01,,,,,,0.49389693,0.49389693,0.49389693
A,MA2_13800,MA2,13800,0,451,0,2018-09-07,2019-12-01,,,,,,0.49389693,0.49389693,0.49389693
A,MA2_13836,MA2,13836,0,671,0,2018-01-30,2019-12-01,,,,,,0.49389693,0.49389693,0.49389693
A,MA2_13967,MA2,13967,0,635,0,2018-01-30,2019-10-26,,,,,,0.49389693,0.49389687,0.49389693
A,MA2_13998,MA2,13998,0,635,0,2018-01-30,2019-10-26,,,,,,0.49389693,0.49389687,0.49389693
A,MA2_14310,MA2,14310,0,671,0,2018-01-30,2019-12-01,,,,,,0.49389693,0.49389693,0.49389693
A,MA2_14419,MA2,14419,0,364,0,2018-01-30,2019-01-28,,,,,,0.49389693,0.4938969,0.49389693
A,MA2_14897,MA2,14897,0,671,0,2018-01-30,2019-12-01,,,,,,0.49389693,0.49389693,0.49389693
A,MA2_151,MA2,151,0,635,0,2018-01-30,2019-10-26,,,,,,0.49389693,0.49389687,0.49389693
A,MA2_15342,MA2,15342,0,671,0,2018-01-30,2019-12-01,,,,,,0.49389693,0.49389693,0.49389693
A,MA2_1571,MA2,1571,0,635,0,2018-01-30,2019-10-26,,,,,,0.49389693,0.49389687,0.49389693
A,MA2_15764,MA2,15764,0,635,0,2018-01-30,2019-10-26,,,,,,0.49389693,0.49389687,0.49389693
A,MA2_15810,MA2,15810,0,671,0,2018-01-30,2019-12-01,,,,,,0.49389693,0.49389693,0.49389693
A,MA2_15936,MA2,15936,0,665,0,2018-01-30,2019-11-25,,,,,,0.49389693,0.49389693,0.49389693
A,MA2_16034,MA2,16034,0,665,0,2018-01-30,2019-11-25,,,,,,0.49389693,0.49389693,0.49389693
A,MA2_1628,MA2,1628,0,459,0,2018-01-30,2019-05-03,,,,,,0.49389693,0.49389696,0.49389693
A,MA2_16330,MA2,16330,0,671,0,2018-01-30,2019-12-01,,,,,,0.49389693,0.49389693,0.49389693
A,MA2_16426,MA2,16426,0,671,0,2018-01-30,2019-12-01,,,,,,0.49389693,0.49389693,0.49389693
A,MA2_16784,MA2,16784,0,671,0,2018-01-30,2019-12-01,,,,,,0.49389693,0.49389693,0.49389693
A,MA2_1681,MA2,1681,0,671,0,2018-01-30,2019-12-01,,,,,,0.49389693,0.49389693,0.49389693
A,MA2_16852,MA2,16852,0,635,0,2018-01-30,2019-10-26,,,,,,0.49389693,0.49389687,0.49389693
A,MA2_17018,MA2,17018,0,671,0,2018-01-30,2019-12-01,,,,,,0.49389693,0.49389693,0.49389693
A,MA2_17086,MA2,17086,0,379,0,2018-02-13,2019-02-26,,,,,,0.49389693,0.4938969,0.49389693
A,MA2_17122,MA2,17122,0,441,0,2018-01-30,2019-04-15,,,,,,0.49389693,0.4938969,0.49389693
A,MA2_17126,MA2,17126,0,441,0,2018-01-30,2019-04-15,,,,,,0.49389693,0.4938969,0.49389693
A,MA2_17343,MA2,17343,0,671,0,2018-01-30,2019-12-01,,,,,,0.49389693,0.49389693,0.49389693
A,MA2_17422,MA2,17422,0,671,0,2018-01-30,2019-12-01,,,,,,0.49389693,0.49389693,0.49389693
A,MA2_17438,MA2,17438,0,441,0,2018-01-30,2019-04-15,,,,,,0.49389693,0.4938969,0.49389693
A,MA2_17515,MA2,17515,0,665,0,2018-01-30,2019-11-25,,,,,,0.49389693,0.49389693,0.49389693
A,MA2_17526,MA2,17526,0,635,0,2018-01-30,2019-10-26,,,,,,0.49389693,0.49389687,0.49389693
A,MA2_17739,MA2,17739,0,671,0,2018-01-30,2019-12-01,,,,,,0.49389693,0.49389693,0.49389693
A,MA2_17834,MA2,17834,0,671,0,2018-01-30,2019-12-01,,,,,,0.49389693,0.49389693,0.49389693
A,MA2_18111,MA2,18111,0,671,0,2018-01-30,2019-12-01,,,,,,0.49389693,0.49389693,0.49389693
A,MA2_18304,MA2,18304,0,635,0,2018-01-30,2019-10-26,,,,,,0.49389693,0.49389687,0.49389693
A,MA2_1837,MA2,1837,0,384,0,2018-01-30,2019-02-17,,,,,,0.49389693,0.49389693,0.49389693
A,MA2_18670,MA2,18670,0,671,0,2018-01-30,2019-12-01,,,,,,0.49389693,0.49389693,0.49389693
A,MA2_18982,MA2,18982,0,663,0,2018-01-30,2019-11-23,,,,,,0.49389693,0.49389693,0.49389693
A,MA2_1922,MA2,1922,0,671,0,2018-01-30,2019-12-01,,,,,,0.49389693,0.49389693,0.49389693
A,MA2_19256,MA2,19256,0,460,0,2018-01-30,2019-05-04,,,,,,0.49389693,0.49389696,0.49389693
A,MA2_19295,MA2,19295,0,635,0,2018-01-30,2019-10-26,,,,,,0.49389693,0.49389687,0.49389693
A,MA2_19366,MA2,19366,0,635,0,2018-01-30,2019-10-26,,,,,,0.49389693,0.49389687,0.49389693
A,MA2_1950,MA2,1950,0,635,0,2018-01-30,2019-10-26,,,,,,0.49389693,0.49389687,0.49389693
A,MA2_19627,MA2,19627,0,671,0,2018-01-30,2019-12-01,,,,,,0.49389693,0.49389693,0.49389693
A,MA2_1966,MA2,1966,0,459,0,2018-01-30,2019-05-03,,,,,,0.49389693,0.49389696,0.49389693
A,MA2_19692,MA2,19692,0,635,0,2018-01-30,2019-10-26,,,,,,0.49389693,0.49389687,0.49389693
A,MA2_19700,MA2,19700,0,671,0,2018-01-30,2019-12-01,,,,,,0.49389693,0.49389693,0.49389693
A,MA2_19945,MA2,19945,0,249,0,2018-01-30,2018-10-05,,,,,,0.49389693,0.49389693,0.49389693
A,MA2_20081,MA2,20081,0,538,0,2018-01-30,2019-07-21,,,,,,0.49389693,0.49389693,0.49389693
A,MA2_20124,MA2,20124,0,657,0,2018-01-30,2019-11-17,,,,,,0.49389693,0.49389696,0.49389693
A,MA2_20164,MA2,20164,0,671,0,2018-01-30,2019-12-01,,,,,,0.49389693,0.49389693,0.49389693
A,MA2_20203,MA2,20203,0,408,0,2018-01-30,2019-03-13,,,,,,0.49389693,0.49389693,0.49389693
A,MA2_20535,MA2,20535,0,671,0,2018-01-30,2019-12-01,,,,,,0.49389693,0.49389693,0.49389693
A,MA2_2071,MA2,2071,0,671,0,2018-01-30,2019-12-01,,,,,,0.49389693,0.49389693,0.49389693
A,MA2_2094,MA2,2094,0,566,0,2018-05-15,2019-12-01,,,,,,0.49389693,0.4938969,0.49389693
A,MA2_21117,MA2,21117,0,457,0,2018-01-30,2019-05-01,,,,,,0.49389693,0.49389696,0.49389693
A,MA2_21336,MA2,21336,0,587,0,2018-01-30,2019-09-08,,,,,,0.49389693,0.4938969,0.49389693
A,MA2_2140,MA2,2140,0,491,0,2018-01-30,2019-06-04,,,,,,0.49389693,0.49389693,0.49389693
A,MA2_21401,MA2,21401,0,671,0,2018-01-30,2019-12-01,,,,,,0.49389693,0.49389693,0.49389693
A,MA2_2158,MA2,2158,0,671,0,2018-01-30,2019-12-01,,,,,,0.49389693,0.49389693,0.49389693
A,MA2_21714,MA2,21714,0,364,0,2018-01-30,2019-01-28,,,,,,0.49389693,0.4938969,0.49389693
A,MA2_21725,MA2,21725,0,293,0,2018-01-30,2018-11-18,,,,,,0.49389693,0.4938969,0.49389693
A,MA2_21981,MA2,21981,0,671,0,2018-01-30,2019-12-01,,,,,,0.49389693,0.49389693,0.49389693
A,MA2_22163,MA2,22163,0,671,0,2018-01-30,2019-12-01,,,,,,0.49389693,0.49389693,0.49389693
A,MA2_22213,MA2,22213,0,671,0,2018-01-30,2019-12-01,,,,,,0.49389693,0.49389693,0.49389693
A,MA2_22223,MA2,22223,0,635,0,2018-01-30,2019-10-26,,,,,,0.49389693,0.49389687,0.49389693
A,MA2_22355,MA2,22355,0,671,0,2018-01-30,2019-12-01,,,,,,0.49389693,0.49389693,0.49389693
A,MA2_22418,MA2,22418,0,668,0,2018-01-30,2019-11-28,,,,,,0.49389693,0.49389693,0.49389693
A,MA2_22467,MA2,22467,0,671,0,2018-01-30,2019-12-01,,,,,,0.49389693,0.49389693,0.49389693
A,MA2_22605,MA2,22605,0,671,0,2018-01-30,2019-12-01,,,,,,0.49389693,0.49389693,0.49389693
A,MA2_22743,MA2,22743,0,671,0,2018-01-30,2019-12-01,,,,,,0.49389693,0.49389693,0.49389693
A,MA2_2277,MA2,2277,0,635,0,2018-01-30,2019-10-26,,,,,,0.49389693,0.49389687,0.49389693
A,MA2_22776,MA2,22776,0,597,0,2018-02-15,2019-10-04,,,,,,0.49389693,0.4938969,0.49389693
A,MA2_22852,MA2,22852,0,457,0,2018-01-30,2019-05-01,,,,,,0.49389693,0.49389696,0.49389693
A,MA2_22950,MA2,22950,0,501,0,2018-01-30,2019-06-14,,,,,,0.49389693,0.4938969,0.49389693
A,MA2_22998,MA2,22998,0,670,0,2018-01-30,2019-11-30,,,,,,0.49389693,0.49389693,0.49389693
A,MA2_23040,MA2,23040,0,518,0,2018-01-30,2019-07-01,,,,,,0.49389693,0.49389696,0.49389693
A,MA2_23062,MA2,23062,0,671,0,2018-01-30,2019-12-01,,,,,,0.49389693,0.49389693,0.49389693
A,MA2_23116,MA2,23116,0,193,0,2018-01-30,2018-08-10,,,,,,0.49389693,0.49389693,0.49389693
A,MA2_23167,MA2,23167,0,530,0,2018-01-30,2019-07-13,,,,,,0.49389693,0.49389693,0.49389693
A,MA2_23219,MA2,23219,0,671,0,2018-01-30,2019-12-01,,,,,,0.49389693,0.49389693,0.49389693
A,MA2_23258,MA2,23258,0,671,0,2018-01-30,2019-12-01,,,,,,0.49389693,0.49389693,0.49389693
A,MA2_23508,MA2,23508,0,671,0,2018-01-30,2019-12-01,,,,,,0.49389693,0.49389693,0.49389693
A,MA2_23560,MA2,23560,0,438,0,2018-01-30,2019-04-12,,,,,,0.49389693,0.4938969,0.49389693
A,MA2_23565,MA2,23565,0,671,0,2018-01-30,2019-12-01,,,,,,0.49389693,0.49389693,0.49389693
A,MA2_23592,MA2,23592,0,293,0,2018-01-30,2018-11-18,,,,,,0.49389693,0.4938969,0.49389693
A,MA2_23618,MA2,23618,0,117,0,2018-01-30,2018-05-26,,,,,,0.49389693,0.4938969,0.49389693
A,MA2_2371,MA2,2371,0,67,0,2018-01-30,2018-04-06,,,,,,0.49389693,0.49389693,0.49389693
A,MA2_23782,MA2,23782,0,671,0,2018-01-30,2019-12-01,,,,,,0.49389693,0.49389693,0.49389693
A,MA2_24100,MA2,24100,0,671,0,2018-01-30,2019-12-01,,,,,,0.49389693,0.49389693,0.49389693
A,MA2_24191,MA2,24191,0,671,0,2018-01-30,2019-12-01,,,,,,0.49389693,0.49389693,0.49389693
A,MA2_24559,MA2,24559,0,635,0,2018-01-30,2019-10-26,,,,,,0.49389693,0.49389687,0.49389693
A,MA2_2462,MA2,2462,0,321,0,2018-01-30,2018-12-16,,,,,,0.49389693,0.4938969,0.49389693
A,MA2_24675,MA2,24675,0,635,0,2018-01-30,2019-10-26,,,,,,0.49389693,0.49389687,0.49389693
A,MA2_24734,MA2,24734,0,671,0,2018-01-30,2019-12-01,,,,,,0.49389693,0.49389693,0.49389693
A,MA2_24790,MA2,24790,0,671,0,2018-01-30,2019-12-01,,,,,,0.49389693,0.49389693,0.49389693
A,MA2_24812,MA2,24812,0,671,0,2018-01-30,2019-12-01,,,,,,0.49389693,0.49389693,0.49389693
A,MA2_24883,MA2,24883,0,671,0,2018-01-30,2019-12-01,,,,,,0.49389693,0.49389693,0.49389693
A,MA2_24955,MA2,24955,0,671,0,2018-01-30,2019-12-01,,,,,,0.49389693,0.49389693,0.49389693
A,MA2_25060,MA2,25060,0,671,0,2018-01-30,2019-12-01,,,,,,0.49389693,0.49389693,0.49389693
A,MA2_25068,MA2,25068,0,658,0,2018-01-30,2019-11-18,,,,,,0.49389693,0.49389696,0.49389693
A,MA2_25090,MA2,25090,0,671,0,2018-01-30,2019-12-01,,,,,,0.49389693,0.49389693,0.49389693
A,MA2_25173,MA2,25173,0,671,0,2018-01-30,2019-12-01,,,,,,0.49389693,0.49389693,0.49389693
A,MA2_25196,MA2,25196,0,671,0,2018-01-30,2019-12-01,,,,,,0.49389693,0.49389693,0.49389693
A,MA2_25404,MA2,25404,0,190,0,2018-01-30,2018-08-07,,,,,,0.49389693,0.49389687,0.49389693
A,MA2_25672,MA2,25672,0,635,0,2018-01-30,2019-10-26,,,,,,0.49389693,0.49389687,0.49389693
A,MA2_25737,MA2,25737,0,671,0,2018-01-30,2019-12-01,,,,,,0.49389693,0.49389693,0.49389693
A,MA2_25781,MA2,25781,0,635,0,2018-01-30,2019-10-26,,,,,,0.49389693,0.49389687,0.49389693
A,MA2_2582,MA2,2582,0,635,0,2018-01-30,2019-10-26,,,,,,0.49389693,0.49389687,0.49389693
A,MA2_25850,MA2,25850,0,460,0,2018-01-30,2019-05-04,,,,,,0.49389693,0.49389696,0.49389693
A,MA2_25908,MA2,25908,0,458,0,2018-01-30,2019-05-02,,,,,,0.49389693,0.49389696,0.49389693
A,MA2_25946,MA2,25946,0,671,0,2018-01-30,2019-12-01,,,,,,0.49389693,0.49389693,0.49389693
A,MA2_26077,MA2,26077,0,671,0,2018-01-30,2019-12-01,,,,,,0.49389693,0.49389693,0.49389693
A,MA2_26380,MA2,26380,0,671,0,2018-01-30,2019-12-01,,,,,,0.49389693,0.49389693,0.49389693
A,MA2_26634,MA2,26634,0,635,0,2018-01-30,2019-10-26,,,,,,0.49389693,0.49389687,0.49389693
A,MA2_26637,MA2,26637,0,635,0,2018-01-30,2019-10-26,,,,,,0.49389693,0.49389687,0.49389693
A,MA2_26675,MA2,26675,0,657,0,2018-01-30,2019-11-17,,,,,,0.49389693,0.49389696,0.49389693
A,MA2_26681,MA2,26681,0,657,0,2018-01-30,2019-11-17,,,,,,0.49389693,0.49389696,0.49389693
A,MA2_26734,MA2,26734,0,363,0,2018-01-30,2019-01-27,,,,,,0.49389693,0.4938969,0.49389693
A,MA2_26769,MA2,26769,0,302,0,2018-01-30,2018-11-27,,,,,,0.49389693,0.4938969,0.49389693
A,MA2_26848,MA2,26848,0,657,0,2018-01-30,2019-11-17,,,,,,0.49389693,0.49389696,0.49389693
A,MA2_26865,MA2,26865,0,671,0,2018-01-30,2019-12-01,,,,,,0.49389693,0.49389693,0.49389693
A,MA2_26908,MA2,26908,0,590,0,2018-01-30,2019-09-11,,,,,,0.49389693,0.4938969,0.49389693
A,MA2_26911,MA2,26911,0,532,0,2018-01-30,2019-07-15,,,,,,0.49389693,0.49389693,0.49389693
A,MA2_26977,MA2,26977,0,671,0,2018-01-30,2019-12-01,,,,,,0.49389693,0.49389693,0.49389693
A,MA2_27255,MA2,27255,0,671,0,2018-01-30,2019-12-01,,,,,,0.49389693,0.49389693,0.49389693
A,MA2_27267,MA2,27267,0,671,0,2018-01-30,2019-12-01,,,,,,0.49389693,0.49389693,0.49389693
A,MA2_27365,MA2,27365,0,312,0,2018-01-30,2018-12-07,,,,,,0.49389693,0.49389687,0.49389693
A,MA2_2749,MA2,2749,0,671,0,2018-01-30,2019-12-01,,,,,,0.49389693,0.49389693,0.49389693
A,MA2_27689,MA2,27689,0,671,0,2018-01-30,2019-12-01,,,,,,0.49389693,0.49389693,0.49389693
A,MA2_27708,MA2,27708,0,459,0,2018-01-30,2019-05-03,,,,,,0.49389693,0.49389696,0.49389693
A,MA2_27718,MA2,27718,0,363,0,2018-01-30,2019-01-27,,,,,,0.49389693,0.4938969,0.49389693
A,MA2_27806,MA2,27806,0,635,0,2018-01-30,2019-10-26,,,,,,0.49389693,0.49389687,0.49389693
A,MA2_27989,MA2,27989,0,671,0,2018-01-30,2019-12-01,,,,,,0.49389693,0.49389693,0.49389693
A,MA2_28229,MA2,28229,0,393,0,2018-01-30,2019-02-26,,,,,,0.49389693,0.49389696,0.49389693
A,MA2_28292,MA2,28292,0,671,0,2018-01-30,2019-12-01,,,,,,0.49389693,0.49389693,0.49389693
A,MA2_28341,MA2,28341,0,665,0,2018-01-30,2019-11-25,,,,,,0.49389693,0.49389693,0.49389693
A,MA2_28356,MA2,28356,0,364,0,2018-01-30,2019-01-28,,,,,,0.49389693,0.4938969,0.49389693
A,MA2_28492,MA2,28492,0,671,0,2018-01-30,2019-12-01,,,,,,0.49389693,0.49389693,0.49389693
A,MA2_28581,MA2,28581,0,459,0,2018-01-30,2019-05-03,,,,,,0.49389693,0.49389696,0.49389693
A,MA2_28582,MA2,28582,0,459,0,2018-01-30,2019-05-03,,,,,,0.49389693,0.49389696,0.49389693
A,MA2_28626,MA2,28626,0,671,0,2018-01-30,2019-12-01,,,,,,0.49389693,0.49389693,0.49389693
A,MA2_28671,MA2,28671,0,671,0,2018-01-30,2019-12-01,,,,,,0.49389693,0.49389693,0.49389693
A,MA2_28776,MA2,28776,0,671,0,2018-01-30,2019-12-01,,,,,,0.49389693,0.49389693,0.49389693
A,MA2_29104,MA2,29104,0,635,0,2018-01-30,2019-10-26,,,,,,0.49389693,0.49389687,0.49389693
A,MA2_29305,MA2,29305,0,635,0,2018-01-30,2019-10-26,,,,,,0.49389693,0.49389687,0.49389693
A,MA2_29574,MA2,29574,0,635,0,2018-01-30,2019-10-26,,,,,,0.49389693,0.49389687,0.49389693
A,MA2_29761,MA2,29761,0,671,0,2018-01-30,2019-12-01,,,,,,0.49389693,0.49389693,0.49389693
A,MA2_29891,MA2,29891,0,533,0,2018-01-30,2019-07-16,,,,,,0.49389693,0.49389693,0.49389693
A,MA2_2991,MA2,2991,0,419,0,2018-01-30,2019-03-24,,,,,,0.49389693,0.49389693,0.49389693
A,MA2_30073,MA2,30073,0,635,0,2018-01-30,2019-10-26,,,,,,0.49389693,0.49389687,0.49389693
A,MA2_30229,MA2,30229,0,671,0,2018-01-30,2019-12-01,,,,,,0.49389693,0.49389693,0.49389693
A,MA2_30540,MA2,30540,0,272,0,2018-01-30,2018-10-28,,,,,,0.49389693,0.49389693,0.49389693
A,MA2_30576,MA2,30576,0,635,0,2018-01-30,2019-10-26,,,,,,0.49389693,0.49389687,0.49389693
A,MA2_30980,MA2,30980,0,458,0,2018-01-30,2019-05-02,,,,,,0.49389693,0.49389696,0.49389693
A,MA2_31076,MA2,31076,0,671,0,2018-01-30,2019-12-01,,,,,,0.49389693,0.49389693,0.49389693
A,MA2_3115,MA2,3115,0,620,0,2018-01-30,2019-10-11,,,,,,0.49389693,0.49389687,0.49389693
A,MA2_31360,MA2,31360,0,483,0,2018-01-30,2019-05-27,,,,,,0.49389693,0.49389693,0.49389693
A,MA2_31435,MA2,31435,0,671,0,2018-01-30,2019-12-01,,,,,,0.49389693,0.49389693,0.49389693
A,MA2_31718,MA2,31718,0,353,0,2018-12-14,2019-12-01,,,,,,0.49389693,0.49389693,0.49389693
A,MA2_3187,MA2,3187,0,671,0,2018-01-30,2019-12-01,,,,,,0.49389693,0.49389693,0.49389693
A,MA2_31874,MA2,31874,0,635,0,2018-01-30,2019-10-26,,,,,,0.49389693,0.49389687,0.49389693
A,MA2_32025,MA2,32025,0,364,0,2018-01-30,2019-01-28,,,,,,0.49389693,0.4938969,0.49389693
A,MA2_32190,MA2,32190,0,551,0,2018-01-30,2019-08-03,,,,,,0.49389693,0.49389693,0.49389693
A,MA2_32290,MA2,32290,0,671,0,2018-01-30,2019-12-01,,,,,,0.49389693,0.49389693,0.49389693
A,MA2_32450,MA2,32450,0,49,0,2018-01-30,2018-03-19,,,,,,0.49389693,0.4938969,0.49389693
A,MA2_32486,MA2,32486,0,468,0,2018-01-30,2019-05-12,,,,,,0.49389693,0.49389693,0.49389693
A,MA2_32564,MA2,32564,0,491,0,2018-01-30,2019-06-04,,,,,,0.49389693,0.49389693,0.49389693
A,MA2_32717,MA2,32717,0,391,0,2018-01-30,2019-02-24,,,,,,0.49389693,0.4938969,0.49389693
A,MA2_32730,MA2,32730,0,635,0,2018-01-30,2019-10-26,,,,,,0.49389693,0.49389687,0.49389693
A,MA2_32807,MA2,32807,0,384,0,2018-01-30,2019-02-17,,,,,,0.49389693,0.49389693,0.49389693
A,MA2_32813,MA2,32813,0,384,0,2018-01-30,2019-02-17,,,,,,0.49389693,0.49389693,0.49389693
A,MA2_32868,MA2,32868,0,168,0,2018-09-15,2019-03-01,,,,,,0.49389693,0.49389693,0.49389693
A,MA2_33002,MA2,33002,0,657,0,2018-01-30,2019-11-17,,,,,,0.49389693,0.49389696,0.49389693
A,MA2_3306,MA2,3306,0,660,0,2018-02-10,2019-12-01,,,,,,0.49389693,0.49389696,0.49389693
A,MA2_33294,MA2,33294,0,671,0,2018-01-30,2019-12-01,,,,,,0.49389693,0.49389693,0.49389693
A,MA2_33394,MA2,33394,0,671,0,2018-01-30,2019-12-01,,,,,,0.49389693,0.49389693,0.49389693
A,MA2_3368,MA2,3368,0,460,0,2018-01-30,2019-05-04,,,,,,0.49389693,0.49389696,0.49389693
A,MA2_33714,MA2,33714,0,671,0,2018-01-30,2019-12-01,,,,,,0.49389693,0.49389693,0.49389693
A,MA2_3374,MA2,3374,0,411,0,2018-01-30,2019-03-16,,,,,,0.49389693,0.49389693,0.49389693
A,MA2_33773,MA2,33773,0,635,0,2018-01-30,2019-10-26,,,,,,0.49389693,0.49389687,0.49389693
A,MA2_33850,MA2,33850,0,624,0,2018-01-30,2019-10-15,,,,,,0.49389693,0.49389687,0.49389693
A,MA2_34289,MA2,34289,0,671,0,2018-01-30,2019-12-01,,,,,,0.49389693,0.49389693,0.49389693
A,MA2_34356,MA2,34356,0,671,0,2018-01-30,2019-12-01,,,,,,0.49389693,0.49389693,0.49389693
A,MA2_34382,MA2,34382,0,307,0,2018-01-30,2018-12-02,,,,,,0.49389693,0.49389687,0.49389693
A,MA2_34465,MA2,34465,0,671,0,2018-01-30,2019-12-01,,,,,,0.49389693,0.49389693,0.49389693
A,MA2_34473,MA2,34473,0,671,0,2018-01-30,2019-12-01,,,,,,0.49389693,0.49389693,0.49389693
A,MA2_34591,MA2,34591,0,671,0,2018-01-30,2019-12-01,,,,,,0.49389693,0.49389693,0.49389693
A,MA2_34625,MA2,34625,0,567,0,2018-01-30,2019-08-19,,,,,,0.49389693,0.4938969,0.49389693
A,MA2_34657,MA2,34657,0,671,0,2018-01-30,2019-12-01,,,,,,0.49389693,0.49389693,0.49389693
A,MA2_34679,MA2,34679,0,635,0,2018-01-30,2019-10-26,,,,,,0.49389693,0.49389687,0.49389693
A,MA2_34808,MA2,34808,0,273,0,2018-01-30,2018-10-29,,,,,,0.49389693,0.49389693,0.49389693
A,MA2_35096,MA2,35096,0,671,0,2018-01-30,2019-12-01,,,,,,0.49389693,0.49389693,0.49389693
A,MA2_35172,MA2,35172,0,670,0,2018-01-31,2019-12-01,,,,,,0.49389693,0.49389693,0.49389693
A,MA2_35345,MA2,35345,0,336,0,2018-01-30,2018-12-31,,,,,,0.49389693,0.49389693,0.49389693
A,MA2_35670,MA2,35670,0,635,0,2018-01-30,2019-10-26,,,,,,0.49389693,0.49389687,0.49389693
A,MA2_35683,MA2,35683,0,635,0,2018-01-30,2019-10-26,,,,,,0.49389693,0.49389687,0.49389693
A,MA2_3569,MA2,3569,0,671,0,2018-01-30,2019-12-01,,,,,,0.49389693,0.49389693,0.49389693
A,MA2_35790,MA2,35790,0,510,0,2018-01-30,2019-06-23,,,,,,0.49389693,0.49389693,0.49389693
A,MA2_35892,MA2,35892,0,595,0,2018-01-30,2019-09-16,,,,,,0.49389693,0.4938969,0.49389693
A,MA2_35913,MA2,35913,0,671,0,2018-01-30,2019-12-01,,,,,,0.49389693,0.49389693,0.49389693
A,MA2_35975,MA2,35975,0,671,0,2018-01-30,2019-12-01,,,,,,0.49389693,0.49389693,0.49389693
A,MA2_36029,MA2,36029,0,236,0,2018-01-30,2018-09-22,,,,,,0.49389693,0.49389693,0.49389693
A,MA2_36362,MA2,36362,0,671,0,2018-01-30,2019-12-01,,,,,,0.49389693,0.49389693,0.49389693
A,MA2_36381,MA2,36381,0,323,0,2018-01-30,2018-12-18,,,,,,0.49389693,0.4938969,0.49389693
A,MA2_36697,MA2,36697,0,671,0,2018-01-30,2019-12-01,,,,,,0.49389693,0.49389693,0.49389693
A,MA2_3684,MA2,3684,0,655,0,2018-02-15,2019-12-01,,,,,,0.49389693,0.49389696,0.49389693
A,MA2_36895,MA2,36895,0,384,0,2018-01-30,2019-02-17,,,,,,0.49389693,0.49389693,0.49389693
A,MA2_36956,MA2,36956,0,671,0,2018-01-30,2019-12-01,,,,,,0.49389693,0.49389693,0.49389693
A,MA2_37043,MA2,37043,0,671,0,2018-01-30,2019-12-01,,,,,,0.49389693,0.49389693,0.49389693
A,MA2_3707,MA2,3707,0,671,0,2018-01-30,2019-12-01,,,,,,0.49389693,0.49389693,0.49389693
A,MA2_37169,MA2,37169,0,292,0,2018-01-30,2018-11-17,,,,,,0.49389693,0.4938969,0.49389693
A,MA2_37230,MA2,37230,0,535,0,2018-01-31,2019-07-19,,,,,,0.49389693,0.49389693,0.49389693
A,MA2_37251,MA2,37251,0,635,0,2018-01-30,2019-10-26,,,,,,0.49389693,0.49389687,0.49389693
A,MA2_37478,MA2,37478,0,671,0,2018-01-30,2019-12-01,,,,,,0.49389693,0.49389693,0.49389693
A,MA2_37653,MA2,37653,0,671,0,2018-01-30,2019-12-01,,,,,,0.49389693,0.49389693,0.49389693
A,MA2_37654,MA2,37654,0,671,0,2018-01-30,2019-12-01,,,,,,0.49389693,0.49389693,0.49389693
A,MA2_37904,MA2,37904,0,459,0,2018-01-30,2019-05-03,,,,,,0.49389693,0.49389696,0.49389693
A,MA2_37964,MA2,37964,0,671,0,2018-01-30,2019-12-01,,,,,,0.49389693,0.49389693,0.49389693
A,MA2_38070,MA2,38070,0,179,0,2018-01-30,2018-07-27,,,,,,0.49389693,0.4938969,0.49389693
A,MA2_38252,MA2,38252,0,671,0,2018-01-30,2019-12-01,,,,,,0.49389693,0.49389693,0.49389693
A,MA2_38428,MA2,38428,0,671,0,2018-01-30,2019-12-01,,,,,,0.49389693,0.49389693,0.49389693
A,MA2_38464,MA2,38464,0,312,0,2018-01-30,2018-12-07,,,,,,0.49389693,0.49389687,0.49389693
A,MA2_38466,MA2,38466,0,671,0,2018-01-30,2019-12-01,,,,,,0.49389693,0.49389693,0.49389693
A,MA2_38477,MA2,38477,0,671,0,2018-01-30,2019-12-01,,,,,,0.49389693,0.49389693,0.49389693
A,MA2_38670,MA2,38670,0,635,0,2018-01-30,2019-10-26,,,,,,0.49389693,0.49389687,0.49389693
A,MA2_38759,MA2,38759,0,544,0,2018-01-30,2019-07-27,,,,,,0.49389693,0.49389693,0.49389693
A,MA2_38817,MA2,38817,0,404,0,2018-01-30,2019-03-09,,,,,,0.49389693,0.49389693,0.49389693
A,MA2_38922,MA2,38922,0,634,0,2018-01-31,2019-10-26,,,,,,0.49389693,0.49389687,0.49389693
A,MA2_3894,MA2,3894,0,635,0,2018-01-30,2019-10-26,,,,,,0.49389693,0.49389687,0.49389693
A,MA2_39031,MA2,39031,0,1,0,2018-01-30,2018-01-30,,,,,,0.49389693,0.49389693,0.49389693
A,MA2_39084,MA2,39084,0,671,0,2018-01-30,2019-12-01,,,,,,0.49389693,0.49389693,0.49389693
A,MA2_39124,MA2,39124,0,459,0,2018-01-30,2019-05-03,,,,,,0.49389693,0.49389696,0.49389693
A,MA2_39682,MA2,39682,0,635,0,2018-01-30,2019-10-26,,,,,,0.49389693,0.49389687,0.49389693
A,MA2_39735,MA2,39735,0,671,0,2018-01-30,2019-12-01,,,,,,0.49389693,0.49389693,0.49389693
A,MA2_39773,MA2,39773,0,657,0,2018-01-30,2019-11-17,,,,,,0.49389693,0.49389696,0.49389693
A,MA2_39862,MA2,39862,0,671,0,2018-01-30,2019-12-01,,,,,,0.49389693,0.49389693,0.49389693
A,MA2_39890,MA2,39890,0,635,0,2018-01-30,2019-10-26,,,,,,0.49389693,0.49389687,0.49389693
A,MA2_39988,MA2,39988,0,638,0,2018-01-30,2019-10-29,,,,,,0.49389693,0.49389687,0.49389693
A,MA2_40004,MA2,40004,1,252,29,2018-01-30,2018-10-08,2018-09-09,2018-10-08,0.4938969314098358,0.4938969314098358,0.4938969314098358,0.49389693,0.49389693,0.49389693
A,MA2_40301,MA2,40301,0,671,0,2018-01-30,2019-12-01,,,,,,0.49389693,0.49389693,0.49389693
A,MA2_40317,MA2,40317,0,671,0,2018-01-30,2019-12-01,,,,,,0.49389693,0.49389693,0.49389693
A,MA2_40366,MA2,40366,0,671,0,2018-01-30,2019-12-01,,,,,,0.49389693,0.49389693,0.49389693
A,MA2_40378,MA2,40378,0,292,0,2018-01-30,2018-11-17,,,,,,0.49389693,0.4938969,0.49389693
A,MA2_40419,MA2,40419,0,641,0,2018-01-30,2019-11-01,,,,,,0.49389693,0.4938969,0.49389693
A,MA2_40685,MA2,40685,0,516,0,2018-01-30,2019-06-29,,,,,,0.49389693,0.49389696,0.49389693
A,MA2_40686,MA2,40686,0,308,0,2018-01-30,2018-12-03,,,,,,0.49389693,0.49389687,0.49389693
A,MA2_40811,MA2,40811,0,668,0,2018-01-30,2019-11-28,,,,,,0.49389693,0.49389693,0.49389693
A,MA2_40909,MA2,40909,0,280,0,2018-01-30,2018-11-05,,,,,,0.49389693,0.49389693,0.49389693
A,MA2_40929,MA2,40929,0,671,0,2018-01-30,2019-12-01,,,,,,0.49389693,0.49389693,0.49389693
A,MA2_41086,MA2,41086,0,671,0,2018-01-30,2019-12-01,,,,,,0.49389693,0.49389693,0.49389693
A,MA2_41176,MA2,41176,0,443,0,2018-09-15,2019-12-01,,,,,,0.49389693,0.4938969,0.49389693
A,MA2_41276,MA2,41276,0,671,0,2018-01-30,2019-12-01,,,,,,0.49389693,0.49389693,0.49389693
A,MA2_41366,MA2,41366,0,635,0,2018-01-30,2019-10-26,,,,,,0.49389693,0.49389687,0.49389693
A,MA2_4139,MA2,4139,0,635,0,2018-01-30,2019-10-26,,,,,,0.49389693,0.49389687,0.49389693
A,MA2_41705,MA2,41705,0,118,0,2018-01-30,2018-05-27,,,,,,0.49389693,0.4938969,0.49389693
A,MA2_41921,MA2,41921,0,671,0,2018-01-30,2019-12-01,,,,,,0.49389693,0.49389693,0.49389693
A,MA2_41947,MA2,41947,0,444,0,2018-09-14,2019-12-01,,,,,,0.49389693,0.4938969,0.49389693
A,MA2_41987,MA2,41987,0,671,0,2018-01-30,2019-12-01,,,,,,0.49389693,0.49389693,0.49389693
A,MA2_42053,MA2,42053,0,671,0,2018-01-30,2019-12-01,,,,,,0.49389693,0.49389693,0.49389693
A,MA2_42054,MA2,42054,0,645,0,2018-01-30,2019-11-05,,,,,,0.49389693,0.4938969,0.49389693
A,MA2_42194,MA2,42194,0,634,0,2018-01-30,2019-10-25,,,,,,0.49389693,0.49389687,0.49389693
A,MA2_42198,MA2,42198,0,634,0,2018-01-30,2019-10-25,,,,,,0.49389693,0.49389687,0.49389693
A,MA2_42430,MA2,42430,0,244,0,2018-11-10,2019-07-11,,,,,,0.49389693,0.49389693,0.49389693
A,MA2_42535,MA2,42535,0,621,0,2018-02-13,2019-10-26,,,,,,0.49389693,0.49389687,0.49389693
A,MA2_42674,MA2,42674,0,635,0,2018-01-30,2019-10-26,,,,,,0.49389693,0.49389687,0.49389693
A,MA2_42824,MA2,42824,0,671,0,2018-01-30,2019-12-01,,,,,,0.49389693,0.49389693,0.49389693
A,MA2_42829,MA2,42829,0,671,0,2018-01-30,2019-12-01,,,,,,0.49389693,0.49389693,0.49389693
A,MA2_43784,MA2,43784,0,671,0,2018-01-30,2019-12-01,,,,,,0.49389693,0.49389693,0.49389693
A,MA2_43916,MA2,43916,0,384,0,2018-01-30,2019-02-17,,,,,,0.49389693,0.49389693,0.49389693
A,MA2_44259,MA2,44259,0,671,0,2018-01-30,2019-12-01,,,,,,0.49389693,0.49389693,0.49389693
A,MA2_44617,MA2,44617,0,657,0,2018-01-30,2019-11-17,,,,,,0.49389693,0.49389696,0.49389693
A,MA2_44675,MA2,44675,0,671,0,2018-01-30,2019-12-01,,,,,,0.49389693,0.49389693,0.49389693
A,MA2_44848,MA2,44848,0,328,0,2018-01-30,2018-12-23,,,,,,0.49389693,0.49389696,0.49389693
A,MA2_44858,MA2,44858,0,671,0,2018-01-30,2019-12-01,,,,,,0.49389693,0.49389693,0.49389693
A,MA2_4488,MA2,4488,0,671,0,2018-01-30,2019-12-01,,,,,,0.49389693,0.49389693,0.49389693
A,MA2_45007,MA2,45007,0,671,0,2018-01-30,2019-12-01,,,,,,0.49389693,0.49389693,0.49389693
A,MA2_45232,MA2,45232,0,501,0,2018-01-30,2019-06-14,,,,,,0.49389693,0.4938969,0.49389693
A,MA2_45401,MA2,45401,0,635,0,2018-01-30,2019-10-26,,,,,,0.49389693,0.49389687,0.49389693
A,MA2_45431,MA2,45431,0,393,0,2018-01-30,2019-02-26,,,,,,0.49389693,0.49389696,0.49389693
A,MA2_45443,MA2,45443,0,390,0,2018-01-30,2019-02-23,,,,,,0.49389693,0.4938969,0.49389693
A,MA2_45543,MA2,45543,0,635,0,2018-01-30,2019-10-26,,,,,,0.49389693,0.49389687,0.49389693
A,MA2_4559,MA2,4559,0,671,0,2018-01-30,2019-12-01,,,,,,0.49389693,0.49389693,0.49389693
A,MA2_45608,MA2,45608,0,671,0,2018-01-30,2019-12-01,,,,,,0.49389693,0.49389693,0.49389693
A,MA2_45633,MA2,45633,0,634,0,2018-01-31,2019-10-26,,,,,,0.49389693,0.49389687,0.49389693
A,MA2_45666,MA2,45666,0,657,0,2018-01-30,2019-11-17,,,,,,0.49389693,0.49389696,0.49389693
A,MA2_45702,MA2,45702,0,671,0,2018-01-30,2019-12-01,,,,,,0.49389693,0.49389693,0.49389693
A,MA2_45718,MA2,45718,0,671,0,2018-01-30,2019-12-01,,,,,,0.49389693,0.49389693,0.49389693
A,MA2_45836,MA2,45836,0,444,0,2018-09-14,2019-12-01,,,,,,0.49389693,0.4938969,0.49389693
A,MA2_45879,MA2,45879,0,671,0,2018-01-30,2019-12-01,,,,,,0.49389693,0.49389693,0.49389693
A,MA2_45899,MA2,45899,0,671,0,2018-01-30,2019-12-01,,,,,,0.49389693,0.49389693,0.49389693
A,MA2_46105,MA2,46105,0,533,0,2018-01-30,2019-07-16,,,,,,0.49389693,0.49389693,0.49389693
A,MA2_46142,MA2,46142,0,458,0,2018-01-30,2019-05-02,,,,,,0.49389693,0.49389696,0.49389693
A,MA2_46208,MA2,46208,0,634,0,2018-01-30,2019-10-25,,,,,,0.49389693,0.49389687,0.49389693
A,MA2_4629,MA2,4629,0,671,0,2018-01-30,2019-12-01,,,,,,0.49389693,0.49389693,0.49389693
A,MA2_46342,MA2,46342,0,302,0,2018-01-30,2018-11-27,,,,,,0.49389693,0.4938969,0.49389693
A,MA2_46518,MA2,46518,0,635,0,2018-01-30,2019-10-26,,,,,,0.49389693,0.49389687,0.49389693
A,MA2_46706,MA2,46706,0,292,0,2018-01-30,2018-11-17,,,,,,0.49389693,0.4938969,0.49389693
A,MA2_46760,MA2,46760,0,671,0,2018-01-30,2019-12-01,,,,,,0.49389693,0.49389693,0.49389693
A,MA2_46800,MA2,46800,0,458,0,2018-01-30,2019-05-02,,,,,,0.49389693,0.49389696,0.49389693
A,MA2_46832,MA2,46832,0,671,0,2018-01-30,2019-12-01,,,,,,0.49389693,0.49389693,0.49389693
A,MA2_4698,MA2,4698,0,635,0,2018-01-30,2019-10-26,,,,,,0.49389693,0.49389687,0.49389693
A,MA2_47057,MA2,47057,0,671,0,2018-01-30,2019-12-01,,,,,,0.49389693,0.49389693,0.49389693
A,MA2_47070,MA2,47070,0,634,0,2018-01-31,2019-10-26,,,,,,0.49389693,0.49389687,0.49389693
A,MA2_47257,MA2,47257,0,671,0,2018-01-30,2019-12-01,,,,,,0.49389693,0.49389693,0.49389693
A,MA2_47331,MA2,47331,0,438,0,2018-01-30,2019-04-12,,,,,,0.49389693,0.4938969,0.49389693
A,MA2_47402,MA2,47402,0,460,0,2018-01-30,2019-05-04,,,,,,0.49389693,0.49389696,0.49389693
A,MA2_4747,MA2,4747,0,671,0,2018-01-30,2019-12-01,,,,,,0.49389693,0.49389693,0.49389693
A,MA2_47531,MA2,47531,0,249,0,2018-01-30,2018-10-05,,,,,,0.49389693,0.49389693,0.49389693
A,MA2_47754,MA2,47754,0,671,0,2018-01-30,2019-12-01,,,,,,0.49389693,0.49389693,0.49389693
A,MA2_47870,MA2,47870,0,671,0,2018-01-30,2019-12-01,,,,,,0.49389693,0.49389693,0.49389693
A,MA2_48096,MA2,48096,0,671,0,2018-01-30,2019-12-01,,,,,,0.49389693,0.49389693,0.49389693
A,MA2_48126,MA2,48126,0,671,0,2018-01-30,2019-12-01,,,,,,0.49389693,0.49389693,0.49389693
A,MA2_48267,MA2,48267,0,469,0,2018-01-30,2019-05-13,,,,,,0.49389693,0.49389693,0.49389693
A,MA2_48274,MA2,48274,0,469,0,2018-01-30,2019-05-13,,,,,,0.49389693,0.49389693,0.49389693
A,MA2_48327,MA2,48327,0,313,0,2018-01-30,2018-12-08,,,,,,0.49389693,0.49389687,0.49389693
A,MA2_48376,MA2,48376,0,635,0,2018-01-30,2019-10-26,,,,,,0.49389693,0.49389687,0.49389693
A,MA2_48578,MA2,48578,0,671,0,2018-01-30,2019-12-01,,,,,,0.49389693,0.49389693,0.49389693
A,MA2_48675,MA2,48675,0,398,0,2018-01-30,2019-03-03,,,,,,0.49389693,0.49389693,0.49389693
A,MA2_48789,MA2,48789,0,671,0,2018-01-30,2019-12-01,,,,,,0.49389693,0.49389693,0.49389693
A,MA2_49073,MA2,49073,0,634,0,2018-01-31,2019-10-26,,,,,,0.49389693,0.49389687,0.49389693
A,MA2_49118,MA2,49118,0,635,0,2018-01-30,2019-10-26,,,,,,0.49389693,0.49389687,0.49389693
A,MA2_49174,MA2,49174,0,670,0,2018-01-31,2019-12-01,,,,,,0.49389693,0.49389693,0.49389693
A,MA2_49275,MA2,49275,0,634,0,2018-01-30,2019-10-25,,,,,,0.49389693,0.49389687,0.49389693
A,MA2_4963,MA2,4963,0,181,0,2019-06-04,2019-12-01,,,,,,0.49389693,0.4938969,0.49389693
A,MA2_49630,MA2,49630,0,671,0,2018-01-30,2019-12-01,,,,,,0.49389693,0.49389693,0.49389693
A,MA2_49707,MA2,49707,0,671,0,2018-01-30,2019-12-01,,,,,,0.49389693,0.49389693,0.49389693
A,MA2_49745,MA2,49745,0,614,0,2018-03-28,2019-12-01,,,,,,0.49389693,0.49389687,0.49389693
A,MA2_49781,MA2,49781,0,635,0,2018-01-30,2019-10-26,,,,,,0.49389693,0.49389687,0.49389693
A,MA2_49805,MA2,49805,0,671,0,2018-01-30,2019-12-01,,,,,,0.49389693,0.49389693,0.49389693
A,MA2_49835,MA2,49835,0,635,0,2018-01-30,2019-10-26,,,,,,0.49389693,0.49389687,0.49389693
A,MA2_49939,MA2,49939,0,635,0,2018-01-30,2019-10-26,,,,,,0.49389693,0.49389687,0.49389693
A,MA2_49964,MA2,49964,0,634,0,2018-01-30,2019-10-25,,,,,,0.49389693,0.49389687,0.49389693
A,MA2_5011,MA2,5011,0,659,0,2018-01-30,2019-11-19,,,,,,0.49389693,0.49389696,0.49389693
A,MA2_50253,MA2,50253,0,671,0,2018-01-30,2019-12-01,,,,,,0.49389693,0.49389693,0.49389693
A,MA2_50519,MA2,50519,0,671,0,2018-01-30,2019-12-01,,,,,,0.49389693,0.49389693,0.49389693
A,MA2_50581,MA2,50581,0,635,0,2018-01-30,2019-10-26,,,,,,0.49389693,0.49389687,0.49389693
A,MA2_50715,MA2,50715,0,671,0,2018-01-30,2019-12-01,,,,,,0.49389693,0.49389693,0.49389693
A,MA2_510,MA2,510,0,468,0,2018-01-30,2019-05-12,,,,,,0.49389693,0.49389693,0.49389693
A,MA2_51150,MA2,51150,0,336,0,2018-01-30,2018-12-31,,,,,,0.49389693,0.49389693,0.49389693
A,MA2_51292,MA2,51292,0,671,0,2018-01-30,2019-12-01,,,,,,0.49389693,0.49389693,0.49389693
A,MA2_51336,MA2,51336,0,671,0,2018-01-30,2019-12-01,,,,,,0.49389693,0.49389693,0.49389693
A,MA2_51575,MA2,51575,0,671,0,2018-01-30,2019-12-01,,,,,,0.49389693,0.49389693,0.49389693
A,MA2_51669,MA2,51669,0,635,0,2018-01-30,2019-10-26,,,,,,0.49389693,0.49389687,0.49389693
A,MA2_51725,MA2,51725,0,671,0,2018-01-30,2019-12-01,,,,,,0.49389693,0.49389693,0.49389693
A,MA2_5174,MA2,5174,0,327,0,2018-01-30,2018-12-22,,,,,,0.49389693,0.4938969,0.49389693
A,MA2_51743,MA2,51743,0,671,0,2018-01-30,2019-12-01,,,,,,0.49389693,0.49389693,0.49389693
A,MA2_51978,MA2,51978,0,671,0,2018-01-30,2019-12-01,,,,,,0.49389693,0.49389693,0.49389693
A,MA2_52063,MA2,52063,0,458,0,2018-01-30,2019-05-02,,,,,,0.49389693,0.49389696,0.49389693
A,MA2_52066,MA2,52066,0,642,0,2018-01-30,2019-11-02,,,,,,0.49389693,0.4938969,0.49389693
A,MA2_52316,MA2,52316,0,657,0,2018-01-30,2019-11-17,,,,,,0.49389693,0.49389696,0.49389693
A,MA2_5238,MA2,5238,0,671,0,2018-01-30,2019-12-01,,,,,,0.49389693,0.49389693,0.49389693
A,MA2_52380,MA2,52380,0,635,0,2018-01-30,2019-10-26,,,,,,0.49389693,0.49389687,0.49389693
A,MA2_52396,MA2,52396,0,671,0,2018-01-30,2019-12-01,,,,,,0.49389693,0.49389693,0.49389693
A,MA2_52450,MA2,52450,0,671,0,2018-01-30,2019-12-01,,,,,,0.49389693,0.49389693,0.49389693
A,MA2_52488,MA2,52488,0,671,0,2018-01-30,2019-12-01,,,,,,0.49389693,0.49389693,0.49389693
A,MA2_52499,MA2,52499,0,671,0,2018-01-30,2019-12-01,,,,,,0.49389693,0.49389693,0.49389693
A,MA2_52556,MA2,52556,0,620,0,2018-01-30,2019-10-11,,,,,,0.49389693,0.49389687,0.49389693
A,MA2_52722,MA2,52722,0,597,0,2018-03-09,2019-10-26,,,,,,0.49389693,0.025646536,0.0
A,MA2_52792,MA2,52792,0,444,0,2018-09-14,2019-12-01,,,,,,0.49389693,0.4938969,0.49389693
A,MA2_52799,MA2,52799,0,372,0,2018-01-30,2019-02-05,,,,,,0.49389693,0.4938969,0.49389693
A,MA2_5290,MA2,5290,0,635,0,2018-01-30,2019-10-26,,,,,,0.49389693,0.49389687,0.49389693
A,MA2_52974,MA2,52974,0,671,0,2018-01-30,2019-12-01,,,,,,0.49389693,0.49389693,0.49389693
A,MA2_5298,MA2,5298,0,635,0,2018-01-30,2019-10-26,,,,,,0.49389693,0.49389687,0.49389693
A,MA2_53169,MA2,53169,0,657,0,2018-01-30,2019-11-17,,,,,,0.49389693,0.49389696,0.49389693
A,MA2_53321,MA2,53321,0,671,0,2018-01-30,2019-12-01,,,,,,0.49389693,0.49389693,0.49389693
A,MA2_53397,MA2,53397,0,364,0,2018-01-30,2019-01-28,,,,,,0.49389693,0.4938969,0.49389693
A,MA2_53425,MA2,53425,0,279,0,2018-01-30,2018-11-04,,,,,,0.49389693,0.49389693,0.49389693
A,MA2_5345,MA2,5345,0,635,0,2018-01-30,2019-10-26,,,,,,0.49389693,0.49389687,0.49389693
A,MA2_53569,MA2,53569,0,633,0,2018-01-30,2019-10-24,,,,,,0.49389693,0.49389687,0.49389693
A,MA2_53748,MA2,53748,0,671,0,2018-01-30,2019-12-01,,,,,,0.49389693,0.49389693,0.49389693
A,MA2_53853,MA2,53853,0,671,0,2018-01-30,2019-12-01,,,,,,0.49389693,0.49389693,0.49389693
A,MA2_53957,MA2,53957,0,434,0,2018-01-30,2019-04-08,,,,,,0.49389693,0.4938969,0.49389693
A,MA2_54083,MA2,54083,0,635,0,2018-01-30,2019-10-26,,,,,,0.49389693,0.49389687,0.49389693
A,MA2_54553,MA2,54553,0,635,0,2018-01-30,2019-10-26,,,,,,0.49389693,0.49389687,0.49389693
A,MA2_54620,MA2,54620,0,459,0,2018-01-30,2019-05-03,,,,,,0.49389693,0.49389696,0.49389693
A,MA2_54636,MA2,54636,0,671,0,2018-01-30,2019-12-01,,,,,,0.49389693,0.49389693,0.49389693
A,MA2_54709,MA2,54709,0,635,0,2018-01-30,2019-10-26,,,,,,0.49389693,0.49389687,0.49389693
A,MA2_54731,MA2,54731,0,620,0,2018-01-30,2019-10-11,,,,,,0.49389693,0.49389687,0.49389693
A,MA2_54798,MA2,54798,0,671,0,2018-01-30,2019-12-01,,,,,,0.49389693,0.49389693,0.49389693
A,MA2_54870,MA2,54870,0,671,0,2018-01-30,2019-12-01,,,,,,0.49389693,0.49389693,0.49389693
A,MA2_55026,MA2,55026,0,671,0,2018-01-30,2019-12-01,,,,,,0.49389693,0.49389693,0.49389693
A,MA2_55094,MA2,55094,0,58,0,2018-05-11,2018-07-07,,,,,,0.49389693,0.4938969,0.49389693
A,MA2_55190,MA2,55190,0,671,0,2018-01-30,2019-12-01,,,,,,0.49389693,0.49389693,0.49389693
A,MA2_55271,MA2,55271,0,671,0,2018-01-30,2019-12-01,,,,,,0.49389693,0.49389693,0.49389693
A,MA2_55443,MA2,55443,0,671,0,2018-01-30,2019-12-01,,,,,,0.49389693,0.49389693,0.49389693
A,MA2_55554,MA2,55554,0,307,0,2018-01-30,2018-12-02,,,,,,0.49389693,0.49389687,0.49389693
A,MA2_5576,MA2,5576,0,671,0,2018-01-30,2019-12-01,,,,,,0.49389693,0.49389693,0.49389693
A,MA2_55923,MA2,55923,0,635,0,2018-01-30,2019-10-26,,,,,,0.49389693,0.49389687,0.49389693
A,MA2_56065,MA2,56065,0,671,0,2018-01-30,2019-12-01,,,,,,0.49389693,0.49389693,0.49389693
A,MA2_56140,MA2,56140,0,671,0,2018-01-30,2019-12-01,,,,,,0.49389693,0.49389693,0.49389693
A,MA2_56315,MA2,56315,0,460,0,2018-01-30,2019-05-04,,,,,,0.49389693,0.49389696,0.49389693
A,MA2_56349,MA2,56349,0,308,0,2018-01-30,2018-12-03,,,,,,0.49389693,0.49389687,0.49389693
A,MA2_56350,MA2,56350,0,671,0,2018-01-30,2019-12-01,,,,,,0.49389693,0.49389693,0.49389693
A,MA2_56420,MA2,56420,0,283,0,2018-01-30,2018-11-08,,,,,,0.49389693,0.4938969,0.49389693
A,MA2_56824,MA2,56824,0,466,0,2018-01-30,2019-05-10,,,,,,0.49389693,0.49389693,0.49389693
A,MA2_56905,MA2,56905,0,384,0,2018-01-30,2019-02-17,,,,,,0.49389693,0.49389693,0.49389693
A,MA2_57245,MA2,57245,0,671,0,2018-01-30,2019-12-01,,,,,,0.49389693,0.49389693,0.49389693
A,MA2_57278,MA2,57278,0,635,0,2018-01-30,2019-10-26,,,,,,0.49389693,0.49389687,0.49389693
A,MA2_5730,MA2,5730,0,554,0,2018-01-30,2019-08-06,,,,,,0.49389693,0.49389693,0.49389693
A,MA2_57408,MA2,57408,0,671,0,2018-01-30,2019-12-01,,,,,,0.49389693,0.49389693,0.49389693
A,MA2_57456,MA2,57456,0,671,0,2018-01-30,2019-12-01,,,,,,0.49389693,0.49389693,0.49389693
A,MA2_57458,MA2,57458,0,671,0,2018-01-30,2019-12-01,,,,,,0.49389693,0.49389693,0.49389693
A,MA2_57560,MA2,57560,0,671,0,2018-01-30,2019-12-01,,,,,,0.49389693,0.49389693,0.49389693
A,MA2_57662,MA2,57662,0,671,0,2018-01-30,2019-12-01,,,,,,0.49389693,0.49389693,0.49389693
A,MA2_57795,MA2,57795,0,364,0,2018-01-30,2019-01-28,,,,,,0.49389693,0.4938969,0.49389693
A,MA2_58094,MA2,58094,0,399,0,2018-01-30,2019-03-04,,,,,,0.49389693,0.49389693,0.49389693
A,MA2_58204,MA2,58204,0,663,0,2018-01-30,2019-11-23,,,,,,0.49389693,0.49389693,0.49389693
A,MA2_59128,MA2,59128,0,634,0,2018-01-31,2019-10-26,,,,,,0.49389693,0.49389687,0.49389693
A,MA2_59136,MA2,59136,0,657,0,2018-01-30,2019-11-17,,,,,,0.49389693,0.49389696,0.49389693
A,MA2_59441,MA2,59441,0,671,0,2018-01-30,2019-12-01,,,,,,0.49389693,0.49389693,0.49389693
A,MA2_5951,MA2,5951,0,364,0,2018-01-30,2019-01-28,,,,,,0.49389693,0.4938969,0.49389693
A,MA2_59514,MA2,59514,0,457,0,2018-01-30,2019-05-01,,,,,,0.49389693,0.49389696,0.49389693
A,MA2_59526,MA2,59526,0,635,0,2018-01-30,2019-10-26,,,,,,0.49389693,0.49389687,0.49389693
A,MA2_59690,MA2,59690,0,327,0,2018-01-30,2018-12-22,,,,,,0.49389693,0.4938969,0.49389693
A,MA2_59823,MA2,59823,0,379,0,2018-01-30,2019-02-12,,,,,,0.49389693,0.4938969,0.49389693
A,MA2_60057,MA2,60057,0,670,0,2018-01-31,2019-12-01,,,,,,0.49389693,0.49389693,0.49389693
A,MA2_60148,MA2,60148,0,671,0,2018-01-30,2019-12-01,,,,,,0.49389693,0.49389693,0.49389693
A,MA2_60223,MA2,60223,0,671,0,2018-01-30,2019-12-01,,,,,,0.49389693,0.49389693,0.49389693
A,MA2_60225,MA2,60225,0,665,0,2018-01-30,2019-11-25,,,,,,0.49389693,0.49389693,0.49389693
A,MA2_60343,MA2,60343,0,671,0,2018-01-30,2019-12-01,,,,,,0.49389693,0.49389693,0.49389693
A,MA2_60398,MA2,60398,0,307,0,2018-01-30,2018-12-02,,,,,,0.49389693,0.49389687,0.49389693
A,MA2_6052,MA2,6052,0,361,0,2018-01-30,2019-01-25,,,,,,0.49389693,0.4938969,0.49389693
A,MA2_60549,MA2,60549,0,671,0,2018-01-30,2019-12-01,,,,,,0.49389693,0.49389693,0.49389693
A,MA2_60590,MA2,60590,0,671,0,2018-01-30,2019-12-01,,,,,,0.49389693,0.49389693,0.49389693
A,MA2_60621,MA2,60621,0,671,0,2018-01-30,2019-12-01,,,,,,0.49389693,0.49389693,0.49389693
A,MA2_60662,MA2,60662,0,671,0,2018-01-30,2019-12-01,,,,,,0.49389693,0.49389693,0.49389693
A,MA2_60667,MA2,60667,0,671,0,2018-01-30,2019-12-01,,,,,,0.49389693,0.49389693,0.49389693
A,MA2_6092,MA2,6092,0,671,0,2018-01-30,2019-12-01,,,,,,0.49389693,0.49389693,0.49389693
A,MA2_6095,MA2,6095,0,361,0,2018-01-30,2019-01-25,,,,,,0.49389693,0.4938969,0.49389693
A,MA2_61042,MA2,61042,0,659,0,2018-01-30,2019-11-19,,,,,,0.49389693,0.49389696,0.49389693
A,MA2_61088,MA2,61088,0,430,0,2018-01-30,2019-04-04,,,,,,0.49389693,0.4938969,0.49389693
A,MA2_61162,MA2,61162,0,537,0,2018-01-30,2019-07-20,,,,,,0.49389693,0.49389693,0.49389693
A,MA2_61168,MA2,61168,0,635,0,2018-01-30,2019-10-26,,,,,,0.49389693,0.49389687,0.49389693
A,MA2_61211,MA2,61211,0,643,0,2018-01-30,2019-11-03,,,,,,0.49389693,0.4938969,0.49389693
A,MA2_61217,MA2,61217,0,635,0,2018-01-30,2019-10-26,,,,,,0.49389693,0.49389687,0.49389693
A,MA2_61361,MA2,61361,0,671,0,2018-01-30,2019-12-01,,,,,,0.49389693,0.49389693,0.49389693
A,MA2_6138,MA2,6138,0,633,0,2018-01-31,2019-10-25,,,,,,0.49389693,0.49389687,0.49389693
A,MA2_61404,MA2,61404,0,671,0,2018-01-30,2019-12-01,,,,,,0.49389693,0.49389693,0.49389693
A,MA2_61715,MA2,61715,0,671,0,2018-01-30,2019-12-01,,,,,,0.49389693,0.49389693,0.49389693
A,MA2_6180,MA2,6180,0,671,0,2018-01-30,2019-12-01,,,,,,0.49389693,0.49389693,0.49389693
A,MA2_62118,MA2,62118,0,635,0,2018-01-30,2019-10-26,,,,,,0.49389693,0.49389687,0.49389693
A,MA2_62211,MA2,62211,0,277,0,2018-01-30,2018-11-02,,,,,,0.49389693,0.49389693,0.49389693
A,MA2_62310,MA2,62310,0,264,0,2018-01-30,2018-10-20,,,,,,0.49389693,0.49389696,0.49389693
A,MA2_62324,MA2,62324,0,671,0,2018-01-30,2019-12-01,,,,,,0.49389693,0.49389693,0.49389693
A,MA2_62358,MA2,62358,0,671,0,2018-01-30,2019-12-01,,,,,,0.49389693,0.49389693,0.49389693
A,MA2_62478,MA2,62478,0,621,0,2018-02-13,2019-10-26,,,,,,0.49389693,0.49389687,0.49389693
A,MA2_62596,MA2,62596,0,671,0,2018-01-30,2019-12-01,,,,,,0.49389693,0.49389693,0.49389693
A,MA2_62695,MA2,62695,0,671,0,2018-01-30,2019-12-01,,,,,,0.49389693,0.49389693,0.49389693
A,MA2_62708,MA2,62708,0,390,0,2018-11-07,2019-12-01,,,,,,0.49389693,0.4938969,0.49389693
A,MA2_62770,MA2,62770,0,671,0,2018-01-30,2019-12-01,,,,,,0.49389693,0.49389693,0.49389693
A,MA2_62844,MA2,62844,0,393,0,2018-01-30,2019-02-26,,,,,,0.49389693,0.49389696,0.49389693
A,MA2_62865,MA2,62865,0,635,0,2018-01-30,2019-10-26,,,,,,0.49389693,0.49389687,0.49389693
A,MA2_62975,MA2,62975,0,499,0,2018-01-30,2019-06-12,,,,,,0.49389693,0.4938969,0.49389693
A,MA2_63002,MA2,63002,0,671,0,2018-01-30,2019-12-01,,,,,,0.49389693,0.49389693,0.49389693
A,MA2_63010,MA2,63010,0,621,0,2018-02-13,2019-10-26,,,,,,0.49389693,0.49389687,0.49389693
A,MA2_63106,MA2,63106,0,635,0,2018-01-30,2019-10-26,,,,,,0.49389693,0.49389687,0.49389693
A,MA2_6323,MA2,6323,0,378,0,2018-01-30,2019-02-11,,,,,,0.49389693,0.4938969,0.49389693
A,MA2_63341,MA2,63341,0,635,0,2018-01-30,2019-10-26,,,,,,0.49389693,0.49389687,0.49389693
A,MA2_63439,MA2,63439,0,243,0,2018-01-30,2018-09-29,,,,,,0.49389693,0.49389693,0.49389693
A,MA2_63792,MA2,63792,0,460,0,2018-01-30,2019-05-04,,,,,,0.49389693,0.49389696,0.49389693
A,MA2_63876,MA2,63876,0,635,0,2018-01-30,2019-10-26,,,,,,0.49389693,0.49389687,0.49389693
A,MA2_6409,MA2,6409,0,671,0,2018-01-30,2019-12-01,,,,,,0.49389693,0.49389693,0.49389693
A,MA2_64166,MA2,64166,0,458,0,2018-01-30,2019-05-02,,,,,,0.49389693,0.49389696,0.49389693
A,MA2_6445,MA2,6445,0,671,0,2018-01-30,2019-12-01,,,,,,0.49389693,0.49389693,0.49389693
A,MA2_64541,MA2,64541,0,457,0,2018-01-30,2019-05-01,,,,,,0.49389693,0.49389696,0.49389693
A,MA2_64596,MA2,64596,0,671,0,2018-01-30,2019-12-01,,,,,,0.49389693,0.49389693,0.49389693
A,MA2_64678,MA2,64678,0,635,0,2018-01-30,2019-10-26,,,,,,0.49389693,0.49389687,0.49389693
A,MA2_64698,MA2,64698,0,671,0,2018-01-30,2019-12-01,,,,,,0.49389693,0.49389693,0.49389693
A,MA2_64804,MA2,64804,0,635,0,2018-01-30,2019-10-26,,,,,,0.49389693,0.49389687,0.49389693
A,MA2_65213,MA2,65213,0,671,0,2018-01-30,2019-12-01,,,,,,0.49389693,0.49389693,0.49389693
A,MA2_65257,MA2,65257,0,635,0,2018-01-30,2019-10-26,,,,,,0.49389693,0.49389687,0.49389693
A,MA2_65343,MA2,65343,0,671,0,2018-01-30,2019-12-01,,,,,,0.49389693,0.49389693,0.49389693
A,MA2_65412,MA2,65412,0,671,0,2018-01-30,2019-12-01,,,,,,0.49389693,0.49389693,0.49389693
A,MA2_65478,MA2,65478,0,547,0,2018-01-30,2019-07-30,,,,,,0.49389693,0.49389693,0.49389693
A,MA2_65565,MA2,65565,0,421,0,2018-09-01,2019-10-26,,,,,,0.49389693,0.49389693,0.49389693
A,MA2_65774,MA2,65774,0,671,0,2018-01-30,2019-12-01,,,,,,0.49389693,0.49389693,0.49389693
A,MA2_65795,MA2,65795,0,635,0,2018-01-30,2019-10-26,,,,,,0.49389693,0.49389687,0.49389693
A,MA2_6587,MA2,6587,0,327,0,2018-01-30,2018-12-22,,,,,,0.49389693,0.4938969,0.49389693
A,MA2_65979,MA2,65979,0,635,0,2018-01-30,2019-10-26,,,,,,0.49389693,0.49389687,0.49389693
A,MA2_65984,MA2,65984,0,635,0,2018-01-30,2019-10-26,,,,,,0.49389693,0.49389687,0.49389693
A,MA2_66156,MA2,66156,0,293,0,2018-01-30,2018-11-18,,,,,,0.49389693,0.4938969,0.49389693
A,MA2_66306,MA2,66306,0,459,0,2018-01-30,2019-05-03,,,,,,0.49389693,0.49389696,0.49389693
A,MA2_66434,MA2,66434,0,618,0,2018-01-30,2019-10-09,,,,,,0.49389693,0.49389687,0.49389693
A,MA2_6647,MA2,6647,0,307,0,2018-01-30,2018-12-02,,,,,,0.49389693,0.49389687,0.49389693
A,MA2_66483,MA2,66483,0,308,0,2018-01-30,2018-12-03,,,,,,0.49389693,0.49389687,0.49389693
A,MA2_6655,MA2,6655,1,391,5,2018-01-30,2019-02-24,2019-02-20,2019-02-24,0.4938969314098358,0.4938969314098358,0.4938969314098358,0.49389693,0.4938969,0.49389693
A,MA2_6679,MA2,6679,0,636,0,2018-01-30,2019-10-27,,,,,,0.49389693,0.49389687,0.49389693
A,MA2_66893,MA2,66893,0,635,0,2018-01-30,2019-10-26,,,,,,0.49389693,0.49389687,0.49389693
A,MA2_66936,MA2,66936,0,476,0,2018-01-30,2019-05-20,,,,,,0.49389693,0.49389693,0.49389693
A,MA2_66938,MA2,66938,0,476,0,2018-01-30,2019-05-20,,,,,,0.49389693,0.49389693,0.49389693
A,MA2_67142,MA2,67142,0,174,0,2018-01-30,2018-07-22,,,,,,0.49389693,0.49389693,0.49389693
A,MA2_67225,MA2,67225,0,312,0,2018-01-30,2018-12-07,,,,,,0.49389693,0.49389687,0.49389693
A,MA2_67264,MA2,67264,0,378,0,2018-01-30,2019-02-11,,,,,,0.49389693,0.4938969,0.49389693
A,MA2_67299,MA2,67299,0,635,0,2018-01-30,2019-10-26,,,,,,0.49389693,0.49389687,0.49389693
A,MA2_6734,MA2,6734,0,640,0,2018-01-30,2019-10-31,,,,,,0.49389693,0.4938969,0.49389693
A,MA2_67474,MA2,67474,0,671,0,2018-01-30,2019-12-01,,,,,,0.49389693,0.49389693,0.49389693
A,MA2_67593,MA2,67593,0,666,0,2018-01-30,2019-11-26,,,,,,0.49389693,0.49389693,0.49389693
A,MA2_67655,MA2,67655,0,635,0,2018-01-30,2019-10-26,,,,,,0.49389693,0.49389687,0.49389693
A,MA2_67831,MA2,67831,0,671,0,2018-01-30,2019-12-01,,,,,,0.49389693,0.49389693,0.49389693
A,MA2_68072,MA2,68072,0,671,0,2018-01-30,2019-12-01,,,,,,0.49389693,0.49389693,0.49389693
A,MA2_68099,MA2,68099,0,634,0,2018-01-31,2019-10-26,,,,,,0.49389693,0.49389687,0.49389693
A,MA2_68384,MA2,68384,0,671,0,2018-01-30,2019-12-01,,,,,,0.49389693,0.49389693,0.49389693
A,MA2_68385,MA2,68385,0,671,0,2018-01-30,2019-12-01,,,,,,0.49389693,0.49389693,0.49389693
A,MA2_68493,MA2,68493,0,659,0,2018-01-30,2019-11-19,,,,,,0.0,0.0,0.0
A,MA2_68525,MA2,68525,0,671,0,2018-01-30,2019-12-01,,,,,,0.49389693,0.49389693,0.49389693
A,MA2_69039,MA2,69039,0,671,0,2018-01-30,2019-12-01,,,,,,0.49389693,0.49389693,0.49389693
A,MA2_69189,MA2,69189,0,671,0,2018-01-30,2019-12-01,,,,,,0.49389693,0.49389693,0.49389693
A,MA2_69288,MA2,69288,0,671,0,2018-01-30,2019-12-01,,,,,,0.49389693,0.49389693,0.49389693
A,MA2_694,MA2,694,0,659,0,2018-01-30,2019-11-19,,,,,,0.49389693,0.49389696,0.49389693
A,MA2_69596,MA2,69596,0,671,0,2018-01-30,2019-12-01,,,,,,0.49389693,0.49389693,0.49389693
A,MA2_69599,MA2,69599,0,457,0,2018-01-30,2019-05-01,,,,,,0.49389693,0.49389696,0.49389693
A,MA2_69702,MA2,69702,0,384,0,2018-01-30,2019-02-17,,,,,,0.68982553,0.6820705,0.6748684
A,MA2_69954,MA2,69954,0,335,0,2018-01-30,2018-12-30,,,,,,0.49389693,0.49389693,0.49389693
A,MA2_70220,MA2,70220,0,193,0,2018-01-30,2018-08-10,,,,,,0.49389693,0.49389693,0.49389693
A,MA2_70255,MA2,70255,0,671,0,2018-01-30,2019-12-01,,,,,,0.49389693,0.49389693,0.49389693
A,MA2_70493,MA2,70493,0,671,0,2018-01-30,2019-12-01,,,,,,0.49389693,0.49389693,0.49389693
A,MA2_70571,MA2,70571,0,489,0,2018-01-30,2019-06-02,,,,,,0.49389693,0.49389693,0.49389693
A,MA2_71333,MA2,71333,0,202,0,2018-01-30,2018-08-19,,,,,,0.49389693,0.49389693,0.49389693
A,MA2_71463,MA2,71463,0,671,0,2018-01-30,2019-12-01,,,,,,0.49389693,0.49389693,0.49389693
A,MA2_72243,MA2,72243,0,671,0,2018-01-30,2019-12-01,,,,,,0.49389693,0.49389693,0.49389693
A,MA2_72335,MA2,72335,0,671,0,2018-01-30,2019-12-01,,,,,,0.49389693,0.49389693,0.49389693
A,MA2_7247,MA2,7247,0,671,0,2018-01-30,2019-12-01,,,,,,0.49389693,0.49389693,0.49389693
A,MA2_72485,MA2,72485,0,671,0,2018-01-30,2019-12-01,,,,,,0.49389693,0.49389693,0.49389693
A,MA2_72583,MA2,72583,0,456,0,2018-01-30,2019-04-30,,,,,,0.49389693,0.49389696,0.49389693
A,MA2_72607,MA2,72607,0,671,0,2018-01-30,2019-12-01,,,,,,0.49389693,0.49389693,0.49389693
A,MA2_73167,MA2,73167,0,671,0,2018-01-30,2019-12-01,,,,,,0.49389693,0.49389693,0.49389693
A,MA2_73301,MA2,73301,0,251,0,2018-01-30,2018-10-07,,,,,,0.49389693,0.49389693,0.49389693
A,MA2_73365,MA2,73365,0,671,0,2018-01-30,2019-12-01,,,,,,0.49389693,0.49389693,0.49389693
A,MA2_74109,MA2,74109,0,671,0,2018-01-30,2019-12-01,,,,,,0.49389693,0.49389693,0.49389693
A,MA2_74362,MA2,74362,0,671,0,2018-01-30,2019-12-01,,,,,,0.49389693,0.49389693,0.49389693
A,MA2_74402,MA2,74402,0,308,0,2018-01-30,2018-12-03,,,,,,0.49389693,0.49389687,0.49389693
A,MA2_7448,MA2,7448,0,378,0,2018-01-30,2019-02-11,,,,,,0.49389693,0.4938969,0.49389693
A,MA2_748,MA2,748,0,604,0,2018-01-30,2019-09-25,,,,,,0.49389693,0.4938969,0.49389693
A,MA2_75448,MA2,75448,0,671,0,2018-01-30,2019-12-01,,,,,,0.49389693,0.49389693,0.49389693
A,MA2_75485,MA2,75485,0,671,0,2018-01-30,2019-12-01,,,,,,0.49389693,0.49389693,0.49389693
A,MA2_75666,MA2,75666,0,671,0,2018-01-30,2019-12-01,,,,,,0.49389693,0.49389693,0.49389693
A,MA2_75708,MA2,75708,0,671,0,2018-01-30,2019-12-01,,,,,,0.49389693,0.49389693,0.49389693
A,MA2_75878,MA2,75878,0,635,0,2018-01-30,2019-10-26,,,,,,0.49389693,0.49389687,0.49389693
A,MA2_75892,MA2,75892,0,435,0,2018-01-30,2019-04-09,,,,,,0.49389693,0.4938969,0.49389693
A,MA2_7604,MA2,7604,0,671,0,2018-01-30,2019-12-01,,,,,,0.49389693,0.49389693,0.49389693
A,MA2_7605,MA2,7605,0,671,0,2018-01-30,2019-12-01,,,,,,0.49389693,0.49389693,0.49389693
A,MA2_76099,MA2,76099,0,520,0,2018-06-30,2019-12-01,,,,,,0.49389693,0.49389696,0.49389693
A,MA2_76119,MA2,76119,0,635,0,2018-01-30,2019-10-26,,,,,,0.49389693,0.49389687,0.49389693
A,MA2_76174,MA2,76174,0,671,0,2018-01-30,2019-12-01,,,,,,0.49389693,0.49389693,0.49389693
A,MA2_76266,MA2,76266,0,546,0,2018-01-30,2019-07-29,,,,,,0.49389693,0.49389693,0.49389693
A,MA2_76281,MA2,76281,0,671,0,2018-01-30,2019-12-01,,,,,,0.49389693,0.49389693,0.49389693
A,MA2_76308,MA2,76308,0,657,0,2018-01-30,2019-11-17,,,,,,0.49389693,0.49389696,0.49389693
A,MA2_7644,MA2,7644,0,419,0,2018-01-30,2019-03-24,,,,,,0.49389693,0.49389693,0.49389693
A,MA2_7645,MA2,7645,0,419,0,2018-01-30,2019-03-24,,,,,,0.49389693,0.49389693,0.49389693
A,MA2_76518,MA2,76518,0,459,0,2018-01-30,2019-05-03,,,,,,0.49389693,0.49389696,0.49389693
A,MA2_76983,MA2,76983,0,635,0,2018-01-30,2019-10-26,,,,,,0.49389693,0.49389687,0.49389693
A,MA2_77049,MA2,77049,0,671,0,2018-01-30,2019-12-01,,,,,,0.49389693,0.49389693,0.49389693
A,MA2_77116,MA2,77116,0,671,0,2018-01-30,2019-12-01,,,,,,0.49389693,0.49389693,0.49389693
A,MA2_77135,MA2,77135,0,398,0,2018-01-30,2019-03-03,,,,,,0.49389693,0.49389693,0.49389693
A,MA2_77173,MA2,77173,0,635,0,2018-01-30,2019-10-26,,,,,,0.49389693,0.49389687,0.49389693
A,MA2_77344,MA2,77344,0,200,0,2019-05-16,2019-12-01,,,,,,0.49389693,0.49389693,0.49389693
A,MA2_77384,MA2,77384,0,671,0,2018-01-30,2019-12-01,,,,,,0.49389693,0.49389693,0.49389693
A,MA2_77474,MA2,77474,0,671,0,2018-01-30,2019-12-01,,,,,,0.49389693,0.49389693,0.49389693
A,MA2_77526,MA2,77526,0,457,0,2018-01-30,2019-05-01,,,,,,0.49389693,0.49389696,0.49389693
A,MA2_77660,MA2,77660,0,659,0,2018-01-30,2019-11-19,,,,,,0.49389693,0.49389696,0.49389693
A,MA2_77695,MA2,77695,0,453,0,2018-01-30,2019-04-27,,,,,,0.49389693,0.49389693,0.49389693
A,MA2_77730,MA2,77730,0,336,0,2018-01-30,2018-12-31,,,,,,0.49389693,0.49389693,0.49389693
A,MA2_7781,MA2,7781,0,327,0,2018-01-30,2018-12-22,,,,,,0.49389693,0.4938969,0.49389693
A,MA2_77829,MA2,77829,0,657,0,2018-01-30,2019-11-17,,,,,,0.49389693,0.49389696,0.49389693
A,MA2_78311,MA2,78311,0,547,0,2018-01-30,2019-07-30,,,,,,0.49389693,0.49389693,0.49389693
A,MA2_78497,MA2,78497,0,457,0,2018-01-30,2019-05-01,,,,,,0.49389693,0.49389696,0.49389693
A,MA2_78506,MA2,78506,0,671,0,2018-01-30,2019-12-01,,,,,,0.49389693,0.49389693,0.49389693
A,MA2_78557,MA2,78557,0,635,0,2018-01-30,2019-10-26,,,,,,0.49389693,0.49389687,0.49389693
A,MA2_78576,MA2,78576,0,501,0,2018-01-30,2019-06-14,,,,,,0.49389693,0.4938969,0.49389693
A,MA2_78617,MA2,78617,0,671,0,2018-01-30,2019-12-01,,,,,,0.49389693,0.49389693,0.49389693
A,MA2_78625,MA2,78625,0,635,0,2018-01-30,2019-10-26,,,,,,0.49389693,0.49389687,0.49389693
A,MA2_78757,MA2,78757,0,170,0,2018-09-15,2019-03-03,,,,,,0.49389693,0.49389693,0.49389693
A,MA2_78779,MA2,78779,0,441,0,2018-01-30,2019-04-15,,,,,,0.49389693,0.4938969,0.49389693
A,MA2_79108,MA2,79108,0,635,0,2018-01-30,2019-10-26,,,,,,0.49389693,0.49389687,0.49389693
A,MA2_79159,MA2,79159,0,443,0,2018-01-30,2019-04-17,,,,,,0.49389693,0.4938969,0.49389693
A,MA2_79176,MA2,79176,0,671,0,2018-01-30,2019-12-01,,,,,,0.49389693,0.49389693,0.49389693
A,MA2_79224,MA2,79224,0,635,0,2018-01-30,2019-10-26,,,,,,0.49389693,0.49389687,0.49389693
A,MA2_79376,MA2,79376,0,460,0,2018-01-30,2019-05-04,,,,,,0.49389693,0.49389696,0.49389693
A,MA2_79474,MA2,79474,0,671,0,2018-01-30,2019-12-01,,,,,,0.49389693,0.49389693,0.49389693
A,MA2_79557,MA2,79557,0,251,0,2018-01-30,2018-10-07,,,,,,0.49389693,0.49389693,0.49389693
A,MA2_79563,MA2,79563,0,251,0,2018-01-30,2018-10-07,,,,,,0.49389693,0.49389693,0.49389693
A,MA2_79772,MA2,79772,0,520,0,2018-01-30,2019-07-03,,,,,,0.49389693,0.49389696,0.49389693
A,MA2_79864,MA2,79864,0,671,0,2018-01-30,2019-12-01,,,,,,0.49389693,0.49389693,0.49389693
A,MA2_79913,MA2,79913,0,327,0,2018-01-30,2018-12-22,,,,,,0.49389693,0.4938969,0.49389693
A,MA2_80112,MA2,80112,0,671,0,2018-01-30,2019-12-01,,,,,,0.49389693,0.49389693,0.49389693
A,MA2_80241,MA2,80241,0,671,0,2018-01-30,2019-12-01,,,,,,0.49389693,0.49389693,0.49389693
A,MA2_80243,MA2,80243,0,671,0,2018-01-30,2019-12-01,,,,,,0.49389693,0.49389693,0.49389693
A,MA2_80300,MA2,80300,0,671,0,2018-01-30,2019-12-01,,,,,,0.49389693,0.49389693,0.49389693
A,MA2_80366,MA2,80366,0,635,0,2018-01-30,2019-10-26,,,,,,0.49389693,0.49389687,0.49389693
A,MA2_80492,MA2,80492,0,253,0,2018-01-30,2018-10-09,,,,,,0.49389693,0.49389693,0.49389693
A,MA2_80586,MA2,80586,0,671,0,2018-01-30,2019-12-01,,,,,,0.49389693,0.49389693,0.49389693
A,MA2_80680,MA2,80680,0,671,0,2018-01-30,2019-12-01,,,,,,0.49389693,0.49389693,0.49389693
A,MA2_80729,MA2,80729,0,635,0,2018-01-30,2019-10-26,,,,,,0.49389693,0.49389687,0.49389693
A,MA2_80823,MA2,80823,0,601,0,2018-01-30,2019-09-22,,,,,,0.49389693,0.4938969,0.49389693
A,MA2_80907,MA2,80907,0,457,0,2018-01-30,2019-05-01,,,,,,0.49389693,0.49389696,0.49389693
A,MA2_80912,MA2,80912,0,657,0,2018-01-30,2019-11-17,,,,,,0.49389693,0.49389696,0.49389693
A,MA2_81441,MA2,81441,0,458,0,2018-01-30,2019-05-02,,,,,,0.49389693,0.49389696,0.49389693
A,MA2_81507,MA2,81507,0,664,0,2018-01-30,2019-11-24,,,,,,0.49389693,0.49389693,0.49389693
A,MA2_81551,MA2,81551,0,635,0,2018-01-30,2019-10-26,,,,,,0.49389693,0.49389687,0.49389693
A,MA2_81567,MA2,81567,0,671,0,2018-01-30,2019-12-01,,,,,,0.49389693,0.49389693,0.49389693
A,MA2_81585,MA2,81585,0,671,0,2018-01-30,2019-12-01,,,,,,0.49389693,0.49389693,0.49389693
A,MA2_8159,MA2,8159,0,418,0,2018-01-30,2019-03-23,,,,,,0.49389693,0.49389693,0.49389693
A,MA2_81592,MA2,81592,0,671,0,2018-01-30,2019-12-01,,,,,,0.49389693,0.49389693,0.49389693
A,MA2_81838,MA2,81838,0,327,0,2018-01-30,2018-12-22,,,,,,0.49389693,0.4938969,0.49389693
A,MA2_81911,MA2,81911,0,671,0,2018-01-30,2019-12-01,,,,,,0.49389693,0.49389693,0.49389693
A,MA2_81930,MA2,81930,0,671,0,2018-01-30,2019-12-01,,,,,,0.49389693,0.49389693,0.49389693
A,MA2_81932,MA2,81932,0,671,0,2018-01-30,2019-12-01,,,,,,0.49389693,0.49389693,0.49389693
A,MA2_81977,MA2,81977,0,635,0,2018-01-30,2019-10-26,,,,,,0.49389693,0.49389687,0.49389693
A,MA2_81987,MA2,81987,0,117,0,2018-01-30,2018-05-26,,,,,,0.49389693,0.4938969,0.49389693
A,MA2_82148,MA2,82148,0,363,0,2018-01-30,2019-01-27,,,,,,0.49389693,0.4938969,0.49389693
A,MA2_82218,MA2,82218,0,671,0,2018-01-30,2019-12-01,,,,,,0.49389693,0.49389693,0.49389693
A,MA2_82342,MA2,82342,0,669,0,2018-01-30,2019-11-29,,,,,,0.49389693,0.49389693,0.49389693
A,MA2_82698,MA2,82698,0,671,0,2018-01-30,2019-12-01,,,,,,0.49389693,0.49389693,0.49389693
A,MA2_82784,MA2,82784,0,671,0,2018-01-30,2019-12-01,,,,,,0.49389693,0.49389693,0.49389693
A,MA2_82833,MA2,82833,0,635,0,2018-01-30,2019-10-26,,,,,,0.49389693,0.49389687,0.49389693
A,MA2_82902,MA2,82902,0,657,0,2018-01-30,2019-11-17,,,,,,0.49389693,0.49389696,0.49389693
A,MA2_82906,MA2,82906,0,657,0,2018-01-30,2019-11-17,,,,,,0.49389693,0.49389696,0.49389693
A,MA2_82968,MA2,82968,0,671,0,2018-01-30,2019-12-01,,,,,,0.49389693,0.49389693,0.49389693
A,MA2_82977,MA2,82977,0,671,0,2018-01-30,2019-12-01,,,,,,0.49389693,0.49389693,0.49389693
A,MA2_83016,MA2,83016,0,671,0,2018-01-30,2019-12-01,,,,,,0.49389693,0.49389693,0.49389693
A,MA2_83057,MA2,83057,0,635,0,2018-01-30,2019-10-26,,,,,,0.49389693,0.49389687,0.49389693
A,MA2_8306,MA2,8306,0,671,0,2018-01-30,2019-12-01,,,,,,0.49389693,0.49389693,0.49389693
A,MA2_83148,MA2,83148,0,490,0,2018-01-30,2019-06-03,,,,,,0.49389693,0.49389693,0.49389693
A,MA2_83229,MA2,83229,0,657,0,2018-01-30,2019-11-17,,,,,,0.49389693,0.49389696,0.49389693
A,MA2_83479,MA2,83479,0,635,0,2018-01-30,2019-10-26,,,,,,0.49389693,0.49389687,0.49389693
A,MA2_83582,MA2,83582,0,635,0,2018-01-30,2019-10-26,,,,,,0.49389693,0.49389687,0.49389693
A,MA2_83921,MA2,83921,0,668,0,2018-01-30,2019-11-28,,,,,,0.49389693,0.49389693,0.49389693
A,MA2_8397,MA2,8397,0,671,0,2018-01-30,2019-12-01,,,,,,0.49389693,0.49389693,0.49389693
A,MA2_84118,MA2,84118,0,671,0,2018-01-30,2019-12-01,,,,,,0.49389693,0.49389693,0.49389693
A,MA2_84146,MA2,84146,0,433,0,2018-01-30,2019-04-07,,,,,,0.49389693,0.4938969,0.49389693
A,MA2_84246,MA2,84246,0,670,0,2018-01-31,2019-12-01,,,,,,0.49389693,0.49389693,0.49389693
A,MA2_84505,MA2,84505,0,434,0,2018-01-30,2019-04-08,,,,,,0.49389693,0.4938969,0.49389693
A,MA2_84558,MA2,84558,0,635,0,2018-01-30,2019-10-26,,,,,,0.49389693,0.49389687,0.49389693
A,MA2_84561,MA2,84561,0,635,0,2018-01-30,2019-10-26,,,,,,0.49389693,0.49389687,0.49389693
A,MA2_84613,MA2,84613,0,671,0,2018-01-30,2019-12-01,,,,,,0.49389693,0.49389693,0.49389693
A,MA2_84688,MA2,84688,0,501,0,2018-01-30,2019-06-14,,,,,,0.49389693,0.4938969,0.49389693
A,MA2_8515,MA2,8515,0,335,0,2018-01-30,2018-12-30,,,,,,0.49389693,0.49389693,0.49389693
A,MA2_85206,MA2,85206,0,671,0,2018-01-30,2019-12-01,,,,,,0.49389693,0.49389693,0.49389693
A,MA2_85462,MA2,85462,0,671,0,2018-01-30,2019-12-01,,,,,,0.49389693,0.49389693,0.49389693
A,MA2_85562,MA2,85562,0,302,0,2018-01-30,2018-11-27,,,,,,0.49389693,0.4938969,0.49389693
A,MA2_8562,MA2,8562,0,671,0,2018-01-30,2019-12-01,,,,,,0.49389693,0.49389693,0.49389693
A,MA2_85779,MA2,85779,0,635,0,2018-01-30,2019-10-26,,,,,,0.49389693,0.49389687,0.49389693
A,MA2_85952,MA2,85952,0,657,0,2018-01-30,2019-11-17,,,,,,0.49389693,0.49389696,0.49389693
A,MA2_86057,MA2,86057,0,453,0,2018-01-30,2019-04-27,,,,,,0.49389693,0.49389693,0.49389693
A,MA2_86142,MA2,86142,0,671,0,2018-01-30,2019-12-01,,,,,,0.49389693,0.49389693,0.49389693
A,MA2_86290,MA2,86290,0,457,0,2018-01-30,2019-05-01,,,,,,0.49389693,0.49389696,0.49389693
A,MA2_86367,MA2,86367,0,468,0,2018-01-30,2019-05-12,,,,,,0.49389693,0.49389693,0.49389693
A,MA2_86368,MA2,86368,0,468,0,2018-01-30,2019-05-12,,,,,,0.49389693,0.49389693,0.49389693
A,MA2_86520,MA2,86520,1,196,29,2018-01-30,2018-08-13,2018-07-15,2018-08-13,0.4938969314098358,0.4938969314098358,0.4938969314098358,0.49389693,0.4938969,0.49389693
A,MA2_86583,MA2,86583,0,671,0,2018-01-30,2019-12-01,,,,,,0.49389693,0.49389693,0.49389693
A,MA2_86853,MA2,86853,0,671,0,2018-01-30,2019-12-01,,,,,,0.49389693,0.49389693,0.49389693
A,MA2_86889,MA2,86889,0,635,0,2018-01-30,2019-10-26,,,,,,0.49389693,0.49389687,0.49389693
A,MA2_8701,MA2,8701,0,658,0,2018-01-31,2019-11-19,,,,,,0.49389693,0.49389696,0.49389693
A,MA2_87152,MA2,87152,0,671,0,2018-01-30,2019-12-01,,,,,,0.49389693,0.49389693,0.49389693
A,MA2_87174,MA2,87174,0,635,0,2018-01-30,2019-10-26,,,,,,0.49389693,0.49389687,0.49389693
A,MA2_8721,MA2,8721,0,671,0,2018-01-30,2019-12-01,,,,,,0.49389693,0.49389693,0.49389693
A,MA2_87237,MA2,87237,0,518,0,2018-01-30,2019-07-01,,,,,,0.49389693,0.49389696,0.49389693
A,MA2_8725,MA2,8725,0,671,0,2018-01-30,2019-12-01,,,,,,0.49389693,0.49389693,0.49389693
A,MA2_87294,MA2,87294,0,635,0,2018-01-30,2019-10-26,,,,,,0.49389693,0.49389687,0.49389693
A,MA2_87350,MA2,87350,0,671,0,2018-01-30,2019-12-01,,,,,,0.49389693,0.49389693,0.49389693
A,MA2_87380,MA2,87380,0,559,0,2018-01-30,2019-08-11,,,,,,0.49389693,0.49389693,0.49389693
A,MA2_87395,MA2,87395,0,407,0,2018-01-30,2019-03-12,,,,,,0.49389693,0.49389693,0.49389693
A,MA2_87604,MA2,87604,0,466,0,2018-01-30,2019-05-10,,,,,,0.49389693,0.49389693,0.49389693
A,MA2_87646,MA2,87646,0,467,0,2018-01-30,2019-05-11,,,,,,0.49389693,0.49389693,0.49389693
A,MA2_8794,MA2,8794,0,671,0,2018-01-30,2019-12-01,,,,,,0.49389693,0.49389693,0.49389693
A,MA2_88104,MA2,88104,0,277,0,2018-01-30,2018-11-02,,,,,,0.49389693,0.49389693,0.49389693
A,MA2_88180,MA2,88180,0,670,0,2018-01-31,2019-12-01,,,,,,0.49389693,0.49389693,0.49389693
A,MA2_88214,MA2,88214,0,671,0,2018-01-30,2019-12-01,,,,,,0.49389693,0.49389693,0.49389693
A,MA2_88345,MA2,88345,0,671,0,2018-01-30,2019-12-01,,,,,,0.49389693,0.49389693,0.49389693
A,MA2_88356,MA2,88356,0,671,0,2018-01-30,2019-12-01,,,,,,0.49389693,0.49389693,0.49389693
A,MA2_8847,MA2,8847,0,529,0,2018-01-30,2019-07-12,,,,,,0.49389693,0.49389693,0.49389693
A,MA2_88580,MA2,88580,0,312,0,2018-01-30,2018-12-07,,,,,,0.49389693,0.49389687,0.49389693
A,MA2_88870,MA2,88870,0,603,0,2018-01-30,2019-09-24,,,,,,0.49389693,0.4938969,0.49389693
A,MA2_88948,MA2,88948,0,457,0,2018-01-30,2019-05-01,,,,,,0.49389693,0.49389696,0.49389693
A,MA2_89113,MA2,89113,0,671,0,2018-01-30,2019-12-01,,,,,,0.49389693,0.49389693,0.49389693
A,MA2_89424,MA2,89424,0,635,0,2018-01-30,2019-10-26,,,,,,0.49389693,0.49389687,0.49389693
A,MA2_89498,MA2,89498,0,671,0,2018-01-30,2019-12-01,,,,,,0.49389693,0.49389693,0.49389693
A,MA2_89508,MA2,89508,0,595,0,2018-01-30,2019-09-16,,,,,,0.49389693,0.4938969,0.49389693
A,MA2_89557,MA2,89557,0,312,0,2018-01-30,2018-12-07,,,,,,0.49389693,0.49389687,0.49389693
A,MA2_89589,MA2,89589,0,671,0,2018-01-30,2019-12-01,,,,,,0.49389693,0.49389693,0.49389693
A,MA2_89622,MA2,89622,0,372,0,2018-01-30,2019-02-05,,,,,,0.49389693,0.4938969,0.49389693
A,MA2_89709,MA2,89709,0,416,0,2018-10-12,2019-12-01,,,,,,0.49389693,0.49389693,0.49389693
A,MA2_89730,MA2,89730,0,671,0,2018-01-30,2019-12-01,,,,,,0.49389693,0.49389693,0.49389693
A,MA2_89872,MA2,89872,0,671,0,2018-01-30,2019-12-01,,,,,,0.49389693,0.49389693,0.49389693
A,MA2_89951,MA2,89951,0,635,0,2018-01-30,2019-10-26,,,,,,0.49389693,0.49389687,0.49389693
A,MA2_90299,MA2,90299,0,671,0,2018-01-30,2019-12-01,,,,,,0.49389693,0.49389693,0.49389693
A,MA2_90459,MA2,90459,0,438,0,2018-01-30,2019-04-12,,,,,,0.49389693,0.4938969,0.49389693
A,MA2_90502,MA2,90502,0,631,0,2018-01-30,2019-10-22,,,,,,0.49389693,0.49389687,0.49389693
A,MA2_90530,MA2,90530,0,258,0,2018-01-30,2018-10-14,,,,,,0.49389693,0.49389696,0.49389693
A,MA2_90560,MA2,90560,0,468,0,2018-01-30,2019-05-12,,,,,,0.49389693,0.49389693,0.49389693
A,MA2_90605,MA2,90605,0,671,0,2018-01-30,2019-12-01,,,,,,0.49389693,0.49389693,0.49389693
A,MA2_90969,MA2,90969,0,671,0,2018-01-30,2019-12-01,,,,,,0.49389693,0.49389693,0.49389693
A,MA2_91153,MA2,91153,0,635,0,2018-01-30,2019-10-26,,,,,,0.49389693,0.49389687,0.49389693
A,MA2_91157,MA2,91157,0,635,0,2018-01-30,2019-10-26,,,,,,0.49389693,0.49389687,0.49389693
A,MA2_91165,MA2,91165,0,635,0,2018-01-30,2019-10-26,,,,,,0.49389693,0.49389687,0.49389693
A,MA2_91400,MA2,91400,0,371,0,2018-02-06,2019-02-11,,,,,,0.49389693,0.4938969,0.49389693
A,MA2_91412,MA2,91412,0,540,0,2018-01-30,2019-07-23,,,,,,0.49389693,0.49389693,0.49389693
A,MA2_9146,MA2,9146,0,671,0,2018-01-30,2019-12-01,,,,,,0.49389693,0.49389693,0.49389693
A,MA2_91530,MA2,91530,0,671,0,2018-01-30,2019-12-01,,,,,,0.49389693,0.49389693,0.49389693
A,MA2_91666,MA2,91666,0,671,0,2018-01-30,2019-12-01,,,,,,0.49389693,0.49389693,0.49389693
A,MA2_91723,MA2,91723,0,671,0,2018-01-30,2019-12-01,,,,,,0.49389693,0.49389693,0.49389693
A,MA2_91819,MA2,91819,0,635,0,2018-01-30,2019-10-26,,,,,,0.49389693,0.49389687,0.49389693
A,MA2_91872,MA2,91872,0,671,0,2018-01-30,2019-12-01,,,,,,0.49389693,0.49389693,0.49389693
A,MA2_91913,MA2,91913,0,671,0,2018-01-30,2019-12-01,,,,,,0.49389693,0.49389693,0.49389693
A,MA2_91931,MA2,91931,0,635,0,2018-01-30,2019-10-26,,,,,,0.49389693,0.49389687,0.49389693
A,MA2_92031,MA2,92031,0,620,0,2018-01-30,2019-10-11,,,,,,0.49389693,0.49389687,0.49389693
A,MA2_92131,MA2,92131,0,293,0,2018-01-30,2018-11-18,,,,,,0.49389693,0.4938969,0.49389693
A,MA2_92170,MA2,92170,0,671,0,2018-01-30,2019-12-01,,,,,,0.49389693,0.49389693,0.49389693
A,MA2_92370,MA2,92370,0,671,0,2018-01-30,2019-12-01,,,,,,0.49389693,0.49389693,0.49389693
A,MA2_92478,MA2,92478,0,671,0,2018-01-30,2019-12-01,,,,,,0.49389693,0.49389693,0.49389693
A,MA2_92708,MA2,92708,0,635,0,2018-01-30,2019-10-26,,,,,,0.49389693,0.49389687,0.49389693
A,MA2_92755,MA2,92755,0,357,0,2018-01-30,2019-01-21,,,,,,0.49389693,0.4938969,0.49389693
A,MA2_92972,MA2,92972,0,635,0,2018-01-30,2019-10-26,,,,,,0.49389693,0.49389687,0.49389693
A,MA2_93188,MA2,93188,0,327,0,2018-01-30,2018-12-22,,,,,,0.49389693,0.4938969,0.49389693
A,MA2_93361,MA2,93361,0,607,0,2018-01-30,2019-09-28,,,,,,0.49389693,0.49389687,0.49389693
A,MA2_93481,MA2,93481,0,671,0,2018-01-30,2019-12-01,,,,,,0.49389693,0.49389693,0.49389693
A,MA2_9383,MA2,9383,0,640,0,2018-01-30,2019-10-31,,,,,,0.49389693,0.4938969,0.49389693
A,MA2_94000,MA2,94000,0,671,0,2018-01-30,2019-12-01,,,,,,0.49389693,0.49389693,0.49389693
A,MA2_94041,MA2,94041,0,671,0,2018-01-30,2019-12-01,,,,,,0.49389693,0.49389693,0.49389693
A,MA2_94171,MA2,94171,0,631,0,2018-01-30,2019-10-22,,,,,,0.49389693,0.49389687,0.49389693
A,MA2_94174,MA2,94174,0,671,0,2018-01-30,2019-12-01,,,,,,0.49389693,0.49389693,0.49389693
A,MA2_94413,MA2,94413,0,659,0,2018-01-30,2019-11-19,,,,,,0.49389693,0.49389696,0.49389693
A,MA2_94614,MA2,94614,0,590,0,2018-01-30,2019-09-11,,,,,,0.49389693,0.4938969,0.49389693
A,MA2_94629,MA2,94629,0,633,0,2018-01-30,2019-10-24,,,,,,0.49389693,0.49389687,0.49389693
A,MA2_94640,MA2,94640,0,459,0,2018-01-30,2019-05-03,,,,,,0.49389693,0.49389696,0.49389693
A,MA2_94792,MA2,94792,0,634,0,2018-01-31,2019-10-26,,,,,,0.49389693,0.49389687,0.49389693
A,MA2_9482,MA2,9482,0,336,0,2018-01-30,2018-12-31,,,,,,0.49389693,0.49389693,0.49389693
A,MA2_95039,MA2,95039,0,671,0,2018-01-30,2019-12-01,,,,,,0.49389693,0.49389693,0.49389693
A,MA2_95130,MA2,95130,0,671,0,2018-01-30,2019-12-01,,,,,,0.49389693,0.49389693,0.49389693
A,MA2_95217,MA2,95217,0,671,0,2018-01-30,2019-12-01,,,,,,0.49389693,0.49389693,0.49389693
A,MA2_95676,MA2,95676,0,671,0,2018-01-30,2019-12-01,,,,,,0.49389693,0.49389693,0.49389693
A,MA2_9593,MA2,9593,0,671,0,2018-01-30,2019-12-01,,,,,,0.49389693,0.49389693,0.49389693
A,MA2_96055,MA2,96055,0,671,0,2018-01-30,2019-12-01,,,,,,0.49389693,0.49389693,0.49389693
A,MA2_96108,MA2,96108,0,635,0,2018-01-30,2019-10-26,,,,,,0.49389693,0.49389687,0.49389693
A,MA2_96153,MA2,96153,0,671,0,2018-01-30,2019-12-01,,,,,,0.49389693,0.49389693,0.49389693
A,MA2_96210,MA2,96210,0,659,0,2018-01-30,2019-11-19,,,,,,0.49389693,0.49389696,0.49389693
A,MA2_96329,MA2,96329,0,670,0,2018-01-31,2019-12-01,,,,,,0.49389693,0.49389693,0.49389693
A,MA2_96357,MA2,96357,0,327,0,2018-01-30,2018-12-22,,,,,,0.49389693,0.4938969,0.49389693
A,MA2_96453,MA2,96453,0,671,0,2018-01-30,2019-12-01,,,,,,0.49389693,0.49389693,0.49389693
A,MA2_96506,MA2,96506,0,586,0,2018-01-30,2019-09-07,,,,,,0.49389693,0.4938969,0.49389693
A,MA2_96581,MA2,96581,0,458,0,2018-01-30,2019-05-02,,,,,,0.49389693,0.49389696,0.49389693
A,MA2_96712,MA2,96712,0,671,0,2018-01-30,2019-12-01,,,,,,0.49389693,0.49389693,0.49389693
A,MA2_96772,MA2,96772,0,671,0,2018-01-30,2019-12-01,,,,,,0.49389693,0.49389693,0.49389693
A,MA2_96789,MA2,96789,0,559,0,2018-01-30,2019-08-11,,,,,,0.49389693,0.49389693,0.49389693
A,MA2_96877,MA2,96877,0,671,0,2018-01-30,2019-12-01,,,,,,0.49389693,0.49389693,0.49389693
A,MA2_96957,MA2,96957,0,657,0,2018-01-30,2019-11-17,,,,,,0.49389693,0.49389696,0.49389693
A,MA2_9719,MA2,9719,0,635,0,2018-01-30,2019-10-26,,,,,,0.49389693,0.49389687,0.49389693
A,MA2_97223,MA2,97223,0,663,0,2018-01-30,2019-11-23,,,,,,0.49389693,0.49389693,0.49389693
A,MA2_97352,MA2,97352,0,671,0,2018-01-30,2019-12-01,,,,,,0.49389693,0.49389693,0.49389693
A,MA2_97405,MA2,97405,0,376,0,2018-09-14,2019-09-24,,,,,,0.49389693,0.4938969,0.49389693
A,MA2_97510,MA2,97510,0,671,0,2018-01-30,2019-12-01,,,,,,0.49389693,0.49389693,0.49389693
A,MA2_97553,MA2,97553,0,671,0,2018-01-30,2019-12-01,,,,,,0.49389693,0.49389693,0.49389693
A,MA2_97557,MA2,97557,0,671,0,2018-01-30,2019-12-01,,,,,,0.49389693,0.49389693,0.49389693
A,MA2_98052,MA2,98052,0,670,0,2018-01-30,2019-11-30,,,,,,0.49389693,0.49389693,0.49389693
A,MA2_98156,MA2,98156,0,635,0,2018-01-30,2019-10-26,,,,,,0.49389693,0.49389687,0.49389693
A,MA2_98171,MA2,98171,0,635,0,2018-01-30,2019-10-26,,,,,,0.49389693,0.49389687,0.49389693
A,MA2_98375,MA2,98375,0,645,0,2018-01-30,2019-11-05,,,,,,0.49389693,0.4938969,0.49389693
A,MA2_98559,MA2,98559,0,460,0,2018-01-30,2019-05-04,,,,,,0.49389693,0.49389696,0.49389693
A,MA2_98626,MA2,98626,0,444,0,2018-09-14,2019-12-01,,,,,,0.49389693,0.4938969,0.49389693
A,MA2_98677,MA2,98677,0,258,0,2018-01-30,2018-10-14,,,,,,0.49389693,0.49389696,0.49389693
A,MA2_98692,MA2,98692,0,671,0,2018-01-30,2019-12-01,,,,,,0.49389693,0.49389693,0.49389693
A,MA2_98936,MA2,98936,0,645,0,2018-01-30,2019-11-05,,,,,,0.49389693,0.4938969,0.49389693
A,MA2_99179,MA2,99179,0,125,0,2018-01-30,2018-06-03,,,,,,0.49389693,0.4938969,0.49389693
A,MA2_99214,MA2,99214,0,302,0,2018-01-30,2018-11-27,,,,,,0.49389693,0.4938969,0.49389693
A,MA2_99363,MA2,99363,0,671,0,2018-01-30,2019-12-01,,,,,,0.49389693,0.49389693,0.49389693
A,MA2_9937,MA2,9937,0,671,0,2018-01-30,2019-12-01,,,,,,0.49389693,0.49389693,0.49389693
A,MA2_99388,MA2,99388,0,384,0,2018-01-30,2019-02-17,,,,,,0.49389693,0.49389693,0.49389693
A,MA2_997,MA2,997,0,671,0,2018-01-30,2019-12-01,,,,,,0.49389693,0.49389693,0.49389693
A,MA2_99835,MA2,99835,0,293,0,2018-01-30,2018-11-18,,,,,,0.49389693,0.4938969,0.49389693
B,MB1_10004,MB1,10004,0,670,0,2018-01-31,2019-12-01,,,,,,0.49315268,0.49315268,0.49315268
B,MB1_10021,MB1,10021,0,670,0,2018-01-31,2019-12-01,,,,,,0.49315268,0.49315268,0.49315268
B,MB1_10216,MB1,10216,0,670,0,2018-01-31,2019-12-01,,,,,,0.49315268,0.49315268,0.49315268
B,MB1_10274,MB1,10274,0,473,0,2018-08-16,2019-12-01,,,,,,0.49315268,0.49315265,0.49315268
B,MB1_10460,MB1,10460,0,670,0,2018-01-31,2019-12-01,,,,,,0.49315268,0.49315268,0.49315268
B,MB1_10481,MB1,10481,0,670,0,2018-01-31,2019-12-01,,,,,,0.49315268,0.49315268,0.49315268
B,MB1_10913,MB1,10913,0,257,0,2019-03-20,2019-12-01,,,,,,0.49315268,0.49315265,0.49315268
B,MB1_10949,MB1,10949,0,533,0,2018-01-31,2019-07-17,,,,,,0.49315268,0.49315268,0.49315268
B,MB1_1103,MB1,1103,0,670,0,2018-01-31,2019-12-01,,,,,,0.49315268,0.49315268,0.49315268
B,MB1_11248,MB1,11248,0,670,0,2018-01-31,2019-12-01,,,,,,0.49315268,0.49315268,0.49315268
B,MB1_11330,MB1,11330,0,247,0,2019-03-30,2019-12-01,,,,,,0.49315268,0.49315265,0.49315268
B,MB1_11404,MB1,11404,0,670,0,2018-01-31,2019-12-01,,,,,,0.49315268,0.49315268,0.49315268
B,MB1_11626,MB1,11626,0,527,0,2018-06-23,2019-12-01,,,,,,0.49315268,0.49315265,0.49315268
B,MB1_11758,MB1,11758,0,670,0,2018-01-31,2019-12-01,,,,,,0.49315268,0.49315268,0.49315268
B,MB1_11902,MB1,11902,0,670,0,2018-01-31,2019-12-01,,,,,,0.49315268,0.49315268,0.49315268
B,MB1_1197,MB1,1197,0,442,0,2018-09-16,2019-12-01,,,,,,0.49315268,0.49315268,0.49315268
B,MB1_12002,MB1,12002,0,670,0,2018-01-31,2019-12-01,,,,,,0.49315268,0.49315268,0.49315268
B,MB1_12181,MB1,12181,0,670,0,2018-01-31,2019-12-01,,,,,,0.49315268,0.49315268,0.49315268
B,MB1_12190,MB1,12190,0,374,0,2018-11-23,2019-12-01,,,,,,0.49315268,0.49315265,0.49315268
B,MB1_12203,MB1,12203,0,527,0,2018-06-23,2019-12-01,,,,,,0.49315268,0.49315265,0.49315268
B,MB1_12361,MB1,12361,0,670,0,2018-01-31,2019-12-01,,,,,,0.49315268,0.49315268,0.49315268
B,MB1_1249,MB1,1249,0,670,0,2018-01-31,2019-12-01,,,,,,0.49315268,0.49315268,0.49315268
B,MB1_12651,MB1,12651,0,670,0,2018-01-31,2019-12-01,,,,,,0.49315268,0.49315268,0.49315268
B,MB1_12817,MB1,12817,0,670,0,2018-01-31,2019-12-01,,,,,,0.49315268,0.49315268,0.49315268
B,MB1_12846,MB1,12846,0,670,0,2018-01-31,2019-12-01,,,,,,0.49315268,0.49315268,0.49315268
B,MB1_12856,MB1,12856,0,670,0,2018-01-31,2019-12-01,,,,,,0.49315268,0.49315268,0.49315268
B,MB1_12966,MB1,12966,1,210,29,2018-01-31,2018-08-28,2018-07-31,2018-08-28,0.4931526780128479,0.4931526780128479,0.4931526780128479,0.49315268,0.49315265,0.49315268
B,MB1_12976,MB1,12976,0,257,0,2019-03-20,2019-12-01,,,,,,0.49315268,0.49315265,0.49315268
B,MB1_13045,MB1,13045,0,670,0,2018-01-31,2019-12-01,,,,,,0.49315268,0.49315268,0.49315268
B,MB1_1307,MB1,1307,0,670,0,2018-01-31,2019-12-01,,,,,,0.49315268,0.49315268,0.49315268
B,MB1_13177,MB1,13177,0,433,0,2018-08-29,2019-11-04,,,,,,0.49315268,0.49315265,0.49315268
B,MB1_1332,MB1,1332,0,670,0,2018-01-31,2019-12-01,,,,,,0.49315268,0.49315268,0.49315268
B,MB1_1335,MB1,1335,0,444,0,2018-09-14,2019-12-01,,,,,,0.49315268,0.49315265,0.49315268
B,MB1_13454,MB1,13454,0,670,0,2018-01-31,2019-12-01,,,,,,0.49315268,0.49315268,0.49315268
B,MB1_1358,MB1,1358,0,670,0,2018-01-31,2019-12-01,,,,,,0.49315268,0.49315268,0.49315268
B,MB1_13609,MB1,13609,0,656,0,2018-02-14,2019-12-01,,,,,,0.49315268,0.49315268,0.49315268
B,MB1_13636,MB1,13636,0,670,0,2018-01-31,2019-12-01,,,,,,0.49315268,0.49315268,0.49315268
B,MB1_13705,MB1,13705,0,464,0,2018-08-25,2019-12-01,,,,,,0.49315268,0.49315265,0.49315268
B,MB1_1380,MB1,1380,0,670,0,2018-01-31,2019-12-01,,,,,,0.49315268,0.49315268,0.49315268
B,MB1_13807,MB1,13807,0,657,0,2018-01-31,2019-11-18,,,,,,0.49315268,0.49315265,0.49315268
B,MB1_14068,MB1,14068,0,670,0,2018-01-31,2019-12-01,,,,,,0.49315268,0.49315268,0.49315268
B,MB1_14135,MB1,14135,0,75,0,2018-01-31,2018-04-15,,,,,,0.49315268,0.49315268,0.49315268
B,MB1_14332,MB1,14332,0,670,0,2018-01-31,2019-12-01,,,,,,0.49315268,0.49315268,0.49315268
B,MB1_14360,MB1,14360,0,670,0,2018-01-31,2019-12-01,,,,,,0.49315268,0.49315268,0.49315268
B,MB1_14420,MB1,14420,0,670,0,2018-01-31,2019-12-01,,,,,,0.49315268,0.49315268,0.49315268
B,MB1_14435,MB1,14435,0,257,0,2019-03-20,2019-12-01,,,,,,0.49315268,0.49315265,0.49315268
B,MB1_1447,MB1,1447,0,670,0,2018-01-31,2019-12-01,,,,,,0.49315268,0.49315268,0.49315268
B,MB1_1448,MB1,1448,0,670,0,2018-01-31,2019-12-01,,,,,,0.49315268,0.49315268,0.49315268
B,MB1_14558,MB1,14558,0,670,0,2018-01-31,2019-12-01,,,,,,0.49315268,0.49315268,0.49315268
B,MB1_14628,MB1,14628,0,429,0,2018-09-29,2019-12-01,,,,,,0.49315268,0.49315268,0.49315268
B,MB1_14814,MB1,14814,0,670,0,2018-01-31,2019-12-01,,,,,,0.49315268,0.49315268,0.49315268
B,MB1_14841,MB1,14841,0,656,0,2018-01-31,2019-11-17,,,,,,0.49315268,0.49315268,0.49315268
B,MB1_14866,MB1,14866,0,656,0,2018-01-31,2019-11-17,,,,,,0.49315268,0.49315268,0.49315268
B,MB1_14882,MB1,14882,0,670,0,2018-01-31,2019-12-01,,,,,,0.49315268,0.49315268,0.49315268
B,MB1_15064,MB1,15064,0,669,0,2018-02-01,2019-12-01,,,,,,0.49315268,0.49315265,0.49315268
B,MB1_15190,MB1,15190,0,500,0,2018-07-20,2019-12-01,,,,,,0.49315268,0.49315265,0.49315268
B,MB1_15213,MB1,15213,0,670,0,2018-01-31,2019-12-01,,,,,,0.49315268,0.49315268,0.49315268
B,MB1_15242,MB1,15242,0,670,0,2018-01-31,2019-12-01,,,,,,0.49315268,0.49315268,0.49315268
B,MB1_15425,MB1,15425,0,670,0,2018-01-31,2019-12-01,,,,,,0.49315268,0.49315268,0.49315268
B,MB1_1558,MB1,1558,0,670,0,2018-01-31,2019-12-01,,,,,,0.49315268,0.49315268,0.49315268
B,MB1_15682,MB1,15682,0,670,0,2018-01-31,2019-12-01,,,,,,0.49315268,0.49315268,0.49315268
B,MB1_15703,MB1,15703,0,670,0,2018-01-31,2019-12-01,,,,,,0.49315268,0.49315268,0.49315268
B,MB1_15865,MB1,15865,0,355,0,2018-12-12,2019-12-01,,,,,,0.49315268,0.49315262,0.49315268
B,MB1_1625,MB1,1625,0,529,0,2018-06-21,2019-12-01,,,,,,0.49315268,0.49315265,0.49315268
B,MB1_16272,MB1,16272,0,494,0,2018-07-26,2019-12-01,,,,,,0.49315268,0.49315265,0.49315268
B,MB1_16396,MB1,16396,0,670,0,2018-01-31,2019-12-01,,,,,,0.49315268,0.49315268,0.49315268
B,MB1_16445,MB1,16445,0,670,0,2018-01-31,2019-12-01,,,,,,0.49315268,0.49315268,0.49315268
B,MB1_16450,MB1,16450,0,670,0,2018-01-31,2019-12-01,,,,,,0.49315268,0.49315268,0.49315268
B,MB1_1647,MB1,1647,0,529,0,2018-06-21,2019-12-01,,,,,,0.49315268,0.49315265,0.49315268
B,MB1_16627,MB1,16627,0,670,0,2018-01-31,2019-12-01,,,,,,0.49315268,0.49315268,0.49315268
B,MB1_16763,MB1,16763,0,670,0,2018-01-31,2019-12-01,,,,,,0.49315268,0.49315268,0.49315268
B,MB1_16807,MB1,16807,0,670,0,2018-01-31,2019-12-01,,,,,,0.49315268,0.49315268,0.49315268
B,MB1_16946,MB1,16946,0,670,0,2018-01-31,2019-12-01,,,,,,0.49315268,0.49315268,0.49315268
B,MB1_16971,MB1,16971,0,670,0,2018-01-31,2019-12-01,,,,,,0.49315268,0.49315268,0.49315268
B,MB1_16983,MB1,16983,0,670,0,2018-01-31,2019-12-01,,,,,,0.49315268,0.49315268,0.49315268
B,MB1_17134,MB1,17134,0,484,0,2018-08-05,2019-12-01,,,,,,0.49315268,0.49315265,0.49315268
B,MB1_17182,MB1,17182,0,670,0,2018-01-31,2019-12-01,,,,,,0.49315268,0.49315268,0.49315268
B,MB1_17295,MB1,17295,0,656,0,2018-01-31,2019-11-17,,,,,,0.49315268,0.49315268,0.49315268
B,MB1_17344,MB1,17344,0,670,0,2018-01-31,2019-12-01,,,,,,0.49315268,0.49315268,0.49315268
B,MB1_17367,MB1,17367,0,670,0,2018-01-31,2019-12-01,,,,,,0.49315268,0.49315268,0.49315268
B,MB1_17606,MB1,17606,0,145,0,2018-09-19,2019-02-10,,,,,,0.49315268,0.4931527,0.49315268
B,MB1_17614,MB1,17614,1,311,26,2018-01-31,2018-12-07,2018-11-08,2018-12-07,0.4931526780128479,0.4931526780128479,0.4931526780128479,0.49315268,0.49315268,0.49315268
B,MB1_17768,MB1,17768,0,670,0,2018-01-31,2019-12-01,,,,,,0.49315268,0.49315268,0.49315268
B,MB1_1778,MB1,1778,0,500,0,2018-07-20,2019-12-01,,,,,,0.49315268,0.49315265,0.49315268
B,MB1_17990,MB1,17990,0,670,0,2018-01-31,2019-12-01,,,,,,0.49315268,0.49315268,0.49315268
B,MB1_18139,MB1,18139,0,670,0,2018-01-31,2019-12-01,,,,,,0.49315268,0.49315268,0.49315268
B,MB1_18150,MB1,18150,0,167,0,2019-06-12,2019-11-25,,,,,,0.49315268,0.49315265,0.49315268
B,MB1_18304,MB1,18304,0,418,0,2018-10-10,2019-12-01,,,,,,0.49315268,0.49315268,0.49315268
B,MB1_18409,MB1,18409,0,670,0,2018-01-31,2019-12-01,,,,,,0.49315268,0.49315268,0.49315268
B,MB1_18410,MB1,18410,0,670,0,2018-01-31,2019-12-01,,,,,,0.49315268,0.49315268,0.49315268
B,MB1_18795,MB1,18795,0,670,0,2018-01-31,2019-12-01,,,,,,0.49315268,0.49315268,0.49315268
B,MB1_18850,MB1,18850,0,623,0,2018-01-31,2019-10-15,,,,,,0.49315268,0.4931527,0.49315268
B,MB1_18943,MB1,18943,0,670,0,2018-01-31,2019-12-01,,,,,,0.49315268,0.49315268,0.49315268
B,MB1_18957,MB1,18957,0,670,0,2018-01-31,2019-12-01,,,,,,0.49315268,0.49315268,0.49315268
B,MB1_18980,MB1,18980,0,670,0,2018-01-31,2019-12-01,,,,,,0.49315268,0.49315268,0.49315268
B,MB1_1906,MB1,1906,0,670,0,2018-01-31,2019-12-01,,,,,,0.49315268,0.49315268,0.49315268
B,MB1_1911,MB1,1911,0,401,0,2018-10-27,2019-12-01,,,,,,0.49315268,0.49315265,0.49315268
B,MB1_19260,MB1,19260,0,442,0,2018-09-16,2019-12-01,,,,,,0.49315268,0.49315268,0.49315268
B,MB1_19410,MB1,19410,0,670,0,2018-01-31,2019-12-01,,,,,,0.49315268,0.49315268,0.49315268
B,MB1_19640,MB1,19640,0,664,0,2018-01-31,2019-11-25,,,,,,0.49315268,0.49315268,0.49315268
B,MB1_19743,MB1,19743,1,519,29,2018-01-31,2019-07-03,2019-06-04,2019-07-03,0.4931526780128479,0.4931526780128479,0.4931526780128479,0.49315268,0.49315265,0.49315268
B,MB1_19907,MB1,19907,0,670,0,2018-01-31,2019-12-01,,,,,,0.49315268,0.49315268,0.49315268
B,MB1_20083,MB1,20083,0,509,0,2018-07-11,2019-12-01,,,,,,0.49315268,0.49315268,0.49315268
B,MB1_20138,MB1,20138,0,428,0,2018-09-16,2019-11-17,,,,,,0.49315268,0.49315265,0.49315268
B,MB1_20155,MB1,20155,0,670,0,2018-01-31,2019-12-01,,,,,,0.49315268,0.49315268,0.49315268
B,MB1_20178,MB1,20178,0,606,0,2018-01-31,2019-09-28,,,,,,0.49315268,0.49315268,0.49315268
B,MB1_20194,MB1,20194,0,670,0,2018-01-31,2019-12-01,,,,,,0.49315268,0.49315268,0.49315268
B,MB1_20233,MB1,20233,0,670,0,2018-01-31,2019-12-01,,,,,,0.49315268,0.49315268,0.49315268
B,MB1_20559,MB1,20559,0,670,0,2018-01-31,2019-12-01,,,,,,0.49315268,0.49315268,0.49315268
B,MB1_20565,MB1,20565,0,670,0,2018-01-31,2019-12-01,,,,,,0.49315268,0.49315268,0.49315268
B,MB1_20597,MB1,20597,0,670,0,2018-01-31,2019-12-01,,,,,,0.49315268,0.49315268,0.49315268
B,MB1_20627,MB1,20627,0,529,0,2018-06-21,2019-12-01,,,,,,0.49315268,0.49315265,0.49315268
B,MB1_20665,MB1,20665,0,257,0,2019-03-20,2019-12-01,,,,,,0.49315268,0.49315265,0.49315268
B,MB1_20808,MB1,20808,0,670,0,2018-01-31,2019-12-01,,,,,,0.49315268,0.49315268,0.49315268
B,MB1_20848,MB1,20848,0,670,0,2018-01-31,2019-12-01,,,,,,0.49315268,0.49315268,0.49315268
B,MB1_21305,MB1,21305,0,661,0,2018-01-31,2019-11-22,,,,,,0.49315268,0.4931527,0.49315268
B,MB1_21329,MB1,21329,0,670,0,2018-01-31,2019-12-01,,,,,,0.49315268,0.49315268,0.49315268
B,MB1_21362,MB1,21362,0,441,0,2018-09-17,2019-12-01,,,,,,0.49315268,0.49315265,0.49315268
B,MB1_21520,MB1,21520,0,499,0,2018-07-21,2019-12-01,,,,,,0.49315268,0.49315262,0.49315268
B,MB1_21575,MB1,21575,1,313,27,2018-01-31,2018-12-09,2018-11-13,2018-12-09,0.4931526780128479,0.4931526780128479,0.4931526780128479,0.49315268,0.49315265,0.49315268
B,MB1_21638,MB1,21638,0,670,0,2018-01-31,2019-12-01,,,,,,0.49315268,0.49315268,0.49315268
B,MB1_21648,MB1,21648,0,670,0,2018-01-31,2019-12-01,,,,,,0.49315268,0.49315268,0.49315268
B,MB1_21750,MB1,21750,0,670,0,2018-01-31,2019-12-01,,,,,,0.49315268,0.49315268,0.49315268
B,MB1_21759,MB1,21759,0,670,0,2018-01-31,2019-12-01,,,,,,0.49315268,0.49315268,0.49315268
B,MB1_21773,MB1,21773,0,670,0,2018-01-31,2019-12-01,,,,,,0.49315268,0.49315268,0.49315268
B,MB1_21781,MB1,21781,0,565,0,2018-05-02,2019-11-17,,,,,,0.49315268,0.4931527,0.49315268
B,MB1_21822,MB1,21822,0,442,0,2018-09-16,2019-12-01,,,,,,0.49315268,0.49315268,0.49315268
B,MB1_2192,MB1,2192,0,670,0,2018-01-31,2019-12-01,,,,,,0.49315268,0.49315268,0.49315268
B,MB1_21993,MB1,21993,0,482,0,2018-08-07,2019-12-01,,,,,,0.49315268,0.49315268,0.49315268
B,MB1_22086,MB1,22086,0,670,0,2018-01-31,2019-12-01,,,,,,0.49315268,0.49315268,0.49315268
B,MB1_22157,MB1,22157,0,670,0,2018-01-31,2019-12-01,,,,,,0.49315268,0.49315268,0.49315268
B,MB1_22175,MB1,22175,0,656,0,2018-01-31,2019-11-17,,,,,,0.49315268,0.49315268,0.49315268
B,MB1_22444,MB1,22444,0,656,0,2018-01-31,2019-11-17,,,,,,0.49315268,0.49315268,0.49315268
B,MB1_22514,MB1,22514,0,670,0,2018-01-31,2019-12-01,,,,,,0.49315268,0.49315268,0.49315268
B,MB1_22546,MB1,22546,0,670,0,2018-01-31,2019-12-01,,,,,,0.49315268,0.49315268,0.49315268
B,MB1_22621,MB1,22621,0,670,0,2018-01-31,2019-12-01,,,,,,0.49315268,0.49315268,0.49315268
B,MB1_22812,MB1,22812,0,670,0,2018-01-31,2019-12-01,,,,,,0.49315268,0.49315268,0.49315268
B,MB1_22827,MB1,22827,0,670,0,2018-01-31,2019-12-01,,,,,,0.49315268,0.49315268,0.49315268
B,MB1_22860,MB1,22860,1,113,30,2018-01-31,2018-05-23,2018-04-24,2018-05-23,0.4931526780128479,0.4931526780128479,0.4931526780128479,0.49315268,0.49315265,0.49315268
B,MB1_23015,MB1,23015,0,529,0,2018-06-21,2019-12-01,,,,,,0.49315268,0.49315265,0.49315268
B,MB1_23022,MB1,23022,0,467,0,2018-08-22,2019-12-01,,,,,,0.49315268,0.49315262,0.49315268
B,MB1_23158,MB1,23158,0,485,0,2018-08-04,2019-12-01,,,,,,0.49315268,0.49315268,0.49315268
B,MB1_23182,MB1,23182,0,670,0,2018-01-31,2019-12-01,,,,,,0.49315268,0.49315268,0.49315268
B,MB1_23256,MB1,23256,0,670,0,2018-01-31,2019-12-01,,,,,,0.49315268,0.49315268,0.49315268
B,MB1_2328,MB1,2328,0,670,0,2018-01-31,2019-12-01,,,,,,0.49315268,0.49315268,0.49315268
B,MB1_23325,MB1,23325,0,262,0,2019-03-15,2019-12-01,,,,,,0.49315268,0.49315265,0.49315268
B,MB1_23376,MB1,23376,0,670,0,2018-01-31,2019-12-01,,,,,,0.49315268,0.49315268,0.49315268
B,MB1_23483,MB1,23483,0,670,0,2018-01-31,2019-12-01,,,,,,0.49315268,0.49315268,0.49315268
B,MB1_23507,MB1,23507,0,670,0,2018-01-31,2019-12-01,,,,,,0.49315268,0.49315268,0.49315268
B,MB1_23537,MB1,23537,0,456,0,2018-09-02,2019-12-01,,,,,,0.49315268,0.49315265,0.49315268
B,MB1_23580,MB1,23580,0,494,0,2018-07-26,2019-12-01,,,,,,0.49315268,0.49315265,0.49315268
B,MB1_23599,MB1,23599,0,656,0,2018-01-31,2019-11-17,,,,,,0.49315268,0.49315268,0.49315268
B,MB1_2369,MB1,2369,0,656,0,2018-01-31,2019-11-17,,,,,,0.49315268,0.49315268,0.49315268
B,MB1_237,MB1,237,0,361,0,2018-12-06,2019-12-01,,,,,,0.49315268,0.49315265,0.49315268
B,MB1_23790,MB1,23790,0,670,0,2018-01-31,2019-12-01,,,,,,0.49315268,0.49315268,0.49315268
B,MB1_23826,MB1,23826,0,670,0,2018-01-31,2019-12-01,,,,,,0.49315268,0.49315268,0.49315268
B,MB1_24070,MB1,24070,0,442,0,2018-09-16,2019-12-01,,,,,,0.49315268,0.49315268,0.49315268
B,MB1_24075,MB1,24075,0,442,0,2018-09-16,2019-12-01,,,,,,0.49315268,0.49315268,0.49315268
B,MB1_24105,MB1,24105,1,205,17,2018-01-31,2018-08-23,2018-08-07,2018-08-23,0.4931526780128479,0.4931526780128479,0.4931526780128479,0.49315268,0.49315268,0.49315268
B,MB1_24112,MB1,24112,0,463,0,2018-08-26,2019-12-01,,,,,,0.49315268,0.49315265,0.49315268
B,MB1_24244,MB1,24244,0,670,0,2018-01-31,2019-12-01,,,,,,0.49315268,0.49315268,0.49315268
B,MB1_24380,MB1,24380,0,670,0,2018-01-31,2019-12-01,,,,,,0.49315268,0.49315268,0.49315268
B,MB1_24394,MB1,24394,0,20,0,2019-11-12,2019-12-01,,,,,,0.49315268,0.49315268,0.49315268
B,MB1_2450,MB1,2450,0,428,0,2018-09-30,2019-12-01,,,,,,0.49315268,0.49315265,0.49315268
B,MB1_24503,MB1,24503,1,361,30,2018-01-31,2019-01-26,2018-12-28,2019-01-26,0.4931526780128479,0.4931526780128479,0.4931526780128479,0.49315268,0.49315265,0.49315268
B,MB1_24578,MB1,24578,0,670,0,2018-01-31,2019-12-01,,,,,,0.49315268,0.49315268,0.49315268
B,MB1_24641,MB1,24641,0,670,0,2018-01-31,2019-12-01,,,,,,0.49315268,0.49315268,0.49315268
B,MB1_24642,MB1,24642,0,670,0,2018-01-31,2019-12-01,,,,,,0.49315268,0.49315268,0.49315268
B,MB1_24647,MB1,24647,0,670,0,2018-01-31,2019-12-01,,,,,,0.49315268,0.49315268,0.49315268
B,MB1_24724,MB1,24724,0,670,0,2018-01-31,2019-12-01,,,,,,0.49315268,0.49315268,0.49315268
B,MB1_24735,MB1,24735,0,76,0,2019-09-17,2019-12-01,,,,,,0.49315268,0.49315268,0.49315268
B,MB1_24886,MB1,24886,0,670,0,2018-01-31,2019-12-01,,,,,,0.49315268,0.49315268,0.49315268
B,MB1_24941,MB1,24941,0,670,0,2018-01-31,2019-12-01,,,,,,0.49315268,0.49315268,0.49315268
B,MB1_25136,MB1,25136,0,670,0,2018-01-31,2019-12-01,,,,,,0.49315268,0.49315268,0.49315268
B,MB1_25310,MB1,25310,0,670,0,2018-01-31,2019-12-01,,,,,,0.49315268,0.49315268,0.49315268
B,MB1_25405,MB1,25405,0,670,0,2018-01-31,2019-12-01,,,,,,0.49315268,0.49315268,0.49315268
B,MB1_25662,MB1,25662,0,499,0,2018-07-21,2019-12-01,,,,,,0.49315268,0.49315262,0.49315268
B,MB1_2594,MB1,2594,0,670,0,2018-01-31,2019-12-01,,,,,,0.49315268,0.49315268,0.49315268
B,MB1_2632,MB1,2632,0,670,0,2018-01-31,2019-12-01,,,,,,0.49315268,0.49315268,0.49315268
B,MB1_2634,MB1,2634,0,108,0,2019-08-16,2019-12-01,,,,,,0.49315268,0.49315265,0.49315268
B,MB1_26356,MB1,26356,0,670,0,2018-01-31,2019-12-01,,,,,,0.49315268,0.49315268,0.49315268
B,MB1_26367,MB1,26367,0,670,0,2018-01-31,2019-12-01,,,,,,0.49315268,0.49315268,0.49315268
B,MB1_26640,MB1,26640,0,428,0,2018-09-30,2019-12-01,,,,,,0.49315268,0.49315265,0.49315268
B,MB1_26835,MB1,26835,0,670,0,2018-01-31,2019-12-01,,,,,,0.49315268,0.49315268,0.49315268
B,MB1_26948,MB1,26948,0,587,0,2018-01-31,2019-09-09,,,,,,0.49315268,0.49315262,0.49315268
B,MB1_26951,MB1,26951,0,670,0,2018-01-31,2019-12-01,,,,,,0.49315268,0.49315268,0.49315268
B,MB1_27029,MB1,27029,0,375,0,2018-11-22,2019-12-01,,,,,,0.49315268,0.49315268,0.49315268
B,MB1_2746,MB1,2746,0,670,0,2018-01-31,2019-12-01,,,,,,0.49315268,0.49315268,0.49315268
B,MB1_2749,MB1,2749,0,670,0,2018-01-31,2019-12-01,,,,,,0.49315268,0.49315268,0.49315268
B,MB1_27552,MB1,27552,0,527,0,2018-06-23,2019-12-01,,,,,,0.49315268,0.49315265,0.49315268
B,MB1_27577,MB1,27577,1,693,25,2018-01-31,2019-12-24,2019-11-25,2019-12-24,0.4931526780128479,0.4931526780128479,0.4931526780128479,0.49315268,0.4931527,0.49315268
B,MB1_27678,MB1,27678,0,670,0,2018-01-31,2019-12-01,,,,,,0.49315268,0.49315268,0.49315268
B,MB1_27747,MB1,27747,0,670,0,2018-01-31,2019-12-01,,,,,,0.49315268,0.49315268,0.49315268
B,MB1_27795,MB1,27795,0,670,0,2018-01-31,2019-12-01,,,,,,0.49315268,0.49315268,0.49315268
B,MB1_27969,MB1,27969,0,670,0,2018-01-31,2019-12-01,,,,,,0.49315268,0.49315268,0.49315268
B,MB1_27971,MB1,27971,0,485,0,2018-08-04,2019-12-01,,,,,,0.49315268,0.49315268,0.49315268
B,MB1_28013,MB1,28013,0,110,0,2019-08-14,2019-12-01,,,,,,0.49315268,0.49315265,0.49315268
B,MB1_28553,MB1,28553,0,22,0,2019-11-10,2019-12-01,,,,,,0.49315268,0.49315265,0.49315268
B,MB1_28641,MB1,28641,0,587,0,2018-04-24,2019-12-01,,,,,,0.49315268,0.49315262,0.49315268
B,MB1_28711,MB1,28711,0,670,0,2018-01-31,2019-12-01,,,,,,0.49315268,0.49315268,0.49315268
B,MB1_28753,MB1,28753,0,670,0,2018-01-31,2019-12-01,,,,,,0.49315268,0.49315268,0.49315268
B,MB1_28772,MB1,28772,0,670,0,2018-01-31,2019-12-01,,,,,,0.49315268,0.49315268,0.49315268
B,MB1_29110,MB1,29110,0,670,0,2018-01-31,2019-12-01,,,,,,0.49315268,0.49315268,0.49315268
B,MB1_29213,MB1,29213,0,421,0,2018-10-07,2019-12-01,,,,,,0.49315268,0.49315268,0.49315268
B,MB1_29272,MB1,29272,0,670,0,2018-01-31,2019-12-01,,,,,,0.49315268,0.49315268,0.49315268
B,MB1_29388,MB1,29388,0,670,0,2018-01-31,2019-12-01,,,,,,0.49315268,0.49315268,0.49315268
B,MB1_29610,MB1,29610,0,670,0,2018-01-31,2019-12-01,,,,,,0.49315268,0.49315268,0.49315268
B,MB1_2973,MB1,2973,0,452,0,2018-09-06,2019-12-01,,,,,,0.49315268,0.49315265,0.49315268
B,MB1_29796,MB1,29796,0,670,0,2018-01-31,2019-12-01,,,,,,0.49315268,0.49315268,0.49315268
B,MB1_29808,MB1,29808,0,670,0,2018-01-31,2019-12-01,,,,,,0.49315268,0.49315268,0.49315268
B,MB1_30028,MB1,30028,0,442,0,2018-09-16,2019-12-01,,,,,,0.49315268,0.49315268,0.49315268
B,MB1_30134,MB1,30134,0,649,0,2018-02-21,2019-12-01,,,,,,0.49315268,0.49315268,0.49315268
B,MB1_302,MB1,302,0,670,0,2018-01-31,2019-12-01,,,,,,0.49315268,0.49315268,0.49315268
B,MB1_3020,MB1,3020,0,670,0,2018-01-31,2019-12-01,,,,,,0.49315268,0.49315268,0.49315268
B,MB1_3027,MB1,3027,0,670,0,2018-01-31,2019-12-01,,,,,,0.49315268,0.49315268,0.49315268
B,MB1_30301,MB1,30301,0,527,0,2018-06-23,2019-12-01,,,,,,0.49315268,0.49315265,0.49315268
B,MB1_30531,MB1,30531,0,670,0,2018-01-31,2019-12-01,,,,,,0.49315268,0.49315268,0.49315268
B,MB1_30539,MB1,30539,0,670,0,2018-01-31,2019-12-01,,,,,,0.49315268,0.49315268,0.49315268
B,MB1_30542,MB1,30542,0,670,0,2018-01-31,2019-12-01,,,,,,0.49315268,0.49315268,0.49315268
B,MB1_30629,MB1,30629,0,79,0,2019-09-14,2019-12-01,,,,,,0.49315268,0.49315268,0.49315268
B,MB1_30673,MB1,30673,0,670,0,2018-01-31,2019-12-01,,,,,,0.49315268,0.49315268,0.49315268
B,MB1_30848,MB1,30848,1,189,30,2018-01-31,2018-08-07,2018-07-09,2018-08-07,0.4931526780128479,0.4931526780128479,0.4931526780128479,0.49315268,0.49315268,0.49315268
B,MB1_30864,MB1,30864,0,670,0,2018-01-31,2019-12-01,,,,,,0.49315268,0.49315268,0.49315268
B,MB1_30946,MB1,30946,0,296,0,2019-02-09,2019-12-01,,,,,,0.49315268,0.49315268,0.49315268
B,MB1_31021,MB1,31021,0,529,0,2018-06-21,2019-12-01,,,,,,0.49315268,0.49315265,0.49315268
B,MB1_31045,MB1,31045,0,670,0,2018-01-31,2019-12-01,,,,,,0.49315268,0.49315268,0.49315268
B,MB1_31124,MB1,31124,0,668,0,2018-01-31,2019-11-29,,,,,,0.49315268,0.49315265,0.49315268
B,MB1_31216,MB1,31216,0,529,0,2018-06-21,2019-12-01,,,,,,0.49315268,0.49315265,0.49315268
B,MB1_31282,MB1,31282,0,670,0,2018-01-31,2019-12-01,,,,,,0.49315268,0.49315268,0.49315268
B,MB1_3133,MB1,3133,0,247,0,2019-03-30,2019-12-01,,,,,,0.49315268,0.49315265,0.49315268
B,MB1_31371,MB1,31371,0,579,0,2018-05-02,2019-12-01,,,,,,0.49315268,0.49315268,0.49315268
B,MB1_31773,MB1,31773,0,494,0,2018-07-26,2019-12-01,,,,,,0.49315268,0.49315265,0.49315268
B,MB1_31791,MB1,31791,0,670,0,2018-01-31,2019-12-01,,,,,,0.49315268,0.49315268,0.49315268
B,MB1_31865,MB1,31865,0,670,0,2018-01-31,2019-12-01,,,,,,0.49315268,0.49315268,0.49315268
B,MB1_31947,MB1,31947,0,670,0,2018-01-31,2019-12-01,,,,,,0.49315268,0.49315268,0.49315268
B,MB1_31993,MB1,31993,0,513,0,2018-06-23,2019-11-17,,,,,,0.49315268,0.49315265,0.49315268
B,MB1_32017,MB1,32017,0,670,0,2018-01-31,2019-12-01,,,,,,0.49315268,0.49315268,0.49315268
B,MB1_32044,MB1,32044,0,670,0,2018-01-31,2019-12-01,,,,,,0.49315268,0.49315268,0.49315268
B,MB1_32207,MB1,32207,0,424,0,2018-10-04,2019-12-01,,,,,,0.49315268,0.49315265,0.49315268
B,MB1_32441,MB1,32441,0,670,0,2018-01-31,2019-12-01,,,,,,0.49315268,0.49315268,0.49315268
B,MB1_32464,MB1,32464,0,670,0,2018-01-31,2019-12-01,,,,,,0.49315268,0.49315268,0.49315268
B,MB1_32732,MB1,32732,0,669,0,2018-01-31,2019-11-30,,,,,,0.49315268,0.49315265,0.49315268
B,MB1_32915,MB1,32915,0,670,0,2018-01-31,2019-12-01,,,,,,0.49315268,0.49315268,0.49315268
B,MB1_33042,MB1,33042,0,670,0,2018-01-31,2019-12-01,,,,,,0.49315268,0.49315268,0.49315268
B,MB1_33053,MB1,33053,0,670,0,2018-01-31,2019-12-01,,,,,,0.49315268,0.49315268,0.49315268
B,MB1_33308,MB1,33308,0,670,0,2018-01-31,2019-12-01,,,,,,0.49315268,0.49315268,0.49315268
B,MB1_33312,MB1,33312,0,670,0,2018-01-31,2019-12-01,,,,,,0.49315268,0.49315268,0.49315268
B,MB1_33401,MB1,33401,0,670,0,2018-01-31,2019-12-01,,,,,,0.49315268,0.49315268,0.49315268
B,MB1_33411,MB1,33411,0,670,0,2018-01-31,2019-12-01,,,,,,0.49315268,0.49315268,0.49315268
B,MB1_33496,MB1,33496,0,670,0,2018-01-31,2019-12-01,,,,,,0.49315268,0.49315268,0.49315268
B,MB1_33549,MB1,33549,0,670,0,2018-01-31,2019-12-01,,,,,,0.49315268,0.49315268,0.49315268
B,MB1_33627,MB1,33627,0,670,0,2018-01-31,2019-12-01,,,,,,0.49315268,0.49315268,0.49315268
B,MB1_33661,MB1,33661,0,670,0,2018-01-31,2019-12-01,,,,,,0.49315268,0.49315268,0.49315268
B,MB1_33775,MB1,33775,0,494,0,2018-07-26,2019-12-01,,,,,,0.49315268,0.49315265,0.49315268
B,MB1_33782,MB1,33782,0,494,0,2018-07-26,2019-12-01,,,,,,0.49315268,0.49315265,0.49315268
B,MB1_33840,MB1,33840,0,47,0,2019-10-16,2019-12-01,,,,,,0.49315268,0.49315265,0.49315268
B,MB1_34123,MB1,34123,0,670,0,2018-01-31,2019-12-01,,,,,,0.49315268,0.49315268,0.49315268
B,MB1_34178,MB1,34178,0,482,0,2018-08-07,2019-12-01,,,,,,0.49315268,0.49315268,0.49315268
B,MB1_34195,MB1,34195,0,670,0,2018-01-31,2019-12-01,,,,,,0.49315268,0.49315268,0.49315268
B,MB1_34228,MB1,34228,0,670,0,2018-01-31,2019-12-01,,,,,,0.49315268,0.49315268,0.49315268
B,MB1_3423,MB1,3423,0,670,0,2018-01-31,2019-12-01,,,,,,0.49315268,0.49315268,0.49315268
B,MB1_34241,MB1,34241,0,670,0,2018-01-31,2019-12-01,,,,,,0.49315268,0.49315268,0.49315268
B,MB1_34254,MB1,34254,0,670,0,2018-01-31,2019-12-01,,,,,,0.49315268,0.49315268,0.49315268
B,MB1_34261,MB1,34261,0,670,0,2018-01-31,2019-12-01,,,,,,0.49315268,0.49315268,0.49315268
B,MB1_3429,MB1,3429,0,670,0,2018-01-31,2019-12-01,,,,,,0.49315268,0.49315268,0.49315268
B,MB1_34383,MB1,34383,0,670,0,2018-01-31,2019-12-01,,,,,,0.49315268,0.49315268,0.49315268
B,MB1_34421,MB1,34421,0,500,0,2018-07-20,2019-12-01,,,,,,0.49315268,0.49315265,0.49315268
B,MB1_34510,MB1,34510,0,487,0,2018-08-02,2019-12-01,,,,,,0.49315268,0.49315265,0.49315268
B,MB1_34545,MB1,34545,0,257,0,2019-03-20,2019-12-01,,,,,,0.49315268,0.49315265,0.49315268
B,MB1_3465,MB1,3465,0,670,0,2018-01-31,2019-12-01,,,,,,0.49315268,0.49315268,0.49315268
B,MB1_34687,MB1,34687,0,670,0,2018-01-31,2019-12-01,,,,,,0.49315268,0.49315268,0.49315268
B,MB1_34700,MB1,34700,0,670,0,2018-01-31,2019-12-01,,,,,,0.49315268,0.49315268,0.49315268
B,MB1_34891,MB1,34891,0,670,0,2018-01-31,2019-12-01,,,,,,0.49315268,0.49315268,0.49315268
B,MB1_35194,MB1,35194,0,670,0,2018-01-31,2019-12-01,,,,,,0.49315268,0.49315268,0.49315268
B,MB1_35285,MB1,35285,0,114,0,2019-08-10,2019-12-01,,,,,,0.49315268,0.49315265,0.49315268
B,MB1_35286,MB1,35286,0,670,0,2018-01-31,2019-12-01,,,,,,0.49315268,0.49315268,0.49315268
B,MB1_3546,MB1,3546,0,482,0,2018-08-07,2019-12-01,,,,,,0.49315268,0.49315268,0.49315268
B,MB1_35658,MB1,35658,0,670,0,2018-01-31,2019-12-01,,,,,,0.49315268,0.49315268,0.49315268
B,MB1_35723,MB1,35723,0,527,0,2018-06-23,2019-12-01,,,,,,0.49315268,0.49315265,0.49315268
B,MB1_35812,MB1,35812,0,425,0,2018-10-03,2019-12-01,,,,,,0.49315268,0.49315265,0.49315268
B,MB1_35844,MB1,35844,0,670,0,2018-01-31,2019-12-01,,,,,,0.49315268,0.49315268,0.49315268
B,MB1_35955,MB1,35955,0,670,0,2018-01-31,2019-12-01,,,,,,0.49315268,0.4609589,0.49315268
B,MB1_36154,MB1,36154,0,670,0,2018-01-31,2019-12-01,,,,,,0.49315268,0.49315268,0.49315268
B,MB1_36158,MB1,36158,0,670,0,2018-01-31,2019-12-01,,,,,,0.49315268,0.49315268,0.49315268
B,MB1_36311,MB1,36311,0,670,0,2018-01-31,2019-12-01,,,,,,0.49315268,0.49315268,0.49315268
B,MB1_36498,MB1,36498,0,95,0,2019-08-29,2019-12-01,,,,,,0.49315268,0.49315265,0.49315268
B,MB1_36517,MB1,36517,0,670,0,2018-01-31,2019-12-01,,,,,,0.49315268,0.49315268,0.49315268
B,MB1_3668,MB1,3668,0,108,0,2019-08-16,2019-12-01,,,,,,0.49315268,0.49315265,0.49315268
B,MB1_36698,MB1,36698,0,670,0,2018-01-31,2019-12-01,,,,,,0.49315268,0.49315268,0.49315268
B,MB1_36751,MB1,36751,0,670,0,2018-01-31,2019-12-01,,,,,,0.49315268,0.49315268,0.49315268
B,MB1_36777,MB1,36777,0,670,0,2018-01-31,2019-12-01,,,,,,0.49315268,0.49315268,0.49315268
B,MB1_36833,MB1,36833,0,670,0,2018-01-31,2019-12-01,,,,,,0.49315268,0.49315268,0.49315268
B,MB1_37028,MB1,37028,0,670,0,2018-01-31,2019-12-01,,,,,,0.49315268,0.49315268,0.49315268
B,MB1_37270,MB1,37270,0,670,0,2018-01-31,2019-12-01,,,,,,0.49315268,0.49315268,0.49315268
B,MB1_37281,MB1,37281,0,670,0,2018-01-31,2019-12-01,,,,,,0.49315268,0.49315268,0.49315268
B,MB1_37398,MB1,37398,0,494,0,2018-07-26,2019-12-01,,,,,,0.49315268,0.49315265,0.49315268
B,MB1_37406,MB1,37406,0,670,0,2018-01-31,2019-12-01,,,,,,0.49315268,0.49315268,0.49315268
B,MB1_37734,MB1,37734,0,670,0,2018-01-31,2019-12-01,,,,,,0.49315268,0.49315268,0.49315268
B,MB1_37864,MB1,37864,0,670,0,2018-01-31,2019-12-01,,,,,,0.49315268,0.49315268,0.49315268
B,MB1_38095,MB1,38095,1,113,30,2018-01-31,2018-05-23,2018-04-24,2018-05-23,0.4931526780128479,0.4931526780128479,0.4931526780128479,0.49315268,0.49315265,0.49315268
B,MB1_38284,MB1,38284,0,670,0,2018-01-31,2019-12-01,,,,,,0.49315268,0.49315268,0.49315268
B,MB1_38459,MB1,38459,0,670,0,2018-01-31,2019-12-01,,,,,,0.49315268,0.49315268,0.49315268
B,MB1_38619,MB1,38619,0,500,0,2018-07-20,2019-12-01,,,,,,0.49315268,0.49315265,0.49315268
B,MB1_38770,MB1,38770,0,670,0,2018-01-31,2019-12-01,,,,,,0.49315268,0.49315268,0.49315268
B,MB1_38928,MB1,38928,0,529,0,2018-06-21,2019-12-01,,,,,,0.49315268,0.49315265,0.49315268
B,MB1_38986,MB1,38986,0,670,0,2018-01-31,2019-12-01,,,,,,0.49315268,0.49315268,0.49315268
B,MB1_39012,MB1,39012,0,670,0,2018-01-31,2019-12-01,,,,,,0.49315268,0.49315268,0.49315268
B,MB1_39088,MB1,39088,0,507,0,2018-07-13,2019-12-01,,,,,,0.49315268,0.49315262,0.49315268
B,MB1_39251,MB1,39251,0,482,0,2018-08-07,2019-12-01,,,,,,0.49315268,0.49315268,0.49315268
B,MB1_39451,MB1,39451,0,670,0,2018-01-31,2019-12-01,,,,,,0.49315268,0.49315268,0.49315268
B,MB1_39486,MB1,39486,0,670,0,2018-01-31,2019-12-01,,,,,,0.49315268,0.49315268,0.49315268
B,MB1_39544,MB1,39544,0,485,0,2018-08-04,2019-12-01,,,,,,0.49315268,0.49315268,0.49315268
B,MB1_39594,MB1,39594,0,670,0,2018-01-31,2019-12-01,,,,,,0.49315268,0.49315268,0.49315268
B,MB1_39628,MB1,39628,0,670,0,2018-01-31,2019-12-01,,,,,,0.49315268,0.49315268,0.49315268
B,MB1_39634,MB1,39634,0,670,0,2018-01-31,2019-12-01,,,,,,0.49315268,0.49315268,0.49315268
B,MB1_39748,MB1,39748,0,670,0,2018-01-31,2019-12-01,,,,,,0.49315268,0.49315268,0.49315268
B,MB1_39975,MB1,39975,0,670,0,2018-01-31,2019-12-01,,,,,,0.49315268,0.49315268,0.49315268
B,MB1_40015,MB1,40015,0,670,0,2018-01-31,2019-12-01,,,,,,0.49315268,0.49315268,0.49315268
B,MB1_40026,MB1,40026,0,656,0,2018-01-31,2019-11-17,,,,,,0.49315268,0.49315268,0.49315268
B,MB1_40390,MB1,40390,0,457,0,2018-09-01,2019-12-01,,,,,,0.49315268,0.49315265,0.49315268
B,MB1_40545,MB1,40545,0,670,0,2018-01-31,2019-12-01,,,,,,0.49315268,0.49315268,0.49315268
B,MB1_40785,MB1,40785,0,670,0,2018-01-31,2019-12-01,,,,,,0.49315268,0.49315268,0.49315268
B,MB1_409,MB1,409,0,500,0,2018-07-20,2019-12-01,,,,,,0.49315268,0.49315265,0.49315268
B,MB1_40969,MB1,40969,0,428,0,2018-09-30,2019-12-01,,,,,,0.49315268,0.49315265,0.49315268
B,MB1_41107,MB1,41107,0,494,0,2018-07-26,2019-12-01,,,,,,0.49315268,0.49315265,0.49315268
B,MB1_4119,MB1,4119,0,670,0,2018-01-31,2019-12-01,,,,,,0.49315268,0.49315268,0.49315268
B,MB1_41349,MB1,41349,0,670,0,2018-01-31,2019-12-01,,,,,,0.49315268,0.49315268,0.49315268
B,MB1_41477,MB1,41477,0,670,0,2018-01-31,2019-12-01,,,,,,0.49315268,0.49315268,0.49315268
B,MB1_41725,MB1,41725,0,405,0,2018-09-26,2019-11-04,,,,,,0.49315268,0.49315268,0.49315268
B,MB1_41802,MB1,41802,0,303,0,2019-02-02,2019-12-01,,,,,,0.49315268,0.49315268,0.49315268
B,MB1_41919,MB1,41919,0,670,0,2018-01-31,2019-12-01,,,,,,0.49315268,0.49315268,0.49315268
B,MB1_41942,MB1,41942,0,670,0,2018-01-31,2019-12-01,,,,,,0.49315268,0.49315268,0.49315268
B,MB1_4196,MB1,4196,0,257,0,2019-03-20,2019-12-01,,,,,,0.49315268,0.49315265,0.49315268
B,MB1_41983,MB1,41983,0,670,0,2018-01-31,2019-12-01,,,,,,0.49315268,0.49315268,0.49315268
B,MB1_42365,MB1,42365,1,218,28,2018-01-31,2018-09-05,2018-08-07,2018-09-05,0.4931526780128479,0.4931526780128479,0.4931526780128479,0.49315268,0.49315265,0.49315268
B,MB1_42458,MB1,42458,0,480,0,2018-07-26,2019-11-17,,,,,,0.49315268,0.49315265,0.49315268
B,MB1_42545,MB1,42545,0,242,0,2019-03-20,2019-11-16,,,,,,0.49315268,0.49315265,0.49315268
B,MB1_42623,MB1,42623,0,670,0,2018-01-31,2019-12-01,,,,,,0.49315268,0.49315268,0.49315268
B,MB1_43085,MB1,43085,0,670,0,2018-01-31,2019-12-01,,,,,,0.49315268,0.49315268,0.49315268
B,MB1_43122,MB1,43122,0,361,0,2018-12-06,2019-12-01,,,,,,0.49315268,0.49315265,0.49315268
B,MB1_43237,MB1,43237,0,670,0,2018-01-31,2019-12-01,,,,,,0.49315268,0.49315268,0.49315268
B,MB1_43248,MB1,43248,0,670,0,2018-01-31,2019-12-01,,,,,,0.49315268,0.49315268,0.49315268
B,MB1_43353,MB1,43353,0,670,0,2018-01-31,2019-12-01,,,,,,0.49315268,0.49315268,0.49315268
B,MB1_43468,MB1,43468,0,670,0,2018-01-31,2019-12-01,,,,,,0.49315268,0.49315268,0.49315268
B,MB1_43482,MB1,43482,0,670,0,2018-01-31,2019-12-01,,,,,,0.49315268,0.49315268,0.49315268
B,MB1_435,MB1,435,0,529,0,2018-06-21,2019-12-01,,,,,,0.49315268,0.49315265,0.49315268
B,MB1_43539,MB1,43539,0,670,0,2018-01-31,2019-12-01,,,,,,0.49315268,0.49315268,0.49315268
B,MB1_43577,MB1,43577,0,670,0,2018-01-31,2019-12-01,,,,,,0.49315268,0.49315268,0.49315268
B,MB1_43689,MB1,43689,0,257,0,2019-03-20,2019-12-01,,,,,,0.49315268,0.49315265,0.49315268
B,MB1_43954,MB1,43954,0,670,0,2018-01-31,2019-12-01,,,,,,0.49315268,0.49315268,0.49315268
B,MB1_43965,MB1,43965,0,670,0,2018-01-31,2019-12-01,,,,,,0.49315268,0.49315268,0.49315268
B,MB1_4526,MB1,4526,0,670,0,2018-01-31,2019-12-01,,,,,,0.49315268,0.49315268,0.49315268
B,MB1_4619,MB1,4619,0,668,0,2018-01-31,2019-11-29,,,,,,0.49315268,0.49315265,0.49315268
B,MB1_4738,MB1,4738,0,670,0,2018-01-31,2019-12-01,,,,,,0.49315268,0.49315268,0.49315268
B,MB1_4867,MB1,4867,0,670,0,2018-01-31,2019-12-01,,,,,,0.49315268,0.49315268,0.49315268
B,MB1_4882,MB1,4882,0,529,0,2018-06-21,2019-12-01,,,,,,0.49315268,0.49315265,0.49315268
B,MB1_5031,MB1,5031,0,670,0,2018-01-31,2019-12-01,,,,,,0.49315268,0.49315268,0.49315268
B,MB1_5079,MB1,5079,1,537,30,2018-01-31,2019-07-21,2019-06-22,2019-07-21,0.4931526780128479,0.4931526780128479,0.4931526780128479,0.49315268,0.4931527,0.49315268
B,MB1_5097,MB1,5097,0,670,0,2018-01-31,2019-12-01,,,,,,0.49315268,0.49315268,0.49315268
B,MB1_5140,MB1,5140,0,670,0,2018-01-31,2019-12-01,,,,,,0.49315268,0.49315268,0.49315268
B,MB1_5243,MB1,5243,0,670,0,2018-01-31,2019-12-01,,,,,,0.49315268,0.49315268,0.49315268
B,MB1_5283,MB1,5283,0,457,0,2018-09-01,2019-12-01,,,,,,0.49315268,0.49315265,0.49315268
B,MB1_536,MB1,536,0,670,0,2018-01-31,2019-12-01,,,,,,0.49315268,0.49315268,0.49315268
B,MB1_5845,MB1,5845,0,670,0,2018-01-31,2019-12-01,,,,,,0.49315268,0.49315268,0.49315268
B,MB1_5921,MB1,5921,0,656,0,2018-01-31,2019-11-17,,,,,,0.49315268,0.49315268,0.49315268
B,MB1_6021,MB1,6021,0,456,0,2018-09-02,2019-12-01,,,,,,0.49315268,0.49315265,0.49315268
B,MB1_6140,MB1,6140,0,392,0,2018-11-01,2019-11-27,,,,,,0.49315268,0.49315265,0.49315268
B,MB1_6196,MB1,6196,0,656,0,2018-01-31,2019-11-17,,,,,,0.49315268,0.49315268,0.49315268
B,MB1_6226,MB1,6226,0,670,0,2018-01-31,2019-12-01,,,,,,0.49315268,0.49315268,0.49315268
B,MB1_6241,MB1,6241,0,249,0,2019-03-28,2019-12-01,,,,,,0.49315268,0.49315268,0.49315268
B,MB1_6249,MB1,6249,0,644,0,2018-01-31,2019-11-05,,,,,,0.49315268,0.49315268,0.49315268
B,MB1_6479,MB1,6479,0,670,0,2018-01-31,2019-12-01,,,,,,0.49315268,0.49315268,0.49315268
B,MB1_6589,MB1,6589,0,670,0,2018-01-31,2019-12-01,,,,,,0.49315268,0.49315268,0.49315268
B,MB1_6814,MB1,6814,0,670,0,2018-01-31,2019-12-01,,,,,,0.49315268,0.49315268,0.49315268
B,MB1_6960,MB1,6960,0,656,0,2018-01-31,2019-11-17,,,,,,0.49315268,0.49315268,0.49315268
B,MB1_70,MB1,70,0,199,0,2019-04-17,2019-11-01,,,,,,0.49315268,0.49315265,0.49315268
B,MB1_7007,MB1,7007,0,670,0,2018-01-31,2019-12-01,,,,,,0.49315268,0.49315268,0.49315268
B,MB1_702,MB1,702,0,430,0,2018-09-28,2019-12-01,,,,,,0.49315268,0.49315265,0.49315268
B,MB1_704,MB1,704,0,670,0,2018-01-31,2019-12-01,,,,,,0.49315268,0.49315268,0.49315268
B,MB1_7082,MB1,7082,0,670,0,2018-01-31,2019-12-01,,,,,,0.49315268,0.49315268,0.49315268
B,MB1_7247,MB1,7247,0,670,0,2018-01-31,2019-12-01,,,,,,0.49315268,0.49315268,0.49315268
B,MB1_7376,MB1,7376,0,670,0,2018-01-31,2019-12-01,,,,,,0.49315268,0.49315268,0.49315268
B,MB1_7496,MB1,7496,0,670,0,2018-01-31,2019-12-01,,,,,,0.49315268,0.49315268,0.49315268
B,MB1_7602,MB1,7602,0,468,0,2018-08-07,2019-11-17,,,,,,0.49315268,0.49315265,0.49315268
B,MB1_7680,MB1,7680,0,482,0,2018-08-07,2019-12-01,,,,,,0.49315268,0.49315268,0.49315268
B,MB1_7962,MB1,7962,0,670,0,2018-01-31,2019-12-01,,,,,,0.49315268,0.49315268,0.49315268
B,MB1_7976,MB1,7976,0,670,0,2018-01-31,2019-12-01,,,,,,0.49315268,0.49315268,0.49315268
B,MB1_8012,MB1,8012,0,670,0,2018-01-31,2019-12-01,,,,,,0.49315268,0.49315268,0.49315268
B,MB1_8075,MB1,8075,0,670,0,2018-01-31,2019-12-01,,,,,,0.49315268,0.49315268,0.49315268
B,MB1_808,MB1,808,0,18,0,2019-11-14,2019-12-01,,,,,,0.49315268,0.49315268,0.49315268
B,MB1_8140,MB1,8140,0,670,0,2018-01-31,2019-12-01,,,,,,0.49315268,0.49315268,0.49315268
B,MB1_8166,MB1,8166,0,670,0,2018-01-31,2019-12-01,,,,,,0.49315268,0.49315268,0.49315268
B,MB1_8393,MB1,8393,0,670,0,2018-01-31,2019-12-01,,,,,,0.49315268,0.49315268,0.49315268
B,MB1_8516,MB1,8516,0,670,0,2018-01-31,2019-12-01,,,,,,0.49315268,0.49315268,0.49315268
B,MB1_8883,MB1,8883,0,670,0,2018-01-31,2019-12-01,,,,,,0.49315268,0.49315268,0.49315268
B,MB1_8928,MB1,8928,0,670,0,2018-01-31,2019-12-01,,,,,,0.49315268,0.49315268,0.49315268
B,MB1_8979,MB1,8979,0,257,0,2019-03-20,2019-12-01,,,,,,0.49315268,0.49315265,0.49315268
B,MB1_8993,MB1,8993,0,670,0,2018-01-31,2019-12-01,,,,,,0.49315268,0.49315268,0.49315268
B,MB1_9086,MB1,9086,0,670,0,2018-01-31,2019-12-01,,,,,,0.49315268,0.49315268,0.49315268
B,MB1_9227,MB1,9227,0,670,0,2018-01-31,2019-12-01,,,,,,0.49315268,0.49315268,0.49315268
B,MB1_9301,MB1,9301,0,670,0,2018-01-31,2019-12-01,,,,,,0.49315268,0.49315268,0.49315268
B,MB1_931,MB1,931,0,670,0,2018-01-31,2019-12-01,,,,,,0.49315268,0.49315268,0.49315268
B,MB1_955,MB1,955,0,482,0,2018-08-07,2019-12-01,,,,,,0.49315268,0.49315268,0.49315268
B,MB1_9781,MB1,9781,0,257,0,2019-03-20,2019-12-01,,,,,,0.49315268,0.49315265,0.49315268
B,MB1_9990,MB1,9990,0,670,0,2018-01-31,2019-12-01,,,,,,0.49315268,0.49315268,0.49315268
B,MB2_10119,MB2,10119,0,670,0,2018-01-31,2019-12-01,,,,,,0.49315268,0.49315268,0.49315268
B,MB2_10230,MB2,10230,0,670,0,2018-01-31,2019-12-01,,,,,,0.49315268,0.49315268,0.49315268
B,MB2_10312,MB2,10312,0,670,0,2018-01-31,2019-12-01,,,,,,0.49315268,0.49315268,0.49315268
B,MB2_10318,MB2,10318,0,670,0,2018-01-31,2019-12-01,,,,,,0.49315268,0.49315268,0.49315268
B,MB2_10819,MB2,10819,0,670,0,2018-01-31,2019-12-01,,,,,,0.49315268,0.49315268,0.49315268
B,MB2_10960,MB2,10960,0,600,0,2018-01-31,2019-09-22,,,,,,0.49315268,0.49315268,0.49315268
B,MB2_11046,MB2,11046,0,670,0,2018-01-31,2019-12-01,,,,,,0.49315268,0.49315268,0.49315268
B,MB2_11190,MB2,11190,0,670,0,2018-01-31,2019-12-01,,,,,,0.49315268,0.49315268,0.49315268
B,MB2_11196,MB2,11196,0,670,0,2018-01-31,2019-12-01,,,,,,0.49315268,0.49315268,0.49315268
B,MB2_11283,MB2,11283,0,670,0,2018-01-31,2019-12-01,,,,,,0.49315268,0.49315268,0.49315268
B,MB2_11326,MB2,11326,0,670,0,2018-01-31,2019-12-01,,,,,,0.49315268,0.49315268,0.49315268
B,MB2_11401,MB2,11401,0,670,0,2018-01-31,2019-12-01,,,,,,0.49315268,0.49315268,0.49315268
B,MB2_11407,MB2,11407,0,670,0,2018-01-31,2019-12-01,,,,,,0.49315268,0.49315268,0.49315268
B,MB2_11408,MB2,11408,0,670,0,2018-01-31,2019-12-01,,,,,,0.49315268,0.49315268,0.49315268
B,MB2_11617,MB2,11617,0,670,0,2018-01-31,2019-12-01,,,,,,0.49315268,0.49315268,0.49315268
B,MB2_11777,MB2,11777,0,670,0,2018-01-31,2019-12-01,,,,,,0.49315268,0.49315268,0.49315268
B,MB2_11868,MB2,11868,0,670,0,2018-01-31,2019-12-01,,,,,,0.49315268,0.49315268,0.49315268
B,MB2_11897,MB2,11897,0,670,0,2018-01-31,2019-12-01,,,,,,0.49315268,0.49315268,0.49315268
B,MB2_12023,MB2,12023,0,257,0,2019-03-20,2019-12-01,,,,,,0.49315268,0.49315265,0.49315268
B,MB2_12045,MB2,12045,0,670,0,2018-01-31,2019-12-01,,,,,,0.49315268,0.49315268,0.49315268
B,MB2_12271,MB2,12271,0,670,0,2018-01-31,2019-12-01,,,,,,0.49315268,0.49315268,0.49315268
B,MB2_12295,MB2,12295,0,670,0,2018-01-31,2019-12-01,,,,,,0.49315268,0.49315268,0.49315268
B,MB2_12310,MB2,12310,0,670,0,2018-01-31,2019-12-01,,,,,,0.49315268,0.49315268,0.49315268
B,MB2_1233,MB2,1233,0,656,0,2018-01-31,2019-11-17,,,,,,0.49315268,0.49315268,0.49315268
B,MB2_12379,MB2,12379,0,670,0,2018-01-31,2019-12-01,,,,,,0.49315268,0.49315268,0.49315268
B,MB2_12443,MB2,12443,0,670,0,2018-01-31,2019-12-01,,,,,,0.49315268,0.49315268,0.49315268
B,MB2_12483,MB2,12483,0,670,0,2018-01-31,2019-12-01,,,,,,0.49315268,0.49315268,0.49315268
B,MB2_12710,MB2,12710,0,670,0,2018-01-31,2019-12-01,,,,,,0.49315268,0.49315268,0.49315268
B,MB2_13068,MB2,13068,0,670,0,2018-01-31,2019-12-01,,,,,,0.49315268,0.49315268,0.49315268
B,MB2_13088,MB2,13088,0,670,0,2018-01-31,2019-12-01,,,,,,0.49315268,0.49315268,0.49315268
B,MB2_13097,MB2,13097,0,670,0,2018-01-31,2019-12-01,,,,,,0.49315268,0.49315268,0.49315268
B,MB2_13225,MB2,13225,0,670,0,2018-01-31,2019-12-01,,,,,,0.49315268,0.49315268,0.49315268
B,MB2_13356,MB2,13356,0,670,0,2018-01-31,2019-12-01,,,,,,0.49315268,0.49315268,0.49315268
B,MB2_13400,MB2,13400,0,670,0,2018-01-31,2019-12-01,,,,,,0.49315268,0.49315268,0.49315268
B,MB2_13461,MB2,13461,0,670,0,2018-01-31,2019-12-01,,,,,,0.49315268,0.49315268,0.49315268
B,MB2_13515,MB2,13515,0,670,0,2018-01-31,2019-12-01,,,,,,0.49315268,0.49315268,0.49315268
B,MB2_13562,MB2,13562,0,670,0,2018-01-31,2019-12-01,,,,,,0.49315268,0.49315268,0.49315268
B,MB2_13571,MB2,13571,0,670,0,2018-01-31,2019-12-01,,,,,,0.49315268,0.49315268,0.49315268
B,MB2_1358,MB2,1358,0,670,0,2018-01-31,2019-12-01,,,,,,0.49315268,0.49315268,0.49315268
B,MB2_13755,MB2,13755,0,670,0,2018-01-31,2019-12-01,,,,,,0.49315268,0.49315268,0.49315268
B,MB2_13760,MB2,13760,0,670,0,2018-01-31,2019-12-01,,,,,,0.49315268,0.49315268,0.49315268
B,MB2_13762,MB2,13762,0,670,0,2018-01-31,2019-12-01,,,,,,0.49315268,0.49315268,0.49315268
B,MB2_13847,MB2,13847,0,670,0,2018-01-31,2019-12-01,,,,,,0.49315268,0.49315268,0.49315268
B,MB2_13899,MB2,13899,0,670,0,2018-01-31,2019-12-01,,,,,,0.49315268,0.49315268,0.49315268
B,MB2_13919,MB2,13919,0,670,0,2018-01-31,2019-12-01,,,,,,0.49315268,0.49315268,0.49315268
B,MB2_13920,MB2,13920,0,411,0,2018-01-31,2019-03-17,,,,,,0.49315268,0.49315262,0.49315268
B,MB2_1413,MB2,1413,0,634,0,2018-01-31,2019-10-26,,,,,,0.49315268,0.4931527,0.49315268
B,MB2_14152,MB2,14152,0,598,0,2018-01-31,2019-09-20,,,,,,0.49315268,0.49315262,0.49315268
B,MB2_14155,MB2,14155,0,598,0,2018-01-31,2019-09-20,,,,,,0.49315268,0.49315262,0.49315268
B,MB2_14162,MB2,14162,0,670,0,2018-01-31,2019-12-01,,,,,,0.49315268,0.49315268,0.49315268
B,MB2_14274,MB2,14274,0,670,0,2018-01-31,2019-12-01,,,,,,0.49315268,0.49315268,0.49315268
B,MB2_14352,MB2,14352,0,656,0,2018-01-31,2019-11-17,,,,,,0.49315268,0.49315268,0.49315268
B,MB2_14700,MB2,14700,0,656,0,2018-01-31,2019-11-17,,,,,,0.49315268,0.49315268,0.49315268
B,MB2_14795,MB2,14795,0,669,0,2018-02-01,2019-12-01,,,,,,0.49315268,0.49315265,0.49315268
B,MB2_14806,MB2,14806,0,670,0,2018-01-31,2019-12-01,,,,,,0.49315268,0.49315268,0.49315268
B,MB2_1501,MB2,1501,1,443,30,2018-01-31,2019-04-18,2019-03-20,2019-04-18,0.4931526780128479,0.4931526780128479,0.4931526780128479,0.49315268,0.49315262,0.49315268
B,MB2_15025,MB2,15025,0,670,0,2018-01-31,2019-12-01,,,,,,0.49315268,0.49315268,0.49315268
B,MB2_15335,MB2,15335,0,670,0,2018-01-31,2019-12-01,,,,,,0.49315268,0.49315268,0.49315268
B,MB2_15343,MB2,15343,0,670,0,2018-01-31,2019-12-01,,,,,,0.49315268,0.49315268,0.49315268
B,MB2_15449,MB2,15449,0,670,0,2018-01-31,2019-12-01,,,,,,0.49315268,0.49315268,0.49315268
B,MB2_15696,MB2,15696,0,670,0,2018-01-31,2019-12-01,,,,,,0.49315268,0.49315268,0.49315268
B,MB2_15741,MB2,15741,0,670,0,2018-01-31,2019-12-01,,,,,,0.49315268,0.49315268,0.49315268
B,MB2_15879,MB2,15879,0,670,0,2018-01-31,2019-12-01,,,,,,0.49315268,0.49315268,0.49315268
B,MB2_16139,MB2,16139,0,667,0,2018-01-31,2019-11-28,,,,,,0.49315268,0.49315262,0.49315268
B,MB2_16160,MB2,16160,0,670,0,2018-01-31,2019-12-01,,,,,,0.49315268,0.49315268,0.49315268
B,MB2_16234,MB2,16234,0,670,0,2018-01-31,2019-12-01,,,,,,0.49315268,0.49315268,0.49315268
B,MB2_16326,MB2,16326,0,670,0,2018-01-31,2019-12-01,,,,,,0.49315268,0.49315268,0.49315268
B,MB2_16335,MB2,16335,0,670,0,2018-01-31,2019-12-01,,,,,,0.49315268,0.49315268,0.49315268
B,MB2_16369,MB2,16369,0,656,0,2018-01-31,2019-11-17,,,,,,0.49315268,0.49315268,0.49315268
B,MB2_16613,MB2,16613,0,670,0,2018-01-31,2019-12-01,,,,,,0.49315268,0.49315268,0.49315268
B,MB2_16741,MB2,16741,0,670,0,2018-01-31,2019-12-01,,,,,,0.49315268,0.49315268,0.49315268
B,MB2_16817,MB2,16817,0,670,0,2018-01-31,2019-12-01,,,,,,0.49315268,0.49315268,0.49315268
B,MB2_17288,MB2,17288,0,372,0,2018-01-31,2019-02-06,,,,,,0.49315268,0.49315265,0.49315268
B,MB2_17492,MB2,17492,0,656,0,2018-01-31,2019-11-17,,,,,,0.49315268,0.49315268,0.49315268
B,MB2_17675,MB2,17675,0,670,0,2018-01-31,2019-12-01,,,,,,0.49315268,0.49315268,0.49315268
B,MB2_17741,MB2,17741,0,667,0,2018-01-31,2019-11-28,,,,,,0.49315268,0.49315262,0.49315268
B,MB2_17786,MB2,17786,0,670,0,2018-01-31,2019-12-01,,,,,,0.49315268,0.49315268,0.49315268
B,MB2_17980,MB2,17980,0,670,0,2018-01-31,2019-12-01,,,,,,0.49315268,0.49315268,0.49315268
B,MB2_18035,MB2,18035,0,670,0,2018-01-31,2019-12-01,,,,,,0.49315268,0.49315268,0.49315268
B,MB2_18077,MB2,18077,0,670,0,2018-01-31,2019-12-01,,,,,,0.49315268,0.49315268,0.49315268
B,MB2_18168,MB2,18168,0,670,0,2018-01-31,2019-12-01,,,,,,0.49315268,0.49315268,0.49315268
B,MB2_18325,MB2,18325,0,670,0,2018-01-31,2019-12-01,,,,,,0.49315268,0.49315268,0.49315268
B,MB2_18399,MB2,18399,0,670,0,2018-01-31,2019-12-01,,,,,,0.49315268,0.49315268,0.49315268
B,MB2_18562,MB2,18562,0,670,0,2018-01-31,2019-12-01,,,,,,0.49315268,0.49315268,0.49315268
B,MB2_18788,MB2,18788,0,670,0,2018-01-31,2019-12-01,,,,,,0.49315268,0.49315268,0.49315268
B,MB2_18829,MB2,18829,0,670,0,2018-01-31,2019-12-01,,,,,,0.49315268,0.49315268,0.49315268
B,MB2_18898,MB2,18898,0,670,0,2018-01-31,2019-12-01,,,,,,0.49315268,0.49315268,0.49315268
B,MB2_19009,MB2,19009,0,670,0,2018-01-31,2019-12-01,,,,,,0.49315268,0.49315268,0.49315268
B,MB2_19113,MB2,19113,0,670,0,2018-01-31,2019-12-01,,,,,,0.49315268,0.49315268,0.49315268
B,MB2_19189,MB2,19189,0,670,0,2018-01-31,2019-12-01,,,,,,0.49315268,0.49315268,0.49315268
B,MB2_19227,MB2,19227,0,670,0,2018-01-31,2019-12-01,,,,,,0.49315268,0.49315268,0.49315268
B,MB2_19345,MB2,19345,0,660,0,2018-01-31,2019-11-21,,,,,,0.49315268,0.49315268,0.49315268
B,MB2_19348,MB2,19348,0,660,0,2018-01-31,2019-11-21,,,,,,0.49315268,0.49315268,0.49315268
B,MB2_19372,MB2,19372,0,670,0,2018-01-31,2019-12-01,,,,,,0.49315268,0.49315268,0.49315268
B,MB2_19405,MB2,19405,0,669,0,2018-01-31,2019-11-30,,,,,,0.49315268,0.49315265,0.49315268
B,MB2_19552,MB2,19552,0,670,0,2018-01-31,2019-12-01,,,,,,0.49315268,0.49315268,0.49315268
B,MB2_19720,MB2,19720,0,670,0,2018-01-31,2019-12-01,,,,,,0.49315268,0.49315268,0.49315268
B,MB2_1980,MB2,1980,0,670,0,2018-01-31,2019-12-01,,,,,,0.49315268,0.49315268,0.49315268
B,MB2_19901,MB2,19901,0,669,0,2018-01-31,2019-11-30,,,,,,0.49315268,0.49315265,0.49315268
B,MB2_20092,MB2,20092,0,670,0,2018-01-31,2019-12-01,,,,,,0.49315268,0.49315268,0.49315268
B,MB2_20157,MB2,20157,0,670,0,2018-01-31,2019-12-01,,,,,,0.49315268,0.49315268,0.49315268
B,MB2_20463,MB2,20463,0,670,0,2018-01-31,2019-12-01,,,,,,0.49315268,0.49315268,0.49315268
B,MB2_20568,MB2,20568,0,112,0,2018-01-31,2018-05-22,,,,,,0.49315268,0.49315265,0.49315268
B,MB2_20835,MB2,20835,0,670,0,2018-01-31,2019-12-01,,,,,,0.49315268,0.49315268,0.49315268
B,MB2_21328,MB2,21328,0,670,0,2018-01-31,2019-12-01,,,,,,0.49315268,0.49315268,0.49315268
B,MB2_21459,MB2,21459,0,667,0,2018-01-31,2019-11-28,,,,,,0.49315268,0.49315262,0.49315268
B,MB2_21472,MB2,21472,0,670,0,2018-01-31,2019-12-01,,,,,,0.49315268,0.49315268,0.49315268
B,MB2_21512,MB2,21512,0,670,0,2018-01-31,2019-12-01,,,,,,0.49315268,0.49315268,0.49315268
B,MB2_21534,MB2,21534,0,670,0,2018-01-31,2019-12-01,,,,,,0.49315268,0.49315268,0.49315268
B,MB2_21540,MB2,21540,0,670,0,2018-01-31,2019-12-01,,,,,,0.49315268,0.49315268,0.49315268
B,MB2_21673,MB2,21673,0,670,0,2018-01-31,2019-12-01,,,,,,0.49315268,0.49315268,0.49315268
B,MB2_21693,MB2,21693,0,670,0,2018-01-31,2019-12-01,,,,,,0.49315268,0.49315268,0.49315268
B,MB2_217,MB2,217,1,293,26,2018-01-31,2018-11-19,2018-10-21,2018-11-19,0.4931526780128479,0.4931526780128479,0.4931526780128479,0.49315268,0.4931527,0.49315268
B,MB2_21762,MB2,21762,0,669,0,2018-01-31,2019-11-30,,,,,,0.49315268,0.49315265,0.49315268
B,MB2_21768,MB2,21768,0,670,0,2018-01-31,2019-12-01,,,,,,0.49315268,0.49315268,0.49315268
B,MB2_21816,MB2,21816,0,670,0,2018-01-31,2019-12-01,,,,,,0.49315268,0.49315268,0.49315268
B,MB2_22054,MB2,22054,0,670,0,2018-01-31,2019-12-01,,,,,,0.49315268,0.49315268,0.49315268
B,MB2_22187,MB2,22187,0,670,0,2018-01-31,2019-12-01,,,,,,0.49315268,0.49315268,0.49315268
B,MB2_2240,MB2,2240,0,670,0,2018-01-31,2019-12-01,,,,,,0.49315268,0.49315268,0.49315268
B,MB2_22439,MB2,22439,0,670,0,2018-01-31,2019-12-01,,,,,,0.49315268,0.49315268,0.49315268
B,MB2_22488,MB2,22488,0,670,0,2018-01-31,2019-12-01,,,,,,0.49315268,0.49315268,0.49315268
B,MB2_22495,MB2,22495,0,670,0,2018-01-31,2019-12-01,,,,,,0.49315268,0.49315268,0.49315268
B,MB2_22709,MB2,22709,0,670,0,2018-01-31,2019-12-01,,,,,,0.49315268,0.49315268,0.49315268
B,MB2_22847,MB2,22847,0,670,0,2018-01-31,2019-12-01,,,,,,0.49315268,0.49315268,0.49315268
B,MB2_23015,MB2,23015,0,168,0,2018-01-31,2018-07-17,,,,,,0.49315268,0.49315268,0.49315268
B,MB2_23093,MB2,23093,0,671,0,2018-01-30,2019-12-01,,,,,,0.49315268,0.49315268,0.49315268
B,MB2_23217,MB2,23217,0,276,0,2019-03-01,2019-12-01,,,,,,0.49315268,0.49315268,0.49315268
B,MB2_23292,MB2,23292,0,670,0,2018-01-31,2019-12-01,,,,,,0.49315268,0.49315268,0.49315268
B,MB2_23418,MB2,23418,0,670,0,2018-01-31,2019-12-01,,,,,,0.49315268,0.49315268,0.49315268
B,MB2_23524,MB2,23524,0,664,0,2018-02-06,2019-12-01,,,,,,0.49315268,0.49315268,0.49315268
B,MB2_23570,MB2,23570,0,670,0,2018-01-31,2019-12-01,,,,,,0.49315268,0.49315268,0.49315268
B,MB2_23766,MB2,23766,0,670,0,2018-01-31,2019-12-01,,,,,,0.49315268,0.49315268,0.49315268
B,MB2_23880,MB2,23880,0,670,0,2018-01-31,2019-12-01,,,,,,0.49315268,0.49315268,0.49315268
B,MB2_24021,MB2,24021,0,656,0,2018-01-31,2019-11-17,,,,,,0.49315268,0.49315268,0.49315268
B,MB2_24137,MB2,24137,0,670,0,2018-01-31,2019-12-01,,,,,,0.49315268,0.49315268,0.49315268
B,MB2_24373,MB2,24373,0,475,0,2018-08-14,2019-12-01,,,,,,0.49315268,0.49315262,0.49315268
B,MB2_24506,MB2,24506,0,670,0,2018-01-31,2019-12-01,,,,,,0.49315268,0.49315268,0.49315268
B,MB2_24528,MB2,24528,0,670,0,2018-01-31,2019-12-01,,,,,,0.49315268,0.49315268,0.49315268
B,MB2_24956,MB2,24956,0,670,0,2018-01-31,2019-12-01,,,,,,0.49315268,0.49315268,0.49315268
B,MB2_25011,MB2,25011,0,670,0,2018-01-31,2019-12-01,,,,,,0.49315268,0.49315268,0.49315268
B,MB2_25175,MB2,25175,0,670,0,2018-01-31,2019-12-01,,,,,,0.49315268,0.49315268,0.49315268
B,MB2_2529,MB2,2529,0,670,0,2018-01-31,2019-12-01,,,,,,0.49315268,0.49315268,0.49315268
B,MB2_25358,MB2,25358,0,670,0,2018-01-31,2019-12-01,,,,,,0.49315268,0.49315268,0.49315268
B,MB2_25399,MB2,25399,0,670,0,2018-01-31,2019-12-01,,,,,,0.49315268,0.49315268,0.49315268
B,MB2_25618,MB2,25618,0,670,0,2018-01-31,2019-12-01,,,,,,0.49315268,0.49315268,0.49315268
B,MB2_25716,MB2,25716,0,670,0,2018-01-31,2019-12-01,,,,,,0.49315268,0.49315268,0.49315268
B,MB2_25718,MB2,25718,0,670,0,2018-01-31,2019-12-01,,,,,,0.49315268,0.49315268,0.49315268
B,MB2_2585,MB2,2585,0,670,0,2018-01-31,2019-12-01,,,,,,0.49315268,0.49315268,0.49315268
B,MB2_25989,MB2,25989,0,667,0,2018-01-31,2019-11-28,,,,,,0.49315268,0.49315262,0.49315268
B,MB2_25997,MB2,25997,0,667,0,2018-01-31,2019-11-28,,,,,,0.49315268,0.49315262,0.49315268
B,MB2_26135,MB2,26135,0,670,0,2018-01-31,2019-12-01,,,,,,0.49315268,0.49315268,0.49315268
B,MB2_26247,MB2,26247,0,656,0,2018-01-31,2019-11-17,,,,,,0.49315268,0.49315268,0.49315268
B,MB2_26441,MB2,26441,0,670,0,2018-01-31,2019-12-01,,,,,,0.49315268,0.49315268,0.49315268
B,MB2_26497,MB2,26497,0,670,0,2018-01-31,2019-12-01,,,,,,0.49315268,0.49315268,0.49315268
B,MB2_26508,MB2,26508,0,477,0,2018-01-31,2019-05-22,,,,,,0.49315268,0.49315268,0.49315268
B,MB2_26980,MB2,26980,0,670,0,2018-01-31,2019-12-01,,,,,,0.49315268,0.49315268,0.49315268
B,MB2_27201,MB2,27201,0,670,0,2018-01-31,2019-12-01,,,,,,0.49315268,0.49315268,0.49315268
B,MB2_27400,MB2,27400,0,670,0,2018-01-31,2019-12-01,,,,,,0.49315268,0.49315268,0.49315268
B,MB2_2745,MB2,2745,0,670,0,2018-01-31,2019-12-01,,,,,,0.49315268,0.49315268,0.49315268
B,MB2_27620,MB2,27620,0,670,0,2018-01-31,2019-12-01,,,,,,0.49315268,0.49315268,0.49315268
B,MB2_2771,MB2,2771,0,670,0,2018-01-31,2019-12-01,,,,,,0.49315268,0.49315268,0.49315268
B,MB2_27810,MB2,27810,0,670,0,2018-01-31,2019-12-01,,,,,,0.49315268,0.49315268,0.49315268
B,MB2_27876,MB2,27876,0,670,0,2018-01-31,2019-12-01,,,,,,0.49315268,0.49315268,0.49315268
B,MB2_27936,MB2,27936,0,670,0,2018-01-31,2019-12-01,,,,,,0.49315268,0.49315268,0.49315268
B,MB2_27939,MB2,27939,0,600,0,2018-01-31,2019-09-22,,,,,,0.49315268,0.49315268,0.49315268
B,MB2_28115,MB2,28115,0,670,0,2018-01-31,2019-12-01,,,,,,0.49315268,0.49315268,0.49315268
B,MB2_28204,MB2,28204,0,352,0,2018-12-15,2019-12-01,,,,,,0.49315268,0.49315265,0.49315268
B,MB2_28219,MB2,28219,0,670,0,2018-01-31,2019-12-01,,,,,,0.49315268,0.49315268,0.49315268
B,MB2_28542,MB2,28542,0,667,0,2018-01-31,2019-11-28,,,,,,0.49315268,0.49315262,0.49315268
B,MB2_28578,MB2,28578,0,670,0,2018-01-31,2019-12-01,,,,,,0.49315268,0.49315268,0.49315268
B,MB2_28717,MB2,28717,1,569,30,2018-01-31,2019-08-22,2019-07-24,2019-08-22,0.4931526780128479,0.4931526780128479,0.4931526780128479,0.49315268,0.49315268,0.49315268
B,MB2_28926,MB2,28926,0,460,0,2018-01-31,2019-05-05,,,,,,0.49315268,0.49315265,0.49315268
B,MB2_28964,MB2,28964,0,670,0,2018-01-31,2019-12-01,,,,,,0.49315268,0.49315268,0.49315268
B,MB2_29002,MB2,29002,0,670,0,2018-01-31,2019-12-01,,,,,,0.49315268,0.49315268,0.49315268
B,MB2_29256,MB2,29256,0,670,0,2018-01-31,2019-12-01,,,,,,0.49315268,0.49315268,0.49315268
B,MB2_29289,MB2,29289,0,656,0,2018-01-31,2019-11-17,,,,,,0.49315268,0.49315268,0.49315268
B,MB2_29518,MB2,29518,0,670,0,2018-01-31,2019-12-01,,,,,,0.49315268,0.49315268,0.49315268
B,MB2_29732,MB2,29732,0,670,0,2018-01-31,2019-12-01,,,,,,0.49315268,0.49315268,0.49315268
B,MB2_29908,MB2,29908,0,670,0,2018-01-31,2019-12-01,,,,,,0.49315268,0.49315268,0.49315268
B,MB2_30003,MB2,30003,0,670,0,2018-01-31,2019-12-01,,,,,,0.49315268,0.49315268,0.49315268
B,MB2_30192,MB2,30192,0,670,0,2018-01-31,2019-12-01,,,,,,0.49315268,0.49315268,0.49315268
B,MB2_30373,MB2,30373,0,670,0,2018-01-31,2019-12-01,,,,,,0.49315268,0.49315268,0.49315268
B,MB2_30393,MB2,30393,0,670,0,2018-01-31,2019-12-01,,,,,,0.49315268,0.49315268,0.49315268
B,MB2_30597,MB2,30597,0,656,0,2018-01-31,2019-11-17,,,,,,0.49315268,0.49315268,0.49315268
B,MB2_3063,MB2,3063,0,670,0,2018-01-31,2019-12-01,,,,,,0.49315268,0.49315268,0.49315268
B,MB2_30805,MB2,30805,0,619,0,2018-03-23,2019-12-01,,,,,,0.49315268,0.49315262,0.49315268
B,MB2_30811,MB2,30811,0,656,0,2018-01-31,2019-11-17,,,,,,0.49315268,0.49315268,0.49315268
B,MB2_30831,MB2,30831,0,504,0,2018-01-31,2019-06-18,,,,,,0.49315268,0.49315265,0.49315268
B,MB2_3100,MB2,3100,0,670,0,2018-01-31,2019-12-01,,,,,,0.49315268,0.49315268,0.49315268
B,MB2_31017,MB2,31017,0,670,0,2018-01-31,2019-12-01,,,,,,0.49315268,0.49315268,0.49315268
B,MB2_31042,MB2,31042,0,670,0,2018-01-31,2019-12-01,,,,,,0.49315268,0.49315268,0.49315268
B,MB2_31207,MB2,31207,0,670,0,2018-01-31,2019-12-01,,,,,,0.49315268,0.49315268,0.49315268
B,MB2_31217,MB2,31217,0,670,0,2018-01-31,2019-12-01,,,,,,0.49315268,0.49315268,0.49315268
B,MB2_31296,MB2,31296,0,670,0,2018-01-31,2019-12-01,,,,,,0.49315268,0.49315268,0.49315268
B,MB2_31297,MB2,31297,0,670,0,2018-01-31,2019-12-01,,,,,,0.49315268,0.49315268,0.49315268
B,MB2_31305,MB2,31305,0,670,0,2018-01-31,2019-12-01,,,,,,0.49315268,0.49315268,0.49315268
B,MB2_31336,MB2,31336,0,670,0,2018-01-31,2019-12-01,,,,,,0.49315268,0.49315268,0.49315268
B,MB2_3141,MB2,3141,0,670,0,2018-01-31,2019-12-01,,,,,,0.49315268,0.49315268,0.49315268
B,MB2_31470,MB2,31470,0,670,0,2018-01-31,2019-12-01,,,,,,0.49315268,0.49315268,0.49315268
B,MB2_31486,MB2,31486,0,670,0,2018-01-31,2019-12-01,,,,,,0.49315268,0.49315268,0.49315268
B,MB2_31561,MB2,31561,0,670,0,2018-01-31,2019-12-01,,,,,,0.49315268,0.49315268,0.49315268
B,MB2_31650,MB2,31650,0,669,0,2018-01-31,2019-11-30,,,,,,0.49315268,0.49315265,0.49315268
B,MB2_31775,MB2,31775,0,670,0,2018-01-31,2019-12-01,,,,,,0.49315268,0.49315268,0.49315268
B,MB2_3179,MB2,3179,0,670,0,2018-01-31,2019-12-01,,,,,,0.49315268,0.49315268,0.49315268
B,MB2_31856,MB2,31856,0,670,0,2018-01-31,2019-12-01,,,,,,0.49315268,0.49315268,0.49315268
B,MB2_31883,MB2,31883,0,670,0,2018-01-31,2019-12-01,,,,,,0.49315268,0.49315268,0.49315268
B,MB2_31986,MB2,31986,0,667,0,2018-01-31,2019-11-28,,,,,,0.49315268,0.49315262,0.49315268
B,MB2_32027,MB2,32027,0,670,0,2018-01-31,2019-12-01,,,,,,0.49315268,0.49315268,0.49315268
B,MB2_32047,MB2,32047,0,635,0,2018-03-07,2019-12-01,,,,,,0.49315268,0.49315262,0.49315268
B,MB2_32480,MB2,32480,0,670,0,2018-01-31,2019-12-01,,,,,,0.49315268,0.49315268,0.49315268
B,MB2_32613,MB2,32613,0,670,0,2018-01-31,2019-12-01,,,,,,0.49315268,0.49315268,0.49315268
B,MB2_32911,MB2,32911,0,670,0,2018-01-31,2019-12-01,,,,,,0.49315268,0.49315268,0.49315268
B,MB2_33198,MB2,33198,0,624,0,2018-01-31,2019-10-16,,,,,,0.49315268,0.49315268,0.49315268
B,MB2_33273,MB2,33273,0,670,0,2018-01-31,2019-12-01,,,,,,0.49315268,0.49315268,0.49315268
B,MB2_33289,MB2,33289,0,670,0,2018-01-31,2019-12-01,,,,,,0.49315268,0.49315268,0.49315268
B,MB2_33351,MB2,33351,0,670,0,2018-01-31,2019-12-01,,,,,,0.49315268,0.49315268,0.49315268
B,MB2_33390,MB2,33390,0,360,0,2018-01-31,2019-01-25,,,,,,0.49315268,0.49315265,0.49315268
B,MB2_33518,MB2,33518,0,670,0,2018-01-31,2019-12-01,,,,,,0.49315268,0.49315268,0.49315268
B,MB2_33568,MB2,33568,0,670,0,2018-01-31,2019-12-01,,,,,,0.49315268,0.49315268,0.49315268
B,MB2_33633,MB2,33633,0,670,0,2018-01-31,2019-12-01,,,,,,0.49315268,0.49315268,0.49315268
B,MB2_33833,MB2,33833,0,670,0,2018-01-31,2019-12-01,,,,,,0.49315268,0.49315268,0.49315268
B,MB2_33906,MB2,33906,0,670,0,2018-01-31,2019-12-01,,,,,,0.49315268,0.49315268,0.49315268
B,MB2_34117,MB2,34117,0,670,0,2018-01-31,2019-12-01,,,,,,0.49315268,0.49315268,0.49315268
B,MB2_34275,MB2,34275,0,670,0,2018-01-31,2019-12-01,,,,,,0.49315268,0.49315268,0.49315268
B,MB2_34287,MB2,34287,0,670,0,2018-01-31,2019-12-01,,,,,,0.49315268,0.49315268,0.49315268
B,MB2_34306,MB2,34306,0,670,0,2018-01-31,2019-12-01,,,,,,0.49315268,0.49315268,0.49315268
B,MB2_34338,MB2,34338,0,670,0,2018-01-31,2019-12-01,,,,,,0.49315268,0.49315268,0.49315268
B,MB2_34408,MB2,34408,0,670,0,2018-01-31,2019-12-01,,,,,,0.49315268,0.49315268,0.49315268
B,MB2_34521,MB2,34521,0,670,0,2018-01-31,2019-12-01,,,,,,0.49315268,0.49315268,0.49315268
B,MB2_34671,MB2,34671,0,670,0,2018-01-31,2019-12-01,,,,,,0.49315268,0.49315268,0.49315268
B,MB2_34941,MB2,34941,0,670,0,2018-01-31,2019-12-01,,,,,,0.49315268,0.49315268,0.49315268
B,MB2_35257,MB2,35257,0,656,0,2018-01-31,2019-11-17,,,,,,0.49315268,0.49315268,0.49315268
B,MB2_3528,MB2,3528,0,670,0,2018-01-31,2019-12-01,,,,,,0.49315268,0.49315268,0.49315268
B,MB2_35299,MB2,35299,0,670,0,2018-01-31,2019-12-01,,,,,,0.49315268,0.49315268,0.49315268
B,MB2_35314,MB2,35314,0,670,0,2018-01-31,2019-12-01,,,,,,0.49315268,0.49315268,0.49315268
B,MB2_35374,MB2,35374,0,670,0,2018-01-31,2019-12-01,,,,,,0.49315268,0.49315268,0.49315268
B,MB2_3565,MB2,3565,0,670,0,2018-01-31,2019-12-01,,,,,,0.49315268,0.49315268,0.49315268
B,MB2_35745,MB2,35745,0,339,0,2018-12-28,2019-12-01,,,,,,0.49315268,0.49315262,0.49315268
B,MB2_35773,MB2,35773,0,670,0,2018-01-31,2019-12-01,,,,,,0.49315268,0.49315268,0.49315268
B,MB2_35782,MB2,35782,0,670,0,2018-01-31,2019-12-01,,,,,,0.39589763,0.12713368,0.39589763
B,MB2_3592,MB2,3592,0,670,0,2018-01-31,2019-12-01,,,,,,0.49315268,0.49315268,0.49315268
B,MB2_36017,MB2,36017,0,670,0,2018-01-31,2019-12-01,,,,,,0.49315268,0.49315268,0.49315268
B,MB2_36039,MB2,36039,0,670,0,2018-01-31,2019-12-01,,,,,,0.49315268,0.49315268,0.49315268
B,MB2_36069,MB2,36069,0,670,0,2018-01-31,2019-12-01,,,,,,0.49315268,0.49315268,0.49315268
B,MB2_36070,MB2,36070,0,670,0,2018-01-31,2019-12-01,,,,,,0.49315268,0.49315268,0.49315268
B,MB2_3608,MB2,3608,0,107,0,2018-01-31,2018-05-17,,,,,,0.49315268,0.49315265,0.49315268
B,MB2_361,MB2,361,0,670,0,2018-01-31,2019-12-01,,,,,,0.49315268,0.49315268,0.49315268
B,MB2_3647,MB2,3647,0,670,0,2018-01-31,2019-12-01,,,,,,0.49315268,0.49315268,0.49315268
B,MB2_3656,MB2,3656,0,352,0,2018-12-15,2019-12-01,,,,,,0.49315268,0.49315265,0.49315268
B,MB2_3663,MB2,3663,0,352,0,2018-12-15,2019-12-01,,,,,,0.49315268,0.49315265,0.49315268
B,MB2_3674,MB2,3674,0,670,0,2018-01-31,2019-12-01,,,,,,0.49315268,0.49315268,0.49315268
B,MB2_36776,MB2,36776,1,120,30,2018-01-31,2018-05-30,2018-05-01,2018-05-30,0.4931526780128479,0.4931526780128479,0.4931526780128479,0.49315268,0.49315265,0.49315268
B,MB2_37024,MB2,37024,0,21,0,2018-01-31,2018-02-20,,,,,,0.49315268,0.49315268,0.49315268
B,MB2_37206,MB2,37206,0,670,0,2018-01-31,2019-12-01,,,,,,0.2680329,0.044667903,0.2680329
B,MB2_37211,MB2,37211,0,670,0,2018-01-31,2019-12-01,,,,,,0.49315268,0.49315268,0.49315268
B,MB2_37313,MB2,37313,0,670,0,2018-01-31,2019-12-01,,,,,,0.49315268,0.49315268,0.49315268
B,MB2_37434,MB2,37434,0,670,0,2018-01-31,2019-12-01,,,,,,0.49315268,0.49315268,0.49315268
B,MB2_37523,MB2,37523,0,670,0,2018-01-31,2019-12-01,,,,,,0.49315268,0.49315268,0.49315268
B,MB2_37652,MB2,37652,0,670,0,2018-01-31,2019-12-01,,,,,,0.49315268,0.49315268,0.49315268
B,MB2_37738,MB2,37738,0,670,0,2018-01-31,2019-12-01,,,,,,0.49315268,0.49315268,0.49315268
B,MB2_38001,MB2,38001,0,670,0,2018-01-31,2019-12-01,,,,,,0.49315268,0.49315268,0.49315268
B,MB2_38048,MB2,38048,0,670,0,2018-01-31,2019-12-01,,,,,,0.49315268,0.49315268,0.49315268
B,MB2_38050,MB2,38050,0,669,0,2018-01-31,2019-11-30,,,,,,2.149254e-24,1.9018506e-26,2.149254e-24
B,MB2_38174,MB2,38174,0,670,0,2018-01-31,2019-12-01,,,,,,0.49315268,0.49315268,0.49315268
B,MB2_38240,MB2,38240,0,670,0,2018-01-31,2019-12-01,,,,,,0.49315268,0.49315268,0.49315268
B,MB2_38329,MB2,38329,0,670,0,2018-01-31,2019-12-01,,,,,,0.49315268,0.49315268,0.49315268
B,MB2_38577,MB2,38577,0,670,0,2018-01-31,2019-12-01,,,,,,0.49315268,0.49315268,0.49315268
B,MB2_38617,MB2,38617,0,670,0,2018-01-31,2019-12-01,,,,,,0.49315268,0.49315268,0.49315268
B,MB2_38772,MB2,38772,0,670,0,2018-01-31,2019-12-01,,,,,,0.49315268,0.49315268,0.49315268
B,MB2_38817,MB2,38817,0,670,0,2018-01-31,2019-12-01,,,,,,0.49315268,0.49315268,0.49315268
B,MB2_38861,MB2,38861,0,656,0,2018-01-31,2019-11-17,,,,,,0.49315268,0.49315268,0.49315268
B,MB2_38906,MB2,38906,0,670,0,2018-01-31,2019-12-01,,,,,,0.49315268,0.49315268,0.49315268
B,MB2_39148,MB2,39148,0,670,0,2018-01-31,2019-12-01,,,,,,0.49315268,0.49315268,0.49315268
B,MB2_39168,MB2,39168,0,670,0,2018-01-31,2019-12-01,,,,,,0.49315268,0.49315268,0.49315268
B,MB2_39202,MB2,39202,0,670,0,2018-01-31,2019-12-01,,,,,,0.49315268,0.49315268,0.49315268
B,MB2_39433,MB2,39433,0,670,0,2018-01-31,2019-12-01,,,,,,0.49315268,0.49315268,0.49315268
B,MB2_39457,MB2,39457,0,634,0,2018-01-31,2019-10-26,,,,,,0.49315268,0.4931527,0.49315268
B,MB2_39508,MB2,39508,0,670,0,2018-01-31,2019-12-01,,,,,,0.49315268,0.49315268,0.49315268
B,MB2_39512,MB2,39512,0,670,0,2018-01-31,2019-12-01,,,,,,0.49315268,0.49315268,0.49315268
B,MB2_39520,MB2,39520,0,670,0,2018-01-31,2019-12-01,,,,,,0.49315268,0.49315268,0.49315268
B,MB2_39679,MB2,39679,0,670,0,2018-01-31,2019-12-01,,,,,,0.49315268,0.49315268,0.49315268
B,MB2_39742,MB2,39742,0,670,0,2018-01-31,2019-12-01,,,,,,0.49315268,0.49315268,0.49315268
B,MB2_39907,MB2,39907,0,670,0,2018-01-31,2019-12-01,,,,,,0.49315268,0.49315268,0.49315268
B,MB2_39978,MB2,39978,0,661,0,2018-01-31,2019-11-22,,,,,,0.49315268,0.4931527,0.49315268
B,MB2_40186,MB2,40186,0,670,0,2018-01-31,2019-12-01,,,,,,0.49315268,0.49315268,0.49315268
B,MB2_4025,MB2,4025,0,670,0,2018-01-31,2019-12-01,,,,,,0.49315268,0.49315268,0.49315268
B,MB2_40389,MB2,40389,0,670,0,2018-01-31,2019-12-01,,,,,,0.49315268,0.49315268,0.49315268
B,MB2_40467,MB2,40467,0,670,0,2018-01-31,2019-12-01,,,,,,0.49315268,0.49315268,0.49315268
B,MB2_40490,MB2,40490,0,670,0,2018-01-31,2019-12-01,,,,,,0.49315268,0.49315268,0.49315268
B,MB2_40522,MB2,40522,0,417,0,2018-10-11,2019-12-01,,,,,,0.49315268,0.49315265,0.49315268
B,MB2_40805,MB2,40805,0,110,0,2018-10-11,2019-01-28,,,,,,0.49315268,0.49315265,0.49315268
B,MB2_40808,MB2,40808,0,670,0,2018-01-31,2019-12-01,,,,,,0.49315268,0.49315268,0.49315268
B,MB2_40814,MB2,40814,0,670,0,2018-01-31,2019-12-01,,,,,,0.49315268,0.49315268,0.49315268
B,MB2_40939,MB2,40939,0,670,0,2018-01-31,2019-12-01,,,,,,0.49315268,0.49315268,0.49315268
B,MB2_40945,MB2,40945,0,553,0,2018-01-31,2019-08-06,,,,,,0.49315268,0.4931527,0.49315268
B,MB2_4115,MB2,4115,0,616,0,2018-03-26,2019-12-01,,,,,,0.49315268,0.49315268,0.49315268
B,MB2_41159,MB2,41159,0,670,0,2018-01-31,2019-12-01,,,,,,0.49315268,0.49315268,0.49315268
B,MB2_41208,MB2,41208,0,670,0,2018-01-31,2019-12-01,,,,,,0.49315268,0.49315268,0.49315268
B,MB2_41334,MB2,41334,0,670,0,2018-01-31,2019-12-01,,,,,,0.49315268,0.49315268,0.49315268
B,MB2_41341,MB2,41341,0,670,0,2018-01-31,2019-12-01,,,,,,0.49315268,0.49315268,0.49315268
B,MB2_4138,MB2,4138,0,670,0,2018-01-31,2019-12-01,,,,,,0.49315268,0.49315268,0.49315268
B,MB2_41404,MB2,41404,0,670,0,2018-01-31,2019-12-01,,,,,,0.49315268,0.49315268,0.49315268
B,MB2_41540,MB2,41540,0,670,0,2018-01-31,2019-12-01,,,,,,0.49315268,0.49315268,0.49315268
B,MB2_41603,MB2,41603,0,656,0,2018-01-31,2019-11-17,,,,,,0.49315268,0.49315268,0.49315268
B,MB2_41615,MB2,41615,0,339,0,2018-12-28,2019-12-01,,,,,,0.49315268,0.49315262,0.49315268
B,MB2_41731,MB2,41731,0,670,0,2018-01-31,2019-12-01,,,,,,0.49315268,0.49315268,0.49315268
B,MB2_41738,MB2,41738,0,670,0,2018-01-31,2019-12-01,,,,,,0.49315268,0.49315268,0.49315268
B,MB2_4177,MB2,4177,0,670,0,2018-01-31,2019-12-01,,,,,,0.49315268,0.49315268,0.49315268
B,MB2_41930,MB2,41930,0,670,0,2018-01-31,2019-12-01,,,,,,0.49315268,0.49315268,0.49315268
B,MB2_42036,MB2,42036,0,670,0,2018-01-31,2019-12-01,,,,,,0.49315268,0.49315268,0.49315268
B,MB2_42108,MB2,42108,0,300,0,2019-02-05,2019-12-01,,,,,,0.49315268,0.49315268,0.49315268
B,MB2_42116,MB2,42116,0,670,0,2018-01-31,2019-12-01,,,,,,0.49315268,0.49315268,0.49315268
B,MB2_42224,MB2,42224,0,670,0,2018-01-31,2019-12-01,,,,,,0.49315268,0.49315268,0.49315268
B,MB2_42250,MB2,42250,0,670,0,2018-01-31,2019-12-01,,,,,,0.49315268,0.49315268,0.49315268
B,MB2_4235,MB2,4235,0,670,0,2018-01-31,2019-12-01,,,,,,0.49315268,0.49315268,0.49315268
B,MB2_42458,MB2,42458,0,670,0,2018-01-31,2019-12-01,,,,,,0.49315268,0.49315268,0.49315268
B,MB2_42491,MB2,42491,0,670,0,2018-01-31,2019-12-01,,,,,,0.49315268,0.49315268,0.49315268
B,MB2_42524,MB2,42524,0,670,0,2018-01-31,2019-12-01,,,,,,0.49315268,0.49315268,0.49315268
B,MB2_42782,MB2,42782,0,670,0,2018-01-31,2019-12-01,,,,,,0.49315268,0.49315268,0.49315268
B,MB2_42794,MB2,42794,0,256,0,2019-03-21,2019-12-01,,,,,,0.49315268,0.49315265,0.49315268
B,MB2_42955,MB2,42955,0,670,0,2018-01-31,2019-12-01,,,,,,0.49315268,0.49315268,0.49315268
B,MB2_42959,MB2,42959,0,670,0,2018-01-31,2019-12-01,,,,,,0.49315268,0.49315268,0.49315268
B,MB2_43083,MB2,43083,0,670,0,2018-01-31,2019-12-01,,,,,,0.49315268,0.49315268,0.49315268
B,MB2_43143,MB2,43143,0,670,0,2018-01-31,2019-12-01,,,,,,0.49315268,0.49315268,0.49315268
B,MB2_43483,MB2,43483,0,670,0,2018-01-31,2019-12-01,,,,,,0.49315268,0.49315268,0.49315268
B,MB2_43537,MB2,43537,0,644,0,2018-01-31,2019-11-05,,,,,,0.49315268,0.49315268,0.49315268
B,MB2_43898,MB2,43898,0,670,0,2018-01-31,2019-12-01,,,,,,0.49315268,0.49315268,0.49315268
B,MB2_43907,MB2,43907,0,670,0,2018-01-31,2019-12-01,,,,,,0.49315268,0.49315268,0.49315268
B,MB2_44079,MB2,44079,0,670,0,2018-01-31,2019-12-01,,,,,,0.49315268,0.49315268,0.49315268
B,MB2_44127,MB2,44127,0,670,0,2018-01-31,2019-12-01,,,,,,0.49315268,0.49315268,0.49315268
B,MB2_44202,MB2,44202,0,670,0,2018-01-31,2019-12-01,,,,,,0.49315268,0.49315268,0.49315268
B,MB2_4424,MB2,4424,0,670,0,2018-01-31,2019-12-01,,,,,,0.49315268,0.49315268,0.49315268
B,MB2_44272,MB2,44272,0,670,0,2018-01-31,2019-12-01,,,,,,0.49315268,0.49315268,0.49315268
B,MB2_44287,MB2,44287,0,670,0,2018-01-31,2019-12-01,,,,,,0.49315268,0.49315268,0.49315268
B,MB2_44495,MB2,44495,0,670,0,2018-01-31,2019-12-01,,,,,,0.49315268,0.49315268,0.49315268
B,MB2_44739,MB2,44739,0,670,0,2018-01-31,2019-12-01,,,,,,0.49315268,0.49315268,0.49315268
B,MB2_44899,MB2,44899,0,670,0,2018-01-31,2019-12-01,,,,,,0.49315268,0.49315268,0.49315268
B,MB2_44970,MB2,44970,0,670,0,2018-01-31,2019-12-01,,,,,,0.49315268,0.49315268,0.49315268
B,MB2_44971,MB2,44971,0,670,0,2018-01-31,2019-12-01,,,,,,0.49315268,0.49315268,0.49315268
B,MB2_45023,MB2,45023,0,77,0,2018-01-31,2018-04-17,,,,,,0.49315268,0.49315268,0.49315268
B,MB2_4514,MB2,4514,0,670,0,2018-01-31,2019-12-01,,,,,,0.49315268,0.49315268,0.49315268
B,MB2_45175,MB2,45175,0,670,0,2018-01-31,2019-12-01,,,,,,0.49315268,0.49315268,0.49315268
B,MB2_4554,MB2,4554,0,670,0,2018-01-31,2019-12-01,,,,,,0.49315268,0.49315268,0.49315268
B,MB2_45676,MB2,45676,0,670,0,2018-01-31,2019-12-01,,,,,,0.49315268,0.49315268,0.49315268
B,MB2_45896,MB2,45896,0,670,0,2018-01-31,2019-12-01,,,,,,0.49315268,0.49315268,0.49315268
B,MB2_46165,MB2,46165,0,670,0,2018-01-31,2019-12-01,,,,,,0.49315268,0.49315268,0.49315268
B,MB2_46191,MB2,46191,0,648,0,2018-02-22,2019-12-01,,,,,,0.49315268,0.49315268,0.49315268
B,MB2_4624,MB2,4624,0,670,0,2018-01-31,2019-12-01,,,,,,0.49315268,0.49315268,0.49315268
B,MB2_46359,MB2,46359,0,670,0,2018-01-31,2019-12-01,,,,,,0.49315268,0.49315268,0.49315268
B,MB2_46457,MB2,46457,0,656,0,2018-01-31,2019-11-17,,,,,,0.49315268,0.49315268,0.49315268
B,MB2_46475,MB2,46475,0,670,0,2018-01-31,2019-12-01,,,,,,0.49315268,0.49315268,0.49315268
B,MB2_46624,MB2,46624,0,670,0,2018-01-31,2019-12-01,,,,,,0.49315268,0.49315268,0.49315268
B,MB2_46750,MB2,46750,0,670,0,2018-01-31,2019-12-01,,,,,,0.49315268,0.49315268,0.49315268
B,MB2_46824,MB2,46824,0,670,0,2018-01-31,2019-12-01,,,,,,0.49315268,0.49315268,0.49315268
B,MB2_46871,MB2,46871,0,670,0,2018-01-31,2019-12-01,,,,,,0.49315268,0.49315268,0.49315268
B,MB2_46942,MB2,46942,0,670,0,2018-01-31,2019-12-01,,,,,,0.49315268,0.49315268,0.49315268
B,MB2_46985,MB2,46985,0,670,0,2018-01-31,2019-12-01,,,,,,0.49315268,0.49315268,0.49315268
B,MB2_47026,MB2,47026,0,670,0,2018-01-31,2019-12-01,,,,,,0.49315268,0.49315268,0.49315268
B,MB2_47034,MB2,47034,0,670,0,2018-01-31,2019-12-01,,,,,,0.49315268,0.49315268,0.49315268
B,MB2_4704,MB2,4704,0,670,0,2018-01-31,2019-12-01,,,,,,0.49315268,0.49315268,0.49315268
B,MB2_47043,MB2,47043,0,667,0,2018-01-31,2019-11-28,,,,,,0.49315268,0.49315262,0.49315268
B,MB2_47154,MB2,47154,0,670,0,2018-01-31,2019-12-01,,,,,,0.49315268,0.49315268,0.49315268
B,MB2_47499,MB2,47499,0,670,0,2018-01-31,2019-12-01,,,,,,0.49315268,0.49315268,0.49315268
B,MB2_47597,MB2,47597,0,670,0,2018-01-31,2019-12-01,,,,,,0.49315268,0.49315268,0.49315268
B,MB2_476,MB2,476,0,634,0,2018-01-31,2019-10-26,,,,,,0.49315268,0.4931527,0.49315268
B,MB2_47719,MB2,47719,0,670,0,2018-01-31,2019-12-01,,,,,,0.49315268,0.49315268,0.49315268
B,MB2_47756,MB2,47756,0,670,0,2018-01-31,2019-12-01,,,,,,0.49315268,0.49315268,0.49315268
B,MB2_47790,MB2,47790,0,383,0,2018-11-14,2019-12-01,,,,,,0.49315268,0.49315268,0.49315268
B,MB2_47840,MB2,47840,0,670,0,2018-01-31,2019-12-01,,,,,,0.49315268,0.49315268,0.49315268
B,MB2_4792,MB2,4792,0,670,0,2018-01-31,2019-12-01,,,,,,0.49315268,0.49315268,0.49315268
B,MB2_48197,MB2,48197,0,339,0,2018-12-28,2019-12-01,,,,,,0.49315268,0.49315262,0.49315268
B,MB2_482,MB2,482,0,634,0,2018-01-31,2019-10-26,,,,,,0.49315268,0.4931527,0.49315268
B,MB2_48334,MB2,48334,0,670,0,2018-01-31,2019-12-01,,,,,,0.49315268,0.49315268,0.49315268
B,MB2_48484,MB2,48484,0,670,0,2018-01-31,2019-12-01,,,,,,0.49315268,0.49315268,0.49315268
B,MB2_48512,MB2,48512,0,670,0,2018-01-31,2019-12-01,,,,,,0.49315268,0.49315268,0.49315268
B,MB2_48585,MB2,48585,0,670,0,2018-01-31,2019-12-01,,,,,,0.49315268,0.49315268,0.49315268
B,MB2_48728,MB2,48728,0,670,0,2018-01-31,2019-12-01,,,,,,0.49315268,0.49315268,0.49315268
B,MB2_48786,MB2,48786,0,670,0,2018-01-31,2019-12-01,,,,,,0.49315268,0.49315268,0.49315268
B,MB2_49072,MB2,49072,0,670,0,2018-01-31,2019-12-01,,,,,,0.49315268,0.49315268,0.49315268
B,MB2_49118,MB2,49118,0,670,0,2018-01-31,2019-12-01,,,,,,0.49315268,0.49315268,0.49315268
B,MB2_4950,MB2,4950,0,670,0,2018-01-31,2019-12-01,,,,,,0.49315268,0.49315268,0.49315268
B,MB2_503,MB2,503,0,670,0,2018-01-31,2019-12-01,,,,,,0.49315268,0.49315268,0.49315268
B,MB2_5088,MB2,5088,0,670,0,2018-01-31,2019-12-01,,,,,,0.49315268,0.49315268,0.49315268
B,MB2_523,MB2,523,0,670,0,2018-01-31,2019-12-01,,,,,,0.49315268,0.49315268,0.49315268
B,MB2_5252,MB2,5252,0,670,0,2018-01-31,2019-12-01,,,,,,0.49315268,0.49315268,0.49315268
B,MB2_5442,MB2,5442,0,670,0,2018-01-31,2019-12-01,,,,,,0.49315268,0.49315268,0.49315268
B,MB2_563,MB2,563,0,670,0,2018-01-31,2019-12-01,,,,,,0.49315268,0.49315268,0.49315268
B,MB2_5884,MB2,5884,0,670,0,2018-01-31,2019-12-01,,,,,,0.49315268,0.49315268,0.49315268
B,MB2_6096,MB2,6096,0,670,0,2018-01-31,2019-12-01,,,,,,0.49315268,0.49315268,0.49315268
B,MB2_6226,MB2,6226,0,670,0,2018-01-31,2019-12-01,,,,,,0.49315268,0.49315268,0.49315268
B,MB2_6298,MB2,6298,0,667,0,2018-01-31,2019-11-28,,,,,,0.49315268,0.49315262,0.49315268
B,MB2_634,MB2,634,0,670,0,2018-01-31,2019-12-01,,,,,,0.49315268,0.49315268,0.49315268
B,MB2_6425,MB2,6425,0,670,0,2018-01-31,2019-12-01,,,,,,0.49315268,0.49315268,0.49315268
B,MB2_6561,MB2,6561,0,670,0,2018-01-31,2019-12-01,,,,,,0.49315268,0.49315268,0.49315268
B,MB2_6730,MB2,6730,0,670,0,2018-01-31,2019-12-01,,,,,,0.49315268,0.49315268,0.49315268
B,MB2_7003,MB2,7003,0,670,0,2018-01-31,2019-12-01,,,,,,0.49315268,0.49315268,0.49315268
B,MB2_7363,MB2,7363,0,670,0,2018-01-31,2019-12-01,,,,,,0.49315268,0.49315268,0.49315268
B,MB2_7476,MB2,7476,0,583,0,2018-01-31,2019-09-05,,,,,,0.49315268,0.49315265,0.49315268
B,MB2_7514,MB2,7514,0,670,0,2018-01-31,2019-12-01,,,,,,0.49315268,0.49315268,0.49315268
B,MB2_7556,MB2,7556,0,670,0,2018-01-31,2019-12-01,,,,,,0.49315268,0.49315268,0.49315268
B,MB2_7597,MB2,7597,0,670,0,2018-01-31,2019-12-01,,,,,,0.49315268,0.49315268,0.49315268
B,MB2_7600,MB2,7600,0,670,0,2018-01-31,2019-12-01,,,,,,0.49315268,0.49315268,0.49315268
B,MB2_7625,MB2,7625,0,670,0,2018-01-31,2019-12-01,,,,,,0.49315268,0.49315268,0.49315268
B,MB2_7687,MB2,7687,0,670,0,2018-01-31,2019-12-01,,,,,,0.49315268,0.49315268,0.49315268
B,MB2_7693,MB2,7693,0,670,0,2018-01-31,2019-12-01,,,,,,0.49315268,0.49315268,0.49315268
B,MB2_7768,MB2,7768,0,670,0,2018-01-31,2019-12-01,,,,,,0.49315268,0.49315268,0.49315268
B,MB2_7968,MB2,7968,0,670,0,2018-01-31,2019-12-01,,,,,,0.49315268,0.49315268,0.49315268
B,MB2_8023,MB2,8023,0,670,0,2018-01-31,2019-12-01,,,,,,0.49315268,0.49315268,0.49315268
B,MB2_8048,MB2,8048,0,670,0,2018-01-31,2019-12-01,,,,,,0.49315268,0.49315268,0.49315268
B,MB2_8078,MB2,8078,0,670,0,2018-01-31,2019-12-01,,,,,,0.49315268,0.49315268,0.49315268
B,MB2_8171,MB2,8171,0,670,0,2018-01-31,2019-12-01,,,,,,0.49315268,0.49315268,0.49315268
B,MB2_8209,MB2,8209,0,670,0,2018-01-31,2019-12-01,,,,,,0.49315268,0.49315268,0.49315268
B,MB2_8332,MB2,8332,0,660,0,2018-01-31,2019-11-21,,,,,,0.49315268,0.49315268,0.49315268
B,MB2_8653,MB2,8653,0,670,0,2018-01-31,2019-12-01,,,,,,0.49315268,0.49315268,0.49315268
B,MB2_8701,MB2,8701,0,670,0,2018-01-31,2019-12-01,,,,,,0.49315268,0.49315268,0.49315268
B,MB2_8734,MB2,8734,0,68,0,2018-01-31,2018-04-08,,,,,,0.49315268,0.49315268,0.49315268
B,MB2_8934,MB2,8934,0,670,0,2018-01-31,2019-12-01,,,,,,0.49315268,0.49315268,0.49315268
B,MB2_8937,MB2,8937,0,670,0,2018-01-31,2019-12-01,,,,,,0.49315268,0.49315268,0.49315268
B,MB2_8948,MB2,8948,0,670,0,2018-01-31,2019-12-01,,,,,,0.49315268,0.49315268,0.49315268
B,MB2_8993,MB2,8993,0,670,0,2018-01-31,2019-12-01,,,,,,0.49315268,0.49315268,0.49315268
B,MB2_9000,MB2,9000,0,670,0,2018-01-31,2019-12-01,,,,,,0.49315268,0.49315268,0.49315268
B,MB2_9078,MB2,9078,0,670,0,2018-01-31,2019-12-01,,,,,,0.49315268,0.49315268,0.49315268
B,MB2_9144,MB2,9144,0,670,0,2018-01-31,2019-12-01,,,,,,0.49315268,0.49315268,0.49315268
B,MB2_9283,MB2,9283,1,384,30,2018-01-31,2019-02-18,2019-01-20,2019-02-18,0.4931526780128479,0.4931526780128479,0.4931526780128479,0.49315268,0.49315265,0.49315268
B,MB2_9332,MB2,9332,0,670,0,2018-01-31,2019-12-01,,,,,,0.49315268,0.49315268,0.49315268
B,MB2_9519,MB2,9519,0,669,0,2018-02-01,2019-12-01,,,,,,0.49315268,0.49315265,0.49315268
B,MB2_9989,MB2,9989,0,670,0,2018-01-31,2019-12-01,,,,,,0.49315268,0.49315268,0.49315268
C,MC1_100012,MC1,100012,0,10,0,2019-11-22,2019-12-01,,,,,,1.2075006e-23,1.2092447e-24,1.2075006e-23
C,MC1_100030,MC1,100030,0,670,0,2018-01-31,2019-12-01,,,,,,0.52856725,0.51153827,0.4940334
C,MC1_100103,MC1,100103,0,670,0,2018-01-31,2019-12-01,,,,,,0.52462393,0.5072358,0.48984584
C,MC1_100124,MC1,100124,0,670,0,2018-01-31,2019-12-01,,,,,,0.5250904,0.5076375,0.4901529
C,MC1_100154,MC1,100154,0,670,0,2018-01-31,2019-12-01,,,,,,0.52872264,0.51516557,0.5011164
C,MC1_100163,MC1,100163,0,577,0,2018-01-31,2019-08-30,,,,,,0.52036315,0.5053181,0.49027264
C,MC1_100249,MC1,100249,1,591,30,2018-01-31,2019-09-13,2019-08-15,2019-09-13,0.5023154616355896,0.5007988810539246,0.5023154616355896,0.60945714,0.5172076,0.5007989
C,MC1_10033,MC1,10033,0,670,0,2018-01-31,2019-12-01,,,,,,0.52279294,0.50533766,0.48797014
C,MC1_100376,MC1,100376,0,670,0,2018-01-31,2019-12-01,,,,,,0.5276612,0.5102279,0.4927793
C,MC1_100470,MC1,100470,0,289,0,2019-02-16,2019-12-01,,,,,,0.52562094,0.5181216,0.5105723
C,MC1_100595,MC1,100595,0,565,0,2018-05-16,2019-12-01,,,,,,0.6438444,0.5051528,0.5037592
C,MC1_100643,MC1,100643,0,430,0,2018-09-28,2019-12-01,,,,,,0.64482695,0.5037598,0.5109029
C,MC1_100921,MC1,100921,0,670,0,2018-01-31,2019-12-01,,,,,,0.5206319,0.50314367,0.48566422
C,MC1_101310,MC1,101310,0,613,0,2018-03-29,2019-12-01,,,,,,0.6427627,0.50155735,0.5014361
C,MC1_10141,MC1,10141,0,594,0,2018-04-17,2019-12-01,,,,,,0.6432828,0.5022023,0.50240886
C,MC1_101457,MC1,101457,0,453,0,2018-09-05,2019-12-01,,,,,,0.5128028,0.5010957,0.48915392
C,MC1_101486,MC1,101486,0,375,0,2018-11-22,2019-12-01,,,,,,0.66050833,0.5047004,0.51392347
C,MC1_101552,MC1,101552,0,203,0,2018-01-31,2018-08-21,,,,,,0.5285924,0.52368283,0.5184445
C,MC1_101665,MC1,101665,0,473,0,2018-08-16,2019-12-01,,,,,,0.6466208,0.50384116,0.5087115
C,MC1_101789,MC1,101789,0,433,0,2018-09-25,2019-12-01,,,,,,0.5759925,0.522882,0.50960815
C,MC1_101877,MC1,101877,0,670,0,2018-01-31,2019-12-01,,,,,,0.52837074,0.51165664,0.4960792
C,MC1_102106,MC1,102106,0,578,0,2018-01-31,2019-08-31,,,,,,0.52758366,0.5125467,0.49744323
C,MC1_102129,MC1,102129,0,453,0,2018-09-05,2019-12-01,,,,,,0.5155186,0.5056606,0.5004897
C,MC1_102327,MC1,102327,0,476,0,2018-01-31,2019-05-21,,,,,,0.52468365,0.5123064,0.50019485
C,MC1_102330,MC1,102330,0,670,0,2018-01-31,2019-12-01,,,,,,0.5258706,0.5084643,0.49169213
C,MC1_102465,MC1,102465,0,593,0,2018-04-18,2019-12-01,,,,,,0.6439668,0.5016707,0.50248057
C,MC1_102576,MC1,102576,0,529,0,2018-06-21,2019-12-01,,,,,,0.64214927,0.49872702,0.50597113
C,MC1_10271,MC1,10271,0,593,0,2018-04-18,2019-12-01,,,,,,0.64457804,0.5015535,0.5024843
C,MC1_102721,MC1,102721,0,670,0,2018-01-31,2019-12-01,,,,,,0.53294736,0.5127651,0.49529755
C,MC1_102907,MC1,102907,0,480,0,2018-08-09,2019-12-01,,,,,,0.5149283,0.5023897,0.4898614
C,MC1_102980,MC1,102980,0,670,0,2018-01-31,2019-12-01,,,,,,0.52808094,0.5117115,0.49438813
C,MC1_103019,MC1,103019,0,619,0,2018-03-23,2019-12-01,,,,,,0.64198375,0.51075804,0.5007575
C,MC1_103151,MC1,103151,0,556,0,2018-05-25,2019-12-01,,,,,,0.6420598,0.50249475,0.5046515
C,MC1_10333,MC1,10333,0,619,0,2018-03-23,2019-12-01,,,,,,0.6420968,0.51104313,0.50149876
C,MC1_103409,MC1,103409,0,613,0,2018-03-29,2019-12-01,,,,,,0.64260453,0.50142026,0.5014427
C,MC1_103741,MC1,103741,0,670,0,2018-01-31,2019-12-01,,,,,,0.52072674,0.5032762,0.48597404
C,MC1_103766,MC1,103766,0,670,0,2018-01-31,2019-12-01,,,,,,0.53293717,0.51277345,0.4953043
C,MC1_103810,MC1,103810,0,670,0,2018-01-31,2019-12-01,,,,,,0.61851007,0.5152938,0.49654445
C,MC1_10385,MC1,10385,0,670,0,2018-01-31,2019-12-01,,,,,,0.5154082,0.49791223,0.48044917
C,MC1_104182,MC1,104182,0,670,0,2018-01-31,2019-12-01,,,,,,0.6421411,0.5173516,0.49728665
C,MC1_104235,MC1,104235,0,670,0,2018-01-31,2019-12-01,,,,,,0.52837384,0.51155907,0.49361768
C,MC1_104337,MC1,104337,0,617,0,2018-01-31,2019-10-09,,,,,,0.52869743,0.51322645,0.49698153
C,MC1_104606,MC1,104606,0,494,0,2018-07-26,2019-12-01,,,,,,0.6440537,0.51510465,0.5069816
C,MC1_104651,MC1,104651,0,535,0,2018-06-15,2019-12-01,,,,,,0.64262575,0.50149053,0.50550705
C,MC1_104837,MC1,104837,0,656,0,2018-02-14,2019-12-01,,,,,,0.641882,0.4990586,0.4993855
C,MC1_104892,MC1,104892,0,335,0,2019-01-01,2019-12-01,,,,,,0.6423836,0.5008408,0.51597756
C,MC1_105051,MC1,105051,0,352,0,2018-09-05,2019-08-22,,,,,,0.5233326,0.5144218,0.50495136
C,MC1_105263,MC1,105263,0,670,0,2018-01-31,2019-12-01,,,,,,0.61104655,0.51504135,0.4967598
C,MC1_105580,MC1,105580,0,670,0,2018-01-31,2019-12-01,,,,,,0.5287382,0.5118084,0.49438587
C,MC1_105685,MC1,105685,0,644,0,2018-02-26,2019-12-01,,,,,,0.0,0.0,0.0
C,MC1_105857,MC1,105857,0,347,0,2018-12-20,2019-12-01,,,,,,0.6428659,0.49795067,0.5153199
C,MC1_105863,MC1,105863,0,347,0,2018-12-20,2019-12-01,,,,,,0.6428659,0.49795005,0.5153181
C,MC1_105873,MC1,105873,0,670,0,2018-01-31,2019-12-01,,,,,,0.52200544,0.50454956,0.48731583
C,MC1_10596,MC1,10596,0,670,0,2018-01-31,2019-12-01,,,,,,0.515362,0.5006388,0.48070115
C,MC1_105962,MC1,105962,0,562,0,2018-05-19,2019-12-01,,,,,,0.52505094,0.49665186,0.51311576
C,MC1_105976,MC1,105976,0,670,0,2018-01-31,2019-12-01,,,,,,0.52242124,0.5049384,0.4874554
C,MC1_105983,MC1,105983,0,503,0,2018-01-31,2019-06-17,,,,,,0.5220076,0.5088899,0.49577054
C,MC1_106059,MC1,106059,0,447,0,2018-09-11,2019-12-01,,,,,,0.6454653,0.50002265,0.51015997
C,MC1_10607,MC1,10607,0,670,0,2018-01-31,2019-12-01,,,,,,0.6194681,0.5152928,0.49640775
C,MC1_106090,MC1,106090,0,670,0,2018-01-31,2019-12-01,,,,,,0.6433556,0.5172388,0.49692708
C,MC1_10610,MC1,10610,0,670,0,2018-01-31,2019-12-01,,,,,,0.5154082,0.4979137,0.48045963
C,MC1_106218,MC1,106218,0,670,0,2018-01-31,2019-12-01,,,,,,0.5273829,0.5099349,0.49243924
C,MC1_106670,MC1,106670,1,430,30,2018-01-31,2019-04-05,2019-03-07,2019-04-05,0.5083135962486267,0.5067946910858154,0.5083135962486267,0.5286819,0.51799613,0.5067947
C,MC1_107096,MC1,107096,0,670,0,2018-01-31,2019-12-01,,,,,,0.5207252,0.5032399,0.48576164
C,MC1_107109,MC1,107109,0,422,0,2018-10-06,2019-12-01,,,,,,0.645818,0.50093716,0.5114085
C,MC1_10719,MC1,10719,0,447,0,2018-09-11,2019-12-01,,,,,,0.6484804,0.51561147,0.5094534
C,MC1_107260,MC1,107260,0,600,0,2018-04-11,2019-12-01,,,,,,0.6429992,0.503066,0.50207686
C,MC1_107312,MC1,107312,0,491,0,2018-07-29,2019-12-01,,,,,,0.64206433,0.50077146,0.50782496
C,MC1_107379,MC1,107379,0,68,0,2019-09-25,2019-12-01,,,,,,0.5283796,0.5268078,0.5250972
C,MC1_107397,MC1,107397,0,670,0,2018-01-31,2019-12-01,,,,,,0.5174433,0.49994537,0.4824753
C,MC1_107453,MC1,107453,0,655,0,2018-02-15,2019-12-01,,,,,,0.6421049,0.50176585,0.4997006
C,MC1_10746,MC1,10746,0,670,0,2018-01-31,2019-12-01,,,,,,0.6432313,0.5104552,0.49806738
C,MC1_107542,MC1,107542,0,670,0,2018-01-31,2019-12-01,,,,,,0.52791184,0.5104841,0.49299288
C,MC1_107564,MC1,107564,0,670,0,2018-01-31,2019-12-01,,,,,,0.52135164,0.50387275,0.48638827
C,MC1_107690,MC1,107690,0,619,0,2018-03-23,2019-12-01,,,,,,0.6418203,0.51102006,0.5007832
C,MC1_107796,MC1,107796,0,670,0,2018-01-31,2019-12-01,,,,,,0.52588445,0.50842386,0.49093372
C,MC1_107820,MC1,107820,0,498,0,2018-03-27,2019-08-06,,,,,,0.6445981,0.50127155,0.5075043
C,MC1_107824,MC1,107824,0,670,0,2018-01-31,2019-12-01,,,,,,0.51542544,0.49796888,0.4807136
C,MC1_107910,MC1,107910,0,670,0,2018-01-31,2019-12-01,,,,,,0.0,0.0,0.0
C,MC1_108218,MC1,108218,0,415,0,2018-10-13,2019-12-01,,,,,,0.6439617,0.5010171,0.51195633
C,MC1_10831,MC1,10831,0,299,0,2019-02-06,2019-12-01,,,,,,0.5066255,0.4988828,0.49125513
C,MC1_108375,MC1,108375,0,670,0,2018-01-31,2019-12-01,,,,,,0.5227408,0.5052587,0.48777464
C,MC1_1084,MC1,1084,0,670,0,2018-01-31,2019-12-01,,,,,,0.5154057,0.49791297,0.4804506
C,MC1_108572,MC1,108572,1,481,30,2018-01-31,2019-05-26,2019-04-27,2019-05-26,0.49786409735679626,0.49634331464767456,0.49786409735679626,0.52142996,0.5088857,0.4963433
C,MC1_108691,MC1,108691,0,670,0,2018-01-31,2019-12-01,,,,,,0.5183028,0.5008745,0.48368105
C,MC1_108791,MC1,108791,0,670,0,2018-01-31,2019-12-01,,,,,,0.5259711,0.5086623,0.49155614
C,MC1_108834,MC1,108834,0,670,0,2018-01-31,2019-12-01,,,,,,0.6419231,0.51778,0.4970924
C,MC1_109123,MC1,109123,0,670,0,2018-01-31,2019-12-01,,,,,,0.64272237,0.5159212,0.49748477
C,MC1_109316,MC1,109316,0,670,0,2018-01-31,2019-12-01,,,,,,0.52427787,0.5068163,0.48933908
C,MC1_109385,MC1,109385,0,670,0,2018-01-31,2019-12-01,,,,,,0.51535046,0.49792376,0.4805182
C,MC1_109538,MC1,109538,0,670,0,2018-01-31,2019-12-01,,,,,,0.5298476,0.5127139,0.4952535
C,MC1_109584,MC1,109584,0,415,0,2018-10-13,2019-12-01,,,,,,0.6425602,0.50198084,0.51172817
C,MC1_109587,MC1,109587,0,415,0,2018-10-13,2019-12-01,,,,,,0.6425602,0.50198376,0.5117274
C,MC1_109628,MC1,109628,0,670,0,2018-01-31,2019-12-01,,,,,,0.5254039,0.5088263,0.49178287
C,MC1_109639,MC1,109639,0,453,0,2018-09-05,2019-12-01,,,,,,0.51282465,0.5011427,0.48917302
C,MC1_109640,MC1,109640,0,670,0,2018-01-31,2019-12-01,,,,,,0.5254576,0.50854653,0.49146846
C,MC1_109680,MC1,109680,0,670,0,2018-01-31,2019-12-01,,,,,,0.5183426,0.50090504,0.48376456
C,MC1_109871,MC1,109871,0,40,0,2019-10-23,2019-12-01,,,,,,0.6439378,0.2675132,0.62412524
C,MC1_110058,MC1,110058,0,670,0,2018-01-31,2019-12-01,,,,,,0.52792627,0.51050186,0.4930094
C,MC1_110074,MC1,110074,0,655,0,2018-02-15,2019-12-01,,,,,,0.6414444,0.50157315,0.4992784
C,MC1_110084,MC1,110084,1,37,30,2018-01-31,2018-03-08,2018-02-07,2018-03-08,0.521536111831665,0.5200228095054626,0.521536111831665,0.52185076,0.52062243,0.5200228
C,MC1_110101,MC1,110101,0,352,0,2018-12-15,2019-12-01,,,,,,0.6456998,0.50116664,0.5157821
C,MC1_110468,MC1,110468,0,670,0,2018-01-31,2019-12-01,,,,,,0.52429116,0.50760365,0.4910159
C,MC1_110516,MC1,110516,0,513,0,2018-07-07,2019-12-01,,,,,,0.6409324,0.50265247,0.5071851
C,MC1_110617,MC1,110617,0,516,0,2018-01-31,2019-06-30,,,,,,0.52041984,0.5069562,0.49350756
C,MC1_110697,MC1,110697,0,670,0,2018-01-31,2019-12-01,,,,,,0.63096017,0.51765203,0.49940193
C,MC1_110730,MC1,110730,0,670,0,2018-01-31,2019-12-01,,,,,,0.6316602,0.51728576,0.49895564
C,MC1_111035,MC1,111035,0,670,0,2018-01-31,2019-12-01,,,,,,0.5259769,0.50874466,0.4918199
C,MC1_111064,MC1,111064,0,670,0,2018-01-31,2019-12-01,,,,,,0.6460379,0.5179068,0.4973275
C,MC1_111143,MC1,111143,0,348,0,2018-10-06,2019-09-18,,,,,,0.64589554,0.49806324,0.51531416
C,MC1_111518,MC1,111518,1,488,30,2018-01-31,2019-06-02,2019-05-04,2019-06-02,0.5028659701347351,0.5013464093208313,0.5028659701347351,0.5259791,0.51348513,0.5013464
C,MC1_111821,MC1,111821,0,453,0,2018-09-05,2019-12-01,,,,,,0.5141458,0.50232345,0.49050486
C,MC1_111967,MC1,111967,0,670,0,2018-01-31,2019-12-01,,,,,,0.5183225,0.5008513,0.48343998
C,MC1_11218,MC1,11218,0,670,0,2018-01-31,2019-12-01,,,,,,0.5287663,0.51187307,0.49443594
C,MC1_11227,MC1,11227,0,670,0,2018-01-31,2019-12-01,,,,,,0.5287663,0.5118731,0.49443594
C,MC1_112337,MC1,112337,0,670,0,2018-01-31,2019-12-01,,,,,,0.53638446,0.51298094,0.4956641
C,MC1_112583,MC1,112583,0,615,0,2018-03-27,2019-12-01,,,,,,0.6427559,0.50167644,0.50133663
C,MC1_112587,MC1,112587,0,615,0,2018-03-27,2019-12-01,,,,,,0.6427559,0.50170887,0.50133663
C,MC1_112834,MC1,112834,0,494,0,2018-07-26,2019-12-01,,,,,,0.64283305,0.51590955,0.5069781
C,MC1_112922,MC1,112922,0,670,0,2018-01-31,2019-12-01,,,,,,0.5291077,0.51244974,0.49506956
C,MC1_113023,MC1,113023,0,433,0,2018-09-25,2019-12-01,,,,,,0.5248344,0.41677842,0.5098337
C,MC1_113391,MC1,113391,0,670,0,2018-01-31,2019-12-01,,,,,,0.5261495,0.5087582,0.49180058
C,MC1_11348,MC1,11348,0,670,0,2018-01-31,2019-12-01,,,,,,0.5184798,0.50100124,0.48354062
C,MC1_113604,MC1,113604,0,670,0,2018-01-31,2019-12-01,,,,,,0.5268256,0.5093932,0.49198437
C,MC1_113758,MC1,113758,0,619,0,2018-03-23,2019-12-01,,,,,,0.6437926,0.5107158,0.50085515
C,MC1_11394,MC1,11394,0,579,0,2018-04-18,2019-11-17,,,,,,0.6425797,0.5086828,0.50279546
C,MC1_11397,MC1,11397,0,579,0,2018-04-18,2019-11-17,,,,,,0.6425797,0.50868237,0.5027948
C,MC1_114142,MC1,114142,0,329,0,2018-09-05,2019-07-30,,,,,,0.5147155,0.50624216,0.49754366
C,MC1_114496,MC1,114496,0,670,0,2018-01-31,2019-12-01,,,,,,0.52152103,0.5044838,0.49123427
C,MC1_114616,MC1,114616,0,656,0,2018-01-31,2019-11-17,,,,,,0.5227443,0.5056853,0.48871925
C,MC1_114847,MC1,114847,0,670,0,2018-01-31,2019-12-01,,,,,,0.6378459,0.51712126,0.4971859
C,MC1_114936,MC1,114936,0,453,0,2018-09-05,2019-12-01,,,,,,0.51284355,0.5010967,0.48919567
C,MC1_11500,MC1,11500,1,608,30,2018-01-31,2019-09-30,2019-09-01,2019-09-30,0.4991023540496826,0.4975787103176117,0.4991023540496826,0.52878743,0.5134515,0.4975787
C,MC1_115035,MC1,115035,0,670,0,2018-01-31,2019-12-01,,,,,,0.5292761,0.5127413,0.49526387
C,MC1_115181,MC1,115181,0,670,0,2018-01-31,2019-12-01,,,,,,0.5208974,0.5034111,0.4859306
C,MC1_115315,MC1,115315,0,670,0,2018-01-31,2019-12-01,,,,,,0.52841777,0.511597,0.49365777
C,MC1_115339,MC1,115339,0,415,0,2018-10-13,2019-12-01,,,,,,0.643639,0.5016133,0.5117689
C,MC1_115411,MC1,115411,0,597,0,2018-04-14,2019-12-01,,,,,,0.64635295,0.5060764,0.5020257
C,MC1_115414,MC1,115414,0,597,0,2018-04-14,2019-12-01,,,,,,0.64635295,0.5060757,0.5020249
C,MC1_1155,MC1,1155,0,670,0,2018-01-31,2019-12-01,,,,,,0.6376053,0.5162001,0.49668545
C,MC1_115526,MC1,115526,0,669,0,2018-02-01,2019-12-01,,,,,,0.5268227,0.5093455,0.49186558
C,MC1_115630,MC1,115630,0,619,0,2018-03-23,2019-12-01,,,,,,0.64198375,0.51077354,0.5007764
C,MC1_115743,MC1,115743,0,670,0,2018-01-31,2019-12-01,,,,,,0.52791846,0.51053166,0.4930633
C,MC1_115779,MC1,115779,0,577,0,2018-01-31,2019-08-30,,,,,,0.5276022,0.5125973,0.49756527
C,MC1_115859,MC1,115859,0,446,0,2018-09-12,2019-12-01,,,,,,0.6457061,0.501192,0.51014966
C,MC1_115932,MC1,115932,0,670,0,2018-01-31,2019-12-01,,,,,,0.5291466,0.512805,0.49569333
C,MC1_115974,MC1,115974,0,670,0,2018-01-31,2019-12-01,,,,,,0.5221835,0.50469595,0.48721236
C,MC1_116044,MC1,116044,0,670,0,2018-01-31,2019-12-01,,,,,,0.5201589,0.5027229,0.4864565
C,MC1_11615,MC1,11615,0,670,0,2018-01-31,2019-12-01,,,,,,0.52562743,0.50835323,0.49263266
C,MC1_116170,MC1,116170,0,254,0,2019-03-23,2019-12-01,,,,,,0.65536684,0.4942532,0.52098554
C,MC1_116208,MC1,116208,0,670,0,2018-01-31,2019-12-01,,,,,,0.52315277,0.5056769,0.48819086
C,MC1_11623,MC1,11623,0,464,0,2018-08-25,2019-12-01,,,,,,0.6427587,0.50072825,0.5094837
C,MC1_116282,MC1,116282,0,670,0,2018-01-31,2019-12-01,,,,,,0.5279091,0.5104776,0.4929868
C,MC1_116291,MC1,116291,0,670,0,2018-01-31,2019-12-01,,,,,,0.5279042,0.5104747,0.49298418
C,MC1_116537,MC1,116537,0,660,0,2018-02-10,2019-12-01,,,,,,0.6431291,0.50231075,0.4990105
C,MC1_116709,MC1,116709,0,670,0,2018-01-31,2019-12-01,,,,,,0.5182176,0.5008093,0.4834578
C,MC1_116744,MC1,116744,0,598,0,2018-04-13,2019-12-01,,,,,,0.6416471,0.50161576,0.50221545
C,MC1_116768,MC1,116768,0,670,0,2018-01-31,2019-12-01,,,,,,0.5268336,0.50945574,0.49269146
C,MC1_117013,MC1,117013,0,594,0,2018-04-17,2019-12-01,,,,,,0.6437684,0.5019117,0.50246936
C,MC1_117125,MC1,117125,0,660,0,2018-01-31,2019-11-21,,,,,,0.51535416,0.49812123,0.48096815
C,MC1_117225,MC1,117225,0,670,0,2018-01-31,2019-12-01,,,,,,0.5259711,0.50864613,0.49217355
C,MC1_117409,MC1,117409,0,670,0,2018-01-31,2019-12-01,,,,,,0.6425027,0.5172872,0.49729908
C,MC1_117413,MC1,117413,0,670,0,2018-01-31,2019-12-01,,,,,,0.6425027,0.51728725,0.49729908
C,MC1_117425,MC1,117425,0,670,0,2018-01-31,2019-12-01,,,,,,0.52827835,0.5115819,0.49461308
C,MC1_117615,MC1,117615,0,670,0,2018-01-31,2019-12-01,,,,,,0.5174932,0.50031316,0.4827645
C,MC1_117807,MC1,117807,0,670,0,2018-01-31,2019-12-01,,,,,,0.52088517,0.50339943,0.4859191
C,MC1_117827,MC1,117827,0,670,0,2018-01-31,2019-12-01,,,,,,0.53343916,0.51277375,0.49530575
C,MC1_118255,MC1,118255,0,670,0,2018-01-31,2019-12-01,,,,,,0.6034125,0.5147528,0.4963617
C,MC1_118328,MC1,118328,0,656,0,2018-02-14,2019-12-01,,,,,,0.6421401,0.50159967,0.49976724
C,MC1_118431,MC1,118431,0,670,0,2018-01-31,2019-12-01,,,,,,0.64266026,0.5175938,0.49730653
C,MC1_118512,MC1,118512,0,408,0,2018-10-20,2019-12-01,,,,,,0.64036566,0.50461406,0.5169171
C,MC1_118527,MC1,118527,0,418,0,2018-10-10,2019-12-01,,,,,,0.64245224,0.50432026,0.51145935
C,MC1_11863,MC1,11863,0,670,0,2018-01-31,2019-12-01,,,,,,0.5227936,0.5053172,0.4878376
C,MC1_11879,MC1,11879,0,327,0,2019-01-09,2019-12-01,,,,,,0.6410998,0.4957876,0.5164137
C,MC1_118835,MC1,118835,0,670,0,2018-01-31,2019-12-01,,,,,,0.52853185,0.51673037,0.5036079
C,MC1_118923,MC1,118923,0,76,0,2019-09-17,2019-12-01,,,,,,0.6404116,0.4037756,0.5289513
C,MC1_119036,MC1,119036,0,670,0,2018-01-31,2019-12-01,,,,,,0.51744044,0.49999446,0.48302022
C,MC1_119096,MC1,119096,0,453,0,2018-09-05,2019-12-01,,,,,,0.51166546,0.49995998,0.488022
C,MC1_119317,MC1,119317,0,556,0,2018-05-25,2019-12-01,,,,,,0.6418651,0.5032533,0.50461644
C,MC1_119336,MC1,119336,0,459,0,2018-08-30,2019-12-01,,,,,,0.64182186,0.50218666,0.5094151
C,MC1_119361,MC1,119361,0,670,0,2018-01-31,2019-12-01,,,,,,0.52812254,0.5140521,0.49601978
C,MC1_119468,MC1,119468,0,558,0,2018-05-23,2019-12-01,,,,,,0.641926,0.50213885,0.50427413
C,MC1_11948,MC1,11948,0,670,0,2018-01-31,2019-12-01,,,,,,0.52088886,0.5034028,0.4859236
C,MC1_119554,MC1,119554,0,503,0,2018-01-31,2019-06-17,,,,,,0.52042204,0.5073105,0.4941873
C,MC1_11968,MC1,11968,0,670,0,2018-01-31,2019-12-01,,,,,,0.5154485,0.49795625,0.4805135
C,MC1_119985,MC1,119985,0,670,0,2018-01-31,2019-12-01,,,,,,0.5208008,0.50384724,0.4866499
C,MC1_120203,MC1,120203,0,415,0,2018-10-13,2019-12-01,,,,,,0.6448371,0.50039387,0.5118225
C,MC1_12022,MC1,12022,0,670,0,2018-01-31,2019-12-01,,,,,,0.52142894,0.50457627,0.49231648
C,MC1_12045,MC1,12045,0,657,0,2018-02-13,2019-12-01,,,,,,0.6440288,0.49873564,0.49933165
C,MC1_120464,MC1,120464,0,669,0,2018-01-31,2019-11-30,,,,,,0.5282292,0.5129087,0.4997283
C,MC1_120689,MC1,120689,0,670,0,2018-01-31,2019-12-01,,,,,,0.5260729,0.50861686,0.4911267
C,MC1_120814,MC1,120814,0,670,0,2018-01-31,2019-12-01,,,,,,0.52650017,0.5095567,0.49232554
C,MC1_121008,MC1,121008,0,670,0,2018-01-31,2019-12-01,,,,,,0.6421411,0.517352,0.49728504
C,MC1_121051,MC1,121051,0,433,0,2018-09-25,2019-12-01,,,,,,0.52482635,0.41891232,0.50978523
C,MC1_121170,MC1,121170,0,83,0,2019-09-10,2019-12-01,,,,,,0.64436245,0.41714767,0.5290705
C,MC1_12120,MC1,12120,0,670,0,2018-01-31,2019-12-01,,,,,,0.529142,0.51271087,0.49501643
C,MC1_121281,MC1,121281,0,473,0,2018-08-16,2019-12-01,,,,,,0.646019,0.5034572,0.5086672
C,MC1_121355,MC1,121355,0,557,0,2018-05-24,2019-12-01,,,,,,0.6410134,0.50277025,0.50458246
C,MC1_121452,MC1,121452,0,670,0,2018-01-31,2019-12-01,,,,,,0.52350485,0.50602365,0.48853734
C,MC1_121462,MC1,121462,0,479,0,2018-08-10,2019-12-01,,,,,,0.63964754,0.5004369,0.5086028
C,MC1_121489,MC1,121489,0,639,0,2018-01-31,2019-10-31,,,,,,0.52361923,0.5069606,0.4902701
C,MC1_121781,MC1,121781,0,670,0,2018-01-31,2019-12-01,,,,,,0.6041033,0.51500106,0.4979883
C,MC1_121911,MC1,121911,0,321,0,2019-01-15,2019-12-01,,,,,,0.64328575,0.49627048,0.5166885
C,MC1_121926,MC1,121926,0,658,0,2018-01-31,2019-11-19,,,,,,0.5213549,0.5041866,0.48702347
C,MC1_122072,MC1,122072,0,670,0,2018-01-31,2019-12-01,,,,,,0.51851666,0.5010406,0.48357
C,MC1_122086,MC1,122086,0,619,0,2018-03-23,2019-12-01,,,,,,0.64524466,0.51301134,0.50061554
C,MC1_122124,MC1,122124,0,670,0,2018-01-31,2019-12-01,,,,,,0.51812637,0.500674,0.48438686
C,MC1_122154,MC1,122154,0,670,0,2018-01-31,2019-12-01,,,,,,0.5290674,0.51234716,0.49491438
C,MC1_122179,MC1,122179,0,670,0,2018-01-31,2019-12-01,,,,,,0.52253497,0.50515217,0.48783296
C,MC1_122188,MC1,122188,0,670,0,2018-01-31,2019-12-01,,,,,,0.5153467,0.49794436,0.4807715
C,MC1_122381,MC1,122381,0,594,0,2018-04-17,2019-12-01,,,,,,0.6426863,0.50166947,0.5024666
C,MC1_122737,MC1,122737,0,670,0,2018-01-31,2019-12-01,,,,,,0.5194911,0.5020414,0.4847934
C,MC1_122934,MC1,122934,0,562,0,2018-05-19,2019-12-01,,,,,,0.5183434,0.50366884,0.48899162
C,MC1_122940,MC1,122940,0,24,0,2019-11-08,2019-12-01,,,,,,0.64311916,0.3681171,0.6366383
C,MC1_1230,MC1,1230,0,310,0,2019-01-26,2019-12-01,,,,,,0.6461795,0.5014293,0.5171042
C,MC1_123030,MC1,123030,0,619,0,2018-03-23,2019-12-01,,,,,,0.6450787,0.51402736,0.50035554
C,MC1_123281,MC1,123281,0,670,0,2018-01-31,2019-12-01,,,,,,0.52856636,0.5114455,0.49398893
C,MC1_123403,MC1,123403,0,656,0,2018-01-31,2019-11-17,,,,,,0.5204157,0.50334495,0.4864833
C,MC1_123545,MC1,123545,0,670,0,2018-01-31,2019-12-01,,,,,,0.52835745,0.5117957,0.49925372
C,MC1_123826,MC1,123826,0,670,0,2018-01-31,2019-12-01,,,,,,0.5260993,0.50864273,0.49115142
C,MC1_123834,MC1,123834,0,670,0,2018-01-31,2019-12-01,,,,,,0.52597976,0.50860417,0.49128053
C,MC1_123923,MC1,123923,0,575,0,2018-05-06,2019-12-01,,,,,,0.64413,0.5050682,0.5032312
C,MC1_124033,MC1,124033,1,327,30,2018-01-31,2018-12-23,2018-11-24,2018-12-23,0.5114167332649231,0.5098772048950195,0.5114167332649231,0.52687716,0.5183949,0.5098772
C,MC1_124041,MC1,124041,0,670,0,2018-01-31,2019-12-01,,,,,,0.5275749,0.5101211,0.49263117
C,MC1_124321,MC1,124321,0,460,0,2018-08-29,2019-12-01,,,,,,0.6428206,0.5014602,0.5093919
C,MC1_124367,MC1,124367,0,670,0,2018-01-31,2019-12-01,,,,,,0.5275956,0.5101435,0.4926528
C,MC1_124415,MC1,124415,0,108,0,2019-08-02,2019-11-17,,,,,,0.6348572,0.35984233,0.5279644
C,MC1_124625,MC1,124625,0,306,0,2019-01-30,2019-12-01,,,,,,0.6458892,0.4960519,0.51747006
C,MC1_124849,MC1,124849,0,670,0,2018-01-31,2019-12-01,,,,,,0.5186412,0.50132203,0.48388985
C,MC1_124953,MC1,124953,0,670,0,2018-01-31,2019-12-01,,,,,,0.57994664,0.5139224,0.49595356
C,MC1_125438,MC1,125438,0,670,0,2018-01-31,2019-12-01,,,,,,0.5203671,0.50289273,0.48543736
C,MC1_125473,MC1,125473,0,670,0,2018-01-31,2019-12-01,,,,,,0.52274865,0.505264,0.4877818
C,MC1_125588,MC1,125588,0,670,0,2018-01-31,2019-12-01,,,,,,0.5328821,0.51276445,0.4952968
C,MC1_125602,MC1,125602,0,670,0,2018-01-31,2019-12-01,,,,,,0.5291278,0.5123988,0.49492234
C,MC1_125636,MC1,125636,0,656,0,2018-01-31,2019-11-17,,,,,,0.52931255,0.5130743,0.49601397
C,MC1_125869,MC1,125869,0,670,0,2018-01-31,2019-12-01,,,,,,0.527417,0.5126933,0.49735287
C,MC1_125925,MC1,125925,0,670,0,2018-01-31,2019-12-01,,,,,,0.52748483,0.5100398,0.492549
C,MC1_126038,MC1,126038,0,315,0,2019-01-21,2019-12-01,,,,,,0.6427362,0.50127846,0.51727873
C,MC1_126069,MC1,126069,0,670,0,2018-01-31,2019-12-01,,,,,,0.52910185,0.513012,0.49633655
C,MC1_12610,MC1,12610,0,670,0,2018-01-31,2019-12-01,,,,,,0.5281537,0.5116022,0.4951783
C,MC1_126116,MC1,126116,0,670,0,2018-01-31,2019-12-01,,,,,,0.5291261,0.5124752,0.495156
C,MC1_126125,MC1,126125,1,622,30,2018-01-31,2019-10-14,2019-09-15,2019-10-14,0.4951344132423401,0.4936201274394989,0.4951344132423401,0.5259809,0.5097881,0.49362013
C,MC1_126254,MC1,126254,0,599,0,2018-01-31,2019-09-21,,,,,,0.5231579,0.50754666,0.49189955
C,MC1_126644,MC1,126644,0,513,0,2018-07-07,2019-12-01,,,,,,0.64144653,0.5015461,0.50664765
C,MC1_126955,MC1,126955,0,670,0,2018-01-31,2019-12-01,,,,,,0.5203639,0.50288826,0.4854623
C,MC1_126972,MC1,126972,0,391,0,2018-11-06,2019-12-01,,,,,,0.6379672,0.49836072,0.51305294
C,MC1_126974,MC1,126974,0,391,0,2018-11-06,2019-12-01,,,,,,0.6379672,0.49836063,0.51305294
C,MC1_127075,MC1,127075,0,453,0,2018-09-05,2019-12-01,,,,,,0.5177238,0.5059993,0.49407512
C,MC1_1271,MC1,1271,0,507,0,2018-01-31,2019-06-21,,,,,,0.52036315,0.5071319,0.49390802
C,MC1_127186,MC1,127186,0,491,0,2018-07-29,2019-12-01,,,,,,0.64251274,0.50075644,0.50782317
C,MC1_127198,MC1,127198,0,670,0,2018-01-31,2019-12-01,,,,,,0.52608174,0.5086669,0.4912372
C,MC1_127342,MC1,127342,0,341,0,2018-12-26,2019-12-01,,,,,,0.64245224,0.49631292,0.5156767
C,MC1_127493,MC1,127493,0,132,0,2018-01-31,2018-06-11,,,,,,0.52848464,0.52561855,0.5223239
C,MC1_127655,MC1,127655,0,617,0,2018-01-31,2019-10-09,,,,,,0.52868885,0.5132124,0.49696627
C,MC1_127740,MC1,127740,0,639,0,2018-02-01,2019-11-01,,,,,,0.5232661,0.506564,0.4899259
C,MC1_12779,MC1,12779,0,670,0,2018-01-31,2019-12-01,,,,,,0.52867925,0.5117169,0.4942273
C,MC1_127835,MC1,127835,1,308,29,2018-10-17,2019-08-20,2019-07-23,2019-08-20,0.518839418888092,0.5173704624176025,0.518839418888092,0.6443737,0.4959357,0.51737046
C,MC1_128003,MC1,128003,0,670,0,2018-01-31,2019-12-01,,,,,,0.52092665,0.50346,0.48601893
C,MC1_128037,MC1,128037,0,670,0,2018-01-31,2019-12-01,,,,,,0.6189509,0.5152755,0.49640447
C,MC1_128121,MC1,128121,0,463,0,2018-08-26,2019-12-01,,,,,,0.64225566,0.5015335,0.5092296
C,MC1_128150,MC1,128150,0,670,0,2018-01-31,2019-12-01,,,,,,0.528295,0.5109927,0.49351558
C,MC1_128276,MC1,128276,0,597,0,2018-04-14,2019-12-01,,,,,,0.64653665,0.50479287,0.50214046
C,MC1_128278,MC1,128278,0,597,0,2018-04-14,2019-12-01,,,,,,0.64653665,0.5047917,0.5021355
C,MC1_128447,MC1,128447,0,670,0,2018-01-31,2019-12-01,,,,,,0.5280411,0.5106886,0.49320355
C,MC1_128517,MC1,128517,0,670,0,2018-01-31,2019-12-01,,,,,,0.52914196,0.51270205,0.49525768
C,MC1_128590,MC1,128590,0,527,0,2018-06-23,2019-12-01,,,,,,0.64205915,0.52180207,0.50436556
C,MC1_129240,MC1,129240,0,639,0,2018-03-03,2019-12-01,,,,,,0.5291567,0.51332426,0.49666527
C,MC1_129390,MC1,129390,0,642,0,2018-02-28,2019-12-01,,,,,,0.6426863,0.5027705,0.50022906
C,MC1_129444,MC1,129444,0,670,0,2018-01-31,2019-12-01,,,,,,0.52330244,0.50587094,0.4884223
C,MC1_129774,MC1,129774,0,670,0,2018-01-31,2019-12-01,,,,,,0.52815133,0.51159763,0.49517307
C,MC1_129821,MC1,129821,0,565,0,2018-05-16,2019-12-01,,,,,,0.6428283,0.5061692,0.5036786
C,MC1_12988,MC1,12988,1,626,29,2018-01-31,2019-10-18,2019-09-20,2019-10-18,0.49915456771850586,0.4976882338523865,0.49915456771850586,0.5290939,0.51365113,0.49768823
C,MC1_129906,MC1,129906,0,670,0,2018-01-31,2019-12-01,,,,,,0.5225637,0.5063999,0.48761576
C,MC1_129913,MC1,129913,0,415,0,2018-10-13,2019-12-01,,,,,,0.64326286,0.500554,0.511746
C,MC1_129940,MC1,129940,0,670,0,2018-01-31,2019-12-01,,,,,,0.6426691,0.51009136,0.49812487
C,MC1_129961,MC1,129961,0,421,0,2018-10-07,2019-12-01,,,,,,0.6444053,0.50058943,0.5118541
C,MC1_130000,MC1,130000,0,670,0,2018-01-31,2019-12-01,,,,,,0.52608085,0.5080195,0.491237
C,MC1_130025,MC1,130025,0,670,0,2018-01-31,2019-12-01,,,,,,0.5207223,0.5032492,0.48587558
C,MC1_13015,MC1,13015,0,45,0,2018-08-04,2018-09-17,,,,,,0.64394975,0.33039865,0.5922071
C,MC1_130186,MC1,130186,0,670,0,2018-01-31,2019-12-01,,,,,,0.52036643,0.50287426,0.48539478
C,MC1_130233,MC1,130233,0,670,0,2018-01-31,2019-12-01,,,,,,0.5203957,0.50290763,0.48542964
C,MC1_130425,MC1,130425,0,670,0,2018-01-31,2019-12-01,,,,,,0.6430651,0.5178528,0.49719697
C,MC1_130438,MC1,130438,0,670,0,2018-01-31,2019-12-01,,,,,,0.5283745,0.51165646,0.49607956
C,MC1_130497,MC1,130497,1,417,26,2018-10-06,2019-11-26,2019-10-28,2019-11-26,0.5132322311401367,0.5117315053939819,0.5132322311401367,0.6455531,0.5004723,0.5117315
C,MC1_130543,MC1,130543,0,527,0,2018-06-23,2019-12-01,,,,,,0.5290981,0.5169864,0.50392896
C,MC1_1306,MC1,1306,0,510,0,2018-07-10,2019-12-01,,,,,,0.64369947,0.5011942,0.5068298
C,MC1_130668,MC1,130668,0,670,0,2018-01-31,2019-12-01,,,,,,0.5207249,0.503244,0.48577583
C,MC1_130674,MC1,130674,1,671,25,2018-01-31,2019-12-02,2019-11-03,2019-12-02,0.0,0.0,0.0,0.52074254,0.31910855,0.0
C,MC1_130701,MC1,130701,0,670,0,2018-01-31,2019-12-01,,,,,,0.5187954,0.50137717,0.48398617
C,MC1_130748,MC1,130748,0,564,0,2018-05-03,2019-11-17,,,,,,0.64389634,0.5031802,0.5039162
C,MC1_130769,MC1,130769,0,513,0,2018-07-07,2019-12-01,,,,,,0.6421303,0.50229436,0.5067935
C,MC1_131105,MC1,131105,0,670,0,2018-01-31,2019-12-01,,,,,,0.61364305,0.51507753,0.4964583
C,MC1_131227,MC1,131227,0,670,0,2018-01-31,2019-12-01,,,,,,0.5269486,0.510857,0.493678
C,MC1_131280,MC1,131280,0,670,0,2018-01-31,2019-12-01,,,,,,0.52685404,0.5094034,0.49192366
C,MC1_131302,MC1,131302,0,415,0,2018-10-13,2019-12-01,,,,,,0.64411914,0.5006908,0.5117895
C,MC1_13138,MC1,13138,0,543,0,2018-05-08,2019-11-01,,,,,,0.5229674,0.5090679,0.49533254
C,MC1_13139,MC1,13139,0,543,0,2018-05-08,2019-11-01,,,,,,0.5229674,0.50906885,0.49533468
C,MC1_131621,MC1,131621,1,462,29,2018-01-31,2019-05-07,2019-04-08,2019-05-07,0.4978850185871124,0.4963679909706116,0.4978850185871124,0.52042073,0.5083736,0.496368
C,MC1_131735,MC1,131735,0,670,0,2018-01-31,2019-12-01,,,,,,0.5268219,0.50936925,0.4918758
C,MC1_13174,MC1,13174,0,670,0,2018-01-31,2019-12-01,,,,,,0.5207274,0.50521356,0.49543124
C,MC1_131928,MC1,131928,0,670,0,2018-01-31,2019-12-01,,,,,,0.52062565,0.50313836,0.48565948
C,MC1_131984,MC1,131984,0,670,0,2018-01-31,2019-12-01,,,,,,0.51536137,0.49799222,0.483031
C,MC1_132006,MC1,132006,0,479,0,2018-08-10,2019-12-01,,,,,,0.6423993,0.50083506,0.50844777
C,MC1_132025,MC1,132025,1,470,17,2018-01-31,2019-05-15,2019-04-29,2019-05-15,0.49705639481544495,0.49621936678886414,0.49705639481544495,0.52072465,0.5084686,0.49621937
C,MC1_132054,MC1,132054,0,558,0,2018-05-23,2019-12-01,,,,,,0.6413906,0.5017726,0.50430506
C,MC1_132070,MC1,132070,0,670,0,2018-01-31,2019-12-01,,,,,,0.6412074,0.5172438,0.49721384
C,MC1_132096,MC1,132096,0,438,0,2018-09-20,2019-12-01,,,,,,0.646119,0.50133955,0.51061237
C,MC1_132426,MC1,132426,0,656,0,2018-01-31,2019-11-17,,,,,,0.5219814,0.5048738,0.48780835
C,MC1_132446,MC1,132446,0,670,0,2018-01-31,2019-12-01,,,,,,0.5224583,0.5049854,0.48754838
C,MC1_132481,MC1,132481,0,655,0,2018-02-15,2019-12-01,,,,,,0.64233917,0.50160205,0.4992658
C,MC1_132936,MC1,132936,0,670,0,2018-01-31,2019-12-01,,,,,,0.57965225,0.51391554,0.49595216
C,MC1_132963,MC1,132963,0,670,0,2018-01-31,2019-12-01,,,,,,0.520798,0.5038662,0.48668355
C,MC1_132988,MC1,132988,0,671,0,2018-01-30,2019-12-01,,,,,,0.5268935,0.50885546,0.4919514
C,MC1_133007,MC1,133007,0,670,0,2018-01-31,2019-12-01,,,,,,0.5225954,0.506852,0.48764706
C,MC1_133044,MC1,133044,1,335,30,2018-01-31,2018-12-31,2018-12-02,2018-12-31,0.5125517845153809,0.5110092759132385,0.5125517845153809,0.52829224,0.5197404,0.5110093
C,MC1_133323,MC1,133323,0,654,0,2018-02-16,2019-12-01,,,,,,0.6440967,0.50719833,0.49900776
C,MC1_133340,MC1,133340,0,670,0,2018-01-31,2019-12-01,,,,,,0.521434,0.50443244,0.48780847
C,MC1_133403,MC1,133403,0,594,0,2018-04-17,2019-12-01,,,,,,0.641507,0.5018407,0.50244474
C,MC1_133413,MC1,133413,0,670,0,2018-01-31,2019-12-01,,,,,,0.5279042,0.5104748,0.49298355
C,MC1_133552,MC1,133552,0,670,0,2018-01-31,2019-12-01,,,,,,0.52509475,0.50764215,0.4901662
C,MC1_133902,MC1,133902,0,594,0,2018-04-17,2019-12-01,,,,,,0.6421573,0.50173604,0.5024635
C,MC1_133912,MC1,133912,0,670,0,2018-01-31,2019-12-01,,,,,,0.6421573,0.5177981,0.4971562
C,MC1_13400,MC1,13400,0,556,0,2018-05-25,2019-12-01,,,,,,0.6421729,0.5025696,0.50464517
C,MC1_134063,MC1,134063,0,670,0,2018-01-31,2019-12-01,,,,,,0.51850665,0.50104916,0.48361623
C,MC1_134232,MC1,134232,0,670,0,2018-01-31,2019-12-01,,,,,,0.63915586,0.51669776,0.4971702
C,MC1_134437,MC1,134437,0,451,0,2018-09-07,2019-12-01,,,,,,0.6416903,0.5025111,0.51003087
C,MC1_134501,MC1,134501,0,468,0,2018-08-21,2019-12-01,,,,,,0.52478343,0.5131946,0.50034976
C,MC1_134520,MC1,134520,0,559,0,2018-05-22,2019-12-01,,,,,,0.6420281,0.50183594,0.50424045
C,MC1_134554,MC1,134554,0,497,0,2018-07-21,2019-11-29,,,,,,0.64423954,0.5026164,0.5077807
C,MC1_134628,MC1,134628,0,670,0,2018-01-31,2019-12-01,,,,,,0.5209332,0.5034916,0.4862483
C,MC1_134634,MC1,134634,0,63,0,2018-02-17,2018-04-20,,,,,,0.6444176,0.38318777,0.5290708
C,MC1_134668,MC1,134668,0,670,0,2018-01-31,2019-12-01,,,,,,0.52607507,0.50862736,0.49117324
C,MC1_134684,MC1,134684,0,597,0,2018-04-14,2019-12-01,,,,,,0.6472204,0.5056873,0.5020933
C,MC1_134687,MC1,134687,0,597,0,2018-04-14,2019-12-01,,,,,,0.6472204,0.50568175,0.5020818
C,MC1_134941,MC1,134941,0,557,0,2018-05-24,2019-12-01,,,,,,0.64131975,0.5016585,0.5043499
C,MC1_135059,MC1,135059,0,670,0,2018-01-31,2019-12-01,,,,,,0.0,0.0,0.0
C,MC1_135144,MC1,135144,0,670,0,2018-01-31,2019-12-01,,,,,,0.6407954,0.5163804,0.4967268
C,MC1_135185,MC1,135185,0,670,0,2018-01-31,2019-12-01,,,,,,0.51744485,0.49998224,0.4826138
C,MC1_135355,MC1,135355,0,661,0,2018-02-09,2019-12-01,,,,,,0.64231604,0.49812803,0.4991472
C,MC1_135388,MC1,135388,0,670,0,2018-01-31,2019-12-01,,,,,,0.52597183,0.50855803,0.49109066
C,MC1_135423,MC1,135423,0,619,0,2018-03-23,2019-12-01,,,,,,0.6420968,0.44694763,0.0
C,MC1_135427,MC1,135427,0,173,0,2019-06-12,2019-12-01,,,,,,0.6405193,0.47173542,0.52447265
C,MC1_135532,MC1,135532,0,670,0,2018-01-31,2019-12-01,,,,,,0.52911377,0.5123857,0.49492356
C,MC1_135637,MC1,135637,0,670,0,2018-01-31,2019-12-01,,,,,,0.64259976,0.517275,0.49695197
C,MC1_135733,MC1,135733,0,670,0,2018-01-31,2019-12-01,,,,,,0.638849,0.5168013,0.49759856
C,MC1_135819,MC1,135819,0,670,0,2018-01-31,2019-12-01,,,,,,0.6432826,0.5104984,0.49818853
C,MC1_13584,MC1,13584,0,460,0,2018-08-29,2019-12-01,,,,,,0.6424047,0.50176334,0.50968117
C,MC1_135986,MC1,135986,0,310,0,2019-01-26,2019-12-01,,,,,,0.6419255,0.49691585,0.5172106
C,MC1_136091,MC1,136091,0,447,0,2018-09-11,2019-12-01,,,,,,0.6422286,0.500318,0.5101168
C,MC1_136228,MC1,136228,0,557,0,2018-05-24,2019-12-01,,,,,,0.641443,0.5026853,0.5042918
C,MC1_136625,MC1,136625,0,527,0,2018-06-23,2019-12-01,,,,,,0.59862036,0.518489,0.5036212
C,MC1_136682,MC1,136682,0,452,0,2018-09-06,2019-12-01,,,,,,0.6416794,0.5006298,0.509843
C,MC1_13670,MC1,13670,0,416,0,2018-10-12,2019-12-01,,,,,,0.6416299,0.50068253,0.51172066
C,MC1_136859,MC1,136859,0,558,0,2018-05-23,2019-12-01,,,,,,0.64231914,0.50237215,0.5042646
C,MC1_136979,MC1,136979,0,482,0,2018-08-07,2019-12-01,,,,,,0.6455164,0.50271755,0.50827855
C,MC1_137196,MC1,137196,0,644,0,2018-02-26,2019-12-01,,,,,,0.6161222,0.5158295,0.49767154
C,MC1_13730,MC1,13730,0,670,0,2018-01-31,2019-12-01,,,,,,0.5281529,0.51158416,0.49513495
C,MC1_137394,MC1,137394,0,670,0,2018-01-31,2019-12-01,,,,,,0.52613646,0.5086938,0.49123925
C,MC1_137514,MC1,137514,0,670,0,2018-01-31,2019-12-01,,,,,,0.63020843,0.518336,0.5005549
C,MC1_137564,MC1,137564,0,670,0,2018-01-31,2019-12-01,,,,,,0.5287898,0.51188326,0.49460363
C,MC1_13773,MC1,13773,0,439,0,2018-09-05,2019-11-17,,,,,,0.5125841,0.5011387,0.48967975
C,MC1_137866,MC1,137866,1,671,25,2018-01-31,2019-12-02,2019-11-03,2019-12-02,0.4978788197040558,0.49637556076049805,0.4978788197040558,0.6171467,0.51518685,0.49637556
C,MC1_137945,MC1,137945,0,566,0,2018-05-15,2019-12-01,,,,,,0.6431727,0.50602007,0.5036371
C,MC1_137956,MC1,137956,0,670,0,2018-01-31,2019-12-01,,,,,,0.5261357,0.5087461,0.49144936
C,MC1_138052,MC1,138052,1,666,26,2018-01-31,2019-11-27,2019-10-29,2019-11-27,0.4955090880393982,0.4940105974674225,0.4955090880393982,0.52802277,0.5111505,0.4940106
C,MC1_138053,MC1,138053,0,572,0,2018-05-09,2019-12-01,,,,,,0.51778257,0.24565578,0.50349283
C,MC1_138066,MC1,138066,0,310,0,2019-01-26,2019-12-01,,,,,,0.64583087,0.5023447,0.5214923
C,MC1_138101,MC1,138101,1,582,30,2018-01-31,2019-09-04,2019-08-06,2019-09-04,0.497227281332016,0.4957064390182495,0.497227281332016,0.52597404,0.51085055,0.49570644
C,MC1_138365,MC1,138365,0,452,0,2018-09-06,2019-12-01,,,,,,0.51619864,0.5044912,0.49260852
C,MC1_138398,MC1,138398,0,670,0,2018-01-31,2019-12-01,,,,,,0.5217669,0.51049256,0.5046823
C,MC1_138465,MC1,138465,0,670,0,2018-01-31,2019-12-01,,,,,,0.52072173,0.5032369,0.4857576
C,MC1_138494,MC1,138494,0,670,0,2018-01-31,2019-12-01,,,,,,0.5227408,0.50525737,0.48777777
C,MC1_138828,MC1,138828,0,670,0,2018-01-31,2019-12-01,,,,,,0.6419055,0.5164429,0.4967139
C,MC1_138983,MC1,138983,0,670,0,2018-01-31,2019-12-01,,,,,,0.5285875,0.5144511,0.49780586
C,MC1_139008,MC1,139008,0,382,0,2018-11-15,2019-12-01,,,,,,0.63584876,0.511296,0.51303166
C,MC1_13915,MC1,13915,0,660,0,2018-02-10,2019-12-01,,,,,,0.6434238,0.502229,0.4989825
C,MC1_139198,MC1,139198,0,408,0,2018-10-20,2019-12-01,,,,,,0.6424405,0.5045597,0.5169312
C,MC1_139238,MC1,139238,0,562,0,2018-05-19,2019-12-01,,,,,,0.6426176,0.5215379,0.50896513
C,MC1_139622,MC1,139622,0,670,0,2018-01-31,2019-12-01,,,,,,0.64309615,0.5120891,0.49810308
C,MC1_139634,MC1,139634,0,664,0,2018-02-06,2019-12-01,,,,,,0.644708,0.5025074,0.49872574
C,MC1_139776,MC1,139776,0,517,0,2018-01-31,2019-07-01,,,,,,0.52036315,0.50687194,0.49338838
C,MC1_140030,MC1,140030,0,670,0,2018-01-31,2019-12-01,,,,,,0.52744955,0.51004714,0.49255046
C,MC1_140265,MC1,140265,0,656,0,2018-01-31,2019-11-17,,,,,,0.6426417,0.51695156,0.49745998
C,MC1_140276,MC1,140276,0,670,0,2018-01-31,2019-12-01,,,,,,0.52259946,0.5051078,0.48762506
C,MC1_140350,MC1,140350,0,452,0,2018-09-06,2019-12-01,,,,,,0.6417518,0.500582,0.50984335
C,MC1_140511,MC1,140511,0,656,0,2018-01-31,2019-11-17,,,,,,0.52467966,0.50880843,0.49234733
C,MC1_140520,MC1,140520,0,670,0,2018-01-31,2019-12-01,,,,,,0.52847344,0.5125952,0.49578196
C,MC1_1406,MC1,1406,0,643,0,2018-02-27,2019-12-01,,,,,,0.64233917,0.5032513,0.49974757
C,MC1_140665,MC1,140665,0,670,0,2018-01-31,2019-12-01,,,,,,0.5285716,0.5115367,0.4940549
C,MC1_140695,MC1,140695,0,309,0,2019-01-26,2019-11-30,,,,,,0.64585674,0.50147945,0.51736045
C,MC1_140815,MC1,140815,0,670,0,2018-01-31,2019-12-01,,,,,,0.51535505,0.49719384,0.48074025
C,MC1_140867,MC1,140867,1,133,30,2018-02-27,2018-07-09,2018-06-10,2018-07-09,0.5279146432876587,0.5264199376106262,0.5279146432876587,0.64233917,0.4656271,0.52641994
C,MC1_141039,MC1,141039,0,94,0,2019-08-30,2019-12-01,,,,,,0.65405434,0.47979409,0.61706257
C,MC1_141073,MC1,141073,0,430,0,2018-09-28,2019-12-01,,,,,,0.64492285,0.5007468,0.51102704
C,MC1_141130,MC1,141130,0,600,0,2018-04-11,2019-12-01,,,,,,0.6428013,0.50294006,0.50206053
C,MC1_141155,MC1,141155,0,670,0,2018-01-31,2019-12-01,,,,,,0.5246875,0.50834185,0.4914189
C,MC1_141205,MC1,141205,0,593,0,2018-04-18,2019-12-01,,,,,,0.6423086,0.50848174,0.50205916
C,MC1_141250,MC1,141250,0,633,0,2018-01-31,2019-10-25,,,,,,0.6080742,0.5159105,0.49823558
C,MC1_141330,MC1,141330,0,670,0,2018-01-31,2019-12-01,,,,,,0.52242774,0.5049975,0.48759502
C,MC1_141443,MC1,141443,0,130,0,2019-07-25,2019-12-01,,,,,,0.64342046,0.45551375,0.526711
C,MC1_141603,MC1,141603,0,310,0,2019-01-26,2019-12-01,,,,,,0.643094,0.49926886,0.5171476
C,MC1_142045,MC1,142045,0,636,0,2018-03-06,2019-12-01,,,,,,0.6431578,0.50764877,0.50097555
C,MC1_142161,MC1,142161,1,82,30,2018-12-15,2019-03-06,2019-02-05,2019-03-06,0.5570648312568665,0.5286076068878174,0.5570648312568665,0.64567053,0.43119556,0.5286076
C,MC1_14238,MC1,14238,0,670,0,2018-01-31,2019-12-01,,,,,,0.6422641,0.51733774,0.49728966
C,MC1_142577,MC1,142577,0,670,0,2018-01-31,2019-12-01,,,,,,0.5267854,0.5099071,0.49243537
C,MC1_142753,MC1,142753,0,670,0,2018-01-31,2019-12-01,,,,,,0.5254672,0.5080177,0.4905349
C,MC1_142801,MC1,142801,0,670,0,2018-01-31,2019-12-01,,,,,,0.5249497,0.5110703,0.49600774
C,MC1_142821,MC1,142821,0,439,0,2018-09-19,2019-12-01,,,,,,0.6437477,0.5128098,0.5100416
C,MC1_14311,MC1,14311,1,167,30,2018-01-31,2018-07-16,2018-06-17,2018-07-16,0.5171211361885071,0.5158957242965698,0.5171211361885071,0.5272365,0.51967317,0.5158957
C,MC1_143158,MC1,143158,1,148,29,2018-01-31,2018-06-27,2018-05-29,2018-06-27,0.5169336199760437,0.5166959166526794,0.5169336199760437,0.52577674,0.5202009,0.5166959
C,MC1_14326,MC1,14326,0,600,0,2018-04-11,2019-12-01,,,,,,0.6430718,0.50309914,0.5020333
C,MC1_143343,MC1,143343,0,102,0,2019-08-22,2019-12-01,,,,,,0.64833295,0.44086042,0.52826357
C,MC1_143359,MC1,143359,0,670,0,2018-01-31,2019-12-01,,,,,,0.6432826,0.51042926,0.49786288
C,MC1_143459,MC1,143459,0,524,0,2018-06-26,2019-12-01,,,,,,0.64384544,0.50317854,0.50601375
C,MC1_143800,MC1,143800,0,670,0,2018-01-31,2019-12-01,,,,,,0.52682054,0.50936824,0.4918771
C,MC1_143862,MC1,143862,0,670,0,2018-01-31,2019-12-01,,,,,,0.64300495,0.5172974,0.49695498
C,MC1_143877,MC1,143877,0,656,0,2018-01-31,2019-11-17,,,,,,0.5239434,0.5068354,0.48971945
C,MC1_143945,MC1,143945,0,670,0,2018-01-31,2019-12-01,,,,,,0.6436986,0.5162784,0.49787256
C,MC1_144154,MC1,144154,0,670,0,2018-01-31,2019-12-01,,,,,,0.6355314,0.51599574,0.496591
C,MC1_144541,MC1,144541,0,670,0,2018-01-31,2019-12-01,,,,,,0.58206725,0.5140001,0.49601302
C,MC1_14455,MC1,14455,0,670,0,2018-01-31,2019-12-01,,,,,,0.52036595,0.5028889,0.48544872
C,MC1_144589,MC1,144589,0,636,0,2018-01-31,2019-10-28,,,,,,0.52503043,0.509695,0.4957905
C,MC1_144662,MC1,144662,1,48,30,2018-01-31,2018-03-19,2018-02-18,2018-03-19,0.5196585059165955,0.5066782832145691,0.5196585059165955,0.5207239,0.5139148,0.5066783
C,MC1_144932,MC1,144932,0,670,0,2018-01-31,2019-12-01,,,,,,0.52072775,0.5033345,0.48612592
C,MC1_144960,MC1,144960,0,670,0,2018-01-31,2019-12-01,,,,,,0.52511394,0.50765806,0.49017438
C,MC1_145009,MC1,145009,0,453,0,2018-09-05,2019-12-01,,,,,,0.51204705,0.5008657,0.49226967
C,MC1_145013,MC1,145013,0,670,0,2018-01-31,2019-12-01,,,,,,0.6103825,0.51501065,0.49645576
C,MC1_145182,MC1,145182,1,409,30,2018-01-31,2019-03-15,2019-02-14,2019-03-15,0.5090057849884033,0.5074862837791443,0.5090057849884033,0.5280491,0.51776856,0.5074863
C,MC1_145423,MC1,145423,0,644,0,2018-02-26,2019-12-01,,,,,,0.6147673,0.5157842,0.49766043
C,MC1_145434,MC1,145434,0,565,0,2018-05-16,2019-12-01,,,,,,0.6422396,0.5052277,0.503728
C,MC1_145526,MC1,145526,0,573,0,2018-04-24,2019-11-17,,,,,,0.6422785,0.50685364,0.5032089
C,MC1_145563,MC1,145563,0,670,0,2018-01-31,2019-12-01,,,,,,0.5204165,0.5029423,0.4854899
C,MC1_146045,MC1,146045,0,670,0,2018-01-31,2019-12-01,,,,,,0.52504766,0.50990885,0.49200958
C,MC1_146153,MC1,146153,0,528,0,2018-06-22,2019-12-01,,,,,,0.6420133,0.5015609,0.5058626
C,MC1_146177,MC1,146177,0,310,0,2019-01-26,2019-12-01,,,,,,0.643094,0.49926955,0.5171498
C,MC1_146280,MC1,146280,0,670,0,2018-01-31,2019-12-01,,,,,,0.60956687,0.514921,0.4963092
C,MC1_146373,MC1,146373,0,308,0,2019-01-28,2019-12-01,,,,,,0.6466043,0.50804067,0.5172593
C,MC1_146377,MC1,146377,0,308,0,2019-01-28,2019-12-01,,,,,,0.64641804,0.5080339,0.517256
C,MC1_146386,MC1,146386,0,670,0,2018-01-31,2019-12-01,,,,,,0.6433817,0.5134865,0.49760264
C,MC1_1465,MC1,1465,0,670,0,2018-01-31,2019-12-01,,,,,,0.5180404,0.50054914,0.4830773
C,MC1_146617,MC1,146617,1,182,29,2018-03-03,2018-08-31,2018-08-03,2018-08-31,0.5250749588012695,0.5236159563064575,0.5250749588012695,0.64294904,0.49583963,0.52361596
C,MC1_14665,MC1,14665,0,309,0,2019-01-26,2019-11-30,,,,,,0.6455827,0.5008035,0.517373
C,MC1_146732,MC1,146732,0,510,0,2018-07-10,2019-12-01,,,,,,0.64355433,0.50113493,0.5068268
C,MC1_146750,MC1,146750,0,451,0,2018-09-07,2019-12-01,,,,,,0.64267206,0.5012927,0.5104496
C,MC1_146870,MC1,146870,0,670,0,2018-01-31,2019-12-01,,,,,,0.5279772,0.51070243,0.49397463
C,MC1_147177,MC1,147177,0,565,0,2018-05-16,2019-12-01,,,,,,0.6436708,0.5051691,0.50374377
C,MC1_14738,MC1,14738,0,670,0,2018-01-31,2019-12-01,,,,,,0.526764,0.5095682,0.49183363
C,MC1_147780,MC1,147780,0,307,0,2019-01-26,2019-11-28,,,,,,0.6429727,0.49988922,0.51796687
C,MC1_147986,MC1,147986,0,315,0,2019-01-21,2019-12-01,,,,,,0.6441234,0.5118238,0.5165059
C,MC1_147989,MC1,147989,0,315,0,2019-01-21,2019-12-01,,,,,,0.6441234,0.5118238,0.5165059
C,MC1_148177,MC1,148177,0,444,0,2018-09-14,2019-12-01,,,,,,0.64540094,0.5026451,0.51018983
C,MC1_148212,MC1,148212,0,670,0,2018-01-31,2019-12-01,,,,,,0.52142876,0.50394243,0.4864627
C,MC1_148393,MC1,148393,0,670,0,2018-01-31,2019-12-01,,,,,,0.5181076,0.50061846,0.48314768
C,MC1_148765,MC1,148765,0,670,0,2018-01-31,2019-12-01,,,,,,0.527279,0.51401585,0.49265766
C,MC1_14878,MC1,14878,0,556,0,2018-01-31,2019-08-09,,,,,,0.52470034,0.5102255,0.49569952
C,MC1_149043,MC1,149043,0,670,0,2018-01-31,2019-12-01,,,,,,0.5183269,0.5008546,0.48344487
C,MC1_149159,MC1,149159,0,574,0,2018-05-07,2019-12-01,,,,,,0.5177823,0.2447975,0.50349516
C,MC1_1492,MC1,1492,0,670,0,2018-01-31,2019-12-01,,,,,,0.52597684,0.5085573,0.49115217
C,MC1_149286,MC1,149286,0,558,0,2018-05-23,2019-12-01,,,,,,0.6425676,0.50164616,0.50445443
C,MC1_14935,MC1,14935,0,486,0,2018-08-03,2019-12-01,,,,,,0.64344305,0.502119,0.5080373
C,MC1_149397,MC1,149397,0,509,0,2018-07-11,2019-12-01,,,,,,0.6432996,0.50242364,0.5068238
C,MC1_149521,MC1,149521,0,670,0,2018-01-31,2019-12-01,,,,,,0.52827585,0.51295924,0.503641
C,MC1_149640,MC1,149640,0,670,0,2018-01-31,2019-12-01,,,,,,0.5285746,0.5114554,0.49399796
C,MC1_149677,MC1,149677,0,670,0,2018-01-31,2019-12-01,,,,,,0.5282338,0.51109433,0.49359828
C,MC1_149697,MC1,149697,0,670,0,2018-01-31,2019-12-01,,,,,,0.52203965,0.5066245,0.49090752
C,MC1_149717,MC1,149717,0,593,0,2018-04-18,2019-12-01,,,,,,0.6436178,0.50080687,0.5025851
C,MC1_149899,MC1,149899,0,670,0,2018-01-31,2019-12-01,,,,,,0.6436059,0.5064791,0.4982527
C,MC1_149900,MC1,149900,0,670,0,2018-01-31,2019-12-01,,,,,,0.6436059,0.5064788,0.49824393
C,MC1_149940,MC1,149940,0,296,0,2019-01-26,2019-11-17,,,,,,0.64191884,0.4952964,0.5179801
C,MC1_15,MC1,15,0,643,0,2018-02-27,2019-12-01,,,,,,0.64232194,0.5017554,0.49987748
C,MC1_15011,MC1,15011,0,670,0,2018-01-31,2019-12-01,,,,,,0.52639973,0.508974,0.49154094
C,MC1_150127,MC1,150127,0,438,0,2018-09-20,2019-12-01,,,,,,0.6459753,0.50143546,0.5109554
C,MC1_150264,MC1,150264,0,670,0,2018-01-31,2019-12-01,,,,,,0.52222776,0.504739,0.48725638
C,MC1_150534,MC1,150534,0,425,0,2018-10-03,2019-12-01,,,,,,0.6455556,0.5057411,0.51103026
C,MC1_150569,MC1,150569,0,466,0,2018-08-23,2019-12-01,,,,,,0.6424508,0.5007286,0.5091693
C,MC1_150591,MC1,150591,0,670,0,2018-01-31,2019-12-01,,,,,,0.52598673,0.5085977,0.491395
C,MC1_150620,MC1,150620,0,635,0,2018-01-31,2019-10-27,,,,,,0.5222082,0.5108497,0.49623725
C,MC1_150691,MC1,150691,0,670,0,2018-01-31,2019-12-01,,,,,,0.5224726,0.505547,0.48895547
C,MC1_150787,MC1,150787,0,453,0,2018-09-05,2019-12-01,,,,,,0.5129688,0.5013477,0.4893234
C,MC1_1510,MC1,1510,0,670,0,2018-01-31,2019-12-01,,,,,,0.52029943,0.5028112,0.48534095
C,MC1_151007,MC1,151007,0,528,0,2018-06-22,2019-12-01,,,,,,0.64225566,0.50143284,0.50587
C,MC1_151075,MC1,151075,0,451,0,2018-09-07,2019-12-01,,,,,,0.66894835,0.54127747,0.50936365
C,MC1_151102,MC1,151102,0,670,0,2018-01-31,2019-12-01,,,,,,0.52745754,0.51225424,0.4964523
C,MC1_151212,MC1,151212,0,43,0,2019-10-20,2019-12-01,,,,,,0.64349294,0.28059968,0.610076
C,MC1_151302,MC1,151302,0,670,0,2018-01-31,2019-12-01,,,,,,0.6430664,0.5172974,0.4969446
C,MC1_151526,MC1,151526,0,670,0,2018-01-31,2019-12-01,,,,,,0.52728003,0.5098394,0.49238712
C,MC1_151592,MC1,151592,0,11,0,2019-11-21,2019-12-01,,,,,,2.311188e-21,2.1049668e-22,2.311188e-21
C,MC1_151893,MC1,151893,0,433,0,2018-09-25,2019-12-01,,,,,,0.54387856,0.5128137,0.50963587
C,MC1_151980,MC1,151980,0,670,0,2018-01-31,2019-12-01,,,,,,0.63500416,0.5159745,0.49659154
C,MC1_151991,MC1,151991,0,55,0,2019-10-08,2019-12-01,,,,,,0.6413136,0.35556638,0.55773705
C,MC1_152046,MC1,152046,0,558,0,2018-05-23,2019-12-01,,,,,,0.64258784,0.5029637,0.5046953
C,MC1_152165,MC1,152165,0,370,0,2018-11-27,2019-12-01,,,,,,0.6397252,0.49678606,0.5141665
C,MC1_152405,MC1,152405,0,529,0,2018-06-21,2019-12-01,,,,,,0.6423484,0.5013832,0.505884
C,MC1_152648,MC1,152648,0,670,0,2018-01-31,2019-12-01,,,,,,0.5792957,0.5140812,0.49596488
C,MC1_152967,MC1,152967,0,562,0,2018-05-19,2019-12-01,,,,,,0.6410975,0.5198798,0.5030266
C,MC1_15316,MC1,15316,0,670,0,2018-01-31,2019-12-01,,,,,,0.5268104,0.509378,0.49194992
C,MC1_153370,MC1,153370,0,460,0,2018-08-29,2019-12-01,,,,,,0.6424047,0.50160927,0.50937736
C,MC1_153457,MC1,153457,0,670,0,2018-01-31,2019-12-01,,,,,,0.51540387,0.4979094,0.4804515
C,MC1_153883,MC1,153883,0,670,0,2018-01-31,2019-12-01,,,,,,0.5217908,0.50505453,0.48796225
C,MC1_154030,MC1,154030,0,670,0,2018-01-31,2019-12-01,,,,,,0.64343977,0.5133732,0.49761048
C,MC1_154289,MC1,154289,1,304,28,2018-09-05,2019-07-05,2019-06-06,2019-07-05,0.49681782722473145,0.49530264735221863,0.49681782722473145,0.5111577,0.50328475,0.49530265
C,MC1_154311,MC1,154311,0,670,0,2018-01-31,2019-12-01,,,,,,0.5213078,0.50419134,0.48639092
C,MC1_15443,MC1,15443,0,341,0,2018-12-26,2019-12-01,,,,,,0.64559704,0.5154286,0.5150815
C,MC1_154461,MC1,154461,0,670,0,2018-01-31,2019-12-01,,,,,,0.52640116,0.50901514,0.4927198
C,MC1_154470,MC1,154470,0,598,0,2018-01-31,2019-09-20,,,,,,0.52640116,0.51085985,0.4953281
C,MC1_154555,MC1,154555,0,670,0,2018-01-31,2019-12-01,,,,,,0.5214333,0.5039461,0.48646522
C,MC1_154574,MC1,154574,0,670,0,2018-01-31,2019-12-01,,,,,,0.5290584,0.51234674,0.49528134
C,MC1_154848,MC1,154848,0,670,0,2018-01-31,2019-12-01,,,,,,0.5276489,0.5102372,0.49340346
C,MC1_154916,MC1,154916,0,656,0,2018-01-31,2019-11-17,,,,,,0.52553296,0.5146158,0.49924678
C,MC1_154933,MC1,154933,0,565,0,2018-05-16,2019-12-01,,,,,,0.6434358,0.50824785,0.5036608
C,MC1_155119,MC1,155119,1,500,29,2018-01-31,2019-06-14,2019-05-16,2019-06-14,0.5080184936523438,0.5065023303031921,0.5080184936523438,0.642642,0.51745445,0.50650233
C,MC1_155177,MC1,155177,0,670,0,2018-01-31,2019-12-01,,,,,,0.5260729,0.508618,0.491126
C,MC1_155254,MC1,155254,0,670,0,2018-01-31,2019-12-01,,,,,,0.6404248,0.5163559,0.49671644
C,MC1_155301,MC1,155301,0,670,0,2018-01-31,2019-12-01,,,,,,0.6433817,0.51318824,0.49765363
C,MC1_155385,MC1,155385,0,670,0,2018-01-31,2019-12-01,,,,,,0.5204459,0.5029705,0.485541
C,MC1_155673,MC1,155673,0,554,0,2018-05-27,2019-12-01,,,,,,0.64165914,0.5042926,0.5043652
C,MC1_155731,MC1,155731,0,670,0,2018-01-31,2019-12-01,,,,,,0.5280824,0.5117111,0.49438676
C,MC1_155755,MC1,155755,0,580,0,2018-05-01,2019-12-01,,,,,,0.6437557,0.50715154,0.50282687
C,MC1_155789,MC1,155789,0,670,0,2018-01-31,2019-12-01,,,,,,0.52857125,0.51144457,0.49398282
C,MC1_155919,MC1,155919,0,670,0,2018-01-31,2019-12-01,,,,,,0.60992223,0.5149484,0.49635413
C,MC1_155925,MC1,155925,0,670,0,2018-01-31,2019-12-01,,,,,,0.60992223,0.5149484,0.49635413
C,MC1_155973,MC1,155973,0,437,0,2018-09-07,2019-11-17,,,,,,0.642865,0.500978,0.5111974
C,MC1_155977,MC1,155977,0,479,0,2018-08-10,2019-12-01,,,,,,0.6442989,0.49932483,0.5086364
C,MC1_15604,MC1,15604,0,670,0,2018-01-31,2019-12-01,,,,,,0.5291261,0.51252615,0.4953088
C,MC1_156551,MC1,156551,0,558,0,2018-05-23,2019-12-01,,,,,,0.6418673,0.50156695,0.5043135
C,MC1_156780,MC1,156780,0,558,0,2018-05-23,2019-12-01,,,,,,0.6413218,0.50185525,0.50428605
C,MC1_156967,MC1,156967,0,670,0,2018-01-31,2019-12-01,,,,,,0.6142158,0.51514846,0.49674675
C,MC1_157034,MC1,157034,0,670,0,2018-01-31,2019-12-01,,,,,,0.5283629,0.5111081,0.49360466
C,MC1_157042,MC1,157042,0,670,0,2018-01-31,2019-12-01,,,,,,0.5283629,0.5111081,0.49360466
C,MC1_157210,MC1,157210,0,670,0,2018-01-31,2019-12-01,,,,,,0.6428942,0.5159571,0.49801272
C,MC1_157242,MC1,157242,0,669,0,2018-02-01,2019-12-01,,,,,,0.527584,0.51011586,0.49264088
C,MC1_157254,MC1,157254,0,670,0,2018-01-31,2019-12-01,,,,,,0.5203744,0.50366694,0.48754445
C,MC1_157296,MC1,157296,1,119,30,2018-01-31,2018-05-29,2018-04-30,2018-05-29,0.5266343355178833,0.5251255631446838,0.5266343355178833,0.6091758,0.53443974,0.52512556
C,MC1_157458,MC1,157458,0,670,0,2018-01-31,2019-12-01,,,,,,0.5264257,0.5089709,0.4914797
C,MC1_157738,MC1,157738,0,670,0,2018-01-31,2019-12-01,,,,,,0.515362,0.4979973,0.48315963
C,MC1_157877,MC1,157877,0,654,0,2018-02-16,2019-12-01,,,,,,0.64234793,0.50333405,0.49916312
C,MC1_157885,MC1,157885,0,670,0,2018-01-31,2019-12-01,,,,,,0.64274174,0.51010114,0.49783978
C,MC1_158001,MC1,158001,0,206,0,2019-05-10,2019-12-01,,,,,,0.50778794,0.50244445,0.49714312
C,MC1_158155,MC1,158155,0,670,0,2018-01-31,2019-12-01,,,,,,0.64229906,0.51605195,0.4974545
C,MC1_158389,MC1,158389,0,229,0,2018-10-13,2019-05-29,,,,,,0.6454491,0.48612016,0.52152216
C,MC1_158416,MC1,158416,0,447,0,2018-09-11,2019-12-01,,,,,,0.6448034,0.500675,0.51012516
C,MC1_158710,MC1,158710,0,451,0,2018-09-07,2019-12-01,,,,,,0.66851723,0.5410665,0.5093662
C,MC1_158826,MC1,158826,0,636,0,2018-03-06,2019-12-01,,,,,,0.5244708,0.5085817,0.49721348
C,MC1_159152,MC1,159152,0,492,0,2018-07-28,2019-12-01,,,,,,0.6431888,0.501293,0.50775546
C,MC1_159189,MC1,159189,0,670,0,2018-01-31,2019-12-01,,,,,,0.64323837,0.51730573,0.49693567
C,MC1_159233,MC1,159233,0,670,0,2018-01-31,2019-12-01,,,,,,0.5230981,0.505623,0.48815683
C,MC1_159240,MC1,159240,0,670,0,2018-01-31,2019-12-01,,,,,,0.52149075,0.5040049,0.48652402
C,MC1_159252,MC1,159252,1,295,26,2018-01-31,2018-11-21,2018-10-23,2018-11-21,0.5119982957839966,0.5104994773864746,0.5119982957839966,0.52576154,0.5181286,0.5104995
C,MC1_159408,MC1,159408,0,670,0,2018-01-31,2019-12-01,,,,,,0.5183225,0.50085616,0.48363498
C,MC1_159549,MC1,159549,1,575,30,2018-01-31,2019-08-28,2019-07-30,2019-08-28,0.49233925342559814,0.49082139134407043,0.49233925342559814,0.52072453,0.5057467,0.4908214
C,MC1_159682,MC1,159682,0,660,0,2018-02-10,2019-12-01,,,,,,0.6409827,0.502013,0.49892923
C,MC1_159744,MC1,159744,0,513,0,2018-06-23,2019-11-17,,,,,,0.557579,0.5197543,0.5099437
C,MC1_159762,MC1,159762,0,656,0,2018-01-31,2019-11-17,,,,,,0.51535046,0.49823156,0.48119894
C,MC1_159898,MC1,159898,0,593,0,2018-04-18,2019-12-01,,,,,,0.6423086,0.5084818,0.5020574
C,MC1_15990,MC1,15990,0,670,0,2018-01-31,2019-12-01,,,,,,0.64321023,0.5138776,0.49758026
C,MC1_15991,MC1,15991,0,670,0,2018-01-31,2019-12-01,,,,,,0.64321023,0.5138773,0.49757954
C,MC1_159933,MC1,159933,0,578,0,2018-01-31,2019-08-31,,,,,,0.52759665,0.51255316,0.49745077
C,MC1_159993,MC1,159993,1,109,29,2018-01-31,2018-05-19,2018-04-20,2018-05-19,0.5274743437767029,0.5259676575660706,0.5274743437767029,0.6198047,0.5379876,0.52596766
C,MC1_159994,MC1,159994,0,538,0,2018-01-31,2019-07-22,,,,,,0.63526845,0.5199533,0.5038133
C,MC1_160142,MC1,160142,0,670,0,2018-01-31,2019-12-01,,,,,,0.5203566,0.5028642,0.48538432
C,MC1_160443,MC1,160443,0,639,0,2018-03-03,2019-12-01,,,,,,0.52915096,0.5133245,0.49666688
C,MC1_160495,MC1,160495,0,597,0,2018-04-14,2019-12-01,,,,,,0.6474582,0.5057217,0.5027908
C,MC1_160577,MC1,160577,0,570,0,2018-05-11,2019-12-01,,,,,,0.6488234,0.52145886,0.5023933
C,MC1_160622,MC1,160622,0,626,0,2018-01-31,2019-10-18,,,,,,0.52609074,0.50979185,0.49343476
C,MC1_160860,MC1,160860,0,527,0,2018-06-23,2019-12-01,,,,,,0.58879954,0.5209874,0.5154956
C,MC1_160897,MC1,160897,0,138,0,2019-07-17,2019-12-01,,,,,,0.6403146,0.45971653,0.5270952
C,MC1_160979,MC1,160979,0,380,0,2018-11-17,2019-12-01,,,,,,0.6458018,0.49626762,0.5137024
C,MC1_161,MC1,161,0,670,0,2018-01-31,2019-12-01,,,,,,0.52877504,0.51183635,0.49438477
C,MC1_161129,MC1,161129,0,655,0,2018-02-15,2019-12-01,,,,,,0.64236736,0.5015958,0.4994896
C,MC1_161184,MC1,161184,0,418,0,2018-10-10,2019-12-01,,,,,,0.64287543,0.50423384,0.511881
C,MC1_161267,MC1,161267,0,481,0,2018-01-31,2019-05-26,,,,,,0.6090164,0.52028525,0.50617874
C,MC1_161577,MC1,161577,0,670,0,2018-01-31,2019-12-01,,,,,,0.52845085,0.51124537,0.4937711
C,MC1_161609,MC1,161609,0,670,0,2018-01-31,2019-12-01,,,,,,0.5290851,0.5124343,0.49525428
C,MC1_161641,MC1,161641,0,670,0,2018-01-31,2019-12-01,,,,,,0.5806592,0.5139445,0.49596605
C,MC1_161693,MC1,161693,0,433,0,2018-09-25,2019-12-01,,,,,,0.6445798,0.503372,0.510729
C,MC1_161723,MC1,161723,0,670,0,2018-01-31,2019-12-01,,,,,,0.52336127,0.50587577,0.48838636
C,MC1_161730,MC1,161730,0,670,0,2018-01-31,2019-12-01,,,,,,0.5276141,0.51017666,0.49270278
C,MC1_16194,MC1,16194,0,593,0,2018-04-18,2019-12-01,,,,,,0.6426342,0.4989406,0.5026455
C,MC1_162099,MC1,162099,0,453,0,2018-09-05,2019-12-01,,,,,,0.51443756,0.50261,0.49078482
C,MC1_162149,MC1,162149,0,670,0,2018-01-31,2019-12-01,,,,,,0.5252751,0.50781745,0.4903263
C,MC1_162184,MC1,162184,0,655,0,2018-02-15,2019-12-01,,,,,,0.6421401,0.5022456,0.49937296
C,MC1_162370,MC1,162370,0,670,0,2018-01-31,2019-12-01,,,,,,0.5240762,0.5066917,0.48925593
C,MC1_162395,MC1,162395,1,182,30,2019-01-26,2019-07-26,2019-06-27,2019-07-26,0.5253075957298279,0.5237966179847717,0.5253075957298279,0.64589554,0.487146,0.5237966
C,MC1_16261,MC1,16261,0,670,0,2018-01-31,2019-12-01,,,,,,0.52823395,0.5110866,0.49359095
C,MC1_162645,MC1,162645,0,670,0,2018-01-31,2019-12-01,,,,,,0.6088563,0.514898,0.49629498
C,MC1_16269,MC1,16269,0,643,0,2018-02-27,2019-12-01,,,,,,0.64232194,0.5019053,0.5002032
C,MC1_162949,MC1,162949,0,573,0,2018-04-24,2019-11-17,,,,,,0.64463407,0.5062562,0.5032614
C,MC1_163030,MC1,163030,0,380,0,2018-11-17,2019-12-01,,,,,,0.64655155,0.49711528,0.51371247
C,MC1_163170,MC1,163170,0,670,0,2018-01-31,2019-12-01,,,,,,0.5287816,0.5118776,0.49463978
C,MC1_163337,MC1,163337,0,452,0,2018-09-06,2019-12-01,,,,,,0.64193875,0.50055563,0.5098493
C,MC1_163398,MC1,163398,0,670,0,2018-01-31,2019-12-01,,,,,,0.52857286,0.51143944,0.4939673
C,MC1_163409,MC1,163409,1,481,30,2018-01-31,2019-05-26,2019-04-27,2019-05-26,0.4999210834503174,0.4984016418457031,0.4999210834503174,0.5234941,0.5109526,0.49840164
C,MC1_163472,MC1,163472,1,53,29,2019-06-29,2019-08-20,2019-07-22,2019-08-20,0.4329932630062103,0.5658884048461914,0.6411650776863098,0.6411651,0.341427,0.5658884
C,MC1_1637,MC1,1637,0,670,0,2018-01-31,2019-12-01,,,,,,0.52823406,0.51108044,0.4935872
C,MC1_163703,MC1,163703,0,660,0,2018-02-10,2019-12-01,,,,,,0.64334065,0.50217944,0.49896783
C,MC1_163798,MC1,163798,0,670,0,2018-01-31,2019-12-01,,,,,,0.5219349,0.5044596,0.48700553
C,MC1_163942,MC1,163942,0,670,0,2018-01-31,2019-12-01,,,,,,0.52861905,0.5124922,0.49558133
C,MC1_164,MC1,164,0,670,0,2018-01-31,2019-12-01,,,,,,0.5287826,0.5118403,0.49438825
C,MC1_164018,MC1,164018,0,670,0,2018-01-31,2019-12-01,,,,,,0.52597404,0.508564,0.49119812
C,MC1_164046,MC1,164046,0,670,0,2018-01-31,2019-12-01,,,,,,0.5269438,0.51086783,0.49368984
C,MC1_164179,MC1,164179,0,670,0,2018-01-31,2019-12-01,,,,,,0.61416346,0.51179725,0.49764436
C,MC1_164464,MC1,164464,0,669,0,2018-02-01,2019-12-01,,,,,,0.5282937,0.51097673,0.4935445
C,MC1_164778,MC1,164778,0,670,0,2018-01-31,2019-12-01,,,,,,0.5287983,0.5118627,0.49441257
C,MC1_164781,MC1,164781,0,670,0,2018-01-31,2019-12-01,,,,,,0.5287983,0.51186275,0.49441257
C,MC1_164925,MC1,164925,0,86,0,2019-09-07,2019-12-01,,,,,,0.6441765,0.42108425,0.5289835
C,MC1_164995,MC1,164995,0,670,0,2018-01-31,2019-12-01,,,,,,0.52037644,0.5031592,0.48544055
C,MC1_164998,MC1,164998,1,647,30,2018-01-31,2019-11-08,2019-10-10,2019-11-08,0.48815086483955383,0.4866328239440918,0.48815086483955383,0.52039105,0.503786,0.48663282
C,MC1_165026,MC1,165026,1,638,29,2018-01-31,2019-10-30,2019-10-01,2019-10-30,0.48885390162467957,0.48733803629875183,0.48885390162467957,0.5206284,0.50397915,0.48733804
C,MC1_165239,MC1,165239,0,416,0,2018-10-12,2019-12-01,,,,,,0.6441141,0.5008529,0.5117493
C,MC1_165297,MC1,165297,0,670,0,2018-01-31,2019-12-01,,,,,,0.52907944,0.5124641,0.49521586
C,MC1_165307,MC1,165307,0,670,0,2018-01-31,2019-12-01,,,,,,0.5224726,0.5051897,0.4885609
C,MC1_16532,MC1,16532,0,610,0,2018-01-31,2019-10-02,,,,,,0.5258715,0.50998247,0.49404538
C,MC1_165373,MC1,165373,0,670,0,2018-01-31,2019-12-01,,,,,,0.51534164,0.49785426,0.480574
C,MC1_165682,MC1,165682,0,670,0,2018-01-31,2019-12-01,,,,,,0.52842695,0.51120925,0.4937154
C,MC1_165686,MC1,165686,0,565,0,2018-05-16,2019-12-01,,,,,,0.6419264,0.505579,0.50370693
C,MC1_16571,MC1,16571,0,670,0,2018-01-31,2019-12-01,,,,,,0.64300495,0.51728946,0.49694213
C,MC1_165875,MC1,165875,0,670,0,2018-01-31,2019-12-01,,,,,,0.528574,0.51151085,0.49475077
C,MC1_16625,MC1,16625,0,594,0,2018-01-31,2019-09-16,,,,,,0.5209745,0.50547475,0.48996508
C,MC1_166549,MC1,166549,0,670,0,2018-01-31,2019-12-01,,,,,,0.52749294,0.5102356,0.49256805
C,MC1_166587,MC1,166587,0,670,0,2018-01-31,2019-12-01,,,,,,0.5223531,0.5048745,0.48738775
C,MC1_166623,MC1,166623,0,670,0,2018-01-31,2019-12-01,,,,,,0.52876157,0.51384825,0.49763763
C,MC1_16672,MC1,16672,0,25,0,2019-11-07,2019-12-01,,,,,,0.45639014,0.04694064,0.45639014
C,MC1_166831,MC1,166831,0,670,0,2018-01-31,2019-12-01,,,,,,0.64338845,0.5103757,0.49782428
C,MC1_166854,MC1,166854,0,656,0,2018-01-31,2019-11-17,,,,,,0.5285643,0.51181024,0.49468705
C,MC1_167118,MC1,167118,0,670,0,2018-01-31,2019-12-01,,,,,,0.5222992,0.50481266,0.4873291
C,MC1_167297,MC1,167297,0,670,0,2018-01-31,2019-12-01,,,,,,0.5247415,0.5072702,0.4897789
C,MC1_167346,MC1,167346,0,670,0,2018-01-31,2019-12-01,,,,,,0.52503973,0.50761193,0.4902183
C,MC1_167367,MC1,167367,0,591,0,2018-04-06,2019-11-17,,,,,,0.64187807,0.5017882,0.5025673
C,MC1_167427,MC1,167427,1,265,30,2018-11-22,2019-08-13,2019-07-15,2019-08-13,0.5211764574050903,0.5196584463119507,0.5211764574050903,0.5856979,0.4812601,0.51965845
C,MC1_167547,MC1,167547,0,670,0,2018-01-31,2019-12-01,,,,,,0.52597404,0.50916755,0.49271217
C,MC1_167553,MC1,167553,0,670,0,2018-01-31,2019-12-01,,,,,,0.52597404,0.50916696,0.4927086
C,MC1_167828,MC1,167828,0,670,0,2018-01-31,2019-12-01,,,,,,0.52215356,0.50467163,0.4871931
C,MC1_167857,MC1,167857,0,449,0,2018-01-31,2019-04-24,,,,,,0.520603,0.513929,0.4971965
C,MC1_167913,MC1,167913,0,597,0,2018-04-14,2019-12-01,,,,,,0.6461989,0.5045069,0.5033326
C,MC1_168345,MC1,168345,0,670,0,2018-01-31,2019-12-01,,,,,,0.6440136,0.5172036,0.49688652
C,MC1_168363,MC1,168363,0,452,0,2018-09-06,2019-12-01,,,,,,0.6419742,0.5005599,0.5098493
C,MC1_168388,MC1,168388,0,660,0,2018-02-10,2019-12-01,,,,,,0.6441344,0.50378066,0.49887174
C,MC1_168467,MC1,168467,0,670,0,2018-01-31,2019-12-01,,,,,,0.5287677,0.5119384,0.49460816
C,MC1_168701,MC1,168701,1,631,30,2018-01-31,2019-10-23,2019-09-24,2019-10-23,0.49616539478302,0.49464643001556396,0.49616539478302,0.52728087,0.5109027,0.49464643
C,MC1_168846,MC1,168846,0,670,0,2018-01-31,2019-12-01,,,,,,0.52034813,0.5028812,0.48544195
C,MC1_168938,MC1,168938,1,274,30,2018-01-31,2018-10-31,2018-10-02,2018-10-31,0.517160177230835,0.5157992243766785,0.517160177230835,0.5291179,0.52271557,0.5157992
C,MC1_169011,MC1,169011,0,670,0,2018-01-31,2019-12-01,,,,,,0.52430487,0.50684196,0.48937598
C,MC1_169035,MC1,169035,0,670,0,2018-01-31,2019-12-01,,,,,,0.5231503,0.5056719,0.48821625
C,MC1_169155,MC1,169155,0,670,0,2018-01-31,2019-12-01,,,,,,0.6128503,0.51504934,0.4963919
C,MC1_169178,MC1,169178,0,249,0,2019-03-28,2019-12-01,,,,,,0.6405227,0.4878139,0.5204949
C,MC1_169402,MC1,169402,0,670,0,2018-01-31,2019-12-01,,,,,,0.52877355,0.5118381,0.4943829
C,MC1_169544,MC1,169544,0,564,0,2018-05-17,2019-12-01,,,,,,0.6427971,0.5065853,0.50370663
C,MC1_169550,MC1,169550,1,127,30,2018-01-31,2018-06-06,2018-05-08,2018-06-06,0.5184139013290405,0.5168931484222412,0.5184139013290405,0.52343524,0.52010477,0.51689315
C,MC1_169560,MC1,169560,0,580,0,2018-05-01,2019-12-01,,,,,,0.643781,0.50695115,0.50289685
C,MC1_169663,MC1,169663,0,273,0,2018-08-23,2019-05-22,,,,,,0.6442769,0.4949208,0.5191611
C,MC1_169751,MC1,169751,0,670,0,2018-01-31,2019-12-01,,,,,,0.5267464,0.50985384,0.493484
C,MC1_169792,MC1,169792,0,309,0,2019-01-26,2019-11-30,,,,,,0.6455827,0.501307,0.5175609
C,MC1_169887,MC1,169887,0,670,0,2018-01-31,2019-12-01,,,,,,0.52295184,0.5060599,0.488987
C,MC1_169904,MC1,169904,1,530,30,2018-01-31,2019-07-14,2019-06-15,2019-07-14,0.5054733753204346,0.5039462447166443,0.5054733753204346,0.6344776,0.52009505,0.50394624
C,MC1_169955,MC1,169955,0,543,0,2018-05-08,2019-11-01,,,,,,0.52299076,0.5091338,0.49540094
C,MC1_170070,MC1,170070,0,670,0,2018-01-31,2019-12-01,,,,,,0.52860564,0.5124423,0.4954522
C,MC1_170131,MC1,170131,0,670,0,2018-01-31,2019-12-01,,,,,,0.52642936,0.50903535,0.4929569
C,MC1_170149,MC1,170149,0,510,0,2018-07-10,2019-12-01,,,,,,0.6446467,0.50271714,0.5067516
C,MC1_170365,MC1,170365,0,517,0,2018-07-03,2019-12-01,,,,,,0.64169395,0.5019361,0.5070394
C,MC1_170422,MC1,170422,0,438,0,2018-09-20,2019-12-01,,,,,,0.6465799,0.5013965,0.51089954
C,MC1_170567,MC1,170567,0,192,0,2019-05-24,2019-12-01,,,,,,0.64054286,0.47818956,0.52355367
C,MC1_170708,MC1,170708,0,670,0,2018-01-31,2019-12-01,,,,,,0.63170433,0.51575804,0.49652746
C,MC1_170802,MC1,170802,0,670,0,2018-01-31,2019-12-01,,,,,,0.528574,0.51153344,0.49548644
C,MC1_170818,MC1,170818,0,670,0,2018-01-31,2019-12-01,,,,,,0.5183227,0.5008538,0.4834886
C,MC1_170879,MC1,170879,0,670,0,2018-01-31,2019-12-01,,,,,,0.52915245,0.5127163,0.49535674
C,MC1_171038,MC1,171038,0,524,0,2018-06-26,2019-12-01,,,,,,0.6437926,0.50427395,0.5062159
C,MC1_171220,MC1,171220,0,20,0,2019-11-12,2019-12-01,,,,,,0.00038847033,2.0894247e-05,0.00038847033
C,MC1_171266,MC1,171266,0,670,0,2018-01-31,2019-12-01,,,,,,0.51847816,0.50118446,0.48377633
C,MC1_171271,MC1,171271,0,670,0,2018-01-31,2019-12-01,,,,,,0.51850134,0.50123346,0.48382774
C,MC1_171280,MC1,171280,0,433,0,2018-09-25,2019-12-01,,,,,,0.6426287,0.545809,0.5095047
C,MC1_171823,MC1,171823,0,670,0,2018-01-31,2019-12-01,,,,,,0.52853054,0.51146704,0.49390128
C,MC1_171890,MC1,171890,0,670,0,2018-01-31,2019-12-01,,,,,,0.5265391,0.51039314,0.49517205
C,MC1_171918,MC1,171918,0,593,0,2018-04-18,2019-12-01,,,,,,0.64408976,0.50159997,0.5024834
C,MC1_171929,MC1,171929,0,670,0,2018-01-31,2019-12-01,,,,,,0.5246818,0.50845945,0.49162048
C,MC1_172096,MC1,172096,1,561,30,2018-01-31,2019-08-14,2019-07-16,2019-08-14,0.503671407699585,0.5021539926528931,0.503671407699585,0.6186676,0.51838684,0.502154
C,MC1_172315,MC1,172315,0,669,0,2018-01-31,2019-11-30,,,,,,0.5282242,0.5129096,0.49972907
C,MC1_172453,MC1,172453,0,597,0,2018-04-14,2019-12-01,,,,,,0.6427403,0.50233996,0.5022842
C,MC1_172557,MC1,172557,0,45,0,2019-10-18,2019-12-01,,,,,,0.64252645,0.31351936,0.59752476
C,MC1_172689,MC1,172689,0,528,0,2018-06-22,2019-12-01,,,,,,0.5162995,0.50249934,0.48871562
C,MC1_172859,MC1,172859,0,670,0,2018-01-31,2019-12-01,,,,,,0.52543724,0.5088589,0.4918158
C,MC1_172955,MC1,172955,0,670,0,2018-01-31,2019-12-01,,,,,,0.528569,0.51143736,0.49397567
C,MC1_173065,MC1,173065,0,558,0,2018-05-23,2019-12-01,,,,,,0.641443,0.50178707,0.5043026
C,MC1_173218,MC1,173218,0,670,0,2018-01-31,2019-12-01,,,,,,0.5187558,0.501278,0.4838396
C,MC1_173431,MC1,173431,0,258,0,2018-01-31,2018-10-15,,,,,,0.5269638,0.52028054,0.513582
C,MC1_173647,MC1,173647,0,670,0,2018-01-31,2019-12-01,,,,,,0.52041984,0.5029634,0.48545894
C,MC1_173748,MC1,173748,0,670,0,2018-01-31,2019-12-01,,,,,,0.52845216,0.51124275,0.4937482
C,MC1_173778,MC1,173778,0,670,0,2018-01-31,2019-12-01,,,,,,0.5207296,0.50325185,0.48599264
C,MC1_173897,MC1,173897,0,94,0,2018-09-05,2018-12-07,,,,,,0.514764,0.51234865,0.5099142
C,MC1_173908,MC1,173908,0,670,0,2018-01-31,2019-12-01,,,,,,0.52035576,0.5028637,0.48538366
C,MC1_173950,MC1,173950,0,670,0,2018-01-31,2019-12-01,,,,,,0.5221465,0.5046678,0.48718736
C,MC1_173977,MC1,173977,0,670,0,2018-01-31,2019-12-01,,,,,,0.5291322,0.51240253,0.4949578
C,MC1_174169,MC1,174169,0,670,0,2018-01-31,2019-12-01,,,,,,0.5260455,0.50859046,0.49110237
C,MC1_174250,MC1,174250,0,670,0,2018-01-31,2019-12-01,,,,,,0.5276534,0.5102491,0.49357435
C,MC1_174258,MC1,174258,0,670,0,2018-01-31,2019-12-01,,,,,,0.5276534,0.5102491,0.49357435
C,MC1_174497,MC1,174497,0,670,0,2018-01-31,2019-12-01,,,,,,0.5280529,0.51077616,0.493283
C,MC1_174536,MC1,174536,0,565,0,2018-05-16,2019-12-01,,,,,,0.64259124,0.50512016,0.5037418
C,MC1_174570,MC1,174570,0,670,0,2018-01-31,2019-12-01,,,,,,0.5212541,0.5062927,0.4899573
C,MC1_174593,MC1,174593,0,619,0,2018-03-23,2019-12-01,,,,,,0.6417468,0.51099503,0.50104
C,MC1_174664,MC1,174664,0,670,0,2018-01-31,2019-12-01,,,,,,0.6093715,0.5149303,0.49634707
C,MC1_174665,MC1,174665,0,670,0,2018-01-31,2019-12-01,,,,,,0.6090164,0.5149198,0.4963443
C,MC1_174745,MC1,174745,1,653,26,2018-01-31,2019-11-14,2019-10-16,2019-11-14,0.48831886053085327,0.4868389964103699,0.48831886053085327,0.5208855,0.50384575,0.486839
C,MC1_174785,MC1,174785,0,670,0,2018-01-31,2019-12-01,,,,,,0.51535916,0.49786946,0.48062712
C,MC1_174805,MC1,174805,0,670,0,2018-01-31,2019-12-01,,,,,,0.5206284,0.5031442,0.48566422
C,MC1_174841,MC1,174841,0,670,0,2018-01-31,2019-12-01,,,,,,0.6425027,0.5065527,0.49808356
C,MC1_174997,MC1,174997,0,670,0,2018-01-31,2019-12-01,,,,,,0.5278731,0.51106405,0.49296337
C,MC1_175055,MC1,175055,0,670,0,2018-01-31,2019-12-01,,,,,,0.52543044,0.50883263,0.49177793
C,MC1_175468,MC1,175468,0,603,0,2018-04-08,2019-12-01,,,,,,0.64266163,0.50290465,0.5035834
C,MC1_175591,MC1,175591,0,513,0,2018-07-07,2019-12-01,,,,,,0.6421461,0.5017084,0.50664467
C,MC1_175789,MC1,175789,0,670,0,2018-01-31,2019-12-01,,,,,,0.5268284,0.5093647,0.4918694
C,MC1_176153,MC1,176153,0,20,0,2019-11-12,2019-12-01,,,,,,7.6241144e-05,3.9894226e-06,7.6241144e-05
C,MC1_176194,MC1,176194,1,616,30,2018-01-31,2019-10-08,2019-09-09,2019-10-08,0.4970241189002991,0.495505154132843,0.4970241189002991,0.52759385,0.51156604,0.49550515
C,MC1_176406,MC1,176406,0,365,0,2018-04-27,2019-04-26,,,,,,0.64181,0.5058639,0.5140848
C,MC1_176450,MC1,176450,0,670,0,2018-01-31,2019-12-01,,,,,,0.6421655,0.5052296,0.49818355
C,MC1_176635,MC1,176635,0,474,0,2018-08-15,2019-12-01,,,,,,0.64197564,0.49741122,0.5100406
C,MC1_176717,MC1,176717,0,670,0,2018-01-31,2019-12-01,,,,,,0.6182316,0.51524514,0.49639353
C,MC1_176740,MC1,176740,0,669,0,2018-01-31,2019-11-30,,,,,,0.5187987,0.5013465,0.4839443
C,MC1_176823,MC1,176823,0,656,0,2018-01-31,2019-11-17,,,,,,0.51950115,0.50239086,0.48551315
C,MC1_177031,MC1,177031,0,670,0,2018-01-31,2019-12-01,,,,,,0.6431769,0.51730216,0.4969492
C,MC1_177042,MC1,177042,0,670,0,2018-01-31,2019-12-01,,,,,,0.52805364,0.5112851,0.4941249
C,MC1_17713,MC1,17713,0,657,0,2018-02-13,2019-12-01,,,,,,0.6443987,0.5000677,0.4992343
C,MC1_177432,MC1,177432,0,670,0,2018-01-31,2019-12-01,,,,,,0.5313643,0.5127369,0.49528316
C,MC1_177674,MC1,177674,0,425,0,2018-10-03,2019-12-01,,,,,,0.6459527,0.5057771,0.5110267
C,MC1_177965,MC1,177965,0,491,0,2018-07-29,2019-12-01,,,,,,0.64162356,0.5015036,0.50778586
C,MC1_178030,MC1,178030,0,670,0,2018-01-31,2019-12-01,,,,,,0.5207539,0.50335443,0.48604986
C,MC1_178142,MC1,178142,0,574,0,2018-05-07,2019-12-01,,,,,,0.64224416,0.50504404,0.50327164
C,MC1_178150,MC1,178150,0,468,0,2018-08-21,2019-12-01,,,,,,0.6438222,0.50222373,0.5089821
C,MC1_178361,MC1,178361,0,619,0,2018-03-23,2019-12-01,,,,,,0.6417468,0.51012355,0.50056255
C,MC1_178384,MC1,178384,0,670,0,2018-01-31,2019-12-01,,,,,,0.5287788,0.5162785,0.50242716
C,MC1_178394,MC1,178394,0,274,0,2019-03-01,2019-11-29,,,,,,0.6461029,0.52795434,0.5181972
C,MC1_178480,MC1,178480,0,531,0,2018-06-19,2019-12-01,,,,,,0.5117609,0.49783584,0.4839773
C,MC1_178482,MC1,178482,0,531,0,2018-06-19,2019-12-01,,,,,,0.511767,0.49784148,0.4839824
C,MC1_178635,MC1,178635,0,158,0,2019-06-27,2019-12-01,,,,,,0.6405227,0.46771872,0.52523637
C,MC1_178766,MC1,178766,0,670,0,2018-01-31,2019-12-01,,,,,,0.52802193,0.51126784,0.49823722
C,MC1_178913,MC1,178913,0,670,0,2018-01-31,2019-12-01,,,,,,0.64367855,0.51737696,0.49738276
C,MC1_17895,MC1,17895,0,335,0,2019-01-01,2019-12-01,,,,,,0.6422098,0.50060725,0.5158264
C,MC1_179018,MC1,179018,0,670,0,2018-01-31,2019-12-01,,,,,,0.5279742,0.5106982,0.49397475
C,MC1_179174,MC1,179174,0,315,0,2019-01-21,2019-12-01,,,,,,0.64301926,0.50206167,0.5172441
C,MC1_179249,MC1,179249,0,670,0,2018-01-31,2019-12-01,,,,,,0.5254672,0.5080144,0.49052137
C,MC1_179509,MC1,179509,0,670,0,2018-01-31,2019-12-01,,,,,,0.5264077,0.5089682,0.4915029
C,MC1_179539,MC1,179539,0,670,0,2018-01-31,2019-12-01,,,,,,0.5261314,0.5087684,0.49156916
C,MC1_179720,MC1,179720,0,670,0,2018-01-31,2019-12-01,,,,,,0.5275908,0.51014006,0.49264696
C,MC1_179999,MC1,179999,0,418,0,2018-10-10,2019-12-01,,,,,,0.64260393,0.5043612,0.5115931
C,MC1_180030,MC1,180030,0,451,0,2018-09-07,2019-12-01,,,,,,0.64003897,0.50054044,0.5102612
C,MC1_180148,MC1,180148,1,676,25,2018-01-31,2019-12-07,2019-11-13,2019-12-07,0.49729347229003906,0.4960341453552246,0.49729347229003906,0.6090511,0.51475716,0.49603415
C,MC1_180260,MC1,180260,0,670,0,2018-01-31,2019-12-01,,,,,,0.6156217,0.5151258,0.4964087
C,MC1_180582,MC1,180582,0,447,0,2018-09-11,2019-12-01,,,,,,0.646513,0.50014293,0.51015276
C,MC1_180607,MC1,180607,0,664,0,2018-01-31,2019-11-25,,,,,,0.5287215,0.5119186,0.49459317
C,MC1_180665,MC1,180665,1,490,29,2018-01-31,2019-06-04,2019-05-07,2019-06-04,0.50551837682724,0.5040832161903381,0.50551837682724,0.5287964,0.51656467,0.5040832
C,MC1_180811,MC1,180811,0,503,0,2018-07-17,2019-12-01,,,,,,0.64863783,0.50359744,0.5071649
C,MC1_180833,MC1,180833,0,670,0,2018-01-31,2019-12-01,,,,,,0.6436259,0.5172397,0.4969312
C,MC1_180915,MC1,180915,0,629,0,2018-01-31,2019-10-21,,,,,,0.5284528,0.5123196,0.49588272
C,MC1_180941,MC1,180941,0,31,0,2019-11-01,2019-12-01,,,,,,0.552238,0.07829203,0.552238
C,MC1_181539,MC1,181539,0,670,0,2018-01-31,2019-12-01,,,,,,0.6428168,0.5120713,0.49810025
C,MC1_181571,MC1,181571,0,660,0,2018-02-10,2019-12-01,,,,,,0.6437513,0.5038197,0.49893534
C,MC1_181584,MC1,181584,0,628,0,2018-02-28,2019-11-17,,,,,,0.64198315,0.5022666,0.5008279
C,MC1_181729,MC1,181729,1,668,26,2018-01-31,2019-11-29,2019-10-31,2019-11-29,0.49291443824768066,0.49141353368759155,0.49291443824768066,0.52536285,0.5086284,0.49141353
C,MC1_18236,MC1,18236,0,670,0,2018-01-31,2019-12-01,,,,,,0.61837566,0.515265,0.4964412
C,MC1_18245,MC1,18245,0,185,0,2019-05-17,2019-11-17,,,,,,0.5220449,0.5172263,0.5124203
C,MC1_182577,MC1,182577,0,670,0,2018-01-31,2019-12-01,,,,,,0.5291134,0.5125455,0.49550474
C,MC1_182639,MC1,182639,0,670,0,2018-01-31,2019-12-01,,,,,,0.5261414,0.5087685,0.4918482
C,MC1_182718,MC1,182718,1,639,30,2018-02-01,2019-11-01,2019-10-03,2019-11-01,0.5011087656021118,0.4995894134044647,0.5011087656021118,0.64323837,0.51378673,0.4995894
C,MC1_182723,MC1,182723,1,670,26,2018-02-01,2019-12-02,2019-11-03,2019-12-02,0.4994853138923645,0.49798470735549927,0.4994853138923645,0.64323837,0.5130919,0.4979847
C,MC1_182878,MC1,182878,0,670,0,2018-01-31,2019-12-01,,,,,,0.64068764,0.516605,0.4975308
C,MC1_183209,MC1,183209,0,670,0,2018-01-31,2019-12-01,,,,,,0.5154013,0.4979091,0.4804472
C,MC1_183225,MC1,183225,0,670,0,2018-01-31,2019-12-01,,,,,,0.6431285,0.51773894,0.49768925
C,MC1_183676,MC1,183676,0,670,0,2018-01-31,2019-12-01,,,,,,0.5235114,0.5060294,0.48854563
C,MC1_183685,MC1,183685,0,199,0,2019-05-17,2019-12-01,,,,,,0.5220356,0.51685077,0.51167715
C,MC1_183776,MC1,183776,0,599,0,2018-01-31,2019-09-21,,,,,,0.6352021,0.5181256,0.500566
C,MC1_18388,MC1,18388,0,670,0,2018-01-31,2019-12-01,,,,,,0.64272237,0.5159143,0.49746647
C,MC1_183933,MC1,183933,0,670,0,2018-01-31,2019-12-01,,,,,,0.5232617,0.5058348,0.488635
C,MC1_184010,MC1,184010,0,670,0,2018-01-31,2019-12-01,,,,,,0.5268169,0.509355,0.49185959
C,MC1_184051,MC1,184051,0,670,0,2018-01-31,2019-12-01,,,,,,0.5285634,0.51144624,0.49391815
C,MC1_184115,MC1,184115,0,53,0,2019-09-26,2019-11-17,,,,,,0.6426446,0.36018273,0.562278
C,MC1_184119,MC1,184119,0,656,0,2018-01-31,2019-11-17,,,,,,0.5194847,0.50241184,0.48565948
C,MC1_184316,MC1,184316,0,670,0,2018-01-31,2019-12-01,,,,,,0.64221203,0.51731455,0.49728954
C,MC1_184442,MC1,184442,0,670,0,2018-01-31,2019-12-01,,,,,,0.52805585,0.5107789,0.49328133
C,MC1_184625,MC1,184625,0,314,0,2019-01-21,2019-11-30,,,,,,0.6432805,0.5019331,0.5173015
C,MC1_184703,MC1,184703,1,472,29,2018-01-31,2019-05-17,2019-04-18,2019-05-17,0.4989423453807831,0.49742528796195984,0.4989423453807831,0.5219349,0.5096402,0.4974253
C,MC1_184826,MC1,184826,0,641,0,2018-03-01,2019-12-01,,,,,,0.64194,0.50583464,0.500146
C,MC1_184856,MC1,184856,0,670,0,2018-01-31,2019-12-01,,,,,,0.52607006,0.50861526,0.4911309
C,MC1_184924,MC1,184924,0,670,0,2018-01-31,2019-12-01,,,,,,0.61420745,0.5150893,0.49651998
C,MC1_184941,MC1,184941,0,670,0,2018-01-31,2019-12-01,,,,,,0.52764916,0.51028484,0.49357405
C,MC1_184991,MC1,184991,0,654,0,2018-02-16,2019-12-01,,,,,,0.64219236,0.5030396,0.4992167
C,MC1_185035,MC1,185035,0,669,0,2018-01-31,2019-11-30,,,,,,0.5268086,0.50947875,0.4920904
C,MC1_185095,MC1,185095,0,670,0,2018-01-31,2019-12-01,,,,,,0.5255943,0.50826955,0.49321005
C,MC1_185338,MC1,185338,0,670,0,2018-01-31,2019-12-01,,,,,,0.5203638,0.50287163,0.4853906
C,MC1_1854,MC1,1854,0,597,0,2018-04-14,2019-12-01,,,,,,0.6464688,0.5046073,0.5030973
C,MC1_185532,MC1,185532,0,670,0,2018-01-31,2019-12-01,,,,,,0.5235491,0.5060788,0.48862326
C,MC1_185711,MC1,185711,0,670,0,2018-01-31,2019-12-01,,,,,,0.5285701,0.51144207,0.49397427
C,MC1_185741,MC1,185741,0,11,0,2019-11-21,2019-12-01,,,,,,3.67741e-21,3.3493845e-22,3.67741e-21
C,MC1_185916,MC1,185916,0,670,0,2018-01-31,2019-12-01,,,,,,0.5283193,0.5116503,0.49409905
C,MC1_186002,MC1,186002,0,670,0,2018-01-31,2019-12-01,,,,,,0.5207675,0.50327367,0.48579332
C,MC1_186017,MC1,186017,0,670,0,2018-01-31,2019-12-01,,,,,,0.51744264,0.49996638,0.48252547
C,MC1_186038,MC1,186038,0,461,0,2018-08-28,2019-12-01,,,,,,0.6431403,0.50048757,0.50939053
C,MC1_186122,MC1,186122,0,660,0,2018-02-10,2019-12-01,,,,,,0.6406321,0.5024296,0.4988948
C,MC1_186183,MC1,186183,0,670,0,2018-01-31,2019-12-01,,,,,,0.6430123,0.51015395,0.49783185
C,MC1_186256,MC1,186256,0,670,0,2018-01-31,2019-12-01,,,,,,0.52273923,0.5054478,0.48810685
C,MC1_186307,MC1,186307,0,670,0,2018-01-31,2019-12-01,,,,,,0.52547735,0.5080259,0.4905325
C,MC1_186405,MC1,186405,0,499,0,2018-07-21,2019-12-01,,,,,,0.6452699,0.4962289,0.5076699
C,MC1_186865,MC1,186865,0,670,0,2018-01-31,2019-12-01,,,,,,0.52419645,0.5067323,0.4892613
C,MC1_186901,MC1,186901,0,566,0,2018-05-15,2019-12-01,,,,,,0.64282984,0.5049888,0.5039449
C,MC1_187018,MC1,187018,0,670,0,2018-01-31,2019-12-01,,,,,,0.52504706,0.5075913,0.49010053
C,MC1_187094,MC1,187094,0,96,0,2018-09-05,2018-12-09,,,,,,0.51237833,0.5099108,0.50742096
C,MC1_187178,MC1,187178,0,593,0,2018-04-18,2019-12-01,,,,,,0.6444783,0.49889562,0.50265014
C,MC1_187487,MC1,187487,0,452,0,2018-09-06,2019-12-01,,,,,,0.64227515,0.5008009,0.5105681
C,MC1_187769,MC1,187769,0,594,0,2018-04-17,2019-12-01,,,,,,0.64250463,0.5017583,0.50245816
C,MC1_187917,MC1,187917,1,468,30,2018-01-31,2019-05-13,2019-04-14,2019-05-13,0.5087264180183411,0.5072146654129028,0.5087264180183411,0.63798976,0.5222954,0.50721467
C,MC1_187961,MC1,187961,0,524,0,2018-06-26,2019-12-01,,,,,,0.51948076,0.5058052,0.49284312
C,MC1_187979,MC1,187979,0,199,0,2019-05-17,2019-12-01,,,,,,0.52204335,0.51686573,0.511697
C,MC1_187985,MC1,187985,0,670,0,2018-01-31,2019-12-01,,,,,,0.6358455,0.51599497,0.49660006
C,MC1_188077,MC1,188077,0,592,0,2018-04-19,2019-12-01,,,,,,0.6471429,0.5019427,0.5025418
C,MC1_18814,MC1,18814,0,594,0,2018-04-17,2019-12-01,,,,,,0.64214927,0.5018278,0.502442
C,MC1_188331,MC1,188331,0,629,0,2018-01-31,2019-10-21,,,,,,0.5284487,0.51231873,0.49588308
C,MC1_188534,MC1,188534,1,413,30,2018-04-14,2019-05-31,2019-05-02,2019-05-31,0.5133070945739746,0.5117865800857544,0.5133070945739746,0.6464688,0.503284,0.5117866
C,MC1_18855,MC1,18855,1,671,26,2018-01-31,2019-12-02,2019-11-03,2019-12-02,0.0,0.0,0.0,0.5207173,0.06705471,0.0
C,MC1_188562,MC1,188562,0,670,0,2018-01-31,2019-12-01,,,,,,0.52068305,0.5031856,0.4857063
C,MC1_18898,MC1,18898,0,670,0,2018-01-31,2019-12-01,,,,,,0.52542496,0.5079775,0.4905244
C,MC1_189154,MC1,189154,0,670,0,2018-01-31,2019-12-01,,,,,,0.5798304,0.51392174,0.49595344
C,MC1_189273,MC1,189273,0,557,0,2018-05-24,2019-12-01,,,,,,0.6416006,0.502066,0.5043304
C,MC1_189295,MC1,189295,0,613,0,2018-03-29,2019-12-01,,,,,,0.6418444,0.5011964,0.5014495
C,MC1_189319,MC1,189319,0,670,0,2018-01-31,2019-12-01,,,,,,0.6354579,0.51604533,0.4967397
C,MC1_189362,MC1,189362,0,670,0,2018-01-31,2019-12-01,,,,,,0.52596384,0.5085384,0.49169007
C,MC1_189456,MC1,189456,0,670,0,2018-01-31,2019-12-01,,,,,,0.5247433,0.507271,0.4897797
C,MC1_189529,MC1,189529,0,670,0,2018-01-31,2019-12-01,,,,,,0.51858026,0.5010856,0.48361656
C,MC1_18955,MC1,18955,0,670,0,2018-01-31,2019-12-01,,,,,,0.5281916,0.51084614,0.49335125
C,MC1_189553,MC1,189553,0,670,0,2018-01-31,2019-12-01,,,,,,0.5245709,0.5070978,0.48961413
C,MC1_189558,MC1,189558,0,670,0,2018-01-31,2019-12-01,,,,,,0.5283868,0.51307774,0.50446564
C,MC1_189573,MC1,189573,0,404,0,2018-10-24,2019-12-01,,,,,,0.6451096,0.5008352,0.5123129
C,MC1_189607,MC1,189607,0,670,0,2018-01-31,2019-12-01,,,,,,0.5324879,0.5127773,0.49545622
C,MC1_18970,MC1,18970,0,380,0,2018-11-17,2019-12-01,,,,,,0.64646053,0.49711803,0.5137315
C,MC1_189771,MC1,189771,0,670,0,2018-01-31,2019-12-01,,,,,,0.5183232,0.50085944,0.48348042
C,MC1_189822,MC1,189822,0,670,0,2018-01-31,2019-12-01,,,,,,0.5214666,0.50398207,0.4865011
C,MC1_189841,MC1,189841,0,670,0,2018-01-31,2019-12-01,,,,,,0.529078,0.5123669,0.49495476
C,MC1_18986,MC1,18986,0,55,0,2019-10-08,2019-12-01,,,,,,0.6409343,0.35422,0.55805075
C,MC1_190006,MC1,190006,0,670,0,2018-01-31,2019-12-01,,,,,,0.522539,0.50505143,0.4875674
C,MC1_19001,MC1,19001,0,461,0,2018-08-28,2019-12-01,,,,,,0.6426636,0.5004183,0.5093919
C,MC1_19026,MC1,19026,0,122,0,2019-08-02,2019-12-01,,,,,,0.64050215,0.45014864,0.5271145
C,MC1_190353,MC1,190353,0,670,0,2018-01-31,2019-12-01,,,,,,0.5291539,0.51269823,0.4952713
C,MC1_190487,MC1,190487,0,670,0,2018-01-31,2019-12-01,,,,,,0.52876574,0.51195353,0.49479055
C,MC1_191157,MC1,191157,0,670,0,2018-01-31,2019-12-01,,,,,,0.5215251,0.50878525,0.49154323
C,MC1_191184,MC1,191184,0,593,0,2018-04-18,2019-12-01,,,,,,0.6601401,0.50204414,0.5031457
C,MC1_191232,MC1,191232,0,670,0,2018-01-31,2019-12-01,,,,,,0.52809197,0.5107151,0.4932233
C,MC1_191368,MC1,191368,0,273,0,2019-03-04,2019-12-01,,,,,,0.52879107,0.39191872,0.5190317
C,MC1_191412,MC1,191412,0,670,0,2018-01-31,2019-12-01,,,,,,0.6427491,0.51792693,0.49721444
C,MC1_191577,MC1,191577,0,670,0,2018-01-31,2019-12-01,,,,,,0.5254782,0.5080236,0.49052572
C,MC1_191586,MC1,191586,0,544,0,2018-06-06,2019-12-01,,,,,,0.6588834,0.50379974,0.5052839
C,MC1_191611,MC1,191611,0,670,0,2018-01-31,2019-12-01,,,,,,0.524727,0.50725734,0.48976552
C,MC1_191780,MC1,191780,0,670,0,2018-01-31,2019-12-01,,,,,,0.52590716,0.5085572,0.4911586
C,MC1_191990,MC1,191990,0,670,0,2018-01-31,2019-12-01,,,,,,0.5231485,0.50569665,0.48818064
C,MC1_192051,MC1,192051,0,600,0,2018-04-11,2019-12-01,,,,,,0.64141667,0.5018478,0.50210077
C,MC1_192184,MC1,192184,0,619,0,2018-03-23,2019-12-01,,,,,,0.6420362,0.5115663,0.50267833
C,MC1_192271,MC1,192271,0,452,0,2018-09-06,2019-12-01,,,,,,0.6422032,0.5000529,0.5098855
C,MC1_192310,MC1,192310,0,295,0,2018-01-31,2018-11-21,,,,,,0.52917,0.522278,0.51472557
C,MC1_192352,MC1,192352,0,670,0,2018-01-31,2019-12-01,,,,,,0.51744276,0.49994627,0.482477
C,MC1_192353,MC1,192353,0,670,0,2018-01-31,2019-12-01,,,,,,0.517442,0.49994397,0.48247448
C,MC1_192382,MC1,192382,0,670,0,2018-01-31,2019-12-01,,,,,,0.52791977,0.51053125,0.49306235
C,MC1_192392,MC1,192392,0,670,0,2018-01-31,2019-12-01,,,,,,0.52791977,0.5105309,0.49306172
C,MC1_192439,MC1,192439,0,670,0,2018-01-31,2019-12-01,,,,,,0.64328575,0.51782477,0.49749786
C,MC1_192447,MC1,192447,0,670,0,2018-01-31,2019-12-01,,,,,,0.5253121,0.50785995,0.49036837
C,MC1_192547,MC1,192547,0,670,0,2018-01-31,2019-12-01,,,,,,0.52429545,0.50696194,0.48993888
C,MC1_192620,MC1,192620,0,466,0,2018-08-23,2019-12-01,,,,,,0.6449879,0.50210404,0.5091148
C,MC1_19266,MC1,19266,0,670,0,2018-01-31,2019-12-01,,,,,,0.52606064,0.5086055,0.49111664
C,MC1_192749,MC1,192749,0,453,0,2018-09-05,2019-12-01,,,,,,0.5141547,0.5023454,0.49052006
C,MC1_192870,MC1,192870,0,544,0,2018-06-06,2019-12-01,,,,,,0.6596609,0.5036177,0.50530046
C,MC1_192883,MC1,192883,0,486,0,2018-08-03,2019-12-01,,,,,,0.64552355,0.5233651,0.5069797
C,MC1_19339,MC1,19339,0,670,0,2018-01-31,2019-12-01,,,,,,0.52875024,0.51180714,0.49432173
C,MC1_193490,MC1,193490,0,670,0,2018-01-31,2019-12-01,,,,,,0.52607155,0.5086159,0.49112457
C,MC1_193492,MC1,193492,0,670,0,2018-01-31,2019-12-01,,,,,,0.5233641,0.50587904,0.48839137
C,MC1_193703,MC1,193703,0,318,0,2019-01-18,2019-12-01,,,,,,0.64375466,0.50685203,0.51650983
C,MC1_193810,MC1,193810,0,660,0,2018-02-10,2019-12-01,,,,,,0.64395475,0.5038982,0.49912778
C,MC1_194004,MC1,194004,0,670,0,2018-01-31,2019-12-01,,,,,,0.52828604,0.5117122,0.49463904
C,MC1_194037,MC1,194037,0,670,0,2018-01-31,2019-12-01,,,,,,0.526399,0.50915956,0.4942927
C,MC1_194235,MC1,194235,0,310,0,2019-01-26,2019-12-01,,,,,,0.64612603,0.50112617,0.5172976
C,MC1_194252,MC1,194252,0,571,0,2018-01-31,2019-08-24,,,,,,0.52474797,0.5099138,0.49510843
C,MC1_194513,MC1,194513,0,670,0,2018-01-31,2019-12-01,,,,,,0.5182758,0.50079036,0.48332193
C,MC1_194600,MC1,194600,0,446,0,2018-09-12,2019-12-01,,,,,,0.6453918,0.5010842,0.51015663
C,MC1_19469,MC1,19469,0,452,0,2018-09-06,2019-12-01,,,,,,0.6424072,0.5005181,0.5098543
C,MC1_194700,MC1,194700,0,670,0,2018-01-31,2019-12-01,,,,,,0.5282402,0.51108253,0.49359015
C,MC1_194747,MC1,194747,0,670,0,2018-01-31,2019-12-01,,,,,,0.6432826,0.5104268,0.4978191
C,MC1_194815,MC1,194815,0,347,0,2018-12-20,2019-12-01,,,,,,0.64271086,0.49803534,0.51548684
C,MC1_194860,MC1,194860,0,670,0,2018-01-31,2019-12-01,,,,,,0.5285854,0.51224196,0.49549475
C,MC1_195076,MC1,195076,0,670,0,2018-01-31,2019-12-01,,,,,,0.5154447,0.49796247,0.48053735
C,MC1_195196,MC1,195196,0,528,0,2018-06-22,2019-12-01,,,,,,0.64225566,0.5014333,0.5058713
C,MC1_195268,MC1,195268,0,460,0,2018-08-29,2019-12-01,,,,,,0.643212,0.50146025,0.50939983
C,MC1_195425,MC1,195425,0,670,0,2018-01-31,2019-12-01,,,,,,0.5280861,0.51082647,0.49333087
C,MC1_195577,MC1,195577,0,670,0,2018-01-31,2019-12-01,,,,,,0.51744264,0.49996713,0.4825282
C,MC1_195606,MC1,195606,0,670,0,2018-01-31,2019-12-01,,,,,,0.52910244,0.5123857,0.49497363
C,MC1_195820,MC1,195820,0,670,0,2018-01-31,2019-12-01,,,,,,0.52777535,0.5103361,0.49284613
C,MC1_195933,MC1,195933,0,670,0,2018-01-31,2019-12-01,,,,,,0.6390229,0.51662034,0.49720123
C,MC1_196035,MC1,196035,0,670,0,2018-01-31,2019-12-01,,,,,,0.5219349,0.50445336,0.48697668
C,MC1_196109,MC1,196109,0,387,0,2018-11-10,2019-12-01,,,,,,0.645891,0.49645948,0.51330125
C,MC1_196161,MC1,196161,0,670,0,2018-01-31,2019-12-01,,,,,,0.5202034,0.50271595,0.4852399
C,MC1_19618,MC1,19618,1,595,30,2018-01-31,2019-09-17,2019-08-19,2019-09-17,0.4918825328350067,0.4903671145439148,0.4918825328350067,0.5211206,0.5056764,0.4903671
C,MC1_196429,MC1,196429,0,670,0,2018-01-31,2019-12-01,,,,,,0.52914286,0.5126924,0.49523574
C,MC1_196586,MC1,196586,0,670,0,2018-01-31,2019-12-01,,,,,,0.5282107,0.5108437,0.49335212
C,MC1_196684,MC1,196684,0,659,0,2018-02-11,2019-12-01,,,,,,0.64428514,0.5031581,0.49892348
C,MC1_196893,MC1,196893,0,451,0,2018-09-07,2019-12-01,,,,,,0.6422955,0.50130874,0.51036024
C,MC1_196955,MC1,196955,0,670,0,2018-01-31,2019-12-01,,,,,,0.5223015,0.5048106,0.48732993
C,MC1_197165,MC1,197165,0,670,0,2018-01-31,2019-12-01,,,,,,0.5219328,0.50444335,0.48695907
C,MC1_197248,MC1,197248,0,670,0,2018-01-31,2019-12-01,,,,,,0.5153476,0.4978615,0.48056456
C,MC1_19735,MC1,19735,0,670,0,2018-01-31,2019-12-01,,,,,,0.6088563,0.51489824,0.49629626
C,MC1_19744,MC1,19744,0,670,0,2018-01-31,2019-12-01,,,,,,0.5291125,0.5124217,0.4951316
C,MC1_197498,MC1,197498,0,670,0,2018-01-31,2019-12-01,,,,,,0.5280089,0.513512,0.4982489
C,MC1_197556,MC1,197556,0,670,0,2018-01-31,2019-12-01,,,,,,0.5227484,0.50526696,0.48778272
C,MC1_197662,MC1,197662,1,659,26,2018-01-31,2019-11-20,2019-10-22,2019-11-20,0.4966530501842499,0.49515295028686523,0.4966530501842499,0.52877104,0.51219124,0.49515295
C,MC1_197677,MC1,197677,0,670,0,2018-01-31,2019-12-01,,,,,,0.5187598,0.5012783,0.4838328
C,MC1_197820,MC1,197820,0,670,0,2018-01-31,2019-12-01,,,,,,0.5231388,0.5056491,0.48816058
C,MC1_197897,MC1,197897,0,93,0,2018-02-17,2018-05-20,,,,,,0.6436452,0.4305274,0.52839416
C,MC1_198093,MC1,198093,0,304,0,2019-02-01,2019-12-01,,,,,,0.5289878,0.5221419,0.51412135
C,MC1_198116,MC1,198116,0,670,0,2018-01-31,2019-12-01,,,,,,0.52029943,0.5028764,0.48604482
C,MC1_198225,MC1,198225,0,499,0,2018-07-21,2019-12-01,,,,,,0.6452008,0.49617097,0.50766426
C,MC1_198365,MC1,198365,0,670,0,2018-01-31,2019-12-01,,,,,,0.64283305,0.51728123,0.4969335
C,MC1_198409,MC1,198409,0,670,0,2018-01-31,2019-12-01,,,,,,0.61853784,0.51525867,0.49639794
C,MC1_198422,MC1,198422,0,670,0,2018-01-31,2019-12-01,,,,,,0.5194866,0.50200576,0.48469484
C,MC1_198727,MC1,198727,0,67,0,2019-09-26,2019-12-01,,,,,,0.64115286,0.3948082,0.5291823
C,MC1_198787,MC1,198787,0,594,0,2018-04-17,2019-12-01,,,,,,0.6425035,0.501578,0.50247204
C,MC1_19905,MC1,19905,0,670,0,2018-01-31,2019-12-01,,,,,,0.60752296,0.51499754,0.49827558
C,MC1_199209,MC1,199209,0,670,0,2018-01-31,2019-12-01,,,,,,0.64312875,0.5177343,0.4980788
C,MC1_199428,MC1,199428,0,670,0,2018-01-31,2019-12-01,,,,,,0.61693406,0.5152068,0.49640918
C,MC1_199468,MC1,199468,0,593,0,2018-04-18,2019-12-01,,,,,,0.64402854,0.50163716,0.50248635
C,MC1_199547,MC1,199547,0,425,0,2018-10-03,2019-12-01,,,,,,0.6425869,0.5092506,0.51092464
C,MC1_199561,MC1,199561,0,670,0,2018-01-31,2019-12-01,,,,,,0.52038676,0.5028956,0.4854187
C,MC1_199651,MC1,199651,0,670,0,2018-01-31,2019-12-01,,,,,,0.5287943,0.5163031,0.5024611
C,MC1_199706,MC1,199706,0,670,0,2018-01-31,2019-12-01,,,,,,0.5290932,0.51610297,0.5018935
C,MC1_19974,MC1,19974,0,663,0,2018-02-07,2019-12-01,,,,,,0.6436763,0.5045178,0.4986128
C,MC1_199840,MC1,199840,0,670,0,2018-01-31,2019-12-01,,,,,,0.64300495,0.5172867,0.49693048
C,MC1_199924,MC1,199924,0,438,0,2018-09-20,2019-12-01,,,,,,0.6459362,0.5020117,0.5115974
C,MC1_200029,MC1,200029,0,670,0,2018-01-31,2019-12-01,,,,,,0.52143544,0.50394726,0.48646814
C,MC1_200210,MC1,200210,0,453,0,2018-09-05,2019-12-01,,,,,,0.5127887,0.50096375,0.48914215
C,MC1_20071,MC1,20071,0,206,0,2019-05-10,2019-12-01,,,,,,0.64036846,0.4819334,0.52331597
C,MC1_20123,MC1,20123,0,524,0,2018-06-26,2019-12-01,,,,,,0.644166,0.5032428,0.506011
C,MC1_20147,MC1,20147,0,507,0,2018-01-31,2019-06-21,,,,,,0.5203653,0.5071358,0.493956
C,MC1_20151,MC1,20151,0,554,0,2018-05-27,2019-12-01,,,,,,0.64484525,0.50278115,0.50483584
C,MC1_20254,MC1,20254,0,641,0,2018-03-01,2019-12-01,,,,,,0.6426094,0.5019661,0.50000596
C,MC1_20270,MC1,20270,0,513,0,2018-07-07,2019-12-01,,,,,,0.64185435,0.5024874,0.50659746
C,MC1_20287,MC1,20287,0,670,0,2018-01-31,2019-12-01,,,,,,0.5219814,0.5045093,0.4870579
C,MC1_2032,MC1,2032,0,670,0,2018-01-31,2019-12-01,,,,,,0.5207195,0.5032391,0.4857648
C,MC1_20330,MC1,20330,0,566,0,2018-05-15,2019-12-01,,,,,,0.64249295,0.5061721,0.5036219
C,MC1_20409,MC1,20409,1,449,29,2018-07-26,2019-10-17,2019-09-19,2019-10-17,0.5114688873291016,0.5100021362304688,0.5114688873291016,0.640095,0.5001174,0.51000214
C,MC1_20412,MC1,20412,0,670,0,2018-01-31,2019-12-01,,,,,,0.52856964,0.5117287,0.49500751
C,MC1_20875,MC1,20875,0,619,0,2018-03-23,2019-12-01,,,,,,0.64198375,0.51076734,0.500773
C,MC1_20881,MC1,20881,0,644,0,2018-02-26,2019-12-01,,,,,,0.6154427,0.5158104,0.49766812
C,MC1_20884,MC1,20884,0,644,0,2018-02-26,2019-12-01,,,,,,0.6153728,0.5158064,0.49766812
C,MC1_21009,MC1,21009,0,670,0,2018-01-31,2019-12-01,,,,,,0.5295392,0.35201365,0.0
C,MC1_21054,MC1,21054,0,670,0,2018-01-31,2019-12-01,,,,,,0.64102346,0.5051413,0.49819776
C,MC1_21508,MC1,21508,0,510,0,2018-07-10,2019-12-01,,,,,,0.64431417,0.50219584,0.5070134
C,MC1_21533,MC1,21533,0,415,0,2018-10-13,2019-12-01,,,,,,0.6435172,0.5006437,0.51175034
C,MC1_21553,MC1,21553,0,642,0,2018-02-28,2019-12-01,,,,,,0.6417601,0.5029843,0.5002022
C,MC1_21629,MC1,21629,0,68,0,2019-09-25,2019-12-01,,,,,,0.64143676,0.3874965,0.52918965
C,MC1_21688,MC1,21688,0,670,0,2018-01-31,2019-12-01,,,,,,0.5253449,0.5078908,0.49039817
C,MC1_21865,MC1,21865,0,304,0,2019-02-01,2019-12-01,,,,,,0.528976,0.5221378,0.51412
C,MC1_21902,MC1,21902,0,171,0,2019-06-14,2019-12-01,,,,,,0.64072853,0.47114804,0.5252946
C,MC1_22244,MC1,22244,0,670,0,2018-01-31,2019-12-01,,,,,,0.5279619,0.51084286,0.4961069
C,MC1_22276,MC1,22276,1,653,24,2018-01-31,2019-11-14,2019-10-16,2019-11-14,0.4954899847507477,0.494006872177124,0.4954899847507477,0.5279223,0.5109852,0.49400687
C,MC1_223,MC1,223,0,543,0,2018-05-08,2019-11-01,,,,,,0.52299076,0.50913304,0.49540022
C,MC1_22407,MC1,22407,0,656,0,2018-02-14,2019-12-01,,,,,,0.64168,0.4991513,0.499387
C,MC1_22415,MC1,22415,0,421,0,2018-10-07,2019-12-01,,,,,,0.64190686,0.5012659,0.5116071
C,MC1_22491,MC1,22491,0,296,0,2019-02-09,2019-12-01,,,,,,0.6411468,0.49266052,0.5180636
C,MC1_22561,MC1,22561,0,670,0,2018-01-31,2019-12-01,,,,,,0.5291179,0.51242536,0.4951479
C,MC1_22794,MC1,22794,0,670,0,2018-01-31,2019-12-01,,,,,,0.52072674,0.5051372,0.49526638
C,MC1_22853,MC1,22853,0,329,0,2018-10-16,2019-09-09,,,,,,0.5237897,0.5152127,0.50661725
C,MC1_22952,MC1,22952,0,670,0,2018-01-31,2019-12-01,,,,,,0.5269438,0.5108568,0.49367613
C,MC1_23142,MC1,23142,0,670,0,2018-01-31,2019-12-01,,,,,,0.5204249,0.50297576,0.48552278
C,MC1_23652,MC1,23652,0,670,0,2018-01-31,2019-12-01,,,,,,0.57905555,0.5139136,0.49601057
C,MC1_23704,MC1,23704,0,655,0,2018-02-01,2019-11-17,,,,,,0.52328604,0.5061935,0.48989242
C,MC1_23760,MC1,23760,0,670,0,2018-01-31,2019-12-01,,,,,,0.5279787,0.510896,0.49634925
C,MC1_23814,MC1,23814,0,670,0,2018-01-31,2019-12-01,,,,,,0.52905273,0.5123261,0.4948882
C,MC1_23879,MC1,23879,0,670,0,2018-01-31,2019-12-01,,,,,,0.64343977,0.51337504,0.49761048
C,MC1_24005,MC1,24005,0,670,0,2018-01-31,2019-12-01,,,,,,0.515405,0.49791297,0.48045006
C,MC1_24066,MC1,24066,0,447,0,2018-09-11,2019-12-01,,,,,,0.6421049,0.50022274,0.5101177
C,MC1_24156,MC1,24156,0,670,0,2018-01-31,2019-12-01,,,,,,0.524289,0.50683147,0.48936313
C,MC1_24441,MC1,24441,0,670,0,2018-01-31,2019-12-01,,,,,,0.5174844,0.49999335,0.4825236
C,MC1_24449,MC1,24449,0,670,0,2018-01-31,2019-12-01,,,,,,0.5174844,0.49999377,0.4825236
C,MC1_24464,MC1,24464,0,439,0,2018-09-19,2019-12-01,,,,,,0.6419222,0.51282436,0.50997853
C,MC1_24486,MC1,24486,0,670,0,2018-01-31,2019-12-01,,,,,,0.52803886,0.5136626,0.4984368
C,MC1_24500,MC1,24500,0,670,0,2018-01-31,2019-12-01,,,,,,0.5206301,0.5031411,0.48566097
C,MC1_24608,MC1,24608,0,670,0,2018-01-31,2019-12-01,,,,,,0.52597946,0.5089837,0.4920639
C,MC1_24622,MC1,24622,0,670,0,2018-01-31,2019-12-01,,,,,,0.5223246,0.50483954,0.4873591
C,MC1_24864,MC1,24864,0,670,0,2018-01-31,2019-12-01,,,,,,0.52327627,0.5058178,0.48834917
C,MC1_25065,MC1,25065,0,656,0,2018-02-14,2019-12-01,,,,,,0.6417304,0.49910328,0.49960524
C,MC1_25115,MC1,25115,0,670,0,2018-01-31,2019-12-01,,,,,,0.52577174,0.5085851,0.49141693
C,MC1_25298,MC1,25298,0,599,0,2018-04-12,2019-12-01,,,,,,0.6416091,0.5028699,0.50213706
C,MC1_25453,MC1,25453,0,670,0,2018-01-31,2019-12-01,,,,,,0.52879024,0.51183045,0.49438006
C,MC1_25542,MC1,25542,0,670,0,2018-01-31,2019-12-01,,,,,,0.52037424,0.5028858,0.4854091
C,MC1_25674,MC1,25674,0,670,0,2018-01-31,2019-12-01,,,,,,0.58298886,0.5140296,0.49603778
C,MC1_25788,MC1,25788,0,656,0,2018-02-14,2019-12-01,,,,,,0.52438056,0.5071976,0.49005896
C,MC1_26006,MC1,26006,0,376,0,2018-03-12,2019-03-22,,,,,,0.52669173,0.51743275,0.50764626
C,MC1_26050,MC1,26050,0,656,0,2018-01-31,2019-11-17,,,,,,0.5254818,0.5083961,0.49127045
C,MC1_2624,MC1,2624,0,360,0,2018-01-31,2019-01-25,,,,,,0.6432826,0.5143194,0.5140444
C,MC1_26408,MC1,26408,0,654,0,2018-02-16,2019-12-01,,,,,,0.6421401,0.5030298,0.49939194
C,MC1_26562,MC1,26562,0,670,0,2018-01-31,2019-12-01,,,,,,0.61817586,0.515249,0.49639836
C,MC1_26603,MC1,26603,0,439,0,2018-09-05,2019-11-17,,,,,,0.5111177,0.49984697,0.48820257
C,MC1_26675,MC1,26675,0,562,0,2018-05-19,2019-12-01,,,,,,0.5285188,0.4503458,0.5042226
C,MC1_26861,MC1,26861,0,670,0,2018-01-31,2019-12-01,,,,,,0.6432826,0.5104284,0.49781996
C,MC1_26939,MC1,26939,1,550,30,2018-01-31,2019-08-03,2019-07-05,2019-08-03,0.4961240291595459,0.4946008324623108,0.4961240291595459,0.5232574,0.5089259,0.49460083
C,MC1_27259,MC1,27259,0,433,0,2018-09-25,2019-12-01,,,,,,0.61648446,0.53690434,0.50955695
C,MC1_27270,MC1,27270,0,670,0,2018-01-31,2019-12-01,,,,,,0.5226117,0.5057407,0.48764047
C,MC1_27362,MC1,27362,0,670,0,2018-01-31,2019-12-01,,,,,,0.5275609,0.5104452,0.4937483
C,MC1_27567,MC1,27567,0,656,0,2018-02-14,2019-12-01,,,,,,0.52789956,0.51146764,0.49537975
C,MC1_28010,MC1,28010,1,626,29,2018-01-31,2019-10-18,2019-09-19,2019-10-18,0.49109500646591187,0.4895753860473633,0.49109500646591187,0.5222148,0.5059161,0.4895754
C,MC1_28134,MC1,28134,0,401,0,2018-10-13,2019-11-17,,,,,,0.6441954,0.50019956,0.51248753
C,MC1_2835,MC1,2835,0,670,0,2018-01-31,2019-12-01,,,,,,0.6424883,0.51593363,0.49746424
C,MC1_28395,MC1,28395,0,670,0,2018-01-31,2019-12-01,,,,,,0.6433609,0.5159108,0.4980094
C,MC1_28567,MC1,28567,0,555,0,2018-05-26,2019-12-01,,,,,,0.6414833,0.5016933,0.5044532
C,MC1_28602,MC1,28602,0,670,0,2018-01-31,2019-12-01,,,,,,0.6173473,0.5152234,0.4964274
C,MC1_28786,MC1,28786,0,670,0,2018-01-31,2019-12-01,,,,,,0.52089894,0.5034138,0.48593375
C,MC1_28805,MC1,28805,0,670,0,2018-01-31,2019-12-01,,,,,,0.5182817,0.50081694,0.48369867
C,MC1_28827,MC1,28827,0,438,0,2018-09-20,2019-12-01,,,,,,0.6454495,0.5013749,0.5106014
C,MC1_28894,MC1,28894,0,460,0,2018-08-29,2019-12-01,,,,,,0.64289993,0.5015218,0.5093926
C,MC1_2891,MC1,2891,0,365,0,2018-12-02,2019-12-01,,,,,,0.5184092,0.508382,0.49874228
C,MC1_29237,MC1,29237,0,656,0,2018-01-31,2019-11-17,,,,,,0.52531415,0.5089672,0.49366224
C,MC1_2925,MC1,2925,0,415,0,2018-10-13,2019-12-01,,,,,,0.6439184,0.5005511,0.51179004
C,MC1_29284,MC1,29284,0,670,0,2018-01-31,2019-12-01,,,,,,0.5282936,0.51100516,0.49356383
C,MC1_29310,MC1,29310,0,503,0,2018-07-17,2019-12-01,,,,,,0.6432826,0.5061221,0.50693524
C,MC1_29397,MC1,29397,0,670,0,2018-01-31,2019-12-01,,,,,,0.528012,0.5109426,0.49365917
C,MC1_29517,MC1,29517,0,433,0,2018-09-25,2019-12-01,,,,,,0.63750726,0.54375446,0.50953066
C,MC1_29533,MC1,29533,0,471,0,2018-08-18,2019-12-01,,,,,,0.6443909,0.5035195,0.51080376
C,MC1_29595,MC1,29595,0,670,0,2018-01-31,2019-12-01,,,,,,0.5264966,0.5095606,0.4923448
C,MC1_29704,MC1,29704,0,438,0,2018-09-20,2019-12-01,,,,,,0.645952,0.50154865,0.51058286
C,MC1_29725,MC1,29725,0,670,0,2018-01-31,2019-12-01,,,,,,0.5153375,0.4978455,0.48040318
C,MC1_29738,MC1,29738,0,670,0,2018-01-31,2019-12-01,,,,,,0.52329046,0.5058137,0.4883327
C,MC1_2977,MC1,2977,0,670,0,2018-01-31,2019-12-01,,,,,,0.58365685,0.5140509,0.4960522
C,MC1_29780,MC1,29780,1,501,28,2018-01-31,2019-06-15,2019-05-18,2019-06-15,0.5055593848228455,0.5041130185127258,0.5055593848228455,0.5307798,0.5171365,0.504113
C,MC1_29823,MC1,29823,0,273,0,2019-03-04,2019-12-01,,,,,,0.64402854,0.48928073,0.51935613
C,MC1_2990,MC1,2990,0,656,0,2018-02-14,2019-12-01,,,,,,0.64182913,0.49902135,0.4993905
C,MC1_29955,MC1,29955,0,555,0,2018-05-26,2019-12-01,,,,,,0.64143085,0.5016163,0.5044554
C,MC1_29990,MC1,29990,0,492,0,2018-07-28,2019-12-01,,,,,,0.65776885,0.5027833,0.5086587
C,MC1_30167,MC1,30167,0,670,0,2018-01-31,2019-12-01,,,,,,0.515355,0.49788126,0.48061523
C,MC1_30494,MC1,30494,0,670,0,2018-01-31,2019-12-01,,,,,,0.52355605,0.5061544,0.4890074
C,MC1_30578,MC1,30578,0,534,0,2018-06-16,2019-12-01,,,,,,0.6417741,0.50216484,0.50551987
C,MC1_30688,MC1,30688,0,415,0,2018-10-13,2019-12-01,,,,,,0.6433919,0.5011504,0.5119028
C,MC1_30860,MC1,30860,0,556,0,2018-05-25,2019-12-01,,,,,,0.64219195,0.50330484,0.5046051
C,MC1_31067,MC1,31067,0,670,0,2018-01-31,2019-12-01,,,,,,0.5291424,0.5126985,0.4952617
C,MC1_31192,MC1,31192,1,373,29,2018-07-19,2019-07-26,2019-06-27,2019-07-26,0.5151919722557068,0.5137092471122742,0.5151919722557068,0.6445342,0.5066188,0.51370925
C,MC1_31334,MC1,31334,0,670,0,2018-01-31,2019-12-01,,,,,,0.52278787,0.50530684,0.48782486
C,MC1_31576,MC1,31576,0,670,0,2018-01-31,2019-12-01,,,,,,0.60395336,0.5148072,0.4964591
C,MC1_3188,MC1,3188,0,424,0,2018-10-04,2019-12-01,,,,,,0.5810797,0.5206293,0.5088019
C,MC1_32070,MC1,32070,0,670,0,2018-01-31,2019-12-01,,,,,,0.52909255,0.51242757,0.49504763
C,MC1_32081,MC1,32081,0,670,0,2018-01-31,2019-12-01,,,,,,0.52824765,0.51335806,0.498829
C,MC1_32083,MC1,32083,0,670,0,2018-01-31,2019-12-01,,,,,,0.52222776,0.5047394,0.48725572
C,MC1_32090,MC1,32090,0,670,0,2018-01-31,2019-12-01,,,,,,0.52222776,0.5047385,0.4872539
C,MC1_32183,MC1,32183,0,670,0,2018-01-31,2019-12-01,,,,,,0.6090511,0.515085,0.49779168
C,MC1_32231,MC1,32231,0,670,0,2018-01-31,2019-12-01,,,,,,0.5219328,0.5044439,0.48695758
C,MC1_32330,MC1,32330,0,670,0,2018-01-31,2019-12-01,,,,,,0.521924,0.5044389,0.48695832
C,MC1_32442,MC1,32442,0,599,0,2018-01-31,2019-09-21,,,,,,0.52316886,0.50755626,0.4919072
C,MC1_3300,MC1,3300,0,310,0,2019-01-26,2019-12-01,,,,,,0.6467167,0.50138617,0.5178591
C,MC1_33062,MC1,33062,0,670,0,2018-01-31,2019-12-01,,,,,,0.5287769,0.51194286,0.49491516
C,MC1_33112,MC1,33112,0,670,0,2018-01-31,2019-12-01,,,,,,0.5203675,0.5028747,0.48539427
C,MC1_33114,MC1,33114,0,670,0,2018-01-31,2019-12-01,,,,,,0.5203675,0.50287473,0.48539427
C,MC1_33250,MC1,33250,0,321,0,2019-01-15,2019-12-01,,,,,,0.6431374,0.49590194,0.5166988
C,MC1_33306,MC1,33306,0,670,0,2018-01-31,2019-12-01,,,,,,0.5209332,0.50345075,0.48597664
C,MC1_3341,MC1,3341,0,536,0,2018-01-31,2019-07-20,,,,,,0.52229935,0.5083553,0.49456203
C,MC1_33502,MC1,33502,0,670,0,2018-01-31,2019-12-01,,,,,,0.5240719,0.50669,0.4892572
C,MC1_33649,MC1,33649,0,670,0,2018-01-31,2019-12-01,,,,,,0.5247321,0.50731397,0.48990533
C,MC1_33766,MC1,33766,0,510,0,2018-07-10,2019-12-01,,,,,,0.643681,0.5011543,0.5068329
C,MC1_33821,MC1,33821,0,309,0,2019-01-26,2019-11-30,,,,,,0.6465609,0.5031164,0.5175938
C,MC1_33927,MC1,33927,0,670,0,2018-01-31,2019-12-01,,,,,,0.52254117,0.50505257,0.48756844
C,MC1_33960,MC1,33960,0,660,0,2018-02-10,2019-12-01,,,,,,0.64414215,0.502457,0.49925628
C,MC1_34115,MC1,34115,0,670,0,2018-01-31,2019-12-01,,,,,,0.5153476,0.49797836,0.48092857
C,MC1_34298,MC1,34298,0,402,0,2018-01-31,2019-03-08,,,,,,0.5274031,0.5182564,0.5113579
C,MC1_34393,MC1,34393,0,589,0,2018-01-31,2019-09-11,,,,,,0.5282292,0.5152772,0.50335515
C,MC1_34484,MC1,34484,0,376,0,2018-11-07,2019-11-17,,,,,,0.6408457,0.4964572,0.5138779
C,MC1_34611,MC1,34611,0,38,0,2019-10-25,2019-12-01,,,,,,0.6427254,0.24843179,0.63281304
C,MC1_35048,MC1,35048,0,562,0,2018-05-19,2019-12-01,,,,,,0.5928545,0.5179071,0.50293493
C,MC1_3510,MC1,3510,0,670,0,2018-01-31,2019-12-01,,,,,,0.6354002,0.51598686,0.49659076
C,MC1_35196,MC1,35196,0,670,0,2018-01-31,2019-12-01,,,,,,0.6081102,0.51505417,0.49913308
C,MC1_35403,MC1,35403,0,656,0,2018-01-31,2019-11-17,,,,,,0.52642065,0.50934273,0.49223617
C,MC1_35487,MC1,35487,0,80,0,2018-01-31,2018-04-20,,,,,,0.64308596,0.5173725,0.52831334
C,MC1_35590,MC1,35590,0,670,0,2018-01-31,2019-12-01,,,,,,0.52655065,0.5104036,0.49518147
C,MC1_35629,MC1,35629,0,670,0,2018-01-31,2019-12-01,,,,,,0.5259273,0.50852567,0.49111852
C,MC1_35648,MC1,35648,0,13,0,2019-11-19,2019-12-01,,,,,,1.5263187e-16,1.1777467e-17,1.5263187e-16
C,MC1_3566,MC1,3566,0,670,0,2018-01-31,2019-12-01,,,,,,0.5285659,0.5114375,0.49397486
C,MC1_35679,MC1,35679,0,415,0,2018-10-13,2019-12-01,,,,,,0.6440664,0.50072354,0.51193386
C,MC1_35682,MC1,35682,0,415,0,2018-10-13,2019-12-01,,,,,,0.6440664,0.50072354,0.5119326
C,MC1_36019,MC1,36019,0,425,0,2018-10-03,2019-12-01,,,,,,0.64556396,0.5057503,0.5110248
C,MC1_36256,MC1,36256,0,670,0,2018-01-31,2019-12-01,,,,,,0.51804256,0.50055146,0.48308006
C,MC1_36288,MC1,36288,0,670,0,2018-01-31,2019-12-01,,,,,,0.6430246,0.51723486,0.49733976
C,MC1_36332,MC1,36332,0,555,0,2018-05-26,2019-12-01,,,,,,0.6428093,0.50184566,0.5044541
C,MC1_3637,MC1,3637,0,558,0,2018-05-23,2019-12-01,,,,,,0.64180785,0.50160086,0.50430304
C,MC1_36392,MC1,36392,0,670,0,2018-01-31,2019-12-01,,,,,,0.5287888,0.5118297,0.49437037
C,MC1_36474,MC1,36474,0,670,0,2018-01-31,2019-12-01,,,,,,0.5330842,0.51276845,0.49530053
C,MC1_36562,MC1,36562,0,670,0,2018-01-31,2019-12-01,,,,,,0.6422785,0.5174098,0.4972858
C,MC1_36576,MC1,36576,0,504,0,2018-07-16,2019-12-01,,,,,,0.6439432,0.5045261,0.50696725
C,MC1_36833,MC1,36833,0,670,0,2018-01-31,2019-12-01,,,,,,0.51744264,0.50000495,0.4826202
C,MC1_36912,MC1,36912,0,670,0,2018-01-31,2019-12-01,,,,,,0.64162403,0.51732296,0.4972875
C,MC1_36924,MC1,36924,0,453,0,2018-09-05,2019-12-01,,,,,,0.5155113,0.50457156,0.49388134
C,MC1_36943,MC1,36943,0,670,0,2018-01-31,2019-12-01,,,,,,0.5154052,0.49791214,0.48044977
C,MC1_36996,MC1,36996,0,670,0,2018-01-31,2019-12-01,,,,,,0.6427954,0.5120138,0.49810284
C,MC1_37117,MC1,37117,0,142,0,2019-07-13,2019-12-01,,,,,,0.6412205,0.46240467,0.5260587
C,MC1_3717,MC1,3717,0,670,0,2018-01-31,2019-12-01,,,,,,0.6431578,0.51767105,0.49729642
C,MC1_37217,MC1,37217,0,669,0,2018-02-01,2019-12-01,,,,,,0.5174886,0.49999547,0.48252764
C,MC1_37272,MC1,37272,0,670,0,2018-01-31,2019-12-01,,,,,,0.6142158,0.51510566,0.49661905
C,MC1_37432,MC1,37432,0,598,0,2018-04-13,2019-12-01,,,,,,0.6414394,0.5016307,0.5022102
C,MC1_37443,MC1,37443,0,598,0,2018-04-13,2019-12-01,,,,,,0.6414394,0.5016289,0.5022102
C,MC1_37552,MC1,37552,0,352,0,2018-12-15,2019-12-01,,,,,,0.6457441,0.49982288,0.51562935
C,MC1_37567,MC1,37567,0,509,0,2018-07-11,2019-12-01,,,,,,0.64198315,0.5018484,0.50684327
C,MC1_37617,MC1,37617,0,670,0,2018-01-31,2019-12-01,,,,,,0.5257523,0.5082936,0.49080205
C,MC1_37626,MC1,37626,0,670,0,2018-01-31,2019-12-01,,,,,,0.56845593,0.5137339,0.49625635
C,MC1_37686,MC1,37686,0,670,0,2018-01-31,2019-12-01,,,,,,0.5202109,0.5027219,0.48524573
C,MC1_37757,MC1,37757,0,670,0,2018-01-31,2019-12-01,,,,,,0.5285149,0.51157767,0.4940144
C,MC1_3776,MC1,3776,0,670,0,2018-01-31,2019-12-01,,,,,,0.6351367,0.5159689,0.4965883
C,MC1_37792,MC1,37792,0,670,0,2018-01-31,2019-12-01,,,,,,0.61837566,0.51541126,0.49684203
C,MC1_37817,MC1,37817,0,296,0,2019-02-09,2019-12-01,,,,,,0.64269006,0.4948546,0.517988
C,MC1_37818,MC1,37818,0,296,0,2019-02-09,2019-12-01,,,,,,0.64269006,0.4948546,0.517988
C,MC1_37844,MC1,37844,0,453,0,2018-09-05,2019-12-01,,,,,,0.5128461,0.5011004,0.48919374
C,MC1_3793,MC1,3793,0,478,0,2018-04-27,2019-08-17,,,,,,0.64186245,0.50758946,0.51807344
C,MC1_37951,MC1,37951,0,670,0,2018-01-31,2019-12-01,,,,,,0.52072173,0.5032369,0.48575878
C,MC1_38078,MC1,38078,0,670,0,2018-01-31,2019-12-01,,,,,,0.52367234,0.50620127,0.48872164
C,MC1_38154,MC1,38154,0,670,0,2018-01-31,2019-12-01,,,,,,0.5268014,0.5096253,0.4919753
C,MC1_38413,MC1,38413,0,554,0,2018-05-27,2019-12-01,,,,,,0.641507,0.51737684,0.50361484
C,MC1_38424,MC1,38424,0,524,0,2018-06-26,2019-12-01,,,,,,0.6440136,0.50330055,0.50617296
C,MC1_38459,MC1,38459,0,670,0,2018-01-31,2019-12-01,,,,,,0.5248247,0.50757957,0.49314678
C,MC1_38613,MC1,38613,0,670,0,2018-01-31,2019-12-01,,,,,,0.5252154,0.5077484,0.49025878
C,MC1_38672,MC1,38672,0,453,0,2018-09-05,2019-12-01,,,,,,0.5121019,0.500715,0.4923248
C,MC1_38754,MC1,38754,0,670,0,2018-01-31,2019-12-01,,,,,,0.528714,0.51520854,0.50109774
C,MC1_3879,MC1,3879,0,670,0,2018-01-31,2019-12-01,,,,,,0.6378141,0.5168098,0.4971208
C,MC1_38856,MC1,38856,0,543,0,2018-05-24,2019-11-17,,,,,,0.6418123,0.50240123,0.505041
C,MC1_38882,MC1,38882,0,670,0,2018-01-31,2019-12-01,,,,,,0.52846813,0.5113399,0.49381644
C,MC1_39085,MC1,39085,0,670,0,2018-01-31,2019-12-01,,,,,,0.5288012,0.5121268,0.49519634
C,MC1_39090,MC1,39090,0,452,0,2018-09-06,2019-12-01,,,,,,0.6427267,0.5000297,0.50986975
C,MC1_39109,MC1,39109,0,632,0,2018-03-10,2019-12-01,,,,,,0.5235702,0.5070435,0.49053463
C,MC1_3914,MC1,3914,0,422,0,2018-10-06,2019-12-01,,,,,,0.6453325,0.50020164,0.5114302
C,MC1_39159,MC1,39159,0,670,0,2018-01-31,2019-12-01,,,,,,0.5273873,0.50993776,0.4924401
C,MC1_39299,MC1,39299,0,670,0,2018-01-31,2019-12-01,,,,,,0.5207352,0.504047,0.48698327
C,MC1_39349,MC1,39349,1,632,28,2018-01-31,2019-10-24,2019-09-26,2019-10-24,0.5012415051460266,0.4998658001422882,0.5012415051460266,0.6435332,0.51319385,0.4998658
C,MC1_39381,MC1,39381,0,670,0,2018-01-31,2019-12-01,,,,,,0.5245796,0.5071194,0.4896614
C,MC1_39514,MC1,39514,0,670,0,2018-01-31,2019-12-01,,,,,,0.518791,0.50130695,0.4838454
C,MC1_39659,MC1,39659,0,670,0,2018-01-31,2019-12-01,,,,,,0.528193,0.51083726,0.4933425
C,MC1_39662,MC1,39662,0,446,0,2018-08-29,2019-11-17,,,,,,0.6429359,0.5013102,0.5101245
C,MC1_39712,MC1,39712,0,454,0,2018-09-04,2019-12-01,,,,,,0.6414636,0.5077242,0.50940907
C,MC1_39771,MC1,39771,0,619,0,2018-03-23,2019-12-01,,,,,,0.6420549,0.5107086,0.50052583
C,MC1_39823,MC1,39823,0,670,0,2018-01-31,2019-12-01,,,,,,0.5260418,0.5085873,0.49109703
C,MC1_39898,MC1,39898,1,93,28,2018-01-31,2018-05-03,2018-04-04,2018-05-03,0.5203106999397278,0.5187967419624329,0.5203106999397278,0.523552,0.52108246,0.51879674
C,MC1_40011,MC1,40011,0,670,0,2018-01-31,2019-12-01,,,,,,0.5202053,0.50271595,0.4852404
C,MC1_40387,MC1,40387,0,670,0,2018-01-31,2019-12-01,,,,,,0.64295566,0.5177362,0.49765134
C,MC1_40475,MC1,40475,0,670,0,2018-01-31,2019-12-01,,,,,,0.64245224,0.5067634,0.49806878
C,MC1_407,MC1,407,0,670,0,2018-01-31,2019-12-01,,,,,,0.5203616,0.5043172,0.4906343
C,MC1_40748,MC1,40748,0,660,0,2018-02-10,2019-12-01,,,,,,0.6430067,0.50218874,0.49894175
C,MC1_40819,MC1,40819,0,670,0,2018-01-31,2019-12-01,,,,,,0.58426875,0.51407003,0.49609005
C,MC1_41055,MC1,41055,0,83,0,2019-09-10,2019-12-01,,,,,,0.64430046,0.41642013,0.5286796
C,MC1_41083,MC1,41083,0,670,0,2018-01-31,2019-12-01,,,,,,0.6428669,0.5160249,0.4974619
C,MC1_41145,MC1,41145,1,597,29,2018-01-31,2019-09-19,2019-08-22,2019-09-19,0.491088330745697,0.4896261394023895,0.491088330745697,0.52072674,0.5051567,0.48962614
C,MC1_41274,MC1,41274,0,670,0,2018-01-31,2019-12-01,,,,,,0.5219807,0.5068183,0.49232388
C,MC1_41434,MC1,41434,0,670,0,2018-01-31,2019-12-01,,,,,,0.51744235,0.49997985,0.4827488
C,MC1_41704,MC1,41704,0,670,0,2018-01-31,2019-12-01,,,,,,0.51535916,0.49789265,0.48040113
C,MC1_41723,MC1,41723,0,669,0,2018-02-01,2019-12-01,,,,,,0.528289,0.5109569,0.49348003
C,MC1_42036,MC1,42036,0,670,0,2018-01-31,2019-12-01,,,,,,0.64300495,0.5172204,0.4973827
C,MC1_42093,MC1,42093,0,501,0,2018-07-19,2019-12-01,,,,,,0.64606726,0.50796187,0.5069608
C,MC1_42416,MC1,42416,0,369,0,2018-11-14,2019-11-17,,,,,,0.64227045,0.49601597,0.5142145
C,MC1_42619,MC1,42619,0,559,0,2018-05-22,2019-12-01,,,,,,0.6577761,0.49921933,0.5045001
C,MC1_42812,MC1,42812,0,352,0,2018-12-15,2019-12-01,,,,,,0.64578813,0.50105435,0.5154229
C,MC1_42880,MC1,42880,0,670,0,2018-01-31,2019-12-01,,,,,,0.525167,0.50817925,0.49521258
C,MC1_42907,MC1,42907,0,656,0,2018-01-31,2019-11-17,,,,,,0.51875615,0.501637,0.48454422
C,MC1_42972,MC1,42972,0,47,0,2019-10-16,2019-12-01,,,,,,0.63924503,0.30225292,0.59236497
C,MC1_431,MC1,431,0,657,0,2018-02-13,2019-12-01,,,,,,0.64414847,0.49952725,0.499309
C,MC1_4356,MC1,4356,1,609,30,2018-01-31,2019-10-01,2019-09-02,2019-10-01,0.4975900650024414,0.4960688650608063,0.4975900650024414,0.527654,0.5118324,0.49606887
C,MC1_43585,MC1,43585,0,670,0,2018-01-31,2019-12-01,,,,,,0.6438764,0.5125888,0.4980299
C,MC1_43640,MC1,43640,0,453,0,2018-09-05,2019-12-01,,,,,,0.51629406,0.50457716,0.4926469
C,MC1_4373,MC1,4373,0,670,0,2018-01-31,2019-12-01,,,,,,0.5219843,0.5045118,0.48707917
C,MC1_43734,MC1,43734,0,670,0,2018-01-31,2019-12-01,,,,,,0.52067786,0.50319076,0.48571017
C,MC1_43761,MC1,43761,0,415,0,2018-10-13,2019-12-01,,,,,,0.6433165,0.50062096,0.51177514
C,MC1_43865,MC1,43865,0,510,0,2018-07-10,2019-12-01,,,,,,0.6437926,0.5012805,0.50682765
C,MC1_44028,MC1,44028,0,589,0,2018-01-31,2019-09-11,,,,,,0.52197856,0.5084389,0.49506488
C,MC1_44075,MC1,44075,1,597,30,2018-01-31,2019-09-19,2019-08-21,2019-09-19,0.4999234676361084,0.4984027147293091,0.4999234676361084,0.5287824,0.5137852,0.4984027
C,MC1_4414,MC1,4414,0,373,0,2018-09-05,2019-09-12,,,,,,0.5111571,0.5014979,0.4916875
C,MC1_44347,MC1,44347,0,670,0,2018-01-31,2019-12-01,,,,,,0.63861734,0.51601934,0.49659443
C,MC1_4442,MC1,4442,0,592,0,2018-04-19,2019-12-01,,,,,,0.6443131,0.49749607,0.5032964
C,MC1_44477,MC1,44477,0,600,0,2018-04-11,2019-12-01,,,,,,0.6430653,0.5027901,0.5020368
C,MC1_44532,MC1,44532,0,670,0,2018-01-31,2019-12-01,,,,,,0.5231434,0.5056566,0.4881725
C,MC1_44545,MC1,44545,0,670,0,2018-01-31,2019-12-01,,,,,,0.51849973,0.50101066,0.4835376
C,MC1_44554,MC1,44554,0,500,0,2018-07-20,2019-12-01,,,,,,0.6428942,0.5095684,0.5069119
C,MC1_44636,MC1,44636,0,670,0,2018-01-31,2019-12-01,,,,,,0.52879304,0.5162985,0.50244755
C,MC1_44640,MC1,44640,0,670,0,2018-01-31,2019-12-01,,,,,,0.52274865,0.5054449,0.4880953
C,MC1_44662,MC1,44662,0,656,0,2018-01-31,2019-11-17,,,,,,0.5270834,0.5103409,0.49322987
C,MC1_44755,MC1,44755,0,86,0,2019-09-07,2019-12-01,,,,,,0.6392054,0.41438124,0.52868164
C,MC1_4500,MC1,4500,0,670,0,2018-01-31,2019-12-01,,,,,,0.52066916,0.5032882,0.48616844
C,MC1_45052,MC1,45052,0,173,0,2019-06-12,2019-12-01,,,,,,0.6408723,0.54001176,0.5231755
C,MC1_45121,MC1,45121,0,656,0,2018-01-31,2019-11-17,,,,,,0.5227936,0.5056801,0.48856884
C,MC1_45151,MC1,45151,1,498,29,2018-01-31,2019-06-12,2019-05-15,2019-06-12,0.498031347990036,0.4965647757053375,0.498031347990036,0.522409,0.5094488,0.49656478
C,MC1_452,MC1,452,0,597,0,2018-04-14,2019-12-01,,,,,,0.6487347,0.13285832,0.5247993
C,MC1_4531,MC1,4531,0,594,0,2018-04-17,2019-12-01,,,,,,0.64279425,0.50209236,0.5027022
C,MC1_45332,MC1,45332,0,592,0,2018-04-19,2019-12-01,,,,,,0.66576064,0.50494736,0.5035213
C,MC1_45435,MC1,45435,0,421,0,2018-10-07,2019-12-01,,,,,,0.6453371,0.5005551,0.5117973
C,MC1_45447,MC1,45447,0,646,0,2018-02-10,2019-11-17,,,,,,0.6429415,0.50273836,0.5000457
C,MC1_45570,MC1,45570,0,670,0,2018-01-31,2019-12-01,,,,,,0.5290813,0.51243407,0.49512297
C,MC1_45590,MC1,45590,0,524,0,2018-06-26,2019-12-01,,,,,,0.64420193,0.50338537,0.5060507
C,MC1_45885,MC1,45885,0,670,0,2018-01-31,2019-12-01,,,,,,0.52839303,0.5111624,0.49365708
C,MC1_4593,MC1,4593,0,503,0,2018-07-17,2019-12-01,,,,,,0.6431769,0.50459814,0.5070277
C,MC1_45930,MC1,45930,0,451,0,2018-09-07,2019-12-01,,,,,,0.6434095,0.5021149,0.5098307
C,MC1_46013,MC1,46013,0,670,0,2018-01-31,2019-12-01,,,,,,0.5206285,0.5031451,0.48567435
C,MC1_46050,MC1,46050,0,501,0,2018-07-19,2019-12-01,,,,,,0.643832,0.5081875,0.5069774
C,MC1_4624,MC1,4624,0,558,0,2018-05-23,2019-12-01,,,,,,0.6414905,0.50163907,0.5042986
C,MC1_46320,MC1,46320,0,310,0,2019-01-26,2019-12-01,,,,,,0.6468411,0.50075436,0.517124
C,MC1_46618,MC1,46618,0,565,0,2018-05-16,2019-12-01,,,,,,0.6426407,0.50574106,0.50370306
C,MC1_46750,MC1,46750,0,634,0,2018-02-01,2019-10-27,,,,,,0.5233182,0.5067715,0.49031287
C,MC1_46776,MC1,46776,0,670,0,2018-01-31,2019-12-01,,,,,,0.5261858,0.5087609,0.4913322
C,MC1_46806,MC1,46806,0,670,0,2018-01-31,2019-12-01,,,,,,0.53003347,0.51274186,0.4954063
C,MC1_46899,MC1,46899,0,670,0,2018-01-31,2019-12-01,,,,,,0.5280815,0.5119751,0.4956939
C,MC1_47080,MC1,47080,0,513,0,2018-07-07,2019-12-01,,,,,,0.6425624,0.50404286,0.50652117
C,MC1_47118,MC1,47118,1,186,26,2018-05-16,2018-11-17,2018-10-19,2018-11-17,0.5250648856163025,0.5235809087753296,0.5250648856163025,0.642368,0.4883972,0.5235809
C,MC1_47131,MC1,47131,0,597,0,2018-04-14,2019-12-01,,,,,,0.6472176,0.5055522,0.50221354
C,MC1_47217,MC1,47217,0,447,0,2018-09-11,2019-12-01,,,,,,0.64559555,0.4999791,0.510153
C,MC1_47321,MC1,47321,0,670,0,2018-01-31,2019-12-01,,,,,,0.61774856,0.51538056,0.49683312
C,MC1_47403,MC1,47403,0,670,0,2018-01-31,2019-12-01,,,,,,0.64279425,0.51727647,0.49694833
C,MC1_47519,MC1,47519,0,670,0,2018-01-31,2019-12-01,,,,,,0.5232639,0.50582993,0.48848167
C,MC1_47705,MC1,47705,0,331,0,2018-04-14,2019-03-10,,,,,,0.6427917,0.4969196,0.51614374
C,MC1_47914,MC1,47914,0,670,0,2018-01-31,2019-12-01,,,,,,0.52682793,0.5093652,0.49186915
C,MC1_47961,MC1,47961,0,670,0,2018-01-31,2019-12-01,,,,,,0.52840203,0.5117811,0.49655685
C,MC1_48028,MC1,48028,0,206,0,2019-05-10,2019-12-01,,,,,,0.5077332,0.5023904,0.49708515
C,MC1_4807,MC1,4807,0,499,0,2018-07-21,2019-12-01,,,,,,0.64126277,0.50462717,0.5072627
C,MC1_48376,MC1,48376,0,600,0,2018-04-11,2019-12-01,,,,,,0.64319694,0.5029684,0.50204915
C,MC1_48460,MC1,48460,1,481,30,2018-01-31,2019-05-26,2019-04-27,2019-05-26,0.500011682510376,0.4984827935695648,0.500011682510376,0.5235425,0.5110224,0.4984828
C,MC1_48846,MC1,48846,0,670,0,2018-01-31,2019-12-01,,,,,,0.52036095,0.5028685,0.48538938
C,MC1_48924,MC1,48924,0,670,0,2018-01-31,2019-12-01,,,,,,0.5280515,0.51078,0.49328485
C,MC1_49247,MC1,49247,0,670,0,2018-01-31,2019-12-01,,,,,,0.5154007,0.49790826,0.48044512
C,MC1_49359,MC1,49359,0,670,0,2018-01-31,2019-12-01,,,,,,0.5280966,0.5107208,0.49324796
C,MC1_49445,MC1,49445,0,670,0,2018-01-31,2019-12-01,,,,,,0.52148086,0.5039953,0.48651296
C,MC1_49560,MC1,49560,0,451,0,2018-09-07,2019-12-01,,,,,,0.6421643,0.5015396,0.5104525
C,MC1_49824,MC1,49824,0,513,0,2018-07-07,2019-12-01,,,,,,0.64156663,0.5024706,0.50659436
C,MC1_49840,MC1,49840,0,670,0,2018-01-31,2019-12-01,,,,,,0.5285618,0.51157707,0.49688303
C,MC1_50067,MC1,50067,0,482,0,2018-08-07,2019-12-01,,,,,,0.64503354,0.5026436,0.50828207
C,MC1_50153,MC1,50153,0,653,0,2018-02-17,2019-12-01,,,,,,0.6441994,0.5124005,0.5167551
C,MC1_50184,MC1,50184,0,594,0,2018-04-17,2019-12-01,,,,,,0.6434472,0.5016124,0.50250036
C,MC1_50204,MC1,50204,0,657,0,2018-02-13,2019-12-01,,,,,,0.52906346,0.4608361,0.49917167
C,MC1_50382,MC1,50382,0,411,0,2018-10-17,2019-12-01,,,,,,0.64524525,0.50046533,0.5119587
C,MC1_50481,MC1,50481,0,670,0,2018-01-31,2019-12-01,,,,,,0.52790993,0.51048464,0.49300992
C,MC1_50547,MC1,50547,0,605,0,2018-04-06,2019-12-01,,,,,,0.6416439,0.5018112,0.50183
C,MC1_50698,MC1,50698,0,310,0,2019-01-26,2019-12-01,,,,,,0.64596444,0.50076437,0.51711684
C,MC1_50774,MC1,50774,0,599,0,2018-04-12,2019-12-01,,,,,,0.6432117,0.5034898,0.5021173
C,MC1_50881,MC1,50881,0,670,0,2018-01-31,2019-12-01,,,,,,0.5221856,0.50470674,0.48725635
C,MC1_51044,MC1,51044,0,670,0,2018-01-31,2019-12-01,,,,,,0.52681625,0.5093535,0.49186096
C,MC1_51262,MC1,51262,0,670,0,2018-01-31,2019-12-01,,,,,,0.525115,0.5076616,0.49018165
C,MC1_51275,MC1,51275,0,670,0,2018-01-31,2019-12-01,,,,,,0.6173473,0.51521367,0.4963873
C,MC1_5154,MC1,5154,0,670,0,2018-01-31,2019-12-01,,,,,,0.52548873,0.50802,0.49053112
C,MC1_51764,MC1,51764,0,670,0,2018-01-31,2019-12-01,,,,,,0.52605224,0.5085918,0.49109674
C,MC1_51839,MC1,51839,0,656,0,2018-01-31,2019-11-17,,,,,,0.64325017,0.5092629,0.4989915
C,MC1_51880,MC1,51880,0,452,0,2018-09-06,2019-12-01,,,,,,0.6426579,0.50014514,0.5104558
C,MC1_52183,MC1,52183,0,670,0,2018-01-31,2019-12-01,,,,,,0.52037364,0.5029193,0.48616675
C,MC1_52253,MC1,52253,1,362,28,2018-01-31,2019-01-27,2018-12-30,2019-01-27,0.5105883479118347,0.5091241002082825,0.5105883479118347,0.527913,0.5185503,0.5091241
C,MC1_52381,MC1,52381,0,670,0,2018-01-31,2019-12-01,,,,,,0.52039856,0.50293654,0.48565313
C,MC1_52637,MC1,52637,0,670,0,2018-01-31,2019-12-01,,,,,,0.52198213,0.5045057,0.48704717
C,MC1_52697,MC1,52697,0,597,0,2018-04-14,2019-12-01,,,,,,0.65027064,0.5042748,0.5021867
C,MC1_52757,MC1,52757,0,670,0,2018-01-31,2019-12-01,,,,,,0.5829879,0.51404595,0.49600682
C,MC1_52760,MC1,52760,0,670,0,2018-01-31,2019-12-01,,,,,,0.52094513,0.5040728,0.48598063
C,MC1_52895,MC1,52895,0,670,0,2018-01-31,2019-12-01,,,,,,0.5206277,0.50321674,0.48588607
C,MC1_53012,MC1,53012,0,670,0,2018-01-31,2019-12-01,,,,,,0.52878517,0.5118897,0.49442855
C,MC1_53032,MC1,53032,0,415,0,2018-10-13,2019-12-01,,,,,,0.6435333,0.5015356,0.5117797
C,MC1_53585,MC1,53585,0,670,0,2018-01-31,2019-12-01,,,,,,0.51744044,0.49994296,0.4824754
C,MC1_53710,MC1,53710,0,656,0,2018-01-31,2019-11-17,,,,,,0.6440351,0.513783,0.4984055
C,MC1_53755,MC1,53755,0,670,0,2018-01-31,2019-12-01,,,,,,0.5203693,0.5028913,0.48545533
C,MC1_5386,MC1,5386,0,524,0,2018-06-26,2019-12-01,,,,,,0.64375395,0.5041449,0.5059991
C,MC1_53872,MC1,53872,0,570,0,2018-05-11,2019-12-01,,,,,,0.64789295,0.5174664,0.50304085
C,MC1_5396,MC1,5396,1,487,30,2018-01-31,2019-06-01,2019-05-03,2019-06-01,0.5048081874847412,0.5032893419265747,0.5048081874847412,0.52796197,0.515681,0.50328934
C,MC1_54097,MC1,54097,0,611,0,2018-01-31,2019-10-03,,,,,,0.52617204,0.51026356,0.49429563
C,MC1_54274,MC1,54274,0,670,0,2018-01-31,2019-12-01,,,,,,0.5214865,0.50400174,0.48651943
C,MC1_54311,MC1,54311,0,453,0,2018-09-05,2019-12-01,,,,,,0.5139999,0.5023233,0.49035975
C,MC1_54429,MC1,54429,0,670,0,2018-01-31,2019-12-01,,,,,,0.64334905,0.51599985,0.49762288
C,MC1_54575,MC1,54575,0,670,0,2018-01-31,2019-12-01,,,,,,0.64245224,0.5067642,0.49807173
C,MC1_54771,MC1,54771,0,670,0,2018-01-31,2019-12-01,,,,,,0.52910584,0.5123913,0.49492252
C,MC1_55120,MC1,55120,1,489,15,2018-01-31,2019-06-03,2019-05-06,2019-06-03,0.4999157190322876,0.4984152615070343,0.4999157190322876,0.5238429,0.5111389,0.49841526
C,MC1_55253,MC1,55253,0,554,0,2018-05-27,2019-12-01,,,,,,0.6421252,0.5045224,0.50445527
C,MC1_55451,MC1,55451,0,597,0,2018-04-14,2019-12-01,,,,,,0.6469695,0.50687236,0.50344366
C,MC1_5551,MC1,5551,0,60,0,2019-10-03,2019-12-01,,,,,,0.63985205,0.3693975,0.54042125
C,MC1_55617,MC1,55617,0,670,0,2018-01-31,2019-12-01,,,,,,0.5184973,0.5010234,0.48361045
C,MC1_56022,MC1,56022,0,670,0,2018-01-31,2019-12-01,,,,,,0.0,0.0,0.0
C,MC1_56093,MC1,56093,1,620,29,2018-01-31,2019-10-12,2019-09-13,2019-10-12,0.48550063371658325,0.4839835464954376,0.48550063371658325,0.5153476,0.49933058,0.48398355
C,MC1_565,MC1,565,0,670,0,2018-01-31,2019-12-01,,,,,,0.5153476,0.49785206,0.48039812
C,MC1_56521,MC1,56521,0,670,0,2018-01-31,2019-12-01,,,,,,0.5255576,0.51071155,0.49462694
C,MC1_56924,MC1,56924,0,380,0,2018-11-17,2019-12-01,,,,,,0.64271146,0.49571308,0.5136978
C,MC1_57025,MC1,57025,0,670,0,2018-01-31,2019-12-01,,,,,,0.6342887,0.5159842,0.49683088
C,MC1_57068,MC1,57068,0,565,0,2018-05-16,2019-12-01,,,,,,0.64342046,0.5060981,0.5037035
C,MC1_57174,MC1,57174,0,361,0,2018-12-06,2019-12-01,,,,,,0.6407257,0.49663085,0.51464164
C,MC1_57377,MC1,57377,0,656,0,2018-01-31,2019-11-17,,,,,,0.5251249,0.50900257,0.49190977
C,MC1_57424,MC1,57424,0,670,0,2018-01-31,2019-12-01,,,,,,0.52842474,0.5115243,0.49403515
C,MC1_57434,MC1,57434,0,377,0,2018-11-20,2019-12-01,,,,,,0.64536214,0.50529283,0.51345086
C,MC1_57600,MC1,57600,0,670,0,2018-01-31,2019-12-01,,,,,,0.5187168,0.5012628,0.4837934
C,MC1_57878,MC1,57878,0,670,0,2018-01-31,2019-12-01,,,,,,0.5180298,0.50053966,0.4830694
C,MC1_57953,MC1,57953,0,670,0,2018-01-31,2019-12-01,,,,,,0.5800085,0.5139271,0.49595755
C,MC1_58013,MC1,58013,1,414,25,2018-10-07,2019-11-24,2019-10-26,2019-11-24,0.51398104429245,0.5126322507858276,0.51398104429245,0.64448774,0.50055176,0.51263225
C,MC1_58321,MC1,58321,0,36,0,2019-08-23,2019-09-27,,,,,,0.64127904,0.2290838,0.6372512
C,MC1_58323,MC1,58323,0,605,0,2018-01-31,2019-09-27,,,,,,0.52497566,0.50933254,0.4941327
C,MC1_59010,MC1,59010,0,231,0,2018-01-31,2018-09-18,,,,,,0.5238351,0.5222637,0.52279913
C,MC1_59127,MC1,59127,0,659,0,2018-02-11,2019-12-01,,,,,,0.6400495,0.5030752,0.49892622
C,MC1_59201,MC1,59201,0,13,0,2019-11-19,2019-12-01,,,,,,3.099806e-16,2.3932416e-17,3.099806e-16
C,MC1_59393,MC1,59393,0,510,0,2018-07-10,2019-12-01,,,,,,0.6435273,0.50430185,0.5066638
C,MC1_59576,MC1,59576,0,558,0,2018-05-23,2019-12-01,,,,,,0.64186496,0.50163746,0.5043059
C,MC1_59636,MC1,59636,0,430,0,2018-09-28,2019-12-01,,,,,,0.6446966,0.5007037,0.5110284
C,MC1_59665,MC1,59665,0,670,0,2018-01-31,2019-12-01,,,,,,0.52758867,0.5101385,0.49264452
C,MC1_59670,MC1,59670,0,670,0,2018-01-31,2019-12-01,,,,,,0.52758867,0.51013875,0.49264574
C,MC1_5968,MC1,5968,0,670,0,2018-01-31,2019-12-01,,,,,,0.61697227,0.51520276,0.4963853
C,MC1_59846,MC1,59846,0,670,0,2018-01-31,2019-12-01,,,,,,0.52039784,0.5029093,0.48542944
C,MC1_59963,MC1,59963,0,670,0,2018-01-31,2019-12-01,,,,,,0.5225723,0.5051235,0.48762757
C,MC1_60156,MC1,60156,0,670,0,2018-01-31,2019-12-01,,,,,,0.5233518,0.50586766,0.48839137
C,MC1_60264,MC1,60264,0,670,0,2018-01-31,2019-12-01,,,,,,0.63532597,0.5159755,0.49658585
C,MC1_60319,MC1,60319,0,425,0,2018-10-03,2019-12-01,,,,,,0.6453985,0.50577486,0.511236
C,MC1_60533,MC1,60533,0,670,0,2018-01-31,2019-12-01,,,,,,0.51833177,0.50093067,0.48364317
C,MC1_60549,MC1,60549,0,12,0,2019-11-20,2019-12-01,,,,,,8.1263645e-19,6.785331e-20,8.1263645e-19
C,MC1_60595,MC1,60595,0,670,0,2018-01-31,2019-12-01,,,,,,0.638275,0.5167858,0.4976041
C,MC1_60693,MC1,60693,1,532,29,2018-01-31,2019-07-16,2019-06-18,2019-07-16,0.5038464665412903,0.50238037109375,0.5038464665412903,0.5290524,0.51597023,0.5023804
C,MC1_61,MC1,61,0,453,0,2018-09-05,2019-12-01,,,,,,0.6407541,0.5015972,0.5107871
C,MC1_61157,MC1,61157,0,611,0,2018-01-31,2019-10-03,,,,,,0.5257105,0.5098001,0.4938336
C,MC1_61201,MC1,61201,1,653,26,2018-01-31,2019-11-14,2019-10-16,2019-11-14,0.49394291639328003,0.4924485981464386,0.49394291639328003,0.5264235,0.50943184,0.4924486
C,MC1_61229,MC1,61229,0,670,0,2018-01-31,2019-12-01,,,,,,0.6138412,0.51509994,0.49685925
C,MC1_6124,MC1,6124,0,670,0,2018-01-31,2019-12-01,,,,,,0.5180762,0.50062037,0.4837185
C,MC1_61400,MC1,61400,0,656,0,2018-01-31,2019-11-17,,,,,,0.6087549,0.5154416,0.49739367
C,MC1_61485,MC1,61485,0,593,0,2018-04-18,2019-12-01,,,,,,0.6412441,0.5060472,0.5022034
C,MC1_61565,MC1,61565,0,557,0,2018-05-24,2019-12-01,,,,,,0.64156187,0.50277245,0.50458217
C,MC1_61667,MC1,61667,0,643,0,2018-02-27,2019-12-01,,,,,,0.6091192,0.5155911,0.4976609
C,MC1_61671,MC1,61671,1,627,25,2018-02-27,2019-11-15,2019-10-17,2019-11-15,0.4999873638153076,0.4984891414642334,0.4999873638153076,0.6091192,0.51603913,0.49848914
C,MC1_61729,MC1,61729,0,670,0,2018-01-31,2019-12-01,,,,,,0.5154111,0.4979309,0.48076826
C,MC1_61902,MC1,61902,0,670,0,2018-01-31,2019-12-01,,,,,,0.52504706,0.50759035,0.4900997
C,MC1_61926,MC1,61926,0,670,0,2018-01-31,2019-12-01,,,,,,0.518395,0.50078815,0.4832418
C,MC1_6222,MC1,6222,0,657,0,2018-02-13,2019-12-01,,,,,,0.6403548,0.5013251,0.49913704
C,MC1_6242,MC1,6242,0,559,0,2018-05-22,2019-12-01,,,,,,0.643091,0.5033631,0.5041489
C,MC1_62491,MC1,62491,0,670,0,2018-01-31,2019-12-01,,,,,,0.5335498,0.5127756,0.4953023
C,MC1_62564,MC1,62564,0,670,0,2018-01-31,2019-12-01,,,,,,0.526088,0.5096282,0.4938382
C,MC1_62812,MC1,62812,0,670,0,2018-01-31,2019-12-01,,,,,,0.0,0.0,0.0
C,MC1_63232,MC1,63232,0,656,0,2018-01-31,2019-11-17,,,,,,0.51536137,0.28657728,2.831651e-36
C,MC1_63322,MC1,63322,0,660,0,2018-02-10,2019-12-01,,,,,,0.64332706,0.5022314,0.49985358
C,MC1_63385,MC1,63385,0,557,0,2018-05-24,2019-12-01,,,,,,0.64138824,0.50278884,0.50468385
C,MC1_63553,MC1,63553,0,304,0,2019-02-01,2019-12-01,,,,,,0.52844715,0.52184516,0.51387936
C,MC1_63770,MC1,63770,0,532,0,2018-01-31,2019-07-16,,,,,,0.5285995,0.51516145,0.5012728
C,MC1_63847,MC1,63847,0,527,0,2018-06-23,2019-12-01,,,,,,0.6440092,0.5013731,0.505984
C,MC1_63892,MC1,63892,0,670,0,2018-01-31,2019-12-01,,,,,,0.6442081,0.51293194,0.4980016
C,MC1_63999,MC1,63999,0,670,0,2018-01-31,2019-12-01,,,,,,0.5153574,0.4979182,0.48060367
C,MC1_64172,MC1,64172,0,565,0,2018-01-31,2019-08-18,,,,,,0.5273708,0.5126941,0.49791777
C,MC1_64592,MC1,64592,0,466,0,2018-08-23,2019-12-01,,,,,,0.64300174,0.50078535,0.50929266
C,MC1_64640,MC1,64640,0,670,0,2018-01-31,2019-12-01,,,,,,0.64321023,0.51783437,0.49761492
C,MC1_64665,MC1,64665,0,308,0,2019-01-26,2019-11-29,,,,,,0.6463715,0.5030823,0.5173644
C,MC1_6472,MC1,6472,0,656,0,2018-01-31,2019-11-17,,,,,,0.52753097,0.5106404,0.4933387
C,MC1_64853,MC1,64853,0,670,0,2018-01-31,2019-12-01,,,,,,0.60283256,0.51486325,0.4993279
C,MC1_64960,MC1,64960,0,558,0,2018-05-23,2019-12-01,,,,,,0.6421517,0.5016971,0.50430226
C,MC1_64973,MC1,64973,0,670,0,2018-01-31,2019-12-01,,,,,,0.6428669,0.5101046,0.4979075
C,MC1_6501,MC1,6501,0,468,0,2018-08-21,2019-12-01,,,,,,0.64398414,0.50285786,0.50961226
C,MC1_65040,MC1,65040,0,670,0,2018-01-31,2019-12-01,,,,,,0.5272713,0.5098581,0.49234486
C,MC1_65052,MC1,65052,0,415,0,2018-10-13,2019-12-01,,,,,,0.6440939,0.50075626,0.51203
C,MC1_6512,MC1,6512,0,517,0,2018-07-03,2019-12-01,,,,,,0.64169395,0.501962,0.5070404
C,MC1_65218,MC1,65218,0,636,0,2018-01-31,2019-10-28,,,,,,0.5250283,0.50969297,0.49578834
C,MC1_65391,MC1,65391,0,670,0,2018-01-31,2019-12-01,,,,,,0.5256354,0.50867,0.49565664
C,MC1_65401,MC1,65401,0,670,0,2018-01-31,2019-12-01,,,,,,0.5222978,0.50485927,0.4878642
C,MC1_65467,MC1,65467,0,670,0,2018-01-31,2019-12-01,,,,,,0.5254284,0.50883836,0.49178424
C,MC1_6549,MC1,6549,0,670,0,2018-01-31,2019-12-01,,,,,,0.64321023,0.51725966,0.4973548
C,MC1_65500,MC1,65500,0,670,0,2018-01-31,2019-12-01,,,,,,0.51744264,0.4999601,0.48253942
C,MC1_65762,MC1,65762,0,670,0,2018-01-31,2019-12-01,,,,,,0.5328558,0.5127637,0.4952922
C,MC1_65813,MC1,65813,0,416,0,2018-10-12,2019-12-01,,,,,,0.64305216,0.5009828,0.5117276
C,MC1_65814,MC1,65814,0,416,0,2018-10-12,2019-12-01,,,,,,0.64305216,0.5009827,0.5117276
C,MC1_65844,MC1,65844,0,45,0,2018-08-04,2018-09-17,,,,,,0.6431567,0.32439095,0.5930209
C,MC1_66140,MC1,66140,0,310,0,2019-01-26,2019-12-01,,,,,,0.6420319,0.49639326,0.51723605
C,MC1_66341,MC1,66341,0,425,0,2018-10-03,2019-12-01,,,,,,0.6430547,0.5091938,0.5113774
C,MC1_66357,MC1,66357,0,523,0,2018-01-31,2019-07-07,,,,,,0.63391256,0.52028656,0.504526
C,MC1_66380,MC1,66380,0,430,0,2018-09-28,2019-12-01,,,,,,0.6454668,0.5007792,0.5110171
C,MC1_66391,MC1,66391,0,430,0,2018-09-28,2019-12-01,,,,,,0.6454668,0.5007735,0.5110057
C,MC1_66523,MC1,66523,0,670,0,2018-01-31,2019-12-01,,,,,,0.5203863,0.5029128,0.48549196
C,MC1_66651,MC1,66651,0,619,0,2018-03-23,2019-12-01,,,,,,0.64542556,0.51000285,0.5006707
C,MC1_66681,MC1,66681,0,593,0,2018-04-18,2019-12-01,,,,,,0.66324854,0.5032365,0.50312907
C,MC1_66824,MC1,66824,0,670,0,2018-01-31,2019-12-01,,,,,,0.5268322,0.50936913,0.4918725
C,MC1_66852,MC1,66852,0,670,0,2018-01-31,2019-12-01,,,,,,0.5269353,0.50950855,0.49200118
C,MC1_66884,MC1,66884,0,670,0,2018-01-31,2019-12-01,,,,,,0.5235136,0.5060988,0.48863396
C,MC1_66922,MC1,66922,0,453,0,2018-09-05,2019-12-01,,,,,,0.51318854,0.50179577,0.49341106
C,MC1_67079,MC1,67079,0,452,0,2018-09-06,2019-12-01,,,,,,0.5163667,0.50464314,0.49277192
C,MC1_671,MC1,671,0,670,0,2018-01-31,2019-12-01,,,,,,0.5219814,0.504506,0.48705265
C,MC1_67277,MC1,67277,1,275,29,2018-01-31,2018-11-01,2018-10-03,2018-11-01,0.5099748969078064,0.5084556937217712,0.5099748969078064,0.52275366,0.51558924,0.5084557
C,MC1_6736,MC1,6736,0,592,0,2018-04-19,2019-12-01,,,,,,0.6440034,0.49682194,0.5029973
C,MC1_67544,MC1,67544,0,670,0,2018-01-31,2019-12-01,,,,,,0.52675605,0.50932556,0.49190906
C,MC1_67690,MC1,67690,0,670,0,2018-01-31,2019-12-01,,,,,,0.52858675,0.5117847,0.49430764
C,MC1_67698,MC1,67698,0,670,0,2018-01-31,2019-12-01,,,,,,0.5291125,0.5124549,0.4952103
C,MC1_67727,MC1,67727,0,670,0,2018-01-31,2019-12-01,,,,,,0.5253062,0.5078533,0.49036044
C,MC1_6789,MC1,6789,0,349,0,2018-12-18,2019-12-01,,,,,,0.64686465,0.49975175,0.51591855
C,MC1_67958,MC1,67958,0,670,0,2018-01-31,2019-12-01,,,,,,0.5283924,0.51114464,0.49364138
C,MC1_6801,MC1,6801,0,670,0,2018-01-31,2019-12-01,,,,,,0.52800316,0.51135045,0.4985897
C,MC1_68012,MC1,68012,0,670,0,2018-01-31,2019-12-01,,,,,,0.52597904,0.50854987,0.49170402
C,MC1_6802,MC1,6802,0,642,0,2018-02-28,2019-12-01,,,,,,0.6422962,0.5028204,0.5005658
C,MC1_68020,MC1,68020,0,438,0,2018-09-20,2019-12-01,,,,,,0.650733,0.49266958,0.5109805
C,MC1_68064,MC1,68064,0,670,0,2018-01-31,2019-12-01,,,,,,0.5279912,0.5105852,0.49308962
C,MC1_68248,MC1,68248,0,558,0,2018-05-23,2019-12-01,,,,,,0.6418766,0.50241,0.50426066
C,MC1_68728,MC1,68728,0,510,0,2018-07-10,2019-12-01,,,,,,0.64339703,0.50116277,0.5068278
C,MC1_68742,MC1,68742,0,670,0,2018-01-31,2019-12-01,,,,,,0.5291515,0.5126944,0.49523926
C,MC1_68791,MC1,68791,0,468,0,2018-01-31,2019-05-13,,,,,,0.5217973,0.51001686,0.49837285
C,MC1_68835,MC1,68835,0,670,0,2018-01-31,2019-12-01,,,,,,0.52608734,0.5096073,0.49383935
C,MC1_68968,MC1,68968,0,603,0,2018-04-08,2019-12-01,,,,,,0.6432629,0.50267905,0.5019174
C,MC1_69245,MC1,69245,0,670,0,2018-01-31,2019-12-01,,,,,,0.5181109,0.5007491,0.4838529
C,MC1_69640,MC1,69640,0,464,0,2018-08-25,2019-12-01,,,,,,0.6425242,0.5006051,0.50949633
C,MC1_69917,MC1,69917,0,670,0,2018-01-31,2019-12-01,,,,,,0.5208924,0.50340676,0.48592663
C,MC1_7,MC1,7,0,670,0,2018-01-31,2019-12-01,,,,,,0.52867895,0.5116302,0.49431252
C,MC1_70008,MC1,70008,0,670,0,2018-01-31,2019-12-01,,,,,,0.5287672,0.5118716,0.4943944
C,MC1_70054,MC1,70054,0,670,0,2018-01-31,2019-12-01,,,,,,0.5268178,0.50936717,0.492071
C,MC1_70106,MC1,70106,0,670,0,2018-01-31,2019-12-01,,,,,,0.52549165,0.508023,0.49053296
C,MC1_703,MC1,703,0,619,0,2018-03-23,2019-12-01,,,,,,0.6423916,0.5110094,0.5015029
C,MC1_70351,MC1,70351,0,314,0,2019-01-21,2019-11-30,,,,,,0.64349407,0.5023303,0.51756835
C,MC1_70383,MC1,70383,0,670,0,2018-01-31,2019-12-01,,,,,,0.5206255,0.50316447,0.48584035
C,MC1_70567,MC1,70567,0,447,0,2018-09-11,2019-12-01,,,,,,0.6451295,0.5006957,0.51011735
C,MC1_70634,MC1,70634,0,670,0,2018-01-31,2019-12-01,,,,,,0.5286139,0.512458,0.49554855
C,MC1_70636,MC1,70636,0,670,0,2018-01-31,2019-12-01,,,,,,0.5286139,0.5124581,0.49554855
C,MC1_70772,MC1,70772,0,670,0,2018-01-31,2019-12-01,,,,,,0.52682483,0.5093621,0.49186766
C,MC1_70848,MC1,70848,0,598,0,2018-04-13,2019-12-01,,,,,,0.6413865,0.5015946,0.50221205
C,MC1_70874,MC1,70874,0,619,0,2018-03-23,2019-12-01,,,,,,0.6425035,0.51058656,0.5008048
C,MC1_70944,MC1,70944,0,670,0,2018-01-31,2019-12-01,,,,,,0.52431214,0.5068495,0.48938185
C,MC1_71054,MC1,71054,0,670,0,2018-01-31,2019-12-01,,,,,,0.5283989,0.51146346,0.493978
C,MC1_71104,MC1,71104,0,619,0,2018-03-23,2019-12-01,,,,,,0.6432826,0.5137992,0.5003747
C,MC1_7112,MC1,7112,0,660,0,2018-02-10,2019-12-01,,,,,,0.64168257,0.50202644,0.4989299
C,MC1_71233,MC1,71233,0,670,0,2018-01-31,2019-12-01,,,,,,0.5277754,0.5103385,0.49285215
C,MC1_71554,MC1,71554,1,510,29,2018-01-31,2019-06-24,2019-05-26,2019-06-24,0.5048442482948303,0.5033272504806519,0.5048442482948303,0.5291068,0.51660025,0.50332725
C,MC1_71700,MC1,71700,0,453,0,2018-09-05,2019-12-01,,,,,,0.51319015,0.5019692,0.49341166
C,MC1_71849,MC1,71849,0,670,0,2018-01-31,2019-12-01,,,,,,0.52746964,0.51226616,0.4964611
C,MC1_71909,MC1,71909,0,416,0,2018-10-12,2019-12-01,,,,,,0.642275,0.5007732,0.5117583
C,MC1_71948,MC1,71948,0,472,0,2018-08-17,2019-12-01,,,,,,0.64308834,0.50279987,0.5091919
C,MC1_71991,MC1,71991,0,670,0,2018-01-31,2019-12-01,,,,,,0.52342093,0.50593936,0.4884575
C,MC1_72052,MC1,72052,0,670,0,2018-01-31,2019-12-01,,,,,,0.5287647,0.5119063,0.4954615
C,MC1_72058,MC1,72058,0,670,0,2018-01-31,2019-12-01,,,,,,0.5174446,0.49994838,0.4824808
C,MC1_7209,MC1,7209,0,425,0,2018-10-03,2019-12-01,,,,,,0.6456813,0.5057307,0.5110718
C,MC1_72157,MC1,72157,0,670,0,2018-01-31,2019-12-01,,,,,,0.6034415,0.51497144,0.4995648
C,MC1_72295,MC1,72295,0,310,0,2019-01-26,2019-12-01,,,,,,0.643094,0.49903974,0.51714945
C,MC1_72362,MC1,72362,0,646,0,2018-02-10,2019-11-17,,,,,,0.6435777,0.502401,0.49992478
C,MC1_72383,MC1,72383,0,636,0,2018-03-06,2019-12-01,,,,,,0.64348054,0.50680244,0.50002956
C,MC1_7246,MC1,7246,0,670,0,2018-01-31,2019-12-01,,,,,,0.5218906,0.50439584,0.48691282
C,MC1_7251,MC1,7251,0,255,0,2019-03-22,2019-12-01,,,,,,0.5035513,0.49690592,0.49027517
C,MC1_72704,MC1,72704,0,60,0,2019-10-03,2019-12-01,,,,,,0.6405724,0.36882383,0.54081833
C,MC1_72743,MC1,72743,0,558,0,2018-05-23,2019-12-01,,,,,,0.6418673,0.5015653,0.5043066
C,MC1_72776,MC1,72776,0,310,0,2019-01-26,2019-12-01,,,,,,0.643094,0.49927044,0.51715034
C,MC1_72865,MC1,72865,0,670,0,2018-01-31,2019-12-01,,,,,,0.61423784,0.5150941,0.496404
C,MC1_7298,MC1,7298,0,416,0,2018-10-12,2019-12-01,,,,,,0.6420978,0.50085795,0.5117515
C,MC1_731,MC1,731,0,594,0,2018-04-17,2019-12-01,,,,,,0.64333713,0.50149465,0.50248027
C,MC1_73120,MC1,73120,0,619,0,2018-03-23,2019-12-01,,,,,,0.5282716,0.5149027,0.5004511
C,MC1_73178,MC1,73178,0,512,0,2018-07-07,2019-11-30,,,,,,0.6415152,0.5023216,0.50665206
C,MC1_73323,MC1,73323,0,670,0,2018-01-31,2019-12-01,,,,,,0.5280796,0.51170886,0.49438506
C,MC1_73495,MC1,73495,0,670,0,2018-01-31,2019-12-01,,,,,,0.64320713,0.5164415,0.49750435
C,MC1_73505,MC1,73505,1,148,29,2018-01-31,2018-06-27,2018-05-29,2018-06-27,0.5196757316589355,0.5181645154953003,0.5196757316589355,0.5257589,0.52193046,0.5181645
C,MC1_73575,MC1,73575,1,547,30,2018-01-31,2019-07-31,2019-07-02,2019-07-31,0.5052997469902039,0.5037754774093628,0.5052997469902039,0.58018667,0.51777786,0.5037755
C,MC1_73673,MC1,73673,0,593,0,2018-04-18,2019-12-01,,,,,,0.64275604,0.5000561,0.502573
C,MC1_73677,MC1,73677,0,593,0,2018-04-18,2019-12-01,,,,,,0.64327407,0.50008655,0.502573
C,MC1_73700,MC1,73700,0,670,0,2018-01-31,2019-12-01,,,,,,0.6437684,0.5130076,0.49775907
C,MC1_73778,MC1,73778,0,660,0,2018-02-10,2019-12-01,,,,,,0.6434315,0.5021297,0.49902618
C,MC1_73866,MC1,73866,0,670,0,2018-01-31,2019-12-01,,,,,,0.518356,0.50086075,0.48339263
C,MC1_73881,MC1,73881,0,670,0,2018-01-31,2019-12-01,,,,,,0.6415831,0.50662065,0.49812332
C,MC1_73917,MC1,73917,0,421,0,2018-10-07,2019-12-01,,,,,,0.64544475,0.5005162,0.5117347
C,MC1_7425,MC1,7425,0,589,0,2018-04-08,2019-11-17,,,,,,0.6433722,0.5026017,0.5026633
C,MC1_74367,MC1,74367,0,670,0,2018-01-31,2019-12-01,,,,,,0.52682054,0.5094049,0.49200127
C,MC1_74428,MC1,74428,0,636,0,2018-01-31,2019-10-28,,,,,,0.5282353,0.5130233,0.49911922
C,MC1_7447,MC1,7447,0,447,0,2018-09-11,2019-12-01,,,,,,0.6458778,0.5001194,0.51014394
C,MC1_74579,MC1,74579,0,670,0,2018-01-31,2019-12-01,,,,,,0.5291012,0.51245284,0.49531224
C,MC1_74617,MC1,74617,0,657,0,2018-02-13,2019-12-01,,,,,,0.6446892,0.50021183,0.49927247
C,MC1_74843,MC1,74843,0,670,0,2018-01-31,2019-12-01,,,,,,0.5232639,0.5057931,0.4883387
C,MC1_74878,MC1,74878,0,660,0,2018-02-10,2019-12-01,,,,,,0.64197564,0.5017252,0.49895132
C,MC1_74900,MC1,74900,0,670,0,2018-01-31,2019-12-01,,,,,,0.52759767,0.51014423,0.49265337
C,MC1_7498,MC1,7498,0,670,0,2018-01-31,2019-12-01,,,,,,0.5792337,0.51390445,0.49594885
C,MC1_74993,MC1,74993,0,554,0,2018-05-27,2019-12-01,,,,,,0.6417043,0.5043332,0.50435483
C,MC1_75068,MC1,75068,0,670,0,2018-01-31,2019-12-01,,,,,,0.5221856,0.5046967,0.48721406
C,MC1_75082,MC1,75082,0,310,0,2019-01-26,2019-12-01,,,,,,0.6415761,0.4968912,0.5172093
C,MC1_75120,MC1,75120,0,561,0,2018-01-31,2019-08-14,,,,,,0.6357206,0.51929116,0.5026108
C,MC1_75135,MC1,75135,0,670,0,2018-01-31,2019-12-01,,,,,,0.52876806,0.51183975,0.49439502
C,MC1_75158,MC1,75158,0,446,0,2018-08-29,2019-11-17,,,,,,0.64205873,0.50198954,0.5100952
C,MC1_75237,MC1,75237,0,670,0,2018-01-31,2019-12-01,,,,,,0.5233204,0.5058469,0.48841193
C,MC1_75275,MC1,75275,1,609,30,2018-01-31,2019-10-01,2019-09-02,2019-10-01,0.4928973317146301,0.4913787543773651,0.4928973317146301,0.5231369,0.50725347,0.49137875
C,MC1_75363,MC1,75363,0,670,0,2018-01-31,2019-12-01,,,,,,0.5291061,0.5124259,0.49510363
C,MC1_75504,MC1,75504,0,542,0,2018-04-14,2019-10-07,,,,,,0.643008,0.5022322,0.50542647
C,MC1_75526,MC1,75526,0,422,0,2018-10-06,2019-12-01,,,,,,0.571961,0.5204321,0.5088155
C,MC1_75709,MC1,75709,0,565,0,2018-05-16,2019-12-01,,,,,,0.64183074,0.50549924,0.5037122
C,MC1_75781,MC1,75781,0,670,0,2018-01-31,2019-12-01,,,,,,0.5803055,0.51393414,0.49595913
C,MC1_76072,MC1,76072,0,451,0,2018-09-07,2019-12-01,,,,,,0.6426136,0.501934,0.50987655
C,MC1_76168,MC1,76168,0,416,0,2018-10-12,2019-12-01,,,,,,0.642334,0.5006005,0.5117591
C,MC1_76237,MC1,76237,0,670,0,2018-01-31,2019-12-01,,,,,,0.5208786,0.5033999,0.48591843
C,MC1_76690,MC1,76690,0,670,0,2018-01-31,2019-12-01,,,,,,0.5222992,0.504812,0.4873274
C,MC1_7689,MC1,7689,0,489,0,2018-07-31,2019-12-01,,,,,,0.6422963,0.5018967,0.5078778
C,MC1_770,MC1,770,0,593,0,2018-04-18,2019-12-01,,,,,,0.64408976,0.50160336,0.50248283
C,MC1_77004,MC1,77004,0,589,0,2018-01-31,2019-09-11,,,,,,0.5219807,0.5084418,0.49506977
C,MC1_77006,MC1,77006,0,589,0,2018-01-31,2019-09-11,,,,,,0.5219807,0.5084418,0.49506977
C,MC1_77016,MC1,77016,0,670,0,2018-01-31,2019-12-01,,,,,,0.63786346,0.51657563,0.49720547
C,MC1_77037,MC1,77037,0,670,0,2018-01-31,2019-12-01,,,,,,0.522901,0.50573176,0.48865736
C,MC1_7715,MC1,7715,0,528,0,2018-06-22,2019-12-01,,,,,,0.64766866,0.5134665,0.5052524
C,MC1_77203,MC1,77203,0,670,0,2018-01-31,2019-12-01,,,,,,0.5194951,0.5020496,0.48479277
C,MC1_77522,MC1,77522,0,555,0,2018-05-26,2019-12-01,,,,,,0.6409174,0.50158715,0.5044638
C,MC1_77550,MC1,77550,0,408,0,2018-10-20,2019-12-01,,,,,,0.6447867,0.5042967,0.51207936
C,MC1_77568,MC1,77568,0,670,0,2018-01-31,2019-12-01,,,,,,0.52075446,0.5038996,0.48771897
C,MC1_77571,MC1,77571,1,385,29,2018-01-31,2019-02-19,2019-01-22,2019-02-19,0.5074183344841003,0.5059681534767151,0.5074183344841003,0.52597547,0.51597494,0.50596815
C,MC1_77574,MC1,77574,0,124,0,2019-07-31,2019-12-01,,,,,,0.64182454,0.42548177,0.527342
C,MC1_77676,MC1,77676,0,594,0,2018-04-17,2019-12-01,,,,,,0.6430123,0.5021919,0.50250536
C,MC1_77719,MC1,77719,0,670,0,2018-01-31,2019-12-01,,,,,,0.5239432,0.50647086,0.4889857
C,MC1_77781,MC1,77781,0,670,0,2018-01-31,2019-12-01,,,,,,0.5203544,0.50286365,0.48538518
C,MC1_77988,MC1,77988,0,670,0,2018-01-31,2019-12-01,,,,,,0.63506174,0.5161551,0.49700537
C,MC1_7800,MC1,7800,0,670,0,2018-01-31,2019-12-01,,,,,,0.5188121,0.501378,0.4841317
C,MC1_78105,MC1,78105,0,626,0,2018-01-31,2019-10-18,,,,,,0.5282329,0.51222974,0.49587485
C,MC1_78130,MC1,78130,0,258,0,2018-01-31,2018-10-15,,,,,,0.5269645,0.5202806,0.513581
C,MC1_78203,MC1,78203,0,670,0,2018-01-31,2019-12-01,,,,,,0.52311045,0.50540626,0.48782995
C,MC1_78358,MC1,78358,0,593,0,2018-04-18,2019-12-01,,,,,,0.66286653,0.5031137,0.5033687
C,MC1_78754,MC1,78754,0,649,0,2018-02-21,2019-12-01,,,,,,0.6429704,0.5179035,0.498007
C,MC1_79150,MC1,79150,0,670,0,2018-01-31,2019-12-01,,,,,,0.5287699,0.5118711,0.4945438
C,MC1_7937,MC1,7937,0,670,0,2018-01-31,2019-12-01,,,,,,0.644364,0.51411647,0.4975831
C,MC1_79523,MC1,79523,0,598,0,2018-04-13,2019-12-01,,,,,,0.6415427,0.50161594,0.5022806
C,MC1_79540,MC1,79540,0,321,0,2019-01-15,2019-12-01,,,,,,0.6440941,0.49638623,0.5166954
C,MC1_79581,MC1,79581,0,670,0,2018-01-31,2019-12-01,,,,,,0.6436585,0.50641614,0.4981412
C,MC1_79704,MC1,79704,0,558,0,2018-05-23,2019-12-01,,,,,,0.64163625,0.5018107,0.5042902
C,MC1_80012,MC1,80012,0,670,0,2018-01-31,2019-12-01,,,,,,0.528285,0.51129544,0.4934644
C,MC1_80036,MC1,80036,0,670,0,2018-01-31,2019-12-01,,,,,,0.60976243,0.51492935,0.4963147
C,MC1_80111,MC1,80111,0,310,0,2019-01-26,2019-12-01,,,,,,0.64562666,0.50124687,0.5174859
C,MC1_80270,MC1,80270,0,670,0,2018-01-31,2019-12-01,,,,,,0.5282738,0.5115856,0.4946277
C,MC1_80625,MC1,80625,0,671,0,2018-01-30,2019-12-01,,,,,,0.52685905,0.5088235,0.4919221
C,MC1_80870,MC1,80870,0,425,0,2018-10-03,2019-12-01,,,,,,0.65490884,0.51735437,0.51058435
C,MC1_80984,MC1,80984,0,670,0,2018-01-31,2019-12-01,,,,,,0.52758604,0.510148,0.49267703
C,MC1_80994,MC1,80994,0,629,0,2018-03-13,2019-12-01,,,,,,0.52105075,0.5046247,0.4881973
C,MC1_81235,MC1,81235,0,670,0,2018-01-31,2019-12-01,,,,,,0.5242735,0.5068104,0.48933446
C,MC1_81241,MC1,81241,0,670,0,2018-01-31,2019-12-01,,,,,,0.5242735,0.5068107,0.48933446
C,MC1_81394,MC1,81394,1,353,29,2018-01-31,2019-01-18,2018-12-21,2019-01-18,0.5147460103034973,0.513270914554596,0.5147460103034973,0.64085317,0.5266523,0.5132709
C,MC1_81452,MC1,81452,0,670,0,2018-01-31,2019-12-01,,,,,,0.52253735,0.50507593,0.48763153
C,MC1_81729,MC1,81729,0,563,0,2018-01-31,2019-08-16,,,,,,0.52042204,0.50576746,0.49128518
C,MC1_81863,MC1,81863,0,636,0,2018-03-06,2019-12-01,,,,,,0.5244867,0.5080637,0.49221763
C,MC1_82300,MC1,82300,0,532,0,2018-01-31,2019-07-16,,,,,,0.63584083,0.52012783,0.5038602
C,MC1_82347,MC1,82347,0,670,0,2018-01-31,2019-12-01,,,,,,0.5307573,0.5127396,0.49540022
C,MC1_8242,MC1,8242,0,286,0,2018-04-17,2019-01-27,,,,,,0.6425035,0.49199665,0.5185465
C,MC1_82543,MC1,82543,0,659,0,2018-02-11,2019-12-01,,,,,,0.64382327,0.50329596,0.49891326
C,MC1_82650,MC1,82650,0,670,0,2018-01-31,2019-12-01,,,,,,0.60842955,0.5149189,0.49723688
C,MC1_82687,MC1,82687,0,453,0,2018-09-05,2019-12-01,,,,,,0.5128206,0.501118,0.48917428
C,MC1_82836,MC1,82836,0,656,0,2018-02-14,2019-12-01,,,,,,0.64172584,0.4993346,0.49935424
C,MC1_82995,MC1,82995,0,670,0,2018-01-31,2019-12-01,,,,,,0.52876997,0.5118289,0.49451253
C,MC1_83074,MC1,83074,0,670,0,2018-01-31,2019-12-01,,,,,,0.5227857,0.50530463,0.48782322
C,MC1_83121,MC1,83121,0,257,0,2019-03-20,2019-12-01,,,,,,0.6399068,0.48877555,0.520066
C,MC1_83267,MC1,83267,0,24,0,2019-01-26,2019-02-18,,,,,,0.6061884,0.14567308,0.6061884
C,MC1_83355,MC1,83355,0,656,0,2018-02-14,2019-12-01,,,,,,0.64146906,0.49896547,0.49938682
C,MC1_83677,MC1,83677,0,63,0,2018-02-17,2018-04-20,,,,,,0.64611936,0.3830188,0.5296419
C,MC1_83786,MC1,83786,0,670,0,2018-01-31,2019-12-01,,,,,,0.5153476,0.4978531,0.48040923
C,MC1_8394,MC1,8394,0,557,0,2018-05-24,2019-12-01,,,,,,0.64152575,0.50276685,0.50458544
C,MC1_83967,MC1,83967,0,670,0,2018-01-31,2019-12-01,,,,,,0.528392,0.51115066,0.49364778
C,MC1_83988,MC1,83988,0,524,0,2018-01-31,2019-07-08,,,,,,0.52036095,0.507141,0.4945923
C,MC1_84197,MC1,84197,0,562,0,2018-05-19,2019-12-01,,,,,,0.64747953,0.5011409,0.5041588
C,MC1_84299,MC1,84299,0,670,0,2018-01-31,2019-12-01,,,,,,0.64279425,0.51727057,0.4969206
C,MC1_84457,MC1,84457,0,660,0,2018-02-10,2019-12-01,,,,,,0.6434238,0.5022425,0.49936995
C,MC1_84532,MC1,84532,0,433,0,2018-09-25,2019-12-01,,,,,,0.6426287,0.5458045,0.50950897
C,MC1_84667,MC1,84667,0,415,0,2018-10-13,2019-12-01,,,,,,0.6439429,0.5006789,0.5117468
C,MC1_84710,MC1,84710,0,528,0,2018-06-22,2019-12-01,,,,,,0.51628613,0.50248593,0.4887023
C,MC1_84803,MC1,84803,0,565,0,2018-05-16,2019-12-01,,,,,,0.6432284,0.5052587,0.50377554
C,MC1_84831,MC1,84831,0,636,0,2018-03-06,2019-12-01,,,,,,0.6430259,0.50718635,0.5002347
C,MC1_84838,MC1,84838,0,636,0,2018-03-06,2019-12-01,,,,,,0.6430259,0.50718683,0.5002354
C,MC1_85186,MC1,85186,0,491,0,2018-07-29,2019-12-01,,,,,,0.6418569,0.5004164,0.5078233
C,MC1_85448,MC1,85448,0,670,0,2018-01-31,2019-12-01,,,,,,0.526059,0.50860894,0.49119836
C,MC1_85460,MC1,85460,0,464,0,2018-08-25,2019-12-01,,,,,,0.64269334,0.50084686,0.5096821
C,MC1_85622,MC1,85622,0,670,0,2018-01-31,2019-12-01,,,,,,0.5204478,0.5029662,0.48551401
C,MC1_86059,MC1,86059,0,438,0,2018-09-06,2019-11-17,,,,,,0.6424678,0.500171,0.5105877
C,MC1_86076,MC1,86076,0,603,0,2018-04-08,2019-12-01,,,,,,0.64345485,0.5025368,0.5019364
C,MC1_8613,MC1,8613,0,656,0,2018-01-31,2019-11-17,,,,,,0.52642864,0.5094273,0.4924922
C,MC1_86148,MC1,86148,0,670,0,2018-01-31,2019-12-01,,,,,,0.64569944,0.5088981,0.49828908
C,MC1_86150,MC1,86150,0,670,0,2018-01-31,2019-12-01,,,,,,0.64569944,0.50889796,0.49828842
C,MC1_86194,MC1,86194,0,310,0,2019-01-26,2019-12-01,,,,,,0.64191884,0.49630305,0.51724625
C,MC1_86631,MC1,86631,0,670,0,2018-01-31,2019-12-01,,,,,,0.6434911,0.51343966,0.49767205
C,MC1_86755,MC1,86755,0,664,0,2018-02-06,2019-12-01,,,,,,0.6424031,0.5015683,0.49877077
C,MC1_86802,MC1,86802,1,483,15,2018-05-24,2019-09-18,2019-09-04,2019-09-18,0.509674608707428,0.5088589191436768,0.5096921920776367,0.64138,0.502324,0.5088589
C,MC1_87135,MC1,87135,0,670,0,2018-01-31,2019-12-01,,,,,,0.52072644,0.50513595,0.49526286
C,MC1_87150,MC1,87150,0,670,0,2018-01-31,2019-12-01,,,,,,0.5294135,0.512707,0.49526286
C,MC1_87353,MC1,87353,0,670,0,2018-01-31,2019-12-01,,,,,,0.5287305,0.511772,0.4942531
C,MC1_87359,MC1,87359,0,670,0,2018-01-31,2019-12-01,,,,,,0.5280077,0.511389,0.4944684
C,MC1_87471,MC1,87471,0,597,0,2018-04-14,2019-12-01,,,,,,0.6428093,0.5022566,0.50230235
C,MC1_87503,MC1,87503,0,670,0,2018-01-31,2019-12-01,,,,,,0.5286823,0.51174176,0.49429935
C,MC1_87625,MC1,87625,0,636,0,2018-03-06,2019-12-01,,,,,,0.6433556,0.50692815,0.5000281
C,MC1_8765,MC1,8765,0,670,0,2018-01-31,2019-12-01,,,,,,0.5272744,0.5098337,0.49238732
C,MC1_87695,MC1,87695,0,670,0,2018-01-31,2019-12-01,,,,,,0.6041444,0.5148187,0.49652153
C,MC1_87807,MC1,87807,0,670,0,2018-01-31,2019-12-01,,,,,,0.6140086,0.5150827,0.49647945
C,MC1_88005,MC1,88005,0,670,0,2018-01-31,2019-12-01,,,,,,0.52075493,0.5032615,0.48578516
C,MC1_88006,MC1,88006,0,421,0,2018-10-07,2019-12-01,,,,,,0.6453316,0.500672,0.51173526
C,MC1_88040,MC1,88040,0,646,0,2018-01-31,2019-11-07,,,,,,0.5268169,0.51003486,0.49343592
C,MC1_88131,MC1,88131,0,670,0,2018-01-31,2019-12-01,,,,,,0.5290674,0.5123458,0.49491444
C,MC1_88141,MC1,88141,0,664,0,2018-02-06,2019-12-01,,,,,,0.64220506,0.5018233,0.49873933
C,MC1_88440,MC1,88440,0,416,0,2018-10-12,2019-12-01,,,,,,0.6423241,0.5009279,0.5116844
C,MC1_88567,MC1,88567,0,453,0,2018-09-05,2019-12-01,,,,,,0.5164591,0.5047259,0.49281928
C,MC1_88572,MC1,88572,0,670,0,2018-01-31,2019-12-01,,,,,,0.5225366,0.50550234,0.48825973
C,MC1_88602,MC1,88602,0,668,0,2018-02-02,2019-12-01,,,,,,0.52690953,0.5094656,0.4920145
C,MC1_88691,MC1,88691,0,646,0,2018-02-10,2019-11-17,,,,,,0.6437513,0.503951,0.5003258
C,MC1_88786,MC1,88786,0,588,0,2018-01-31,2019-09-10,,,,,,0.52805686,0.5129382,0.4975727
C,MC1_88888,MC1,88888,0,670,0,2018-01-31,2019-12-01,,,,,,0.5282733,0.5109639,0.49350628
C,MC1_890,MC1,890,1,424,30,2018-05-22,2019-07-19,2019-06-20,2019-07-19,0.5138212442398071,0.5123041868209839,0.5138212442398071,0.6438037,0.5043731,0.5123042
C,MC1_89023,MC1,89023,0,670,0,2018-01-31,2019-12-01,,,,,,0.51534003,0.49785092,0.480419
C,MC1_89072,MC1,89072,0,34,0,2019-10-29,2019-12-01,,,,,,0.6419807,0.19598238,0.6419807
C,MC1_89100,MC1,89100,0,670,0,2018-01-31,2019-12-01,,,,,,0.523262,0.50581974,0.48877665
C,MC1_89164,MC1,89164,0,664,0,2018-01-31,2019-11-25,,,,,,0.52918214,0.5129084,0.49706557
C,MC1_8923,MC1,8923,0,562,0,2018-05-19,2019-12-01,,,,,,0.68705267,0.5569853,0.502595
C,MC1_89387,MC1,89387,0,670,0,2018-01-31,2019-12-01,,,,,,0.5287608,0.51190156,0.49466324
C,MC1_89454,MC1,89454,0,447,0,2018-01-31,2019-04-22,,,,,,0.52908224,0.5202999,0.5135524
C,MC1_89491,MC1,89491,0,670,0,2018-01-31,2019-12-01,,,,,,0.6305916,0.5172364,0.49893457
C,MC1_89578,MC1,89578,0,670,0,2018-01-31,2019-12-01,,,,,,0.52254015,0.50509524,0.4877063
C,MC1_89756,MC1,89756,0,670,0,2018-01-31,2019-12-01,,,,,,0.5282446,0.51682013,0.51111436
C,MC1_89785,MC1,89785,0,670,0,2018-01-31,2019-12-01,,,,,,0.5291265,0.5124481,0.495211
C,MC1_89850,MC1,89850,0,452,0,2018-09-06,2019-12-01,,,,,,0.64077526,0.50012344,0.51046085
C,MC1_90005,MC1,90005,0,641,0,2018-03-01,2019-12-01,,,,,,0.64198315,0.5015272,0.49996924
C,MC1_90062,MC1,90062,0,670,0,2018-01-31,2019-12-01,,,,,,0.51543,0.49793583,0.48050883
C,MC1_90473,MC1,90473,0,590,0,2018-01-31,2019-09-12,,,,,,0.6088563,0.5171918,0.5006201
C,MC1_90498,MC1,90498,0,670,0,2018-01-31,2019-12-01,,,,,,0.52786666,0.51105887,0.49295574
C,MC1_90574,MC1,90574,0,501,0,2018-05-11,2019-09-23,,,,,,0.6433115,0.5184608,0.5065398
C,MC1_90593,MC1,90593,0,537,0,2018-06-13,2019-12-01,,,,,,0.6527812,0.5032978,0.5056426
C,MC1_90603,MC1,90603,0,560,0,2018-05-16,2019-11-26,,,,,,0.6427839,0.5052185,0.5039972
C,MC1_9081,MC1,9081,0,670,0,2018-01-31,2019-12-01,,,,,,0.51748914,0.4999962,0.48252788
C,MC1_91051,MC1,91051,0,438,0,2018-09-06,2019-11-17,,,,,,0.64211243,0.50027573,0.51058275
C,MC1_91118,MC1,91118,0,104,0,2019-08-06,2019-11-17,,,,,,0.4896873,0.48699775,0.48432103
C,MC1_91132,MC1,91132,0,527,0,2018-06-23,2019-12-01,,,,,,0.5907947,0.5187024,0.5051218
C,MC1_91151,MC1,91151,0,619,0,2018-03-23,2019-12-01,,,,,,0.64550006,0.5100236,0.50073135
C,MC1_9151,MC1,9151,0,670,0,2018-01-31,2019-12-01,,,,,,0.5232617,0.5057902,0.4883228
C,MC1_91538,MC1,91538,0,555,0,2018-05-26,2019-12-01,,,,,,0.64221054,0.5019638,0.5044843
C,MC1_91574,MC1,91574,0,670,0,2018-01-31,2019-12-01,,,,,,0.6481973,0.5176457,0.49771723
C,MC1_91723,MC1,91723,0,670,0,2018-01-31,2019-12-01,,,,,,0.51744264,0.49999765,0.4830577
C,MC1_91753,MC1,91753,0,85,0,2019-01-01,2019-03-26,,,,,,0.5064285,0.5042433,0.50206286
C,MC1_91767,MC1,91767,0,670,0,2018-01-31,2019-12-01,,,,,,0.5255308,0.5147412,0.49982125
C,MC1_91818,MC1,91818,0,597,0,2018-04-14,2019-12-01,,,,,,0.6446903,0.50565356,0.5049854
C,MC1_91907,MC1,91907,0,565,0,2018-05-16,2019-12-01,,,,,,0.64286613,0.5067785,0.5036431
C,MC1_91979,MC1,91979,0,670,0,2018-01-31,2019-12-01,,,,,,0.52815,0.51159775,0.49517435
C,MC1_92091,MC1,92091,0,593,0,2018-04-18,2019-12-01,,,,,,0.64408976,0.5016007,0.5024809
C,MC1_92388,MC1,92388,0,670,0,2018-01-31,2019-12-01,,,,,,0.5211145,0.50364214,0.48620412
C,MC1_92599,MC1,92599,0,670,0,2018-01-31,2019-12-01,,,,,,0.5269524,0.5094978,0.49200335
C,MC1_92731,MC1,92731,0,565,0,2018-05-16,2019-12-01,,,,,,0.64217824,0.5055246,0.5037117
C,MC1_92750,MC1,92750,0,670,0,2018-01-31,2019-12-01,,,,,,0.6041846,0.5149597,0.49928227
C,MC1_92958,MC1,92958,0,670,0,2018-01-31,2019-12-01,,,,,,0.518133,0.50069577,0.4834644
C,MC1_9296,MC1,9296,0,479,0,2018-08-10,2019-12-01,,,,,,0.6441117,0.49937677,0.5091316
C,MC1_93073,MC1,93073,0,670,0,2018-01-31,2019-12-01,,,,,,0.5222141,0.50474983,0.48741427
C,MC1_93173,MC1,93173,0,603,0,2018-04-08,2019-12-01,,,,,,0.643539,0.50263876,0.5019421
C,MC1_93220,MC1,93220,0,670,0,2018-01-31,2019-12-01,,,,,,0.51836854,0.50138193,0.48401248
C,MC1_93507,MC1,93507,0,670,0,2018-01-31,2019-12-01,,,,,,0.51748806,0.49999562,0.48252964
C,MC1_93726,MC1,93726,1,571,30,2018-01-31,2019-08-24,2019-07-26,2019-08-24,0.503178060054779,0.5016586780548096,0.503178060054779,0.6073107,0.51765937,0.5016587
C,MC1_93727,MC1,93727,0,59,0,2019-10-04,2019-12-01,,,,,,0.64137834,0.36817762,0.54361594
C,MC1_9385,MC1,9385,0,670,0,2018-01-31,2019-12-01,,,,,,0.5207677,0.50402606,0.4869343
C,MC1_93916,MC1,93916,0,670,0,2018-01-31,2019-12-01,,,,,,0.5291549,0.51268625,0.49524486
C,MC1_9404,MC1,9404,0,670,0,2018-01-31,2019-12-01,,,,,,0.5208874,0.50340223,0.4859235
C,MC1_9408,MC1,9408,0,670,0,2018-01-31,2019-12-01,,,,,,0.52710456,0.51299363,0.502268
C,MC1_94112,MC1,94112,0,656,0,2018-02-14,2019-12-01,,,,,,0.6413709,0.4990275,0.49938095
C,MC1_94190,MC1,94190,0,594,0,2018-04-17,2019-12-01,,,,,,0.641507,0.5018433,0.5024494
C,MC1_94445,MC1,94445,0,594,0,2018-04-17,2019-12-01,,,,,,0.6418203,0.50213397,0.5027795
C,MC1_94532,MC1,94532,0,641,0,2018-03-01,2019-12-01,,,,,,0.64229494,0.5015117,0.49998105
C,MC1_94608,MC1,94608,0,656,0,2018-01-31,2019-11-17,,,,,,0.5232574,0.5062441,0.48934582
C,MC1_94623,MC1,94623,0,670,0,2018-01-31,2019-12-01,,,,,,0.5257775,0.5083401,0.49085295
C,MC1_9472,MC1,9472,0,670,0,2018-01-31,2019-12-01,,,,,,0.61851007,0.5152719,0.49643597
C,MC1_95081,MC1,95081,0,441,0,2018-02-14,2019-04-30,,,,,,0.6416859,0.49611574,0.5105875
C,MC1_95090,MC1,95090,0,670,0,2018-01-31,2019-12-01,,,,,,0.5209549,0.50347096,0.48599106
C,MC1_95146,MC1,95146,0,670,0,2018-01-31,2019-12-01,,,,,,0.528797,0.511884,0.4945379
C,MC1_95148,MC1,95148,0,670,0,2018-01-31,2019-12-01,,,,,,0.528797,0.5118841,0.49453947
C,MC1_95360,MC1,95360,0,670,0,2018-01-31,2019-12-01,,,,,,0.58119345,0.51397157,0.4960115
C,MC1_95587,MC1,95587,0,619,0,2018-03-23,2019-12-01,,,,,,0.6446656,0.51296353,0.50053954
C,MC1_95605,MC1,95605,0,670,0,2018-01-31,2019-12-01,,,,,,0.64323837,0.51730126,0.4969319
C,MC1_95608,MC1,95608,0,670,0,2018-01-31,2019-12-01,,,,,,0.64323837,0.5173012,0.4969319
C,MC1_95672,MC1,95672,1,614,30,2018-01-31,2019-10-06,2019-09-07,2019-10-06,0.5016306638717651,0.5001116394996643,0.5016306638717651,0.64274174,0.5196676,0.50011164
C,MC1_95716,MC1,95716,0,656,0,2018-01-31,2019-11-17,,,,,,0.5223246,0.50522095,0.4881283
C,MC1_95718,MC1,95718,0,656,0,2018-02-14,2019-12-01,,,,,,0.641886,0.4990255,0.4993874
C,MC1_9583,MC1,9583,0,670,0,2018-01-31,2019-12-01,,,,,,0.52041274,0.50292444,0.4854459
C,MC1_95852,MC1,95852,0,597,0,2018-04-14,2019-12-01,,,,,,0.6471705,0.50443935,0.50240064
C,MC1_95897,MC1,95897,0,593,0,2018-04-18,2019-12-01,,,,,,0.6417942,0.50406694,0.5023901
C,MC1_95958,MC1,95958,0,669,0,2018-02-01,2019-12-01,,,,,,0.5268227,0.5093455,0.49186507
C,MC1_9612,MC1,9612,0,460,0,2018-08-29,2019-12-01,,,,,,0.64277565,0.50155884,0.5093835
C,MC1_96232,MC1,96232,0,353,0,2018-09-05,2019-08-23,,,,,,0.51650304,0.5074838,0.49807706
C,MC1_96277,MC1,96277,0,592,0,2018-04-19,2019-12-01,,,,,,0.64382374,0.5022837,0.5026532
C,MC1_9628,MC1,9628,0,548,0,2018-06-02,2019-12-01,,,,,,0.64412665,0.50855374,0.5044442
C,MC1_9654,MC1,9654,0,670,0,2018-01-31,2019-12-01,,,,,,0.51868707,0.5012224,0.48384342
C,MC1_96686,MC1,96686,0,452,0,2018-09-06,2019-12-01,,,,,,0.6421786,0.5005717,0.5098465
C,MC1_96755,MC1,96755,0,425,0,2018-10-03,2019-12-01,,,,,,0.6456813,0.5057461,0.5111373
C,MC1_96779,MC1,96779,0,670,0,2018-01-31,2019-12-01,,,,,,0.5235455,0.5060721,0.48859584
C,MC1_97006,MC1,97006,0,670,0,2018-01-31,2019-12-01,,,,,,0.5227554,0.5052654,0.48778373
C,MC1_97044,MC1,97044,0,656,0,2018-01-31,2019-11-17,,,,,,0.52756464,0.51047695,0.49335617
C,MC1_97096,MC1,97096,0,152,0,2019-07-03,2019-12-01,,,,,,0.6458323,0.46474808,0.5255998
C,MC1_97229,MC1,97229,0,19,0,2019-11-13,2019-12-01,,,,,,3.5694395e-06,1.9739002e-07,3.5694395e-06
C,MC1_97535,MC1,97535,0,670,0,2018-01-31,2019-12-01,,,,,,0.5215083,0.504471,0.49122235
C,MC1_97557,MC1,97557,0,670,0,2018-01-31,2019-12-01,,,,,,0.53042114,0.51272225,0.49526182
C,MC1_97661,MC1,97661,1,587,30,2018-01-31,2019-09-09,2019-08-11,2019-09-09,0.502497673034668,0.500977635383606,0.502497673034668,0.6357206,0.5184589,0.50097764
C,MC1_97673,MC1,97673,1,522,29,2018-01-31,2019-07-06,2019-06-07,2019-07-06,0.5059041976928711,0.5043818950653076,0.5059041976928711,0.6357206,0.52042645,0.5043819
C,MC1_97757,MC1,97757,0,670,0,2018-01-31,2019-12-01,,,,,,0.52801186,0.5135279,0.4982664
C,MC1_97826,MC1,97826,0,670,0,2018-01-31,2019-12-01,,,,,,0.51849496,0.5010114,0.48354152
C,MC1_97967,MC1,97967,0,670,0,2018-01-31,2019-12-01,,,,,,0.51744264,0.49994645,0.4824746
C,MC1_97977,MC1,97977,0,670,0,2018-01-31,2019-12-01,,,,,,0.52807117,0.51102656,0.49370345
C,MC1_98009,MC1,98009,0,528,0,2018-06-22,2019-12-01,,,,,,0.64186245,0.50155735,0.5059267
C,MC1_98029,MC1,98029,0,414,0,2018-10-14,2019-12-01,,,,,,0.64375544,0.50199664,0.5120215
C,MC1_98108,MC1,98108,0,656,0,2018-01-31,2019-11-17,,,,,,0.52543277,0.45093513,0.0
C,MC1_98153,MC1,98153,0,670,0,2018-01-31,2019-12-01,,,,,,0.5235107,0.5060316,0.4885457
C,MC1_98303,MC1,98303,0,650,0,2018-02-20,2019-12-01,,,,,,0.6449341,0.5017078,0.49950066
C,MC1_98363,MC1,98363,0,451,0,2018-08-02,2019-10-26,,,,,,0.6425489,0.5016495,0.509825
C,MC1_98447,MC1,98447,0,501,0,2018-07-19,2019-12-01,,,,,,0.64302534,0.5073438,0.50697625
C,MC1_98702,MC1,98702,0,670,0,2018-01-31,2019-12-01,,,,,,0.5214588,0.50397164,0.48648968
C,MC1_98852,MC1,98852,0,433,0,2018-09-25,2019-12-01,,,,,,0.6430157,0.5459988,0.5095086
C,MC1_99021,MC1,99021,0,670,0,2018-01-31,2019-12-01,,,,,,0.5268256,0.50936276,0.49186885
C,MC1_99161,MC1,99161,0,670,0,2018-01-31,2019-12-01,,,,,,0.6428475,0.51204485,0.49810144
C,MC1_99209,MC1,99209,0,594,0,2018-04-17,2019-12-01,,,,,,0.6416726,0.50283384,0.5024272
C,MC1_99371,MC1,99371,0,564,0,2018-01-31,2019-08-17,,,,,,0.5236835,0.50897735,0.49425083
C,MC1_99390,MC1,99390,0,670,0,2018-01-31,2019-12-01,,,,,,0.5206008,0.50317043,0.4862222
C,MC1_99396,MC1,99396,0,670,0,2018-01-31,2019-12-01,,,,,,0.5206008,0.5031704,0.48622036
C,MC1_99513,MC1,99513,0,619,0,2018-03-23,2019-12-01,,,,,,0.6417779,0.51103836,0.50150126
C,MC1_99520,MC1,99520,0,670,0,2018-01-31,2019-12-01,,,,,,0.5273644,0.5099182,0.4924268
C,MC2_10074,MC2,10074,0,402,0,2018-10-26,2019-12-01,,,,,,0.64657587,0.49993357,0.5124649
C,MC2_10296,MC2,10296,1,295,25,2019-02-08,2019-11-29,2019-10-31,2019-11-29,0.519422709941864,0.5179235339164734,0.519422709941864,0.6422104,0.498821,0.51792353
C,MC2_10368,MC2,10368,0,515,0,2018-07-05,2019-12-01,,,,,,0.643543,0.50980854,0.5095028
C,MC2_10384,MC2,10384,0,557,0,2018-05-24,2019-12-01,,,,,,0.6423484,0.50276864,0.50511086
C,MC2_10490,MC2,10490,0,321,0,2019-01-15,2019-12-01,,,,,,0.6445116,0.48780057,0.5169764
C,MC2_10516,MC2,10516,0,404,0,2018-10-24,2019-12-01,,,,,,0.64600396,0.5137365,0.51178813
C,MC2_106,MC2,106,0,321,0,2019-01-15,2019-12-01,,,,,,0.644833,0.49931768,0.51660484
C,MC2_10903,MC2,10903,0,557,0,2018-05-24,2019-12-01,,,,,,0.64254594,0.5035614,0.5042818
C,MC2_10923,MC2,10923,0,321,0,2019-01-15,2019-12-01,,,,,,0.6456562,0.49493656,0.51675755
C,MC2_10955,MC2,10955,0,35,0,2019-02-07,2019-03-13,,,,,,0.6404133,0.2166037,0.6385973
C,MC2_11042,MC2,11042,0,558,0,2018-05-23,2019-12-01,,,,,,0.6426369,0.5026222,0.50426805
C,MC2_11431,MC2,11431,0,352,0,2018-12-15,2019-12-01,,,,,,0.6429042,0.5016581,0.51504856
C,MC2_11599,MC2,11599,0,433,0,2018-09-25,2019-12-01,,,,,,0.64369535,0.5155218,0.5101801
C,MC2_11691,MC2,11691,0,339,0,2018-12-28,2019-12-01,,,,,,0.6418774,0.500247,0.51564115
C,MC2_11772,MC2,11772,0,484,0,2018-07-22,2019-11-17,,,,,,0.6455831,0.51936954,0.5078351
C,MC2_11930,MC2,11930,0,664,0,2018-02-06,2019-12-01,,,,,,0.52520216,0.5078595,0.4905161
C,MC2_12038,MC2,12038,0,558,0,2018-05-23,2019-12-01,,,,,,0.6418203,0.5024069,0.5048187
C,MC2_12172,MC2,12172,0,374,0,2018-11-23,2019-12-01,,,,,,0.6464553,0.49990782,0.5140084
C,MC2_12178,MC2,12178,0,558,0,2018-05-23,2019-12-01,,,,,,0.643949,0.5024314,0.5045443
C,MC2_12255,MC2,12255,0,516,0,2018-04-27,2019-09-24,,,,,,0.6443766,0.5086338,0.50611377
C,MC2_12263,MC2,12263,1,407,29,2018-05-23,2019-07-03,2019-06-04,2019-07-03,0.5135498642921448,0.512032687664032,0.5135498642921448,0.642452,0.5036729,0.5120327
C,MC2_12312,MC2,12312,0,310,0,2019-01-26,2019-12-01,,,,,,0.64053714,0.4967359,0.5172193
C,MC2_12331,MC2,12331,0,514,0,2018-07-06,2019-12-01,,,,,,0.65301657,0.5434928,0.50619423
C,MC2_12399,MC2,12399,0,303,0,2019-02-02,2019-12-01,,,,,,0.64337146,0.507794,0.51737875
C,MC2_12531,MC2,12531,0,324,0,2019-01-12,2019-12-01,,,,,,0.64456004,0.49682748,0.5167685
C,MC2_12533,MC2,12533,0,451,0,2018-08-24,2019-11-17,,,,,,0.64338,0.50284404,0.5112749
C,MC2_12568,MC2,12568,0,664,0,2018-02-06,2019-12-01,,,,,,0.52637094,0.5090333,0.49169645
C,MC2_1260,MC2,1260,0,500,0,2018-07-20,2019-12-01,,,,,,0.64188737,0.5093784,0.50692236
C,MC2_12660,MC2,12660,0,189,0,2019-05-27,2019-12-01,,,,,,0.64946204,0.48919973,0.5234509
C,MC2_1272,MC2,1272,0,383,0,2018-11-14,2019-12-01,,,,,,0.64434385,0.4969061,0.5134782
C,MC2_12833,MC2,12833,0,424,0,2018-10-04,2019-12-01,,,,,,0.64495695,0.49517843,0.511529
C,MC2_13031,MC2,13031,0,383,0,2018-11-14,2019-12-01,,,,,,0.52805966,0.51953673,0.5100696
C,MC2_13119,MC2,13119,0,431,0,2018-09-27,2019-12-01,,,,,,0.633188,0.5230759,0.50903857
C,MC2_13180,MC2,13180,0,556,0,2018-05-25,2019-12-01,,,,,,0.64382493,0.50056344,0.50449765
C,MC2_13239,MC2,13239,0,664,0,2018-02-06,2019-12-01,,,,,,0.52482295,0.50747734,0.490135
C,MC2_13466,MC2,13466,0,330,0,2018-11-29,2019-10-24,,,,,,0.5291408,0.52126276,0.5126947
C,MC2_13478,MC2,13478,0,531,0,2018-06-19,2019-12-01,,,,,,0.6442774,0.5200594,0.504712
C,MC2_13536,MC2,13536,0,425,0,2018-10-03,2019-12-01,,,,,,0.64323395,0.5169047,0.5105209
C,MC2_13576,MC2,13576,0,439,0,2018-09-19,2019-12-01,,,,,,0.64530843,0.52419907,0.5094752
C,MC2_13878,MC2,13878,0,447,0,2018-09-11,2019-12-01,,,,,,0.64555633,0.49931517,0.5101738
C,MC2_13895,MC2,13895,0,311,0,2018-12-28,2019-11-03,,,,,,0.6420362,0.49623162,0.5171764
C,MC2_14080,MC2,14080,0,664,0,2018-02-06,2019-12-01,,,,,,0.5252628,0.5079207,0.49057627
C,MC2_14501,MC2,14501,0,404,0,2018-10-24,2019-12-01,,,,,,0.63329256,0.513434,0.51176715
C,MC2_14724,MC2,14724,0,492,0,2018-07-28,2019-12-01,,,,,,0.6432689,0.5033534,0.5076469
C,MC2_14803,MC2,14803,0,341,0,2018-12-26,2019-12-01,,,,,,0.6453325,0.50776947,0.51530325
C,MC2_14812,MC2,14812,0,542,0,2018-06-08,2019-12-01,,,,,,0.64347154,0.5028071,0.50515735
C,MC2_14863,MC2,14863,0,374,0,2018-11-23,2019-12-01,,,,,,0.64476705,0.52808017,0.51326346
C,MC2_14902,MC2,14902,0,483,0,2018-07-23,2019-11-17,,,,,,0.65206224,0.5053447,0.50815827
C,MC2_15088,MC2,15088,1,326,29,2018-10-06,2019-08-27,2019-07-29,2019-08-27,0.5174962878227234,0.5159785151481628,0.5174962878227234,0.6446034,0.51010364,0.5159785
C,MC2_15107,MC2,15107,0,527,0,2018-06-23,2019-12-01,,,,,,0.6417724,0.51124793,0.5075671
C,MC2_15129,MC2,15129,1,266,29,2018-09-25,2019-06-17,2019-05-19,2019-06-17,0.5204237103462219,0.5189036130905151,0.5204237103462219,0.64205784,0.5161692,0.5189036
C,MC2_15199,MC2,15199,0,281,0,2019-01-19,2019-10-26,,,,,,0.6444865,0.5306182,0.517096
C,MC2_15412,MC2,15412,0,633,0,2018-03-09,2019-12-01,,,,,,0.5242946,0.50769806,0.49115878
C,MC2_15498,MC2,15498,0,335,0,2018-12-18,2019-11-17,,,,,,0.643484,0.50241846,0.5157758
C,MC2_1553,MC2,1553,0,664,0,2018-02-06,2019-12-01,,,,,,0.5248314,0.50748396,0.4901412
C,MC2_15705,MC2,15705,0,69,0,2018-09-06,2018-11-13,,,,,,0.64498454,0.411563,0.52903503
C,MC2_15786,MC2,15786,0,432,0,2018-09-26,2019-12-01,,,,,,0.6429747,0.5011855,0.5111831
C,MC2_15800,MC2,15800,0,566,0,2018-05-01,2019-11-17,,,,,,0.6436178,0.5069292,0.5035896
C,MC2_15885,MC2,15885,0,528,0,2018-06-22,2019-12-01,,,,,,0.6428875,0.5023012,0.5063814
C,MC2_16096,MC2,16096,0,664,0,2018-02-06,2019-12-01,,,,,,0.5263456,0.50901175,0.4916767
C,MC2_16196,MC2,16196,0,295,0,2019-01-12,2019-11-02,,,,,,0.64182454,0.49595052,0.5179813
C,MC2_16433,MC2,16433,0,339,0,2018-12-28,2019-12-01,,,,,,0.64345676,0.49998608,0.51565874
C,MC2_16517,MC2,16517,0,439,0,2018-09-19,2019-12-01,,,,,,0.6446089,0.51482433,0.5098974
C,MC2_16604,MC2,16604,0,587,0,2018-04-24,2019-12-01,,,,,,0.64437515,0.50165904,0.5028005
C,MC2_16623,MC2,16623,0,382,0,2018-11-15,2019-12-01,,,,,,0.6418756,0.49973184,0.51339513
C,MC2_16739,MC2,16739,0,319,0,2019-01-17,2019-12-01,,,,,,0.6414458,0.5000292,0.5166592
C,MC2_16767,MC2,16767,0,368,0,2018-11-29,2019-12-01,,,,,,0.6422426,0.5127775,0.5136459
C,MC2_168,MC2,168,0,336,0,2018-12-02,2019-11-02,,,,,,0.6418706,0.5036691,0.5156553
C,MC2_16857,MC2,16857,0,320,0,2019-01-16,2019-12-01,,,,,,0.64652735,0.5015494,0.5165934
C,MC2_16895,MC2,16895,0,13,0,2019-11-19,2019-12-01,,,,,,1.1227358e-15,8.665627e-17,1.1227358e-15
C,MC2_17024,MC2,17024,0,391,0,2018-11-06,2019-12-01,,,,,,0.64526296,0.5155848,0.5123889
C,MC2_17047,MC2,17047,0,557,0,2018-05-24,2019-12-01,,,,,,0.64249164,0.50274324,0.5051152
C,MC2_17058,MC2,17058,0,545,0,2018-06-05,2019-12-01,,,,,,0.6423836,0.50539416,0.5047849
C,MC2_17306,MC2,17306,0,375,0,2018-11-22,2019-12-01,,,,,,0.64222974,0.49878773,0.51386184
C,MC2_17445,MC2,17445,0,431,0,2018-09-27,2019-12-01,,,,,,0.64134777,0.50155044,0.51088077
C,MC2_17549,MC2,17549,0,414,0,2018-10-14,2019-12-01,,,,,,0.64369047,0.4997535,0.51183397
C,MC2_17788,MC2,17788,0,590,0,2018-04-21,2019-12-01,,,,,,0.6444898,0.5111568,0.5020674
C,MC2_17864,MC2,17864,0,410,0,2018-10-18,2019-12-01,,,,,,0.645001,0.5056602,0.51180613
C,MC2_18444,MC2,18444,0,558,0,2018-05-23,2019-12-01,,,,,,0.64420193,0.5016394,0.5043129
C,MC2_18466,MC2,18466,0,495,0,2018-07-25,2019-12-01,,,,,,0.64364105,0.51364195,0.5069678
C,MC2_18478,MC2,18478,0,495,0,2018-07-25,2019-12-01,,,,,,0.643949,0.51409173,0.50694436
C,MC2_18517,MC2,18517,0,558,0,2018-05-23,2019-12-01,,,,,,0.64197224,0.5033029,0.50423974
C,MC2_18938,MC2,18938,0,444,0,2018-09-14,2019-12-01,,,,,,0.64305556,0.5021705,0.51019853
C,MC2_18947,MC2,18947,0,534,0,2018-06-16,2019-12-01,,,,,,0.6428104,0.51020455,0.50508773
C,MC2_18971,MC2,18971,0,101,0,2019-08-23,2019-12-01,,,,,,0.6405193,0.43864712,0.52811575
C,MC2_19195,MC2,19195,0,383,0,2018-11-14,2019-12-01,,,,,,0.5355144,0.5203114,0.51030535
C,MC2_19373,MC2,19373,0,152,0,2019-07-03,2019-12-01,,,,,,0.64151216,0.46500468,0.52556646
C,MC2_19402,MC2,19402,0,439,0,2018-09-19,2019-12-01,,,,,,0.52888775,0.44830105,0.5099745
C,MC2_19481,MC2,19481,0,374,0,2018-11-23,2019-12-01,,,,,,0.52756387,0.5178085,0.50805455
C,MC2_19563,MC2,19563,0,565,0,2018-05-16,2019-12-01,,,,,,0.6434341,0.5029787,0.51009387
C,MC2_19613,MC2,19613,0,637,0,2018-03-05,2019-12-01,,,,,,0.642274,0.50670135,0.4999367
C,MC2_19656,MC2,19656,0,545,0,2018-06-05,2019-12-01,,,,,,0.64496905,0.50910026,0.5045914
C,MC2_19671,MC2,19671,0,304,0,2019-02-01,2019-12-01,,,,,,0.5286766,0.5212184,0.5133222
C,MC2_19932,MC2,19932,0,415,0,2018-10-13,2019-12-01,,,,,,0.6446433,0.50184816,0.5117108
C,MC2_19973,MC2,19973,0,593,0,2018-04-18,2019-12-01,,,,,,0.6439497,0.50939703,0.5020154
C,MC2_19975,MC2,19975,0,339,0,2018-12-28,2019-12-01,,,,,,0.6467236,0.5006374,0.5156641
C,MC2_20008,MC2,20008,0,502,0,2018-07-18,2019-12-01,,,,,,0.658467,0.52673876,0.5097594
C,MC2_2001,MC2,2001,1,170,26,2018-06-05,2018-11-21,2018-10-23,2018-11-21,0.5260224342346191,0.5245316624641418,0.5260224342346191,0.65519834,0.4797963,0.52453166
C,MC2_2003,MC2,2003,0,310,0,2019-01-26,2019-12-01,,,,,,0.64144856,0.4971779,0.5172107
C,MC2_20141,MC2,20141,1,15,15,2018-09-25,2018-10-09,2018-09-25,2018-10-09,4.749307544460457e-11,0.6081653237342834,0.6081653237342834,0.6081653,0.23463112,0.6081653
C,MC2_2037,MC2,2037,0,452,0,2018-09-06,2019-12-01,,,,,,0.6443544,0.50269467,0.5102153
C,MC2_20387,MC2,20387,0,426,0,2018-10-02,2019-12-01,,,,,,0.6399342,0.4970522,0.511208
C,MC2_20525,MC2,20525,0,296,0,2019-01-12,2019-11-03,,,,,,0.6431769,0.49255908,0.5182281
C,MC2_20554,MC2,20554,0,197,0,2019-05-19,2019-12-01,,,,,,0.6561285,0.4724475,0.52338886
C,MC2_20579,MC2,20579,1,279,29,2018-12-20,2019-09-24,2019-08-26,2019-09-24,0.5199927687644958,0.5184754729270935,0.5199927687644958,0.6423753,0.50703937,0.5184755
C,MC2_20744,MC2,20744,0,341,0,2018-12-26,2019-12-01,,,,,,0.64616853,0.50714016,0.5153267
C,MC2_20875,MC2,20875,0,319,0,2019-01-17,2019-12-01,,,,,,0.6417203,0.4969333,0.5167639
C,MC2_20935,MC2,20935,0,499,0,2018-06-15,2019-10-26,,,,,,0.6418637,0.5017285,0.5078331
C,MC2_20963,MC2,20963,0,295,0,2019-01-12,2019-11-02,,,,,,0.64389485,0.49527568,0.51802176
C,MC2_21238,MC2,21238,0,562,0,2018-05-19,2019-12-01,,,,,,0.64106506,0.49762696,0.50419
C,MC2_21382,MC2,21382,0,341,0,2018-12-26,2019-12-01,,,,,,0.64186805,0.502932,0.5154476
C,MC2_21477,MC2,21477,0,565,0,2018-05-16,2019-12-01,,,,,,0.6427993,0.5017173,0.50399107
C,MC2_21663,MC2,21663,0,587,0,2018-04-24,2019-12-01,,,,,,0.64373124,0.5015798,0.5027891
C,MC2_2169,MC2,2169,0,650,0,2018-02-06,2019-11-17,,,,,,0.5252202,0.50824386,0.4912707
C,MC2_21930,MC2,21930,0,559,0,2018-05-22,2019-12-01,,,,,,0.6426251,0.50173485,0.5042717
C,MC2_21941,MC2,21941,0,262,0,2018-10-14,2019-07-02,,,,,,0.64665747,0.46901906,0.52111113
C,MC2_22065,MC2,22065,0,664,0,2018-02-06,2019-12-01,,,,,,0.61384726,0.5167902,0.49842888
C,MC2_22145,MC2,22145,0,5,0,2019-11-27,2019-12-01,,,,,,0.5248323,0.5247288,0.5246249
C,MC2_22159,MC2,22159,0,304,0,2019-02-01,2019-12-01,,,,,,0.55201983,0.523252,0.5147106
C,MC2_22492,MC2,22492,0,232,0,2018-10-14,2019-06-02,,,,,,0.646186,0.46231514,0.5219342
C,MC2_22499,MC2,22499,0,508,0,2018-07-12,2019-12-01,,,,,,0.6440649,0.51116425,0.5064157
C,MC2_22506,MC2,22506,0,351,0,2018-12-16,2019-12-01,,,,,,0.64481467,0.5020027,0.51498586
C,MC2_22563,MC2,22563,1,244,30,2018-09-22,2019-05-23,2019-04-24,2019-05-23,0.5222517848014832,0.5207307934761047,0.5222517848014832,0.6477436,0.49205297,0.5207308
C,MC2_22603,MC2,22603,1,112,29,2018-06-05,2018-09-24,2018-08-27,2018-09-24,0.5286781787872314,0.5273842811584473,0.5286781787872314,0.643041,0.46321297,0.5273843
C,MC2_22644,MC2,22644,0,422,0,2018-10-06,2019-12-01,,,,,,0.6424034,0.50847495,0.51105154
C,MC2_22845,MC2,22845,0,589,0,2018-04-22,2019-12-01,,,,,,0.643679,0.503305,0.5025905
C,MC2_23050,MC2,23050,0,447,0,2018-09-11,2019-12-01,,,,,,0.6418756,0.50064456,0.5101015
C,MC2_23352,MC2,23352,0,664,0,2018-02-06,2019-12-01,,,,,,0.5251971,0.5078547,0.4905099
C,MC2_23481,MC2,23481,0,321,0,2019-01-15,2019-12-01,,,,,,0.64404356,0.5007752,0.5165741
C,MC2_23530,MC2,23530,0,296,0,2019-01-26,2019-11-17,,,,,,0.64268947,0.50466484,0.51768804
C,MC2_23656,MC2,23656,0,401,0,2018-10-27,2019-12-01,,,,,,0.64385736,0.52198315,0.5116262
C,MC2_23725,MC2,23725,0,468,0,2018-08-21,2019-12-01,,,,,,0.6426885,0.50092584,0.5095421
C,MC2_2376,MC2,2376,0,325,0,2019-01-11,2019-12-01,,,,,,0.63944197,0.49563175,0.51728004
C,MC2_249,MC2,249,0,494,0,2018-07-26,2019-12-01,,,,,,0.6468887,0.5050973,0.5074889
C,MC2_2565,MC2,2565,0,562,0,2018-05-19,2019-12-01,,,,,,0.64280844,0.5213944,0.5028572
C,MC2_2584,MC2,2584,0,664,0,2018-02-06,2019-12-01,,,,,,0.5270192,0.5102285,0.49317542
C,MC2_2602,MC2,2602,0,544,0,2018-05-23,2019-11-17,,,,,,0.65016097,0.5025875,0.5051872
C,MC2_2824,MC2,2824,0,320,0,2019-01-16,2019-12-01,,,,,,0.6428111,0.4968563,0.516733
C,MC2_2853,MC2,2853,0,341,0,2018-12-02,2019-11-07,,,,,,0.64466125,0.5004902,0.5155373
C,MC2_2914,MC2,2914,0,349,0,2018-12-18,2019-12-01,,,,,,0.64185435,0.502989,0.5150399
C,MC2_3116,MC2,3116,0,351,0,2018-12-02,2019-11-17,,,,,,0.643094,0.5041634,0.5148976
C,MC2_3181,MC2,3181,0,341,0,2018-12-26,2019-12-01,,,,,,0.6417367,0.502662,0.51543987
C,MC2_3204,MC2,3204,0,478,0,2018-08-11,2019-12-01,,,,,,0.6437183,0.49349257,0.5089064
C,MC2_3267,MC2,3267,0,478,0,2018-08-11,2019-12-01,,,,,,0.62322205,0.4989455,0.5089377
C,MC2_3693,MC2,3693,0,664,0,2018-02-06,2019-12-01,,,,,,0.5265145,0.50972867,0.4926713
C,MC2_3933,MC2,3933,0,341,0,2018-12-26,2019-12-01,,,,,,0.6424464,0.50386244,0.5154124
C,MC2_3934,MC2,3934,0,415,0,2018-10-13,2019-12-01,,,,,,0.64481395,0.5019477,0.5117162
C,MC2_4021,MC2,4021,0,427,0,2018-10-01,2019-12-01,,,,,,0.65858823,0.506621,0.5113019
C,MC2_4131,MC2,4131,0,402,0,2018-10-26,2019-12-01,,,,,,0.64578485,0.49986425,0.51246345
C,MC2_4707,MC2,4707,0,319,0,2019-01-17,2019-12-01,,,,,,0.64196277,0.4967072,0.5167715
C,MC2_473,MC2,473,0,286,0,2019-02-19,2019-12-01,,,,,,0.6416212,0.52940243,0.51680857
C,MC2_4807,MC2,4807,0,370,0,2018-11-27,2019-12-01,,,,,,0.64026046,0.49734688,0.51415074
C,MC2_4832,MC2,4832,0,492,0,2018-07-28,2019-12-01,,,,,,0.64365584,0.50317776,0.50765294
C,MC2_4867,MC2,4867,0,522,0,2018-06-28,2019-12-01,,,,,,0.6445174,0.501403,0.50621164
C,MC2_5026,MC2,5026,1,134,26,2018-07-26,2018-12-06,2018-11-07,2018-12-06,0.52784663438797,0.5263675451278687,0.52784663438797,0.64835,0.4646161,0.52636755
C,MC2_5097,MC2,5097,0,436,0,2018-09-22,2019-12-01,,,,,,0.6448415,0.5010696,0.5106739
C,MC2_5144,MC2,5144,0,317,0,2019-01-19,2019-12-01,,,,,,0.6405227,0.49443993,0.5169377
C,MC2_5446,MC2,5446,0,461,0,2018-08-28,2019-12-01,,,,,,0.64369327,0.50161135,0.50934404
C,MC2_5597,MC2,5597,0,296,0,2019-01-12,2019-11-03,,,,,,0.6416888,0.49510276,0.5179583
C,MC2_5669,MC2,5669,0,664,0,2018-02-06,2019-12-01,,,,,,0.52713776,0.5098145,0.49247417
C,MC2_5705,MC2,5705,0,427,0,2018-10-01,2019-12-01,,,,,,0.6442718,0.5066018,0.51088977
C,MC2_5804,MC2,5804,0,214,0,2019-05-02,2019-12-01,,,,,,0.648146,0.48930517,0.5222861
C,MC2_6136,MC2,6136,0,312,0,2019-01-23,2019-11-30,,,,,,0.64036846,0.49255064,0.517184
C,MC2_6301,MC2,6301,0,457,0,2018-09-01,2019-12-01,,,,,,0.6441894,0.50287503,0.5102032
C,MC2_6380,MC2,6380,0,559,0,2018-05-22,2019-12-01,,,,,,0.64308596,0.5043012,0.5086105
C,MC2_6421,MC2,6421,0,566,0,2018-05-15,2019-12-01,,,,,,0.6426094,0.5020206,0.5039584
C,MC2_6428,MC2,6428,0,214,0,2018-09-05,2019-04-06,,,,,,0.6430831,0.49516442,0.5220542
C,MC2_655,MC2,655,0,416,0,2018-10-12,2019-12-01,,,,,,0.6517996,0.50073934,0.51187116
C,MC2_6649,MC2,6649,0,374,0,2018-11-23,2019-12-01,,,,,,0.64476997,0.5277599,0.51243734
C,MC2_6666,MC2,6666,0,593,0,2018-04-18,2019-12-01,,,,,,0.64396435,0.5091004,0.5020324
C,MC2_6870,MC2,6870,0,331,0,2019-01-05,2019-12-01,,,,,,0.63957477,0.49492693,0.51620996
C,MC2_695,MC2,695,0,439,0,2018-09-19,2019-12-01,,,,,,0.6473869,0.5017232,0.51087743
C,MC2_6950,MC2,6950,0,321,0,2019-01-15,2019-12-01,,,,,,0.6426607,0.49709722,0.51666456
C,MC2_6951,MC2,6951,0,429,0,2018-09-29,2019-12-01,,,,,,0.64512557,0.5020486,0.5109953
C,MC2_7237,MC2,7237,0,555,0,2018-05-26,2019-12-01,,,,,,0.6436989,0.50263727,0.5044143
C,MC2_7329,MC2,7329,0,323,0,2019-01-13,2019-12-01,,,,,,0.6446026,0.49620378,0.5166059
C,MC2_7330,MC2,7330,0,189,0,2019-05-27,2019-12-01,,,,,,0.64791787,0.48963818,0.5234367
C,MC2_7606,MC2,7606,0,446,0,2018-09-12,2019-12-01,,,,,,0.65636533,0.5020619,0.5103285
C,MC2_7682,MC2,7682,0,495,0,2018-07-25,2019-12-01,,,,,,0.64192957,0.49799356,0.50774455
C,MC2_7968,MC2,7968,0,323,0,2019-01-13,2019-12-01,,,,,,0.6483813,0.49733174,0.5167149
C,MC2_7973,MC2,7973,0,473,0,2018-08-16,2019-12-01,,,,,,0.64243716,0.5004725,0.508765
C,MC2_7996,MC2,7996,0,492,0,2018-07-28,2019-12-01,,,,,,0.64362967,0.52476984,0.5066297
C,MC2_8026,MC2,8026,0,171,0,2019-06-14,2019-12-01,,,,,,0.6541305,0.4537337,0.5249256
C,MC2_8085,MC2,8085,0,25,0,2018-12-18,2019-01-11,,,,,,0.6269192,0.17430626,0.6269192
C,MC2_8287,MC2,8287,0,450,0,2018-09-08,2019-12-01,,,,,,0.6441134,0.50255984,0.50990385
C,MC2_8784,MC2,8784,0,597,0,2018-04-14,2019-12-01,,,,,,0.6442699,0.5020803,0.50260127
C,MC2_9057,MC2,9057,0,544,0,2018-06-06,2019-12-01,,,,,,0.644432,0.50169295,0.50505155
C,MC2_9100,MC2,9100,0,377,0,2018-11-20,2019-12-01,,,,,,0.6418203,0.49939555,0.5137146
C,MC2_9260,MC2,9260,0,433,0,2018-09-25,2019-12-01,,,,,,0.6416904,0.51176226,0.51032597
C,MC2_9269,MC2,9269,0,514,0,2018-07-06,2019-12-01,,,,,,0.6422603,0.5010002,0.506649
C,MC2_9401,MC2,9401,0,391,0,2018-11-06,2019-12-01,,,,,,0.6397892,0.49634406,0.5131202
C,MC2_9542,MC2,9542,0,562,0,2018-05-19,2019-12-01,,,,,,0.65635735,0.4988289,0.5048971
