drive_id,model,disk_id,windows,positive_windows,max_probability,mean_probability,first_probability,last_probability,drive_label
MC1_80625,MC1,80625,671,0,0.52685905,0.5088235,0.09727066,0.4919221,0
MC1_171823,MC1,171823,670,0,0.52853054,0.51146704,0.5226853,0.49390128,0
MC1_182639,MC1,182639,670,0,0.5261414,0.5087685,0.5177269,0.4918482,0
MC1_65467,MC1,65467,670,0,0.5254284,0.50883836,0.5163101,0.49178424,0
MC1_24622,MC1,24622,670,0,0.5223246,0.50483954,0.5101707,0.4873591,0
MC1_97661,MC1,97661,587,30,0.6357206,0.51845896,0.5267553,0.50097764,1
MC1_163398,MC1,163398,670,0,0.52857286,0.5114394,0.52278394,0.4939673,0
MC1_184924,MC1,184924,670,0,0.61420745,0.5150893,0.5259361,0.49651998,0
MC1_107796,MC1,107796,670,0,0.52588445,0.5084239,0.5172344,0.49093372,0
MC1_141330,MC1,141330,670,0,0.52242774,0.5049975,0.5103767,0.48759502,0
MC1_144960,MC1,144960,670,0,0.52511394,0.507658,0.5157103,0.49017438,0
MC1_189319,MC1,189319,670,0,0.6354579,0.5160453,0.52673364,0.4967397,0
MC1_107542,MC1,107542,670,0,0.52791184,0.51048416,0.52120835,0.49299288,0
MC1_24608,MC1,24608,670,0,0.52597946,0.5089837,0.5174425,0.4920639,0
MC1_27270,MC1,27270,670,0,0.5226117,0.5057407,0.51075655,0.48764047,0
MC1_108691,MC1,108691,670,0,0.5183028,0.50087446,0.50208306,0.48368105,0
MC1_197248,MC1,197248,670,0,0.5153476,0.4978615,0.49619704,0.48056456,0
MC1_121926,MC1,121926,658,0,0.5213549,0.5041866,0.5082309,0.48702347,0
MC1_80270,MC1,80270,670,0,0.5282738,0.5115856,0.5220094,0.4946277,0
MC1_191577,MC1,191577,670,0,0.5254782,0.5080236,0.51643896,0.49052572,0
MC1_38613,MC1,38613,670,0,0.5252154,0.5077484,0.51589435,0.49025878,0
MC1_102721,MC1,102721,670,0,0.53294736,0.5127651,0.5241893,0.49529755,0
MC1_37617,MC1,37617,670,0,0.5257523,0.5082936,0.5169731,0.49080205,0
MC1_35487,MC1,35487,80,0,0.64308596,0.51737255,3.252433e-07,0.52831334,0
MC1_109316,MC1,109316,670,0,0.52427787,0.5068163,0.51407397,0.48933908,0
MC1_146870,MC1,146870,670,0,0.5279772,0.51070243,0.5213646,0.49397463,0
MC1_1492,MC1,1492,670,0,0.52597684,0.5085574,0.5174044,0.49115217,0
MC1_180833,MC1,180833,670,0,0.6436259,0.5172397,0.5287025,0.4969312,0
MC1_129906,MC1,129906,670,0,0.5225637,0.50639987,0.5106575,0.48761576,0
MC1_92958,MC1,92958,670,0,0.518133,0.50069577,0.501769,0.4834644,0
MC1_100249,MC1,100249,591,30,0.60945714,0.5172076,0.5257996,0.5007989,1
MC1_178766,MC1,178766,670,0,0.52802193,0.51126784,0.5214429,0.49823722,0
MC1_39349,MC1,39349,632,28,0.6435332,0.5131938,1.7431002e-09,0.4998658,1
MC1_41274,MC1,41274,670,0,0.5219807,0.5068183,0.5094865,0.49232388,0
MC1_87150,MC1,87150,670,0,0.5294135,0.512707,0.5241309,0.49526286,0
MC1_53755,MC1,53755,670,0,0.5203693,0.50289136,0.50626606,0.48545533,0
MC1_196161,MC1,196161,670,0,0.5202034,0.50271595,0.50593334,0.4852399,0
MC1_11615,MC1,11615,670,0,0.52562743,0.50835323,0.5167239,0.49263266,0
MC1_48924,MC1,48924,670,0,0.5280515,0.51078,0.5215449,0.49328485,0
MC1_32090,MC1,32090,670,0,0.52222776,0.50473857,0.5099849,0.4872539,0
MC1_154311,MC1,154311,670,0,0.5213078,0.50419134,0.5081533,0.48639092,0
MC1_167297,MC1,167297,670,0,0.5247415,0.5072702,0.514985,0.4897789,0
MC1_162149,MC1,162149,670,0,0.5252751,0.50781745,0.5160257,0.4903263,0
MC1_111518,MC1,111518,488,30,0.5259791,0.51348513,0.5174034,0.5013464,1
MC1_166831,MC1,166831,670,0,0.64338845,0.5103757,1.45957e-14,0.49782428,0
MC1_198116,MC1,198116,670,0,0.52029943,0.5028764,0.5061153,0.48604482,0
MC1_157034,MC1,157034,670,0,0.5283629,0.5111081,0.52223593,0.49360466,0
MC1_118835,MC1,118835,670,0,0.52853185,0.5167303,0.52266955,0.5036079,0
MC1_122179,MC1,122179,670,0,0.52253497,0.50515217,0.5106017,0.48783296,0
MC1_125438,MC1,125438,670,0,0.5203671,0.50289273,0.5062617,0.48543736,0
MC1_80012,MC1,80012,670,0,0.528285,0.51129544,0.5220307,0.4934644,0
MC1_170802,MC1,170802,670,0,0.528574,0.5115335,0.52278715,0.49548644,0
MC1_62564,MC1,62564,670,0,0.526088,0.5096282,0.5176221,0.4938382,0
MC1_125636,MC1,125636,656,0,0.52931255,0.5130743,0.5241335,0.49601397,0
MC1_51275,MC1,51275,670,0,0.6173473,0.5152137,0.52605337,0.4963873,0
MC1_92750,MC1,92750,670,0,0.6041846,0.5149597,0.5256617,0.49928227,0
MC1_98108,MC1,98108,656,0,0.52543277,0.45093513,0.5163186,0.0,0
MC1_105976,MC1,105976,670,0,0.52242124,0.5049384,0.5103635,0.4874554,0
MC1_88572,MC1,88572,670,0,0.5225366,0.50550234,0.5105918,0.48825973,0
MC1_116044,MC1,116044,670,0,0.5201589,0.5027229,0.50583124,0.4864565,0
MC1_149043,MC1,149043,670,0,0.5183269,0.5008546,0.5021591,0.48344487,0
MC1_148393,MC1,148393,670,0,0.5181076,0.50061846,0.50171554,0.48314768,0
MC1_177432,MC1,177432,670,0,0.5313643,0.5127369,0.5241468,0.49528316,0
MC1_28786,MC1,28786,670,0,0.52089894,0.5034138,0.50731903,0.48593375,0
MC1_63999,MC1,63999,670,0,0.5153574,0.4979182,0.4962106,0.48060367,0
MC1_57377,MC1,57377,656,0,0.5251249,0.50900257,0.51649594,0.49190977,0
MC1_79150,MC1,79150,670,0,0.5287699,0.5118711,0.5233384,0.4945438,0
MC1_82347,MC1,82347,670,0,0.5307573,0.5127396,0.5241673,0.49540022,0
MC1_109680,MC1,109680,670,0,0.5183426,0.500905,0.5021858,0.48376456,0
MC1_108375,MC1,108375,670,0,0.5227408,0.5052587,0.5110135,0.48777464,0
MC1_53710,MC1,53710,656,0,0.6440351,0.513783,1.65074e-07,0.4984055,0
MC1_48846,MC1,48846,670,0,0.52036095,0.5028685,0.50624514,0.48538938,0
MC1_180665,MC1,180665,490,29,0.5287964,0.51656467,0.5234048,0.5040832,1
MC1_178913,MC1,178913,670,0,0.64367855,0.517377,0.5287454,0.49738276,0
MC1_97044,MC1,97044,656,0,0.52756464,0.51047695,0.5205099,0.49335617,0
MC1_184051,MC1,184051,670,0,0.5285634,0.51144624,0.52274257,0.49391815,0
MC1_102330,MC1,102330,670,0,0.5258706,0.5084643,0.51720685,0.49169213,0
MC1_195577,MC1,195577,670,0,0.51744264,0.49996713,0.50038695,0.4825282,0
MC1_172315,MC1,172315,669,0,0.5282242,0.5129096,0.5219961,0.49972907,0
MC1_196429,MC1,196429,670,0,0.52914286,0.5126924,0.52411824,0.49523574,0
MC1_157296,MC1,157296,119,30,0.6091758,0.53443974,0.52580047,0.52512556,1
MC1_154555,MC1,154555,670,0,0.5214333,0.50394607,0.50839853,0.48646522,0
MC1_14738,MC1,14738,670,0,0.526764,0.50956815,0.51894385,0.49183363,0
MC1_82995,MC1,82995,670,0,0.52876997,0.51182896,0.5233547,0.49451253,0
MC1_189841,MC1,189841,670,0,0.529078,0.5123669,0.52391267,0.49495476,0
MC1_131280,MC1,131280,670,0,0.52685404,0.50940335,0.519117,0.49192366,0
MC1_161609,MC1,161609,670,0,0.5290851,0.5124343,0.5239187,0.49525428,0
MC1_9151,MC1,9151,670,0,0.5232617,0.5057902,0.512066,0.4883228,0
MC1_52381,MC1,52381,670,0,0.52039856,0.50293654,0.5063176,0.48565313,0
MC1_64973,MC1,64973,670,0,0.6428669,0.5101046,2.4428411e-15,0.4979075,0
MC1_197498,MC1,197498,670,0,0.5280089,0.513512,0.5214414,0.4982489,0
MC1_10610,MC1,10610,670,0,0.5154082,0.49791366,0.4963106,0.48045963,0
MC1_68064,MC1,68064,670,0,0.5279912,0.5105852,0.5213696,0.49308962,0
MC1_45885,MC1,45885,670,0,0.52839303,0.5111624,0.5223133,0.49365708,0
MC1_50881,MC1,50881,670,0,0.5221856,0.50470674,0.50990146,0.48725635,0
MC1_9408,MC1,9408,670,0,0.52710456,0.51299363,0.51961845,0.502268,0
MC1_192382,MC1,192382,670,0,0.52791977,0.51053125,0.521218,0.49306235,0
MC1_1465,MC1,1465,670,0,0.5180404,0.50054914,0.501587,0.4830773,0
MC1_144154,MC1,144154,670,0,0.6355314,0.5159958,0.5267496,0.496591,0
MC1_105873,MC1,105873,670,0,0.52200544,0.5045496,0.50954205,0.48731583,0
MC1_159233,MC1,159233,670,0,0.5230981,0.505623,0.5117344,0.48815683,0
MC1_143862,MC1,143862,670,0,0.64300495,0.5172974,0.5288212,0.49695498,0
MC1_89454,MC1,89454,447,0,0.52908224,0.5202999,0.5239053,0.5135524,0
MC1_125588,MC1,125588,670,0,0.5328821,0.5127644,0.52419186,0.4952968,0
MC1_671,MC1,671,670,0,0.5219814,0.504506,0.5094939,0.48705265,0
MC1_185711,MC1,185711,670,0,0.5285701,0.51144207,0.5227802,0.49397427,0
MC1_166587,MC1,166587,670,0,0.5223531,0.5048745,0.51023006,0.48738775,0
MC1_24441,MC1,24441,670,0,0.5174844,0.49999335,0.50047493,0.4825236,0
MC1_189529,MC1,189529,670,0,0.51858026,0.5010856,0.5026834,0.48361656,0
MC1_40387,MC1,40387,670,0,0.64295566,0.5177362,0.3249406,0.49765134,0
MC1_118431,MC1,118431,670,0,0.64266026,0.51759374,0.33739007,0.49730653,0
MC1_167118,MC1,167118,670,0,0.5222992,0.50481266,0.5101184,0.4873291,0
MC1_130233,MC1,130233,670,0,0.5203957,0.50290763,0.5063116,0.48542964,0
MC1_12610,MC1,12610,670,0,0.5281537,0.5116022,0.5217998,0.4951783,0
MC1_132988,MC1,132988,671,0,0.5268935,0.5088555,0.09611733,0.4919514,0
MC1_174997,MC1,174997,670,0,0.5278731,0.51106405,0.52111834,0.49296337,0
MC1_135733,MC1,135733,670,0,0.638849,0.5168013,0.52698654,0.49759856,0
MC1_105580,MC1,105580,670,0,0.5287382,0.5118084,0.52329344,0.49438587,0
MC1_144589,MC1,144589,636,0,0.52503043,0.50969505,0.51555204,0.4957905,0
MC1_138101,MC1,138101,582,30,0.52597404,0.51085055,0.51739526,0.49570644,1
MC1_135388,MC1,135388,670,0,0.52597183,0.5085581,0.517391,0.49109066,0
MC1_189771,MC1,189771,670,0,0.5183232,0.50085944,0.5021505,0.48348042,0
MC1_3717,MC1,3717,670,0,0.6431578,0.5176711,0.37051484,0.49729642,0
MC1_173748,MC1,173748,670,0,0.52845216,0.5112427,0.522461,0.4937482,0
MC1_130000,MC1,130000,670,0,0.52608085,0.5080195,0.07669722,0.491237,0
MC1_133552,MC1,133552,670,0,0.52509475,0.5076422,0.5156745,0.4901662,0
MC1_67690,MC1,67690,670,0,0.52858675,0.5117847,0.52306914,0.49430764,0
MC1_72052,MC1,72052,670,0,0.5287647,0.51190627,0.5233447,0.4954615,0
MC1_130674,MC1,130674,671,25,0.52074254,0.31910855,0.5070022,0.0,1
MC1_61229,MC1,61229,670,0,0.6138412,0.51509994,0.5259292,0.49685925,0
MC1_121008,MC1,121008,670,0,0.6421411,0.517352,0.21082588,0.49728504,0
MC1_163798,MC1,163798,670,0,0.5219349,0.5044596,0.50940174,0.48700553,0
MC1_184119,MC1,184119,656,0,0.5194847,0.50241184,0.5044819,0.48565948,0
MC1_61400,MC1,61400,656,0,0.6087549,0.5154416,0.52584213,0.49739367,0
MC1_94623,MC1,94623,670,0,0.5257775,0.5083402,0.517019,0.49085295,0
MC1_87807,MC1,87807,670,0,0.6140086,0.51508266,0.52593017,0.49647945,0
MC1_165373,MC1,165373,670,0,0.51534164,0.49785426,0.49615958,0.480574,0
MC1_73575,MC1,73575,547,30,0.58018667,0.5177779,0.52502674,0.5037755,1
MC1_128517,MC1,128517,670,0,0.52914196,0.51270205,0.524121,0.49525768,0
MC1_161723,MC1,161723,670,0,0.52336127,0.50587577,0.5122528,0.48838636,0
MC1_105263,MC1,105263,670,0,0.61104655,0.5150414,0.5258194,0.4967598,0
MC1_122154,MC1,122154,670,0,0.5290674,0.51234716,0.5239,0.49491438,0
MC1_140265,MC1,140265,656,0,0.6426417,0.51695156,0.5274781,0.49745998,0
MC1_145182,MC1,145182,409,30,0.5280491,0.51776856,0.52150846,0.5074863,1
MC1_167346,MC1,167346,670,0,0.52503973,0.50761193,0.51556605,0.4902183,0
MC1_5968,MC1,5968,670,0,0.61697227,0.51520276,0.526046,0.4963853,0
MC1_12120,MC1,12120,670,0,0.529142,0.51271087,0.5239739,0.49501643,0
MC1_107564,MC1,107564,670,0,0.52135164,0.50387275,0.5082247,0.48638827,0
MC1_190353,MC1,190353,670,0,0.5291539,0.51269823,0.524127,0.4952713,0
MC1_19266,MC1,19266,670,0,0.52606064,0.5086055,0.517565,0.49111664,0
MC1_91767,MC1,91767,670,0,0.5255308,0.5147412,0.51652735,0.49982125,0
MC1_7498,MC1,7498,670,0,0.5792337,0.51390445,0.52500093,0.49594885,0
MC1_110617,MC1,110617,516,0,0.52041984,0.5069562,0.50636333,0.49350756,0
MC1_22276,MC1,22276,653,24,0.5279223,0.5109852,0.521227,0.49400687,1
MC1_39299,MC1,39299,670,0,0.5207352,0.504047,0.5069765,0.48698327,0
MC1_120689,MC1,120689,670,0,0.5260729,0.50861686,0.5175908,0.4911267,0
MC1_169904,MC1,169904,530,30,0.6344776,0.52009505,0.5266632,0.50394624,1
MC1_148212,MC1,148212,670,0,0.52142876,0.50394243,0.50838757,0.4864627,0
MC1_155177,MC1,155177,670,0,0.5260729,0.508618,0.5175908,0.491126,0
MC1_104182,MC1,104182,670,0,0.6421411,0.5173516,0.21082588,0.49728665,0
MC1_183776,MC1,183776,599,0,0.6352021,0.5181256,0.5267188,0.500566,0
MC1_155789,MC1,155789,670,0,0.52857125,0.5114445,0.52278334,0.49398282,0
MC1_11968,MC1,11968,670,0,0.5154485,0.4979562,0.4963698,0.4805135,0
MC1_14455,MC1,14455,670,0,0.52036595,0.5028889,0.50625414,0.48544872,0
MC1_81241,MC1,81241,670,0,0.5242735,0.5068107,0.5140655,0.48933446,0
MC1_155731,MC1,155731,670,0,0.5280824,0.5117111,0.521623,0.49438676,0
MC1_3879,MC1,3879,670,0,0.6378141,0.5168098,0.5269303,0.4971208,0
MC1_59846,MC1,59846,670,0,0.52039784,0.5029093,0.50631595,0.48542944,0
MC1_119985,MC1,119985,670,0,0.5208008,0.50384724,0.5071114,0.4866499,0
MC1_49445,MC1,49445,670,0,0.52148086,0.5039953,0.5084734,0.48651296,0
MC1_98702,MC1,98702,670,0,0.5214588,0.5039717,0.50844365,0.48648968,0
MC1_167828,MC1,167828,670,0,0.52215356,0.50467163,0.5098289,0.4871931,0
MC1_78130,MC1,78130,258,0,0.5269645,0.5202806,0.51933354,0.513581,0
MC1_117425,MC1,117425,670,0,0.52827835,0.5115819,0.52201474,0.49461308,0
MC1_9404,MC1,9404,670,0,0.5208874,0.5034022,0.50729686,0.4859235,0
MC1_92388,MC1,92388,670,0,0.5211145,0.50364214,0.5077558,0.48620412,0
MC1_10607,MC1,10607,670,0,0.6194681,0.5152929,0.5261123,0.49640775,0
MC1_179720,MC1,179720,670,0,0.5275908,0.51014006,0.52055883,0.49264696,0
MC1_132446,MC1,132446,670,0,0.5224583,0.50498533,0.5104379,0.48754838,0
MC1_101552,MC1,101552,203,0,0.5285924,0.52368283,0.52284783,0.5184445,0
MC1_71233,MC1,71233,670,0,0.5277754,0.5103385,0.5209182,0.49285215,0
MC1_20287,MC1,20287,670,0,0.5219814,0.5045093,0.5094939,0.4870579,0
MC1_128150,MC1,128150,670,0,0.528295,0.51099277,0.52206683,0.49351558,0
MC1_81394,MC1,81394,353,29,0.64085317,0.5266523,0.527257,0.5132709,1
MC1_139622,MC1,139622,670,0,0.64309615,0.5120891,2.5726865e-10,0.49810308,0
MC1_173778,MC1,173778,670,0,0.5207296,0.50325185,0.5069814,0.48599264,0
MC1_44640,MC1,44640,670,0,0.52274865,0.5054449,0.51102716,0.4880953,0
MC1_191232,MC1,191232,670,0,0.52809197,0.5107151,0.52160245,0.4932233,0
MC1_44636,MC1,44636,670,0,0.52879304,0.51629853,0.5234205,0.50244755,0
MC1_129940,MC1,129940,670,0,0.6426691,0.51009136,2.3641179e-15,0.49812487,0
MC1_142801,MC1,142801,670,0,0.5249497,0.5110704,0.5153925,0.49600774,0
MC1_4356,MC1,4356,609,30,0.527654,0.5118325,0.5206797,0.49606887,1
MC1_166854,MC1,166854,656,0,0.5285643,0.51181024,0.52277535,0.49468705,0
MC1_169402,MC1,169402,670,0,0.52877355,0.5118381,0.52336824,0.4943829,0
MC1_113391,MC1,113391,670,0,0.5261495,0.5087581,0.51774144,0.49180058,0
MC1_179249,MC1,179249,670,0,0.5254672,0.5080144,0.5164159,0.49052137,0
MC1_53012,MC1,53012,670,0,0.52878517,0.5118897,0.52339506,0.49442855,0
MC1_189456,MC1,189456,670,0,0.5247433,0.507271,0.51498693,0.4897797,0
MC1_16532,MC1,16532,610,0,0.5258715,0.50998247,0.5171927,0.49404538,0
MC1_65762,MC1,65762,670,0,0.5328558,0.5127637,0.52420473,0.4952922,0
MC1_98153,MC1,98153,670,0,0.5235107,0.5060316,0.5125211,0.4885457,0
MC1_75120,MC1,75120,561,0,0.6357206,0.51929116,0.5267553,0.5026108,0
MC1_52183,MC1,52183,670,0,0.52037364,0.5029193,0.5062748,0.48616675,0
MC1_138983,MC1,138983,670,0,0.5285875,0.5144511,0.5230621,0.49780586,0
MC1_199651,MC1,199651,670,0,0.5287943,0.5163031,0.52342165,0.5024611,0
MC1_3341,MC1,3341,536,0,0.52229935,0.5083553,0.51012206,0.49456203,0
MC1_74843,MC1,74843,670,0,0.5232639,0.5057931,0.51207036,0.4883387,0
MC1_126125,MC1,126125,622,30,0.5259809,0.50978816,0.5174105,0.49362013,1
MC1_66357,MC1,66357,523,0,0.63391256,0.5202866,0.5266178,0.504526,0
MC1_9081,MC1,9081,670,0,0.51748914,0.49999622,0.50048125,0.48252788,0
MC1_100154,MC1,100154,670,0,0.52872264,0.51516557,0.52323204,0.5011164,0
MC1_186256,MC1,186256,670,0,0.52273923,0.5054478,0.5110094,0.48810685,0
MC1_83786,MC1,83786,670,0,0.5153476,0.4978531,0.49619704,0.48040923,0
MC1_37757,MC1,37757,670,0,0.5285149,0.51157767,0.5227481,0.4940144,0
MC1_137866,MC1,137866,671,25,0.6171467,0.51518685,0.52604717,0.49637556,1
MC1_22244,MC1,22244,670,0,0.5279619,0.51084286,0.5213294,0.4961069,0
MC1_165875,MC1,165875,670,0,0.528574,0.51151085,0.52278715,0.49475077,0
MC1_127493,MC1,127493,132,0,0.52848464,0.52561855,0.52281046,0.5223239,0
MC1_133413,MC1,133413,670,0,0.5279042,0.5104748,0.5211923,0.49298355,0
MC1_88131,MC1,88131,670,0,0.5290674,0.5123458,0.5239,0.49491444,0
MC1_192310,MC1,192310,295,0,0.52917,0.522278,0.5240166,0.51472557,0
MC1_32330,MC1,32330,670,0,0.521924,0.5044389,0.50937986,0.48695832,0
MC1_39085,MC1,39085,670,0,0.5288012,0.5121268,0.52342165,0.49519634,0
MC1_565,MC1,565,670,0,0.5153476,0.49785206,0.49619704,0.48039812,0
MC1_75781,MC1,75781,670,0,0.5803055,0.51393414,0.5250262,0.49595913,0
MC1_187985,MC1,187985,670,0,0.6358455,0.51599497,0.52673286,0.49660006,0
MC1_30494,MC1,30494,670,0,0.52355605,0.5061544,0.51265925,0.4890074,0
MC1_89578,MC1,89578,670,0,0.52254015,0.50509524,0.51060975,0.4877063,0
MC1_29725,MC1,29725,670,0,0.5153375,0.4978455,0.49615702,0.48040318,0
MC1_54575,MC1,54575,670,0,0.64245224,0.5067642,4.803043e-27,0.49807173,0
MC1_44532,MC1,44532,670,0,0.5231434,0.5056566,0.5118156,0.4881725,0
MC1_77004,MC1,77004,589,0,0.5219807,0.5084418,0.5094865,0.49506977,0
MC1_172955,MC1,172955,670,0,0.528569,0.51143736,0.5227706,0.49397567,0
MC1_90498,MC1,90498,670,0,0.52786666,0.51105887,0.52111185,0.49295574,0
MC1_14311,MC1,14311,167,30,0.5272365,0.51967317,0.4210099,0.5158957,1
MC1_18388,MC1,18388,670,0,0.64272237,0.5159143,0.0017948861,0.49746647,0
MC1_9385,MC1,9385,670,0,0.5207677,0.50402606,0.5070505,0.4869343,0
MC1_150264,MC1,150264,670,0,0.52222776,0.504739,0.5099849,0.48725638,0
MC1_161730,MC1,161730,670,0,0.5276141,0.5101766,0.5205922,0.49270278,0
MC1_68791,MC1,68791,468,0,0.5217973,0.51001686,0.5091223,0.49837285,0
MC1_44662,MC1,44662,656,0,0.5270834,0.5103409,0.5195627,0.49322987,0
MC1_170879,MC1,170879,670,0,0.52915245,0.5127163,0.5241274,0.49535674,0
MC1_103741,MC1,103741,670,0,0.52072674,0.5032762,0.5069768,0.48597404,0
MC1_102106,MC1,102106,578,0,0.52758366,0.5125467,0.52050376,0.49744323,0
MC1_65391,MC1,65391,670,0,0.5256354,0.50867,0.516736,0.49565664,0
MC1_144541,MC1,144541,670,0,0.58206725,0.5140002,0.5250735,0.49601302,0
MC1_407,MC1,407,670,0,0.5203616,0.5043172,0.5062454,0.4906343,0
MC1_111035,MC1,111035,670,0,0.5259769,0.50874466,0.5173992,0.4918199,0
MC1_52760,MC1,52760,670,0,0.52094513,0.50407284,0.50742894,0.48598063,0
MC1_88005,MC1,88005,670,0,0.52075493,0.5032615,0.50703007,0.48578516,0
MC1_70772,MC1,70772,670,0,0.52682483,0.50936204,0.518978,0.49186766,0
MC1_192392,MC1,192392,670,0,0.52791977,0.5105309,0.521218,0.49306172,0
MC1_34393,MC1,34393,589,0,0.5282292,0.5152772,0.5219979,0.50335515,0
MC1_40819,MC1,40819,670,0,0.58426875,0.51407003,0.52511007,0.49609005,0
MC1_33927,MC1,33927,670,0,0.52254117,0.50505257,0.5106042,0.48756844,0
MC1_52637,MC1,52637,670,0,0.52198213,0.50450575,0.50949556,0.48704717,0
MC1_100376,MC1,100376,670,0,0.5276612,0.510228,0.5206854,0.4927793,0
MC1_36392,MC1,36392,670,0,0.5287888,0.5118297,0.5233846,0.49437037,0
MC1_36288,MC1,36288,670,0,0.6430246,0.51723486,0.12352204,0.49733976,0
MC1_37792,MC1,37792,670,0,0.61837566,0.51541126,0.52608967,0.49684203,0
MC1_54771,MC1,54771,670,0,0.52910584,0.5123914,0.5239377,0.49492252,0
MC1_155385,MC1,155385,670,0,0.5204459,0.5029705,0.50641227,0.485541,0
MC1_95148,MC1,95148,670,0,0.528797,0.51188415,0.5234185,0.49453947,0
MC1_133007,MC1,133007,670,0,0.5225954,0.506852,0.51072055,0.48764706,0
MC1_137514,MC1,137514,670,0,0.63020843,0.518336,0.52644557,0.5005549,0
MC1_4500,MC1,4500,670,0,0.52066916,0.5032882,0.50685906,0.48616844,0
MC1_199561,MC1,199561,670,0,0.52038676,0.5028956,0.50629044,0.4854187,0
MC1_198422,MC1,198422,670,0,0.5194866,0.50200576,0.5044838,0.48469484,0
MC1_87359,MC1,87359,670,0,0.5280077,0.5113891,0.5214128,0.4944684,0
MC1_32083,MC1,32083,670,0,0.52222776,0.5047394,0.5099849,0.48725572,0
MC1_12779,MC1,12779,670,0,0.52867925,0.5117169,0.5231577,0.4942273,0
MC1_189607,MC1,189607,670,0,0.5324879,0.5127773,0.5241896,0.49545622,0
MC1_115779,MC1,115779,577,0,0.5276022,0.5125973,0.5205777,0.49756527,0
MC1_163942,MC1,163942,670,0,0.52861905,0.5124922,0.5229176,0.49558133,0
MC1_155919,MC1,155919,670,0,0.60992223,0.5149485,0.52581835,0.49635413,0
MC1_183209,MC1,183209,670,0,0.5154013,0.4979091,0.4963022,0.4804472,0
MC1_104337,MC1,104337,617,0,0.52869743,0.51322645,0.5231683,0.49698153,0
MC1_100163,MC1,100163,577,0,0.52036315,0.5053181,0.5062495,0.49027264,0
MC1_13730,MC1,13730,670,0,0.5281529,0.5115842,0.5217958,0.49513495,0
MC1_93073,MC1,93073,670,0,0.5222141,0.50474983,0.5099478,0.48741427,0
MC1_197556,MC1,197556,670,0,0.5227484,0.50526696,0.511025,0.48778272,0
MC1_185095,MC1,185095,670,0,0.5255943,0.50826955,0.5166553,0.49321005,0
MC1_27362,MC1,27362,670,0,0.5275609,0.5104452,0.52050465,0.4937483,0
MC1_138494,MC1,138494,670,0,0.5227408,0.50525737,0.5110135,0.48777777,0
MC1_16625,MC1,16625,594,0,0.5209745,0.50547475,0.50746596,0.48996508,0
MC1_31334,MC1,31334,670,0,0.52278787,0.50530684,0.5111059,0.48782486,0
MC1_192547,MC1,192547,670,0,0.52429545,0.5069619,0.5140944,0.48993888,0
MC1_70106,MC1,70106,670,0,0.52549165,0.50802296,0.5164641,0.49053296,0
MC1_26939,MC1,26939,550,30,0.5232574,0.5089259,0.5120573,0.49460083,1
MC1_37686,MC1,37686,670,0,0.5202109,0.50272185,0.5059445,0.48524573,0
MC1_34298,MC1,34298,402,0,0.5274031,0.5182565,0.52018976,0.5113579,0
MC1_180148,MC1,180148,676,25,0.6090511,0.5147572,0.52580535,0.49603415,1
MC1_169011,MC1,169011,670,0,0.52430487,0.506842,0.5141111,0.48937598,0
MC1_130701,MC1,130701,670,0,0.5187954,0.50137717,0.50309014,0.48398617,0
MC1_42036,MC1,42036,670,0,0.64300495,0.5172204,0.10420197,0.4973827,0
MC1_77016,MC1,77016,670,0,0.63786346,0.51657563,0.5269613,0.49720547,0
MC1_16261,MC1,16261,670,0,0.52823395,0.5110866,0.5220194,0.49359095,0
MC1_175789,MC1,175789,670,0,0.5268284,0.5093647,0.51897633,0.4918694,0
MC1_51044,MC1,51044,670,0,0.52681625,0.5093535,0.5189611,0.49186096,0
MC1_116291,MC1,116291,670,0,0.5279042,0.5104747,0.5211923,0.49298418,0
MC1_37626,MC1,37626,670,0,0.56845593,0.5137339,0.5248033,0.49625635,0
MC1_19735,MC1,19735,670,0,0.6088563,0.5148982,0.5257995,0.49629626,0
MC1_38154,MC1,38154,670,0,0.5268014,0.5096253,0.5190208,0.4919753,0
MC1_21054,MC1,21054,670,0,0.64102346,0.5051413,3.7382057e-33,0.49819776,0
MC1_120464,MC1,120464,669,0,0.5282292,0.5129087,0.5220031,0.4997283,0
MC1_168701,MC1,168701,631,30,0.52728087,0.5109027,0.5199602,0.49464643,1
MC1_157210,MC1,157210,670,0,0.6428942,0.5159571,0.0018427313,0.49801272,0
MC1_156967,MC1,156967,670,0,0.6142158,0.5151485,0.5259382,0.49674675,0
MC1_105983,MC1,105983,503,0,0.5220076,0.50889,0.50954646,0.49577054,0
MC1_93916,MC1,93916,670,0,0.5291549,0.51268625,0.52411973,0.49524486,0
MC1_91979,MC1,91979,670,0,0.52815,0.51159775,0.521792,0.49517435,0
MC1_110730,MC1,110730,670,0,0.6316602,0.51728576,0.5264873,0.49895564,0
MC1_36996,MC1,36996,670,0,0.6427954,0.5120138,1.8330068e-10,0.49810284,0
MC1_52895,MC1,52895,670,0,0.5206277,0.50321674,0.5067759,0.48588607,0
MC1_125925,MC1,125925,670,0,0.52748483,0.5100398,0.52033687,0.492549,0
MC1_174664,MC1,174664,670,0,0.6093715,0.5149303,0.52580625,0.49634707,0
MC1_154030,MC1,154030,670,0,0.64343977,0.5133732,1.554639e-07,0.49761048,0
MC1_115932,MC1,115932,670,0,0.5291466,0.51280504,0.52412814,0.49569333,0
MC1_100030,MC1,100030,670,0,0.52856725,0.51153827,0.5227893,0.4940334,0
MC1_73866,MC1,73866,670,0,0.518356,0.50086075,0.50221825,0.48339263,0
MC1_36474,MC1,36474,670,0,0.5330842,0.5127685,0.5241907,0.49530053,0
MC1_124953,MC1,124953,670,0,0.57994664,0.51392245,0.52501774,0.49595356,0
MC1_49359,MC1,49359,670,0,0.5280966,0.5107208,0.5216122,0.49324796,0
MC1_104235,MC1,104235,670,0,0.52837384,0.511559,0.52225935,0.49361768,0
MC1_117125,MC1,117125,660,0,0.51535416,0.49812126,0.4962102,0.48096815,0
MC1_170708,MC1,170708,670,0,0.63170433,0.5157581,0.5264878,0.49652746,0
MC1_56022,MC1,56022,670,0,0.0,0.0,0.0,0.0,0
MC1_195076,MC1,195076,670,0,0.5154447,0.49796247,0.496345,0.48053735,0
MC1_46899,MC1,46899,670,0,0.5280815,0.5119751,0.5216189,0.4956939,0
MC1_131984,MC1,131984,670,0,0.51536137,0.49799222,0.49622333,0.483031,0
MC1_18955,MC1,18955,670,0,0.5281916,0.51084614,0.52182645,0.49335125,0
MC1_110084,MC1,110084,37,30,0.52185076,0.5206225,0.50928384,0.5200228,1
MC1_41145,MC1,41145,597,29,0.52072674,0.5051567,0.5069768,0.48962614,1
MC1_121452,MC1,121452,670,0,0.52350485,0.50602365,0.51255184,0.48853734,0
MC1_50481,MC1,50481,670,0,0.52790993,0.51048464,0.5212044,0.49300992,0
MC1_61729,MC1,61729,670,0,0.5154111,0.4979309,0.49630356,0.48076826,0
MC1_90473,MC1,90473,590,0,0.6088563,0.5171918,0.5257995,0.5006201,0
MC1_138828,MC1,138828,670,0,0.6419055,0.5164429,0.52766097,0.4967139,0
MC1_170818,MC1,170818,670,0,0.5183227,0.5008537,0.5021439,0.4834886,0
MC1_91723,MC1,91723,670,0,0.51744264,0.49999765,0.50038695,0.4830577,0
MC1_191990,MC1,191990,670,0,0.5231485,0.50569665,0.5118246,0.48818064,0
MC1_70634,MC1,70634,670,0,0.5286139,0.512458,0.52289,0.49554855,0
MC1_3776,MC1,3776,670,0,0.6351367,0.5159689,0.5267171,0.4965883,0
MC1_67277,MC1,67277,275,29,0.52275366,0.51558924,0.51103616,0.5084557,1
MC1_130438,MC1,130438,670,0,0.5283745,0.51165646,0.52224916,0.49607956,0
MC1_192439,MC1,192439,670,0,0.64328575,0.51782477,0.39625117,0.49749786,0
MC1_199840,MC1,199840,670,0,0.64300495,0.5172867,0.5288212,0.49693048,0
MC1_161267,MC1,161267,481,0,0.6090164,0.52028525,0.5258,0.50617874,0
MC1_69245,MC1,69245,670,0,0.5181109,0.5007491,0.50171727,0.4838529,0
MC1_54097,MC1,54097,611,0,0.52617204,0.5102635,0.51776284,0.49429563,0
MC1_5396,MC1,5396,487,30,0.52796197,0.515681,0.5213144,0.50328934,1
MC1_95605,MC1,95605,670,0,0.64323837,0.51730126,0.52884525,0.4969319,0
MC1_169751,MC1,169751,670,0,0.5267464,0.50985384,0.51884806,0.493484,0
MC1_51764,MC1,51764,670,0,0.52605224,0.5085918,0.5175272,0.49109674,0
MC1_116768,MC1,116768,670,0,0.5268336,0.50945574,0.5190873,0.49269146,0
MC1_52253,MC1,52253,362,28,0.527913,0.5185503,0.5212074,0.5091241,1
MC1_29284,MC1,29284,670,0,0.5282936,0.51100516,0.5220634,0.49356383,0
MC1_165682,MC1,165682,670,0,0.52842695,0.5112092,0.5224005,0.4937154,0
MC1_151526,MC1,151526,670,0,0.52728003,0.5098394,0.5199582,0.49238712,0
MC1_131735,MC1,131735,670,0,0.5268219,0.50936925,0.5190449,0.4918758,0
MC1_75275,MC1,75275,609,30,0.5231369,0.5072534,0.5118025,0.49137875,1
MC1_106218,MC1,106218,670,0,0.5273829,0.50993484,0.5200712,0.49243924,0
MC1_24486,MC1,24486,670,0,0.52803886,0.5136625,0.5215242,0.4984368,0
MC1_102327,MC1,102327,476,0,0.52468365,0.51230633,0.51486486,0.50019485,0
MC1_157458,MC1,157458,670,0,0.5264257,0.5089709,0.5182929,0.4914797,0
MC1_149640,MC1,149640,670,0,0.5285746,0.5114554,0.522793,0.49399796,0
MC1_112922,MC1,112922,670,0,0.5291077,0.51244974,0.52394223,0.49506956,0
MC1_154916,MC1,154916,656,0,0.52553296,0.5146158,0.5165316,0.49924678,0
MC1_57878,MC1,57878,670,0,0.5180298,0.50053966,0.50156015,0.4830694,0
MC1_200029,MC1,200029,670,0,0.52143544,0.50394726,0.50840294,0.48646814,0
MC1_10385,MC1,10385,670,0,0.5154082,0.4979122,0.49631295,0.48044917,0
MC1_110058,MC1,110058,670,0,0.52792627,0.5105019,0.5212388,0.4930094,0
MC1_107397,MC1,107397,670,0,0.5174433,0.49994534,0.500387,0.4824753,0
MC1_196035,MC1,196035,670,0,0.5219349,0.50445336,0.50940174,0.48697668,0
MC1_33306,MC1,33306,670,0,0.5209332,0.50345075,0.5073888,0.48597664,0
MC1_107910,MC1,107910,670,0,0.0,0.0,0.0,0.0,0
MC1_72157,MC1,72157,670,0,0.6034415,0.51497144,0.5256554,0.4995648,0
MC1_167857,MC1,167857,449,0,0.520603,0.513929,0.50672746,0.4971965,0
MC1_119361,MC1,119361,670,0,0.52812254,0.5140521,0.52171654,0.49601978,0
MC1_110697,MC1,110697,670,0,0.63096017,0.51765203,0.52647114,0.49940193,0
MC1_77571,MC1,77571,385,29,0.52597547,0.51597494,0.51739985,0.50596815,1
MC1_67544,MC1,67544,670,0,0.52675605,0.50932556,0.5189318,0.49190906,0
MC1_159252,MC1,159252,295,26,0.52576154,0.5181285,0.5169896,0.5104995,1
MC1_181729,MC1,181729,668,26,0.52536285,0.5086285,0.5161802,0.49141353,1
MC1_60693,MC1,60693,532,29,0.5290524,0.51597023,0.5238819,0.5023804,1
MC1_46013,MC1,46013,670,0,0.5206285,0.5031451,0.50677824,0.48567435,0
MC1_97557,MC1,97557,670,0,0.53042114,0.51272225,0.5241361,0.49526182,0
MC1_89164,MC1,89164,664,0,0.52918214,0.5129084,0.5240859,0.49706557,0
MC1_63770,MC1,63770,532,0,0.5285995,0.51516145,0.5229073,0.5012728,0
MC1_108791,MC1,108791,670,0,0.5259711,0.5086623,0.5173913,0.49155614,0
MC1_9583,MC1,9583,670,0,0.52041274,0.50292444,0.5063394,0.4854459,0
MC1_88888,MC1,88888,670,0,0.5282733,0.5109639,0.522017,0.49350628,0
MC1_54274,MC1,54274,670,0,0.5214865,0.50400174,0.50848264,0.48651943,0
MC1_43585,MC1,43585,670,0,0.6438764,0.5125888,3.0172806e-09,0.4980299,0
MC1_164018,MC1,164018,670,0,0.52597404,0.508564,0.51739526,0.49119812,0
MC1_165026,MC1,165026,638,29,0.5206284,0.5039792,0.5067775,0.48733804,1
MC1_43734,MC1,43734,670,0,0.52067786,0.5031908,0.50687486,0.48571017,0
MC1_81729,MC1,81729,563,0,0.52042204,0.5057674,0.5063677,0.49128518,0
MC1_60533,MC1,60533,670,0,0.51833177,0.50093067,0.502165,0.48364317,0
MC1_195606,MC1,195606,670,0,0.52910244,0.5123857,0.5239358,0.49497363,0
MC1_60156,MC1,60156,670,0,0.5233518,0.50586766,0.5122315,0.48839137,0
MC1_25453,MC1,25453,670,0,0.52879024,0.5118305,0.5233845,0.49438006,0
MC1_39823,MC1,39823,670,0,0.5260418,0.5085873,0.5175317,0.49109703,0
MC1_73505,MC1,73505,148,29,0.5257589,0.52193046,0.5169832,0.5181645,1
MC1_26050,MC1,26050,656,0,0.5254818,0.5083961,0.5164359,0.49127045,0
MC1_125473,MC1,125473,670,0,0.52274865,0.505264,0.51102716,0.4877818,0
MC1_59963,MC1,59963,670,0,0.5225723,0.50512356,0.5106594,0.48762757,0
MC1_42880,MC1,42880,670,0,0.525167,0.50817925,0.51581424,0.49521258,0
MC1_192352,MC1,192352,670,0,0.51744276,0.49994627,0.5003891,0.482477,0
MC1_170070,MC1,170070,670,0,0.52860564,0.5124423,0.5228756,0.4954522,0
MC1_56521,MC1,56521,670,0,0.5255576,0.51071155,0.5165397,0.49462694,0
MC1_97967,MC1,97967,670,0,0.51744264,0.49994645,0.50038695,0.4824746,0
MC1_115974,MC1,115974,670,0,0.5221835,0.50469595,0.5098971,0.48721236,0
MC1_137564,MC1,137564,670,0,0.5287898,0.51188326,0.52339137,0.49460363,0
MC1_57025,MC1,57025,670,0,0.6342887,0.5159842,0.52662426,0.49683088,0
MC1_144932,MC1,144932,670,0,0.52072775,0.5033346,0.50697476,0.48612592,0
MC1_173218,MC1,173218,670,0,0.5187558,0.501278,0.5030106,0.4838396,0
MC1_6801,MC1,6801,670,0,0.52800316,0.51135045,0.5214131,0.4985897,0
MC1_134668,MC1,134668,670,0,0.52607507,0.50862736,0.51759505,0.49117324,0
MC1_167553,MC1,167553,670,0,0.52597404,0.50916696,0.51739526,0.4927086,0
MC1_51839,MC1,51839,656,0,0.64325017,0.5092629,9.123945e-13,0.4989915,0
MC1_149697,MC1,149697,670,0,0.52203965,0.5066245,0.5096047,0.49090752,0
MC1_39159,MC1,39159,670,0,0.5273873,0.50993776,0.52007836,0.4924401,0
MC1_155925,MC1,155925,670,0,0.60992223,0.5149484,0.52581835,0.49635413,0
MC1_85622,MC1,85622,670,0,0.5204478,0.5029662,0.50641507,0.48551401,0
MC1_19618,MC1,19618,595,30,0.5211206,0.5056764,0.50775534,0.4903671,1
MC1_116709,MC1,116709,670,0,0.5182176,0.5008094,0.5019385,0.4834578,0
MC1_117827,MC1,117827,670,0,0.53343916,0.51277375,0.52418286,0.49530575,0
MC1_164179,MC1,164179,670,0,0.61416346,0.5117973,2.7895295e-08,0.49764436,0
MC1_130025,MC1,130025,670,0,0.5207223,0.5032492,0.506968,0.48587558,0
MC1_99396,MC1,99396,670,0,0.5206008,0.50317043,0.5067231,0.48622036,0
MC1_80036,MC1,80036,670,0,0.60976243,0.51492935,0.5258179,0.4963147,0
MC1_169155,MC1,169155,670,0,0.6128503,0.51504934,0.5258989,0.4963919,0
MC1_39898,MC1,39898,93,28,0.523552,0.52108246,0.51265126,0.51879674,1
MC1_47961,MC1,47961,670,0,0.52840203,0.5117811,0.5223239,0.49655685,0
MC1_8765,MC1,8765,670,0,0.5272744,0.5098337,0.5199337,0.49238732,0
MC1_130425,MC1,130425,670,0,0.6430651,0.5178528,0.5090643,0.49719697,0
MC1_153457,MC1,153457,670,0,0.51540387,0.4979094,0.4963018,0.4804515,0
MC1_106670,MC1,106670,430,30,0.5286819,0.51799613,0.52316195,0.5067947,1
MC1_111967,MC1,111967,670,0,0.5183225,0.5008513,0.50215036,0.48343998,0
MC1_29738,MC1,29738,670,0,0.52329046,0.5058137,0.512116,0.4883327,0
MC1_107096,MC1,107096,670,0,0.5207252,0.5032399,0.5069727,0.48576164,0
MC1_112337,MC1,112337,670,0,0.53638446,0.51298094,0.52397597,0.4956641,0
MC1_131621,MC1,131621,462,29,0.52042073,0.5083736,0.50636727,0.496368,1
MC1_159549,MC1,159549,575,30,0.52072453,0.5057467,0.5069724,0.4908214,1
MC1_1637,MC1,1637,670,0,0.52823406,0.51108044,0.5220163,0.4935872,0
MC1_26861,MC1,26861,670,0,0.6432826,0.5104284,2.206192e-14,0.49781996,0
MC1_83988,MC1,83988,524,0,0.52036095,0.507141,0.50624514,0.4945923,0
MC1_114847,MC1,114847,670,0,0.6378459,0.51712126,0.52692115,0.4971859,0
MC1_194252,MC1,194252,571,0,0.52474797,0.5099138,0.5149978,0.49510843,0
MC1_85448,MC1,85448,670,0,0.526059,0.50860894,0.5175617,0.49119836,0
MC1_161641,MC1,161641,670,0,0.5806592,0.5139445,0.52503455,0.49596605,0
MC1_19905,MC1,19905,670,0,0.60752296,0.51499754,0.5257642,0.49827558,0
MC1_135819,MC1,135819,670,0,0.6432826,0.5104984,2.206192e-14,0.49818853,0
MC1_5154,MC1,5154,670,0,0.52548873,0.50802004,0.5164601,0.49053112,0
MC1_52757,MC1,52757,670,0,0.5829879,0.51404595,0.52513057,0.49600682,0
MC1_33114,MC1,33114,670,0,0.5203675,0.50287473,0.50625825,0.48539427,0
MC1_35629,MC1,35629,670,0,0.5259273,0.5085257,0.51731336,0.49111852,0
MC1_40475,MC1,40475,670,0,0.64245224,0.5067634,4.803043e-27,0.49806878,0
MC1_89785,MC1,89785,670,0,0.5291265,0.5124481,0.52396566,0.495211,0
MC1_125869,MC1,125869,670,0,0.527417,0.5126933,0.52021503,0.49735287,0
MC1_13174,MC1,13174,670,0,0.5207274,0.50521356,0.506977,0.49543124,0
MC1_163409,MC1,163409,481,30,0.5234941,0.5109526,0.51253164,0.49840164,1
MC1_114616,MC1,114616,656,0,0.5227443,0.5056853,0.5110184,0.48871925,0
MC1_25115,MC1,25115,670,0,0.52577174,0.5085851,0.51700467,0.49141693,0
MC1_86148,MC1,86148,670,0,0.64569944,0.508898,1.13045336e-13,0.49828908,0
MC1_23814,MC1,23814,670,0,0.52905273,0.51232606,0.5238818,0.4948882,0
MC1_138052,MC1,138052,666,26,0.52802277,0.5111505,0.52144843,0.4940106,1
MC1_193490,MC1,193490,670,0,0.52607155,0.5086159,0.5175887,0.49112457,0
MC1_151980,MC1,151980,670,0,0.63500416,0.5159745,0.52674717,0.49659154,0
MC1_133912,MC1,133912,670,0,0.6421573,0.5177981,0.51450217,0.4971562,0
MC1_128003,MC1,128003,670,0,0.52092665,0.50346,0.50737566,0.48601893,0
MC1_152648,MC1,152648,670,0,0.5792957,0.5140812,0.52500576,0.49596488,0
MC1_129444,MC1,129444,670,0,0.52330244,0.505871,0.5121206,0.4884223,0
MC1_7246,MC1,7246,670,0,0.5218906,0.50439584,0.5092997,0.48691282,0
MC1_60595,MC1,60595,670,0,0.638275,0.5167858,0.52695215,0.4976041,0
MC1_141155,MC1,141155,670,0,0.5246875,0.50834185,0.51487637,0.4914189,0
MC1_73323,MC1,73323,670,0,0.5280796,0.51170886,0.5216142,0.49438506,0
MC1_103766,MC1,103766,670,0,0.53293717,0.51277345,0.52418387,0.4953043,0
MC1_168846,MC1,168846,670,0,0.52034813,0.5028813,0.5062119,0.48544195,0
MC1_143800,MC1,143800,670,0,0.52682054,0.5093683,0.51896954,0.4918771,0
MC1_146386,MC1,146386,670,0,0.6433817,0.5134865,2.7258255e-07,0.49760264,0
MC1_123834,MC1,123834,670,0,0.52597976,0.50860417,0.5174083,0.49128053,0
MC1_165297,MC1,165297,670,0,0.52907944,0.51246417,0.52391064,0.49521586,0
MC1_115035,MC1,115035,670,0,0.5292761,0.5127414,0.5241094,0.49526387,0
MC1_23879,MC1,23879,670,0,0.64343977,0.51337504,1.554639e-07,0.49761048,0
MC1_38078,MC1,38078,670,0,0.52367234,0.50620127,0.5128854,0.48872164,0
MC1_161,MC1,161,670,0,0.52877504,0.5118364,0.5233682,0.49438477,0
MC1_73881,MC1,73881,670,0,0.6415831,0.50662065,2.3984763e-27,0.49812332,0
MC1_51262,MC1,51262,670,0,0.525115,0.5076616,0.5157123,0.49018165,0
MC1_122737,MC1,122737,670,0,0.5194911,0.5020414,0.50449145,0.4847934,0
MC1_38754,MC1,38754,670,0,0.528714,0.51520854,0.5232052,0.50109774,0
MC1_67698,MC1,67698,670,0,0.5291125,0.5124549,0.52395064,0.4952103,0
MC1_183225,MC1,183225,670,0,0.6431285,0.51773894,0.39374104,0.49768925,0
MC1_48460,MC1,48460,481,30,0.5235425,0.5110224,0.51262724,0.4984828,1
MC1_122188,MC1,122188,670,0,0.5153467,0.49794438,0.4961928,0.4807715,0
MC1_22952,MC1,22952,670,0,0.5269438,0.51085675,0.5192085,0.49367613,0
MC1_89100,MC1,89100,670,0,0.523262,0.50581974,0.5120663,0.48877665,0
MC1_24449,MC1,24449,670,0,0.5174844,0.49999377,0.50047493,0.4825236,0
MC1_22794,MC1,22794,670,0,0.52072674,0.50513715,0.5069768,0.49526638,0
MC1_199209,MC1,199209,670,0,0.64312875,0.5177343,0.3619803,0.4980788,0
MC1_197820,MC1,197820,670,0,0.5231388,0.5056491,0.5118044,0.48816058,0
MC1_74900,MC1,74900,670,0,0.52759767,0.5101442,0.52057433,0.49265337,0
MC1_176194,MC1,176194,616,30,0.52759385,0.51156604,0.52056134,0.49550515,1
MC1_36943,MC1,36943,670,0,0.5154052,0.49791214,0.49631324,0.48044977,0
MC1_166549,MC1,166549,670,0,0.52749294,0.5102356,0.5203272,0.49256805,0
MC1_131227,MC1,131227,670,0,0.5269486,0.510857,0.51921535,0.493678,0
MC1_15316,MC1,15316,670,0,0.5268104,0.509378,0.518948,0.49194992,0
MC1_159994,MC1,159994,538,0,0.63526845,0.51995325,0.526728,0.5038133,0
MC1_15011,MC1,15011,670,0,0.52639973,0.508974,0.518242,0.49154094,0
MC1_154848,MC1,154848,670,0,0.5276489,0.5102372,0.52067566,0.49340346,0
MC1_174665,MC1,174665,670,0,0.6090164,0.5149198,0.5258,0.4963443,0
MC1_135059,MC1,135059,670,0,0.0,0.0,0.0,0.0,0
MC1_67958,MC1,67958,670,0,0.5283924,0.51114464,0.522304,0.49364138,0
MC1_44347,MC1,44347,670,0,0.63861734,0.5160193,0.52673,0.49659443,0
MC1_150620,MC1,150620,635,0,0.5222082,0.5108497,0.5099349,0.49623725,0
MC1_177031,MC1,177031,670,0,0.6431769,0.51730216,0.5288277,0.4969492,0
MC1_150691,MC1,150691,670,0,0.5224726,0.50554705,0.51018935,0.48895547,0
MC1_117615,MC1,117615,670,0,0.5174932,0.5003131,0.5004928,0.4827645,0
MC1_185532,MC1,185532,670,0,0.5235491,0.5060788,0.5126466,0.48862326,0
MC1_189822,MC1,189822,670,0,0.5214666,0.50398207,0.5084502,0.4865011,0
MC1_149521,MC1,149521,670,0,0.52827585,0.51295924,0.5220079,0.503641,0
MC1_117409,MC1,117409,670,0,0.6425027,0.5172872,0.16707215,0.49729908,0
MC1_181539,MC1,181539,670,0,0.6428168,0.5120714,2.4955413e-10,0.49810025,0
MC1_68012,MC1,68012,670,0,0.52597904,0.50854987,0.5174086,0.49170402,0
MC1_132025,MC1,132025,470,17,0.52072465,0.5084686,0.50697225,0.49621937,1
MC1_182878,MC1,182878,670,0,0.64068764,0.5166051,0.5272303,0.4975308,0
MC1_184941,MC1,184941,670,0,0.52764916,0.51028484,0.5206747,0.49357405,0
MC1_19744,MC1,19744,670,0,0.5291125,0.5124217,0.52395064,0.4951316,0
MC1_95360,MC1,95360,670,0,0.58119345,0.51397157,0.5250471,0.4960115,0
MC1_174785,MC1,174785,670,0,0.51535916,0.49786946,0.496219,0.48062712,0
MC1_140815,MC1,140815,670,0,0.51535505,0.49719378,0.001701537,0.48074025,0
MC1_87135,MC1,87135,670,0,0.52072644,0.505136,0.5069743,0.49526286,0
MC1_171929,MC1,171929,670,0,0.5246818,0.5084595,0.5148633,0.49162048,0
MC1_128037,MC1,128037,670,0,0.6189509,0.5152755,0.52610326,0.49640447,0
MC1_143877,MC1,143877,656,0,0.5239434,0.5068354,0.5134193,0.48971945,0
MC1_61926,MC1,61926,670,0,0.518395,0.50078815,0.5022953,0.4832418,0
MC1_197165,MC1,197165,670,0,0.5219328,0.5044434,0.5093974,0.48695907,0
MC1_32231,MC1,32231,670,0,0.5219328,0.50444394,0.5093974,0.48695758,0
MC1_194747,MC1,194747,670,0,0.6432826,0.5104268,2.206192e-14,0.4978191,0
MC1_192447,MC1,192447,670,0,0.5253121,0.5078599,0.5160986,0.49036837,0
MC1_194037,MC1,194037,670,0,0.526399,0.50915956,0.5182423,0.4942927,0
MC1_89023,MC1,89023,670,0,0.51534003,0.49785092,0.4961569,0.480419,0
MC1_140511,MC1,140511,656,0,0.52467966,0.50880843,0.5148591,0.49234733,0
MC1_93726,MC1,93726,571,30,0.6073107,0.51765937,0.5257124,0.5016587,1
MC1_37272,MC1,37272,670,0,0.6142158,0.51510566,0.5259382,0.49661905,0
MC1_151102,MC1,151102,670,0,0.52745754,0.51225424,0.5202972,0.4964523,0
MC1_64640,MC1,64640,670,0,0.64321023,0.51783437,0.36977232,0.49761492,0
MC1_186307,MC1,186307,670,0,0.52547735,0.5080259,0.51642615,0.4905325,0
MC1_46776,MC1,46776,670,0,0.5261858,0.508761,0.5178118,0.4913322,0
MC1_164998,MC1,164998,647,30,0.52039105,0.503786,0.506321,0.48663282,1
MC1_55120,MC1,55120,489,15,0.5238429,0.5111389,0.5132148,0.49841526,1
MC1_109640,MC1,109640,670,0,0.5254576,0.50854653,0.5163284,0.49146846,0
MC1_157738,MC1,157738,670,0,0.515362,0.49799728,0.49622345,0.48315963,0
MC1_11948,MC1,11948,670,0,0.52088886,0.5034028,0.507301,0.4859236,0
MC1_185035,MC1,185035,669,0,0.5268086,0.50947875,0.51894516,0.4920904,0
MC1_25542,MC1,25542,670,0,0.52037424,0.5028858,0.50627506,0.4854091,0
MC1_66852,MC1,66852,670,0,0.5269353,0.50950855,0.5193004,0.49200118,0
MC1_32070,MC1,32070,670,0,0.52909255,0.51242757,0.523926,0.49504763,0
MC1_176717,MC1,176717,670,0,0.6182316,0.51524514,0.52606916,0.49639353,0
MC1_106090,MC1,106090,670,0,0.6433556,0.5172388,0.5287137,0.49692708,0
MC1_91574,MC1,91574,670,0,0.6481973,0.5176457,0.19900939,0.49771723,0
MC1_134232,MC1,134232,670,0,0.63915586,0.5166978,0.52710444,0.4971702,0
MC1_194700,MC1,194700,670,0,0.5282402,0.51108253,0.52202976,0.49359015,0
MC1_40011,MC1,40011,670,0,0.5202053,0.50271595,0.50593525,0.4852404,0
MC1_93507,MC1,93507,670,0,0.51748806,0.49999568,0.5004816,0.48252964,0
MC1_94608,MC1,94608,656,0,0.5232574,0.5062441,0.5120573,0.48934582,0
MC1_186183,MC1,186183,670,0,0.6430123,0.51015395,3.8246134e-15,0.49783185,0
MC1_133044,MC1,133044,335,30,0.52829224,0.5197404,0.5220588,0.5110093,1
MC1_184010,MC1,184010,670,0,0.5268169,0.509355,0.5189607,0.49185959,0
MC1_155119,MC1,155119,500,29,0.642642,0.5174544,3.5958908e-07,0.50650233,1
MC1_63232,MC1,63232,656,0,0.51536137,0.28657728,0.49622333,2.831651e-36,0
MC1_132963,MC1,132963,670,0,0.520798,0.5038662,0.5071068,0.48668355,0
MC1_174745,MC1,174745,653,26,0.5208855,0.50384575,0.5073009,0.486839,1
MC1_97757,MC1,97757,670,0,0.52801186,0.513528,0.5214486,0.4982664,0
MC1_93220,MC1,93220,670,0,0.51836854,0.50138193,0.50224674,0.48401248,0
MC1_132426,MC1,132426,656,0,0.5219814,0.5048738,0.5094939,0.48780835,0
MC1_11863,MC1,11863,670,0,0.5227936,0.5053172,0.51111513,0.4878376,0
MC1_173431,MC1,173431,258,0,0.5269638,0.5202806,0.5193339,0.513582,0
MC1_142577,MC1,142577,670,0,0.5267854,0.5099071,0.5190649,0.49243537,0
MC1_20147,MC1,20147,507,0,0.5203653,0.5071358,0.5062539,0.493956,0
MC1_59010,MC1,59010,231,0,0.5238351,0.5222637,0.5132071,0.52279913,0
MC1_71849,MC1,71849,670,0,0.52746964,0.5122661,0.52031237,0.4964611,0
MC1_92599,MC1,92599,670,0,0.5269524,0.5094978,0.51913226,0.49200335,0
MC1_95090,MC1,95090,670,0,0.5209549,0.50347096,0.5074184,0.48599106,0
MC1_159933,MC1,159933,578,0,0.52759665,0.51255316,0.5205638,0.49745077,0
MC1_142753,MC1,142753,670,0,0.5254672,0.5080177,0.5164159,0.4905349,0
MC1_44028,MC1,44028,589,0,0.52197856,0.5084389,0.50948215,0.49506488,0
MC1_159189,MC1,159189,670,0,0.64323837,0.51730573,0.52884525,0.49693567,0
MC1_97673,MC1,97673,522,29,0.6357206,0.5204264,0.5267553,0.5043819,1
MC1_21688,MC1,21688,670,0,0.5253449,0.5078908,0.5161449,0.49039817,0
MC1_109628,MC1,109628,670,0,0.5254039,0.5088263,0.5162585,0.49178287,0
MC1_119036,MC1,119036,670,0,0.51744044,0.49999446,0.5003826,0.48302022,0
MC1_70944,MC1,70944,670,0,0.52431214,0.5068495,0.5141391,0.48938185,0
MC1_11348,MC1,11348,670,0,0.5184798,0.50100124,0.5024795,0.48354062,0
MC1_116282,MC1,116282,670,0,0.5279091,0.5104776,0.5212009,0.4929868,0
MC1_7937,MC1,7937,670,0,0.644364,0.51411647,2.7597298e-06,0.4975831,0
MC1_164046,MC1,164046,670,0,0.5269438,0.5108678,0.5192085,0.49368984,0
MC1_11500,MC1,11500,608,30,0.52878743,0.5134515,0.52338845,0.4975787,1
MC1_174497,MC1,174497,670,0,0.5280529,0.5107762,0.52154845,0.493283,0
MC1_6124,MC1,6124,670,0,0.5180762,0.5006204,0.50165135,0.4837185,0
MC1_71054,MC1,71054,670,0,0.5283989,0.51146346,0.52254933,0.493978,0
MC1_170131,MC1,170131,670,0,0.52642936,0.50903535,0.51829654,0.4929569,0
MC1_83967,MC1,83967,670,0,0.528392,0.5111507,0.52230585,0.49364778,0
MC1_124041,MC1,124041,670,0,0.5275749,0.5101211,0.5205314,0.49263117,0
MC1_32442,MC1,32442,599,0,0.52316886,0.50755626,0.5118289,0.4919072,0
MC1_100124,MC1,100124,670,0,0.5250904,0.5076375,0.515666,0.4901529,0
MC1_153883,MC1,153883,670,0,0.5217908,0.50505453,0.5091092,0.48796225,0
MC1_75237,MC1,75237,670,0,0.5233204,0.5058469,0.512184,0.48841193,0
MC1_83074,MC1,83074,670,0,0.5227857,0.50530463,0.51110154,0.48782322,0
MC1_157254,MC1,157254,670,0,0.5203744,0.5036669,0.5062765,0.48754445,0
MC1_199428,MC1,199428,670,0,0.61693406,0.5152068,0.52604264,0.49640918,0
MC1_169035,MC1,169035,670,0,0.5231503,0.5056719,0.5118265,0.48821625,0
MC1_192353,MC1,192353,670,0,0.517442,0.49994403,0.50038683,0.48247448,0
MC1_44545,MC1,44545,670,0,0.51849973,0.50101066,0.5025118,0.4835376,0
MC1_54429,MC1,54429,670,0,0.64334905,0.5159998,0.0021565794,0.49762288,0
MC1_160622,MC1,160622,626,0,0.52609074,0.50979185,0.51762563,0.49343476,0
MC1_1271,MC1,1271,507,0,0.52036315,0.5071319,0.5062495,0.49390802,0
MC1_33649,MC1,33649,670,0,0.5247321,0.50731397,0.51496315,0.48990533,0
MC1_47403,MC1,47403,670,0,0.64279425,0.51727647,0.5287966,0.49694833,0
MC1_134063,MC1,134063,670,0,0.51850665,0.50104916,0.50252616,0.48361623,0
MC1_137394,MC1,137394,670,0,0.52613646,0.5086938,0.51771355,0.49123925,0
MC1_15991,MC1,15991,670,0,0.64321023,0.51387733,1.3547512e-06,0.49757954,0
MC1_107824,MC1,107824,670,0,0.51542544,0.49796894,0.49634144,0.4807136,0
MC1_151302,MC1,151302,670,0,0.6430664,0.5172973,0.52883863,0.4969446,0
MC1_174258,MC1,174258,670,0,0.5276534,0.5102491,0.5206829,0.49357435,0
MC1_126069,MC1,126069,670,0,0.52910185,0.513012,0.52392834,0.49633655,0
MC1_95716,MC1,95716,656,0,0.5223246,0.50522095,0.5101707,0.4881283,0
MC1_45151,MC1,45151,498,29,0.522409,0.50944877,0.510339,0.49656478,1
MC1_71991,MC1,71991,670,0,0.52342093,0.50593936,0.51238525,0.4884575,0
MC1_12988,MC1,12988,626,29,0.5290939,0.51365113,0.5239237,0.49768823,1
MC1_149900,MC1,149900,670,0,0.6436059,0.5064788,2.5311696e-28,0.49824393,0
MC1_36562,MC1,36562,670,0,0.6422785,0.5174098,0.23748286,0.4972858,0
MC1_88786,MC1,88786,588,0,0.52805686,0.51293826,0.5215598,0.4975727,0
MC1_19339,MC1,19339,670,0,0.52875024,0.51180714,0.5233106,0.49432173,0
MC1_179539,MC1,179539,670,0,0.5261314,0.50876844,0.5177054,0.49156916,0
MC1_180915,MC1,180915,629,0,0.5284528,0.5123196,0.5224628,0.49588272,0
MC1_137956,MC1,137956,670,0,0.5261357,0.5087461,0.5177139,0.49144936,0
MC1_36912,MC1,36912,670,0,0.64162403,0.517323,0.20987964,0.4972875,0
MC1_154574,MC1,154574,670,0,0.5290584,0.51234674,0.52388984,0.49528134,0
MC1_53585,MC1,53585,670,0,0.51744044,0.49994293,0.5003826,0.4824754,0
MC1_72058,MC1,72058,670,0,0.5174446,0.49994838,0.5003872,0.4824808,0
MC1_198365,MC1,198365,670,0,0.64283305,0.51728123,0.5288145,0.4969335,0
MC1_82300,MC1,82300,532,0,0.63584083,0.52012783,0.5267644,0.5038602,0
MC1_109123,MC1,109123,670,0,0.64272237,0.5159212,0.0017463944,0.49748477,0
MC1_24005,MC1,24005,670,0,0.515405,0.49791297,0.49631083,0.48045006,0
MC1_65040,MC1,65040,670,0,0.5272713,0.5098581,0.51994103,0.49234486,0
MC1_117225,MC1,117225,670,0,0.5259711,0.50864613,0.5173913,0.49217355,0
MC1_187018,MC1,187018,670,0,0.52504706,0.5075913,0.5155811,0.49010053,0
MC1_57953,MC1,57953,670,0,0.5800085,0.51392716,0.52502257,0.49595755,0
MC1_78105,MC1,78105,626,0,0.5282329,0.5122297,0.522013,0.49587485,0
MC1_173908,MC1,173908,670,0,0.52035576,0.5028637,0.5062325,0.48538366,0
MC1_123281,MC1,123281,670,0,0.52856636,0.5114455,0.5227734,0.49398893,0
MC1_166623,MC1,166623,670,0,0.52876157,0.51384825,0.5233261,0.49763763,0
MC1_86631,MC1,86631,670,0,0.6434911,0.51343966,1.7697242e-07,0.49767205,0
MC1_58323,MC1,58323,605,0,0.52497566,0.50933254,0.5154228,0.4941327,0
MC1_35590,MC1,35590,670,0,0.52655065,0.5104036,0.5185314,0.49518147,0
MC1_28010,MC1,28010,626,29,0.5222148,0.5059161,0.509948,0.4895754,1
MC1_74428,MC1,74428,636,0,0.5282353,0.5130233,0.5219196,0.49911922,0
MC1_140665,MC1,140665,670,0,0.5285716,0.5115368,0.5227913,0.4940549,0
MC1_2032,MC1,2032,670,0,0.5207195,0.5032391,0.5069634,0.4857648,0
MC1_61902,MC1,61902,670,0,0.52504706,0.50759035,0.5155811,0.4900997,0
MC1_115315,MC1,115315,670,0,0.52841777,0.511597,0.52235305,0.49365777,0
MC1_14878,MC1,14878,556,0,0.52470034,0.51022553,0.5149015,0.49569952,0
MC1_96779,MC1,96779,670,0,0.5235455,0.5060721,0.51263815,0.48859584,0
MC1_195933,MC1,195933,670,0,0.6390229,0.51662034,0.5269915,0.49720123,0
MC1_174841,MC1,174841,670,0,0.6425027,0.5065527,7.074618e-28,0.49808356,0
MC1_144662,MC1,144662,48,30,0.5207239,0.5139148,0.50697213,0.5066783,1
MC1_157885,MC1,157885,670,0,0.64274174,0.51010114,2.9581503e-15,0.49783978,0
MC1_74367,MC1,74367,670,0,0.52682054,0.5094049,0.51896954,0.49200127,0
MC1_140030,MC1,140030,670,0,0.52744955,0.51004714,0.52018243,0.49255046,0
MC1_174250,MC1,174250,670,0,0.5276534,0.5102491,0.5206829,0.49357435,0
MC1_65401,MC1,65401,670,0,0.5222978,0.50485927,0.51011574,0.4878642,0
MC1_70008,MC1,70008,670,0,0.5287672,0.5118716,0.5233922,0.4943944,0
MC1_111064,MC1,111064,670,0,0.6460379,0.5179068,0.40386364,0.4973275,0
MC1_49840,MC1,49840,670,0,0.5285618,0.51157707,0.52276045,0.49688303,0
MC1_131105,MC1,131105,670,0,0.61364305,0.51507753,0.52592313,0.4964583,0
MC1_62812,MC1,62812,670,0,0.0,0.0,0.0,0.0,0
MC1_32183,MC1,32183,670,0,0.6090511,0.515085,0.52580535,0.49779168,0
MC1_39659,MC1,39659,670,0,0.528193,0.51083726,0.5218277,0.4933425,0
MC1_171266,MC1,171266,670,0,0.51847816,0.50118446,0.50249493,0.48377633,0
MC1_10746,MC1,10746,670,0,0.6432313,0.5104552,1.7650157e-14,0.49806738,0
MC1_56093,MC1,56093,620,29,0.5153476,0.49933052,0.49619704,0.48398355,1
MC1_7800,MC1,7800,670,0,0.5188121,0.50137806,0.50301,0.4841317,0
MC1_130668,MC1,130668,670,0,0.5207249,0.503244,0.5069744,0.48577583,0
MC1_47519,MC1,47519,670,0,0.5232639,0.5058299,0.51207036,0.48848167,0
MC1_138465,MC1,138465,670,0,0.52072173,0.5032369,0.5069678,0.4857576,0
MC1_59670,MC1,59670,670,0,0.52758867,0.5101388,0.5205547,0.49264574,0
MC1_100921,MC1,100921,670,0,0.5206319,0.5031436,0.5067824,0.48566422,0
MC1_158155,MC1,158155,670,0,0.64229906,0.51605195,0.0028272322,0.4974545,0
MC1_194004,MC1,194004,670,0,0.52828604,0.51171225,0.5220372,0.49463904,0
MC1_95146,MC1,95146,670,0,0.528797,0.511884,0.5234185,0.4945379,0
MC1_102980,MC1,102980,670,0,0.52808094,0.5117115,0.5216195,0.49438813,0
MC1_115181,MC1,115181,670,0,0.5208974,0.5034111,0.5073149,0.4859306,0
MC1_67727,MC1,67727,670,0,0.5253062,0.5078533,0.5160908,0.49036044,0
MC1_194513,MC1,194513,670,0,0.5182758,0.50079036,0.50205433,0.48332193,0
MC1_65218,MC1,65218,636,0,0.5250283,0.509693,0.5155478,0.49578834,0
MC1_36833,MC1,36833,670,0,0.51744264,0.50000495,0.50038695,0.4826202,0
MC1_11227,MC1,11227,670,0,0.5287663,0.5118732,0.52338547,0.49443594,0
MC1_75068,MC1,75068,670,0,0.5221856,0.5046967,0.50990146,0.48721406,0
MC1_88040,MC1,88040,646,0,0.5268169,0.5100349,0.5189607,0.49343592,0
MC1_185916,MC1,185916,670,0,0.5283193,0.5116503,0.5221111,0.49409905,0
MC1_84299,MC1,84299,670,0,0.64279425,0.51727057,0.5287966,0.4969206,0
MC1_38459,MC1,38459,670,0,0.5248247,0.5075795,0.51514876,0.49314678,0
MC1_87503,MC1,87503,670,0,0.5286823,0.51174176,0.52306414,0.49429935,0
MC1_182577,MC1,182577,670,0,0.5291134,0.5125455,0.5239503,0.49550474,0
MC1_87695,MC1,87695,670,0,0.6041444,0.5148187,0.5256564,0.49652153,0
MC1_122072,MC1,122072,670,0,0.51851666,0.5010406,0.50253433,0.48357,0
MC1_1084,MC1,1084,670,0,0.5154057,0.497913,0.49631095,0.4804506,0
MC1_157042,MC1,157042,670,0,0.5283629,0.5111081,0.52223593,0.49360466,0
MC1_75363,MC1,75363,670,0,0.5291061,0.5124259,0.52393943,0.49510363,0
MC1_124367,MC1,124367,670,0,0.5275956,0.5101435,0.52056634,0.4926528,0
MC1_1510,MC1,1510,670,0,0.52029943,0.50281113,0.5061153,0.48534095,0
MC1_168467,MC1,168467,670,0,0.5287677,0.51193833,0.52337015,0.49460816,0
MC1_173977,MC1,173977,670,0,0.5291322,0.51240253,0.5239737,0.4949578,0
MC1_146045,MC1,146045,670,0,0.52504766,0.5099088,0.51558083,0.49200958,0
MC1_135185,MC1,135185,670,0,0.51744485,0.49998224,0.5003913,0.4826138,0
MC1_119554,MC1,119554,503,0,0.52042204,0.5073105,0.5063677,0.4941873,0
MC1_69917,MC1,69917,670,0,0.5208924,0.50340676,0.50730664,0.48592663,0
MC1_66824,MC1,66824,670,0,0.5268322,0.50936913,0.51897806,0.4918725,0
MC1_128447,MC1,128447,670,0,0.5280411,0.5106886,0.5214982,0.49320355,0
MC1_124033,MC1,124033,327,30,0.52687716,0.5183949,0.5191611,0.5098772,1
MC1_9654,MC1,9654,670,0,0.51868707,0.5012224,0.5028808,0.48384342,0
MC1_76690,MC1,76690,670,0,0.5222992,0.504812,0.5101184,0.4873274,0
MC1_3566,MC1,3566,670,0,0.5285659,0.5114375,0.5227676,0.49397486,0
MC1_75135,MC1,75135,670,0,0.52876806,0.51183975,0.5233616,0.49439502,0
MC1_97977,MC1,97977,670,0,0.52807117,0.5110265,0.52155656,0.49370345,0
MC1_99161,MC1,99161,670,0,0.6428475,0.51204485,2.1331902e-10,0.49810144,0
MC1_120814,MC1,120814,670,0,0.52650017,0.5095567,0.5184107,0.49232554,0
MC1_99520,MC1,99520,670,0,0.5273644,0.50991815,0.5200346,0.4924268,0
MC1_14238,MC1,14238,670,0,0.6422641,0.51733774,0.20011275,0.49728966,0
MC1_184703,MC1,184703,472,29,0.5219349,0.5096402,0.50940174,0.4974253,1
MC1_110468,MC1,110468,670,0,0.52429116,0.50760365,0.5140963,0.4910159,0
MC1_66523,MC1,66523,670,0,0.5203863,0.5029128,0.50629383,0.48549196,0
MC1_33502,MC1,33502,670,0,0.5240719,0.50669,0.5136706,0.4892572,0
MC1_171890,MC1,171890,670,0,0.5265391,0.51039314,0.5185053,0.49517205,0
MC1_124849,MC1,124849,670,0,0.5186412,0.501322,0.5027906,0.48388985,0
MC1_72865,MC1,72865,670,0,0.61423784,0.5150941,0.52594125,0.496404,0
MC1_184856,MC1,184856,670,0,0.52607006,0.50861526,0.5175817,0.4911309,0
MC1_126955,MC1,126955,670,0,0.5203639,0.5028882,0.5062512,0.4854623,0
MC1_159408,MC1,159408,670,0,0.5183225,0.50085616,0.50215036,0.48363498,0
MC1_70636,MC1,70636,670,0,0.5286139,0.512458,0.52289,0.49554855,0
MC1_77006,MC1,77006,589,0,0.5219807,0.5084418,0.5094865,0.49506977,0
MC1_46806,MC1,46806,670,0,0.53003347,0.51274186,0.52415025,0.4954063,0
MC1_74579,MC1,74579,670,0,0.5291012,0.51245284,0.52393454,0.49531224,0
MC1_180607,MC1,180607,664,0,0.5287215,0.51191854,0.5232252,0.49459317,0
MC1_155254,MC1,155254,670,0,0.6404248,0.5163558,0.52721167,0.49671644,0
MC1_89756,MC1,89756,670,0,0.5282446,0.51682013,0.5219359,0.51111436,0
MC1_2977,MC1,2977,670,0,0.58365685,0.5140509,0.52511203,0.4960522,0
MC1_2624,MC1,2624,360,0,0.6432826,0.5143194,2.206192e-14,0.5140444,0
MC1_184442,MC1,184442,670,0,0.52805585,0.51077896,0.5215555,0.49328133,0
MC1_7,MC1,7,670,0,0.52867895,0.5116302,0.5230773,0.49431252,0
MC1_189558,MC1,189558,670,0,0.5283868,0.51307774,0.5222814,0.50446564,0
MC1_77203,MC1,77203,670,0,0.5194951,0.5020496,0.5044977,0.48479277,0
MC1_186017,MC1,186017,670,0,0.51744264,0.49996635,0.50038695,0.48252547,0
MC1_95608,MC1,95608,670,0,0.64323837,0.51730126,0.52884525,0.4969319,0
MC1_79581,MC1,79581,670,0,0.6436585,0.50641614,1.5091604e-28,0.4981412,0
MC1_193492,MC1,193492,670,0,0.5233641,0.5058791,0.51225746,0.48839137,0
MC1_66884,MC1,66884,670,0,0.5235136,0.5060988,0.5125729,0.48863396,0
MC1_121489,MC1,121489,639,0,0.52361923,0.5069606,0.5127793,0.4902701,0
MC1_140276,MC1,140276,670,0,0.52259946,0.5051078,0.51072913,0.48762506,0
MC1_176740,MC1,176740,669,0,0.5187987,0.5013465,0.5030962,0.4839443,0
MC1_179509,MC1,179509,670,0,0.5264077,0.5089682,0.5182541,0.4915029,0
MC1_188331,MC1,188331,629,0,0.5284487,0.51231873,0.5224576,0.49588308,0
MC1_168938,MC1,168938,274,30,0.5291179,0.5227155,0.52395713,0.5157992,1
MC1_108572,MC1,108572,481,30,0.52142996,0.5088857,0.50838774,0.4963433,1
MC1_109538,MC1,109538,670,0,0.5298476,0.5127139,0.5241533,0.4952535,0
MC1_145013,MC1,145013,670,0,0.6103825,0.51501065,0.52584064,0.49645576,0
MC1_18236,MC1,18236,670,0,0.61837566,0.515265,0.52608967,0.4964412,0
MC1_62491,MC1,62491,670,0,0.5335498,0.5127756,0.52419704,0.4953023,0
MC1_143945,MC1,143945,670,0,0.6436986,0.51627845,0.0044037574,0.49787256,0
MC1_33112,MC1,33112,670,0,0.5203675,0.5028746,0.50625825,0.48539427,0
MC1_86150,MC1,86150,670,0,0.64569944,0.5088979,1.13045336e-13,0.49828842,0
MC1_49247,MC1,49247,670,0,0.5154007,0.49790826,0.49630213,0.48044512,0
MC1_175055,MC1,175055,670,0,0.52543044,0.50883263,0.5163154,0.49177793,0
MC1_89387,MC1,89387,670,0,0.5287608,0.51190156,0.5233585,0.49466324,0
MC1_117413,MC1,117413,670,0,0.6425027,0.51728725,0.16707215,0.49729908,0
MC1_18898,MC1,18898,670,0,0.52542496,0.5079775,0.5162909,0.4905244,0
MC1_28602,MC1,28602,670,0,0.6173473,0.5152234,0.52605337,0.4964274,0
MC1_145563,MC1,145563,670,0,0.5204165,0.5029423,0.50635993,0.4854899,0
MC1_61201,MC1,61201,653,26,0.5264235,0.5094318,0.5182887,0.4924486,1
MC1_126254,MC1,126254,599,0,0.5231579,0.5075466,0.5118388,0.49189955,0
MC1_45570,MC1,45570,670,0,0.5290813,0.51243407,0.52390635,0.49512297,0
MC1_68835,MC1,68835,670,0,0.52608734,0.5096073,0.5176181,0.49383935,0
MC1_47914,MC1,47914,670,0,0.52682793,0.5093652,0.5189863,0.49186915,0
MC1_24156,MC1,24156,670,0,0.524289,0.50683147,0.5140921,0.48936313,0
MC1_28395,MC1,28395,670,0,0.6433609,0.5159108,0.0015970158,0.4980094,0
MC1_149677,MC1,149677,670,0,0.5282338,0.51109433,0.5220223,0.49359828,0
MC1_159762,MC1,159762,656,0,0.51535046,0.49823162,0.49620152,0.48119894,0
MC1_77037,MC1,77037,670,0,0.522901,0.50573176,0.51132274,0.48865736,0
MC1_39514,MC1,39514,670,0,0.518791,0.50130695,0.5030866,0.4838454,0
MC1_9472,MC1,9472,670,0,0.61851007,0.5152719,0.5260906,0.49643597,0
MC1_161577,MC1,161577,670,0,0.52845085,0.51124537,0.52245766,0.4937711,0
MC1_80984,MC1,80984,670,0,0.52758604,0.510148,0.5205513,0.49267703,0
MC1_36256,MC1,36256,670,0,0.51804256,0.50055146,0.5015928,0.48308006,0
MC1_123826,MC1,123826,670,0,0.5260993,0.50864273,0.51758957,0.49115142,0
MC1_113604,MC1,113604,670,0,0.5268256,0.50939316,0.5189777,0.49198437,0
MC1_135144,MC1,135144,670,0,0.6407954,0.5163805,0.5272413,0.4967268,0
MC1_64172,MC1,64172,565,0,0.5273708,0.51269406,0.5201251,0.49791777,0
MC1_34115,MC1,34115,670,0,0.5153476,0.49797836,0.49619704,0.48092857,0
MC1_10033,MC1,10033,670,0,0.52279294,0.5053376,0.5111149,0.48797014,0
MC1_160142,MC1,160142,670,0,0.5203566,0.5028642,0.5062364,0.48538432,0
MC1_77719,MC1,77719,670,0,0.5239432,0.50647086,0.513418,0.4889857,0
MC1_132936,MC1,132936,670,0,0.57965225,0.51391554,0.52501416,0.49595216,0
MC1_57600,MC1,57600,670,0,0.5187168,0.5012628,0.5029379,0.4837934,0
MC1_41704,MC1,41704,670,0,0.51535916,0.4978927,0.496219,0.48040113,0
MC1_196955,MC1,196955,670,0,0.5223015,0.5048106,0.51008743,0.48732993,0
MC1_77988,MC1,77988,670,0,0.63506174,0.5161551,0.526742,0.49700537,0
MC1_139776,MC1,139776,517,0,0.52036315,0.5068719,0.5062495,0.49338838,0
MC1_164778,MC1,164778,670,0,0.5287983,0.5118627,0.5234218,0.49441257,0
MC1_129774,MC1,129774,670,0,0.52815133,0.51159763,0.5217954,0.49517307,0
MC1_150591,MC1,150591,670,0,0.52598673,0.5085977,0.5174184,0.491395,0
MC1_23142,MC1,23142,670,0,0.5204249,0.50297576,0.50637233,0.48552278,0
MC1_15990,MC1,15990,670,0,0.64321023,0.5138775,1.3547512e-06,0.49758026,0
MC1_90062,MC1,90062,670,0,0.51543,0.49793586,0.4963161,0.48050883,0
MC1_191157,MC1,191157,670,0,0.5215251,0.50878525,0.5085694,0.49154323,0
MC1_6472,MC1,6472,656,0,0.52753097,0.5106404,0.5204383,0.4933387,0
MC1_6549,MC1,6549,670,0,0.64321023,0.51725966,0.13408026,0.4973548,0
MC1_12022,MC1,12022,670,0,0.52142894,0.50457627,0.5083898,0.49231648,0
MC1_82650,MC1,82650,670,0,0.60842955,0.5149189,0.5257826,0.49723688,0
MC1_24864,MC1,24864,670,0,0.52327627,0.5058178,0.5120833,0.48834917,0
MC1_116208,MC1,116208,670,0,0.52315277,0.5056769,0.5118262,0.48819086,0
MC1_114496,MC1,114496,670,0,0.52152103,0.5044838,0.50856316,0.49123427,0
MC1_176823,MC1,176823,656,0,0.51950115,0.50239086,0.50450945,0.48551315,0
MC1_117807,MC1,117807,670,0,0.52088517,0.50339943,0.5072925,0.4859191,0
MC1_135637,MC1,135637,670,0,0.64259976,0.517275,0.5287897,0.49695197,0
MC1_184316,MC1,184316,670,0,0.64221203,0.51731455,0.1893274,0.49728954,0
MC1_37951,MC1,37951,670,0,0.52072173,0.5032369,0.5069678,0.48575878,0
MC1_2835,MC1,2835,670,0,0.6424883,0.5159337,0.0019220792,0.49746424,0
MC1_172096,MC1,172096,561,30,0.6186676,0.51838684,0.5260904,0.502154,1
MC1_164995,MC1,164995,670,0,0.52037644,0.5031593,0.50627947,0.48544055,0
MC1_164781,MC1,164781,670,0,0.5287983,0.5118627,0.5234218,0.49441257,0
MC1_45121,MC1,45121,656,0,0.5227936,0.5056801,0.51111513,0.48856884,0
MC1_15604,MC1,15604,670,0,0.5291261,0.51252615,0.52396405,0.4953088,0
MC1_127655,MC1,127655,617,0,0.52868885,0.5132123,0.5231441,0.49696627,0
MC1_173950,MC1,173950,670,0,0.5221465,0.5046678,0.50981915,0.48718736,0
MC1_30167,MC1,30167,670,0,0.515355,0.4978812,0.4961899,0.48061523,0
MC1_97535,MC1,97535,670,0,0.5215083,0.504471,0.5085369,0.49122235,0
MC1_97006,MC1,97006,670,0,0.5227554,0.5052654,0.5110269,0.48778373,0
MC1_179018,MC1,179018,670,0,0.5279742,0.51069826,0.52135736,0.49397475,0
MC1_162370,MC1,162370,670,0,0.5240762,0.50669163,0.5136791,0.48925593,0
MC1_73495,MC1,73495,670,0,0.64320713,0.5164415,0.007634753,0.49750435,0
MC1_81235,MC1,81235,670,0,0.5242735,0.50681037,0.5140655,0.48933446,0
MC1_173647,MC1,173647,670,0,0.52041984,0.5029634,0.50636333,0.48545894,0
MC1_63892,MC1,63892,670,0,0.6442081,0.51293194,1.4033191e-08,0.4980016,0
MC1_57424,MC1,57424,670,0,0.52842474,0.5115243,0.52264446,0.49403515,0
MC1_28805,MC1,28805,670,0,0.5182817,0.50081694,0.5020674,0.48369867,0
MC1_32081,MC1,32081,670,0,0.52824765,0.5133581,0.5219487,0.498829,0
MC1_18855,MC1,18855,671,26,0.5207173,0.06705471,0.506959,0.0,1
MC1_68742,MC1,68742,670,0,0.5291515,0.5126944,0.52412635,0.49523926,0
MC1_197677,MC1,197677,670,0,0.5187598,0.5012783,0.50302523,0.4838328,0
MC1_195425,MC1,195425,670,0,0.5280861,0.51082647,0.52162874,0.49333087,0
MC1_31067,MC1,31067,670,0,0.5291424,0.5126985,0.5241179,0.4952617,0
MC1_133340,MC1,133340,670,0,0.521434,0.50443244,0.5084002,0.48780847,0
MC1_178384,MC1,178384,670,0,0.5287788,0.5162785,0.523387,0.50242716,0
MC1_130186,MC1,130186,670,0,0.52036643,0.5028742,0.506255,0.48539478,0
MC1_194860,MC1,194860,670,0,0.5285854,0.51224196,0.5230516,0.49549475,0
MC1_23760,MC1,23760,670,0,0.5279787,0.510896,0.5213704,0.49634925,0
MC1_191611,MC1,191611,670,0,0.524727,0.50725734,0.51495504,0.48976552,0
MC1_180260,MC1,180260,670,0,0.6156217,0.5151258,0.52595323,0.4964087,0
MC1_143359,MC1,143359,670,0,0.6432826,0.51042926,2.206192e-14,0.49786288,0
MC1_159240,MC1,159240,670,0,0.52149075,0.50400484,0.50848776,0.48652402,0
MC1_77781,MC1,77781,670,0,0.5203544,0.50286365,0.506232,0.48538518,0
MC1_29780,MC1,29780,501,28,0.5307798,0.5171365,0.52413857,0.504113,1
MC1_4373,MC1,4373,670,0,0.5219843,0.5045117,0.50949854,0.48707917,0
MC1_99371,MC1,99371,564,0,0.5236835,0.50897735,0.51290697,0.49425083,0
MC1_78203,MC1,78203,670,0,0.52311045,0.5054063,0.5113483,0.48782995,0
MC1_174169,MC1,174169,670,0,0.5260455,0.5085904,0.5175353,0.49110237,0
MC1_38882,MC1,38882,670,0,0.52846813,0.5113399,0.52249885,0.49381644,0
MC1_197662,MC1,197662,659,26,0.52877104,0.51219124,0.5233615,0.49515295,1
MC1_169887,MC1,169887,670,0,0.52295184,0.5060599,0.5114236,0.488987,0
MC1_70054,MC1,70054,670,0,0.5268178,0.50936717,0.5189628,0.492071,0
MC1_190006,MC1,190006,670,0,0.522539,0.50505143,0.51059985,0.4875674,0
MC1_25674,MC1,25674,670,0,0.58298886,0.5140296,0.5250994,0.49603778,0
MC1_154470,MC1,154470,598,0,0.52640116,0.5108599,0.51824653,0.4953281,0
MC1_123545,MC1,123545,670,0,0.52835745,0.5117957,0.5222124,0.49925372,0
MC1_122124,MC1,122124,670,0,0.51812637,0.500674,0.50175077,0.48438686,0
MC1_21009,MC1,21009,670,0,0.5295392,0.35201365,0.52413034,0.0,0
MC1_87353,MC1,87353,670,0,0.5287305,0.511772,0.52322894,0.4942531,0
MC1_159993,MC1,159993,109,29,0.6198047,0.5379876,0.52678406,0.52596766,1
MC1_168345,MC1,168345,670,0,0.6440136,0.5172036,0.52873206,0.49688652,0
MC1_169550,MC1,169550,127,30,0.52343524,0.52010477,0.5124085,0.51689315,1
MC1_195820,MC1,195820,670,0,0.52777535,0.5103361,0.5209161,0.49284613,0
MC1_174570,MC1,174570,670,0,0.5212541,0.5062927,0.5080288,0.4899573,0
MC1_186002,MC1,186002,670,0,0.5207675,0.50327367,0.5070447,0.48579332,0
MC1_148765,MC1,148765,670,0,0.527279,0.51401585,0.51994765,0.49265766,0
MC1_29595,MC1,29595,670,0,0.5264966,0.5095605,0.51840186,0.4923448,0
MC1_23652,MC1,23652,670,0,0.57905555,0.5139136,0.52499676,0.49601057,0
MC1_16571,MC1,16571,670,0,0.64300495,0.51728946,0.5288212,0.49694213,0
MC1_1155,MC1,1155,670,0,0.6376053,0.5162001,0.5270076,0.49668545,0
MC1_65500,MC1,65500,670,0,0.51744264,0.4999601,0.50038695,0.48253942,0
MC1_115743,MC1,115743,670,0,0.52791846,0.5105316,0.5212155,0.4930633,0
MC1_26562,MC1,26562,670,0,0.61817586,0.515249,0.5260834,0.49639836,0
MC1_33062,MC1,33062,670,0,0.5287769,0.5119429,0.52338517,0.49491516,0
MC1_55617,MC1,55617,670,0,0.5184973,0.5010234,0.50250286,0.48361045,0
MC1_108834,MC1,108834,670,0,0.6419231,0.51777995,0.5152605,0.4970924,0
MC1_189154,MC1,189154,670,0,0.5798304,0.51392174,0.5250184,0.49595344,0
MC1_185338,MC1,185338,670,0,0.5203638,0.50287163,0.5062497,0.4853906,0
MC1_77568,MC1,77568,670,0,0.52075446,0.5038996,0.50702626,0.48771897,0
MC1_99390,MC1,99390,670,0,0.5206008,0.50317043,0.5067231,0.4862222,0
MC1_183933,MC1,183933,670,0,0.5232617,0.5058348,0.512066,0.488635,0
MC1_190487,MC1,190487,670,0,0.52876574,0.51195353,0.52335405,0.49479055,0
MC1_59665,MC1,59665,670,0,0.52758867,0.5101385,0.5205547,0.49264452,0
MC1_73700,MC1,73700,670,0,0.6437684,0.5130075,2.4138373e-08,0.49775907,0
MC1_97826,MC1,97826,670,0,0.51849496,0.5010114,0.5024961,0.48354152,0
MC1_127198,MC1,127198,670,0,0.52608174,0.5086669,0.51759017,0.4912372,0
MC1_143158,MC1,143158,148,29,0.52577674,0.5202009,0.48599455,0.5166959,1
MC1_118255,MC1,118255,670,0,0.6034125,0.5147528,0.5256392,0.4963617,0
MC1_154461,MC1,154461,670,0,0.52640116,0.50901514,0.51824653,0.4927198,0
MC1_39381,MC1,39381,670,0,0.5245796,0.5071194,0.51465064,0.4896614,0
MC1_41083,MC1,41083,670,0,0.6428669,0.5160249,0.002428843,0.4974619,0
MC1_71554,MC1,71554,510,29,0.5291068,0.51660025,0.5239342,0.50332725,1
MC1_176450,MC1,176450,670,0,0.6421655,0.5052296,2.5792058e-33,0.49818355,0
MC1_95672,MC1,95672,614,30,0.64274174,0.5196676,0.47308454,0.50011164,1
MC1_199706,MC1,199706,670,0,0.5290932,0.51610297,0.52391976,0.5018935,0
MC1_135532,MC1,135532,670,0,0.52911377,0.5123857,0.5239519,0.49492356,0
MC1_20412,MC1,20412,670,0,0.52856964,0.5117287,0.5227828,0.49500751,0
MC1_103810,MC1,103810,670,0,0.61851007,0.5152938,0.5260906,0.49654445,0
MC1_177042,MC1,177042,670,0,0.52805364,0.5112851,0.52152056,0.4941249,0
MC1_41434,MC1,41434,670,0,0.51744235,0.4999799,0.50038445,0.4827488,0
MC1_3510,MC1,3510,670,0,0.6354002,0.51598686,0.52673876,0.49659076,0
MC1_189362,MC1,189362,670,0,0.52596384,0.5085384,0.5173789,0.49169007,0
MC1_31576,MC1,31576,670,0,0.60395336,0.5148073,0.52565074,0.4964591,0
MC1_47321,MC1,47321,670,0,0.61774856,0.51538056,0.5260658,0.49683312,0
MC1_8613,MC1,8613,656,0,0.52642864,0.5094273,0.51829684,0.4924922,0
MC1_183676,MC1,183676,670,0,0.5235114,0.5060294,0.51256853,0.48854563,0
MC1_165307,MC1,165307,670,0,0.5224726,0.50518966,0.51018935,0.4885609,0
MC1_89491,MC1,89491,670,0,0.6305916,0.5172364,0.5264548,0.49893457,0
MC1_186865,MC1,186865,670,0,0.52419645,0.5067323,0.5139144,0.4892613,0
MC1_101877,MC1,101877,670,0,0.52837074,0.51165664,0.5222434,0.4960792,0
MC1_81452,MC1,81452,670,0,0.52253735,0.50507593,0.5106063,0.48763153,0
MC1_174805,MC1,174805,670,0,0.5206284,0.5031442,0.5067775,0.48566422,0
MC1_164,MC1,164,670,0,0.5287826,0.5118402,0.52338064,0.49438825,0
MC1_64853,MC1,64853,670,0,0.60283256,0.51486325,0.5256223,0.4993279,0
MC1_146280,MC1,146280,670,0,0.60956687,0.51492107,0.5258121,0.4963092,0
MC1_191412,MC1,191412,670,0,0.6427491,0.51792693,0.47308454,0.49721444,0
MC1_187917,MC1,187917,468,30,0.63798976,0.5222954,0.5269083,0.50721467,1
MC1_132070,MC1,132070,670,0,0.6412074,0.51724374,0.52827394,0.49721384,0
MC1_163170,MC1,163170,670,0,0.5287816,0.5118776,0.52338153,0.49463978,0
MC1_141250,MC1,141250,633,0,0.6080742,0.5159105,0.5257763,0.49823558,0
MC1_125602,MC1,125602,670,0,0.5291278,0.51239884,0.52396685,0.49492234,0
MC1_29237,MC1,29237,656,0,0.52531415,0.5089672,0.5161081,0.49366224,0
MC1_167547,MC1,167547,670,0,0.52597404,0.5091676,0.51739526,0.49271217,0
MC1_44075,MC1,44075,597,30,0.5287824,0.5137852,0.5233677,0.4984027,1
MC1_11218,MC1,11218,670,0,0.5287663,0.51187307,0.52338547,0.49443594,0
MC1_29397,MC1,29397,670,0,0.528012,0.5109426,0.5214252,0.49365917,0
MC1_109385,MC1,109385,670,0,0.51535046,0.49792376,0.49620152,0.4805182,0
MC1_140520,MC1,140520,670,0,0.52847344,0.5125952,0.52251446,0.49578196,0
MC1_189553,MC1,189553,670,0,0.5245709,0.5070978,0.5146129,0.48961413,0
MC1_134628,MC1,134628,670,0,0.5209332,0.50349164,0.5073888,0.4862483,0
MC1_42907,MC1,42907,656,0,0.51875615,0.501637,0.50301874,0.48454422,0
MC1_126116,MC1,126116,670,0,0.5291261,0.5124752,0.52396405,0.495156,0
MC1_24500,MC1,24500,670,0,0.5206301,0.5031411,0.5067843,0.48566097,0
MC1_191780,MC1,191780,670,0,0.52590716,0.5085572,0.5172871,0.4911586,0
MC1_70383,MC1,70383,670,0,0.5206255,0.50316447,0.5067715,0.48584035,0
MC1_138398,MC1,138398,670,0,0.5217669,0.51049256,0.5090575,0.5046823,0
MC1_10596,MC1,10596,670,0,0.515362,0.5006388,0.49622345,0.48070115,0
MC1_172859,MC1,172859,670,0,0.52543724,0.5088589,0.51631665,0.4918158,0
MC1_22561,MC1,22561,670,0,0.5291179,0.51242536,0.52395713,0.4951479,0
MC1_188562,MC1,188562,670,0,0.52068305,0.5031856,0.50688845,0.4857063,0
MC1_149899,MC1,149899,670,0,0.6436059,0.5064791,2.5311696e-28,0.4982527,0
MC1_171271,MC1,171271,670,0,0.51850134,0.50123346,0.50250983,0.48382774,0
MC1_198409,MC1,198409,670,0,0.61853784,0.51525867,0.52608675,0.49639794,0
MC1_100103,MC1,100103,670,0,0.52462393,0.5072358,0.5147384,0.48984584,0
MC1_76237,MC1,76237,670,0,0.5208786,0.5033999,0.50727224,0.48591843,0
MC1_60264,MC1,60264,670,0,0.63532597,0.5159755,0.5267228,0.49658585,0
MC1_123403,MC1,123403,656,0,0.5204157,0.50334495,0.5063582,0.4864833,0
MC1_155301,MC1,155301,670,0,0.6433817,0.51318824,6.916712e-08,0.49765363,0
MC1_131928,MC1,131928,670,0,0.52062565,0.50313836,0.50677395,0.48565948,0
MC1_121781,MC1,121781,670,0,0.6041033,0.51500106,0.5256511,0.4979883,0
MC1_178030,MC1,178030,670,0,0.5207539,0.50335443,0.507024,0.48604986,0
MC1_196586,MC1,196586,670,0,0.5282107,0.5108437,0.5218617,0.49335212,0
MC1_35196,MC1,35196,670,0,0.6081102,0.5150542,0.52578163,0.49913308,0
MC1_61157,MC1,61157,611,0,0.5257105,0.5098001,0.51688486,0.4938336,0
MC1_99021,MC1,99021,670,0,0.5268256,0.5093627,0.5189777,0.49186885,0
MC1_162645,MC1,162645,670,0,0.6088563,0.514898,0.5257995,0.49629498,0
MC1_35403,MC1,35403,656,0,0.52642065,0.50934273,0.51828474,0.49223617,0
MC1_41723,MC1,41723,669,0,0.528289,0.5109568,0.528289,0.49348003,0
MC1_46750,MC1,46750,634,0,0.5233182,0.5067715,0.5233182,0.49031287,0
MC1_23704,MC1,23704,655,0,0.52328604,0.5061935,0.52328604,0.48989242,0
MC1_164464,MC1,164464,669,0,0.5282937,0.51097673,0.5282937,0.4935445,0
MC1_37217,MC1,37217,669,0,0.5174886,0.49999547,0.5174886,0.48252764,0
MC1_157242,MC1,157242,669,0,0.527584,0.5101159,0.527584,0.49264088,0
MC1_127740,MC1,127740,639,0,0.5232661,0.50656396,0.5232661,0.4899259,0
MC1_115526,MC1,115526,669,0,0.5268227,0.5093455,0.5268227,0.49186558,0
MC1_182718,MC1,182718,639,30,0.64323837,0.51378673,3.2697987e-08,0.4995894,1
MC1_95958,MC1,95958,669,0,0.5268227,0.5093455,0.5268227,0.49186507,0
MC1_182723,MC1,182723,670,26,0.64323837,0.5130919,3.2697987e-08,0.4979847,1
MC1_88602,MC1,88602,668,0,0.52690953,0.5094655,0.52690953,0.4920145,0
MC2_23352,MC2,23352,664,0,0.5251971,0.50785464,0.5251971,0.4905099,0
MC1_86755,MC1,86755,664,0,0.6424031,0.5015683,0.0,0.49877077,0
MC2_16096,MC2,16096,664,0,0.5263456,0.50901175,0.5263456,0.4916767,0
MC2_12568,MC2,12568,664,0,0.52637094,0.50903326,0.52637094,0.49169645,0
MC2_22065,MC2,22065,664,0,0.61384726,0.5167902,0.61384726,0.49842888,0
MC1_88141,MC1,88141,664,0,0.64220506,0.50182337,0.0,0.49873933,0
MC2_3693,MC2,3693,664,0,0.5265145,0.50972867,0.5265145,0.4926713,0
MC2_5669,MC2,5669,664,0,0.52713776,0.5098145,0.52713776,0.49247417,0
MC1_139634,MC1,139634,664,0,0.644708,0.5025074,0.0,0.49872574,0
MC2_2169,MC2,2169,650,0,0.5252202,0.50824386,0.5252202,0.4912707,0
MC2_1553,MC2,1553,664,0,0.5248314,0.50748396,0.5248314,0.4901412,0
MC2_2584,MC2,2584,664,0,0.5270192,0.5102285,0.5270192,0.49317542,0
MC2_14080,MC2,14080,664,0,0.5252628,0.5079207,0.5252628,0.49057627,0
MC2_13239,MC2,13239,664,0,0.52482295,0.5074774,0.52482295,0.490135,0
MC2_11930,MC2,11930,664,0,0.52520216,0.5078595,0.52520216,0.4905161,0
MC1_19974,MC1,19974,663,0,0.6436763,0.5045178,2.5051248e-38,0.4986128,0
MC1_135355,MC1,135355,661,0,0.64231604,0.49812803,0.0,0.4991472,0
MC1_181571,MC1,181571,660,0,0.6437513,0.50381964,0.0,0.49893534,0
MC1_116537,MC1,116537,660,0,0.6431291,0.50231075,0.0,0.4990105,0
MC1_163703,MC1,163703,660,0,0.64334065,0.50217944,0.0,0.49896783,0
MC1_13915,MC1,13915,660,0,0.6434238,0.50222903,0.0,0.4989825,0
MC1_159682,MC1,159682,660,0,0.6409827,0.502013,0.0,0.49892923,0
MC1_7112,MC1,7112,660,0,0.64168257,0.50202644,0.0,0.4989299,0
MC1_40748,MC1,40748,660,0,0.6430067,0.50218874,0.0,0.49894175,0
MC1_186122,MC1,186122,660,0,0.6406321,0.5024296,0.0,0.4988948,0
MC1_33960,MC1,33960,660,0,0.64414215,0.502457,0.0,0.49925628,0
MC1_84457,MC1,84457,660,0,0.6434238,0.5022425,0.0,0.49936995,0
MC1_74878,MC1,74878,660,0,0.64197564,0.50172526,0.0,0.49895132,0
MC1_193810,MC1,193810,660,0,0.64395475,0.50389814,0.0,0.49912778,0
MC1_45447,MC1,45447,646,0,0.6429415,0.50273836,0.0,0.5000457,0
MC1_72362,MC1,72362,646,0,0.6435777,0.502401,0.0,0.49992478,0
MC1_168388,MC1,168388,660,0,0.6441344,0.50378066,0.0,0.49887174,0
MC1_63322,MC1,63322,660,0,0.64332706,0.5022314,0.0,0.49985358,0
MC1_88691,MC1,88691,646,0,0.6437513,0.503951,0.0,0.5003258,0
MC1_73778,MC1,73778,660,0,0.6434315,0.5021296,0.0,0.49902618,0
MC1_196684,MC1,196684,659,0,0.64428514,0.5031581,0.0,0.49892348,0
MC1_82543,MC1,82543,659,0,0.64382327,0.50329596,0.0,0.49891326,0
MC1_59127,MC1,59127,659,0,0.6400495,0.5030752,0.0,0.49892622,0
MC1_12045,MC1,12045,657,0,0.6440288,0.49873564,0.0,0.49933165,0
MC1_431,MC1,431,657,0,0.64414847,0.49952725,0.0,0.499309,0
MC1_6222,MC1,6222,657,0,0.6403548,0.5013251,0.0,0.49913704,0
MC1_50204,MC1,50204,657,0,0.52906346,0.4608361,0.0,0.49917167,0
MC1_17713,MC1,17713,657,0,0.6443987,0.5000677,0.0,0.4992343,0
MC1_74617,MC1,74617,657,0,0.6446892,0.50021183,0.0,0.49927247,0
MC1_82836,MC1,82836,656,0,0.64172584,0.4993346,0.0,0.49935424,0
MC1_118328,MC1,118328,656,0,0.6421401,0.5015996,0.0,0.49976724,0
MC1_22407,MC1,22407,656,0,0.64168,0.49915123,0.0,0.499387,0
MC1_104837,MC1,104837,656,0,0.641882,0.49905857,0.0,0.4993855,0
MC1_25788,MC1,25788,656,0,0.52438056,0.5071976,0.52438056,0.49005896,0
MC1_2990,MC1,2990,656,0,0.64182913,0.49902135,0.0,0.4993905,0
MC1_27567,MC1,27567,656,0,0.52789956,0.5114677,0.52789956,0.49537975,0
MC1_95081,MC1,95081,441,0,0.6416859,0.4961157,0.0,0.5105875,0
MC1_94112,MC1,94112,656,0,0.6413709,0.4990275,0.0,0.49938095,0
MC1_95718,MC1,95718,656,0,0.641886,0.4990255,0.0,0.4993874,0
MC1_25065,MC1,25065,656,0,0.6417304,0.49910328,0.0,0.49960524,0
MC1_83355,MC1,83355,656,0,0.64146906,0.4989654,0.0,0.49938682,0
MC1_162184,MC1,162184,655,0,0.6421401,0.5022456,0.0,0.49937296,0
MC1_161129,MC1,161129,655,0,0.64236736,0.5015958,0.0,0.4994896,0
MC1_132481,MC1,132481,655,0,0.64233917,0.50160205,0.0,0.4992658,0
MC1_107453,MC1,107453,655,0,0.6421049,0.50176585,0.0,0.4997006,0
MC1_110074,MC1,110074,655,0,0.6414444,0.5015731,0.0,0.4992784,0
MC1_184991,MC1,184991,654,0,0.64219236,0.5030396,0.0,0.4992167,0
MC1_133323,MC1,133323,654,0,0.6440967,0.5071984,2.1409112e-28,0.49900776,0
MC1_26408,MC1,26408,654,0,0.6421401,0.5030298,0.0,0.49939194,0
MC1_157877,MC1,157877,654,0,0.64234793,0.50333405,0.0,0.49916312,0
MC1_134634,MC1,134634,63,0,0.6444176,0.3831878,0.0,0.5290708,0
MC1_197897,MC1,197897,93,0,0.6436452,0.43052736,0.0,0.52839416,0
MC1_50153,MC1,50153,653,0,0.6441994,0.5124005,0.0,0.5167551,0
MC1_83677,MC1,83677,63,0,0.64611936,0.38301882,0.0,0.5296419,0
MC1_98303,MC1,98303,650,0,0.6449341,0.5017078,0.0,0.49950066,0
MC1_78754,MC1,78754,649,0,0.6429704,0.5179035,0.6366257,0.498007,0
MC1_145423,MC1,145423,644,0,0.6147673,0.5157842,0.6147673,0.49766043,0
MC1_137196,MC1,137196,644,0,0.6161222,0.5158295,0.6161222,0.49767154,0
MC1_105685,MC1,105685,644,0,0.0,0.0,0.0,0.0,0
MC1_20881,MC1,20881,644,0,0.6154427,0.5158104,0.6154427,0.49766812,0
MC1_20884,MC1,20884,644,0,0.6153728,0.5158064,0.6153728,0.49766812,0
MC1_15,MC1,15,643,0,0.64232194,0.5017554,0.0,0.49987748,0
MC1_61667,MC1,61667,643,0,0.6091192,0.51559114,0.6091192,0.4976609,0
MC1_16269,MC1,16269,643,0,0.64232194,0.5019053,0.0,0.5002032,0
MC1_61671,MC1,61671,627,25,0.6091192,0.51603913,0.6091192,0.49848914,1
MC1_1406,MC1,1406,643,0,0.64233917,0.5032513,0.0,0.49974757,0
MC1_140867,MC1,140867,133,30,0.64233917,0.46562713,0.0,0.52641994,1
MC1_181584,MC1,181584,628,0,0.64198315,0.5022666,0.0,0.5008279,0
MC1_21553,MC1,21553,642,0,0.6417601,0.5029843,0.0,0.5002022,0
MC1_6802,MC1,6802,642,0,0.6422962,0.50282043,0.0,0.5005658,0
MC1_129390,MC1,129390,642,0,0.6426863,0.5027705,0.0,0.50022906,0
MC1_94532,MC1,94532,641,0,0.64229494,0.5015117,0.0,0.49998105,0
MC1_90005,MC1,90005,641,0,0.64198315,0.5015272,0.0,0.49996924,0
MC1_20254,MC1,20254,641,0,0.6426094,0.50196606,0.0,0.50000596,0
MC1_184826,MC1,184826,641,0,0.64194,0.50583464,4.245436e-34,0.500146,0
MC1_146617,MC1,146617,182,29,0.64294904,0.49583963,3.2572846e-28,0.52361596,1
MC1_160443,MC1,160443,639,0,0.52915096,0.5133245,0.52914053,0.49666688,0
MC1_129240,MC1,129240,639,0,0.5291567,0.51332426,0.5291463,0.49666527,0
MC2_19613,MC2,19613,637,0,0.642274,0.50670135,6.83955e-30,0.4999367,0
MC1_158826,MC1,158826,636,0,0.5244708,0.5085817,0.5244708,0.49721348,0
MC1_84831,MC1,84831,636,0,0.6430259,0.50718635,4.3595245e-29,0.5002347,0
MC1_84838,MC1,84838,636,0,0.6430259,0.50718683,4.3595245e-29,0.5002354,0
MC1_142045,MC1,142045,636,0,0.6431578,0.5076487,2.840457e-29,0.50097555,0
MC1_87625,MC1,87625,636,0,0.6433556,0.50692815,2.9983356e-29,0.5000281,0
MC1_72383,MC1,72383,636,0,0.64348054,0.50680244,2.0142931e-29,0.50002956,0
MC1_81863,MC1,81863,636,0,0.5244867,0.5080637,0.5244867,0.49221763,0
MC2_15412,MC2,15412,633,0,0.5242946,0.5076981,0.5242946,0.49115878,0
MC1_39109,MC1,39109,632,0,0.5235702,0.5070435,0.5235702,0.49053463,0
MC1_26006,MC1,26006,376,0,0.52669173,0.51743275,0.52669173,0.50764626,0
MC1_80994,MC1,80994,629,0,0.52105075,0.5046247,0.52105075,0.4881973,0
MC1_91151,MC1,91151,619,0,0.64550006,0.5100236,7.139252e-20,0.50073135,0
MC1_20875,MC1,20875,619,0,0.64198375,0.51076734,7.4205724e-17,0.500773,0
MC1_174593,MC1,174593,619,0,0.6417468,0.51099503,7.869326e-16,0.50104,0
MC1_122086,MC1,122086,619,0,0.64524466,0.5130114,3.979139e-11,0.50061554,0
MC1_703,MC1,703,619,0,0.6423916,0.5110094,8.4970573e-17,0.5015029,0
MC1_107690,MC1,107690,619,0,0.6418203,0.51102006,9.976948e-16,0.5007832,0
MC1_113758,MC1,113758,619,0,0.6437926,0.5107158,3.9965526e-17,0.50085515,0
MC1_66651,MC1,66651,619,0,0.64542556,0.5100029,7.0679036e-20,0.5006707,0
MC1_103019,MC1,103019,619,0,0.64198375,0.51075804,8.0824724e-17,0.5007575,0
MC1_115630,MC1,115630,619,0,0.64198375,0.51077354,8.0824724e-17,0.5007764,0
MC1_10333,MC1,10333,619,0,0.6420968,0.51104313,9.848114e-17,0.50149876,0
MC1_99513,MC1,99513,619,0,0.6417779,0.51103836,1.02721095e-16,0.50150126,0
MC1_71104,MC1,71104,619,0,0.6432826,0.5137992,5.5243876e-09,0.5003747,0
MC1_95587,MC1,95587,619,0,0.6446656,0.51296353,3.7031975e-11,0.50053954,0
MC1_39771,MC1,39771,619,0,0.6420549,0.5107086,1.1985926e-16,0.50052583,0
MC1_178361,MC1,178361,619,0,0.6417468,0.51012355,1.9693026e-18,0.50056255,0
MC1_123030,MC1,123030,619,0,0.6450787,0.51402736,9.248097e-09,0.50035554,0
MC1_70874,MC1,70874,619,0,0.6425035,0.51058656,2.4102377e-17,0.5008048,0
MC1_73120,MC1,73120,619,0,0.5282716,0.5149027,0.5282716,0.5004511,0
MC1_135423,MC1,135423,619,0,0.6420968,0.44694757,9.848114e-17,0.0,0
MC1_192184,MC1,192184,619,0,0.6420362,0.5115663,1.2515848e-16,0.50267833,0
MC1_112583,MC1,112583,615,0,0.6427559,0.50167644,0.0,0.50133663,0
MC1_107820,MC1,107820,498,0,0.6445981,0.50127155,0.0,0.5075043,0
MC1_112587,MC1,112587,615,0,0.6427559,0.50170887,0.0,0.50133663,0
MC1_189295,MC1,189295,613,0,0.6418444,0.50119644,0.0,0.5014495,0
MC1_101310,MC1,101310,613,0,0.6427627,0.5015574,0.0,0.5014361,0
MC1_103409,MC1,103409,613,0,0.64260453,0.50142026,0.0,0.5014427,0
MC1_167367,MC1,167367,591,0,0.64187807,0.50178826,0.0,0.5025673,0
MC1_50547,MC1,50547,605,0,0.6416439,0.5018112,0.0,0.50183,0
MC1_68968,MC1,68968,603,0,0.6432629,0.50267905,0.0,0.5019174,0
MC1_93173,MC1,93173,603,0,0.643539,0.50263876,0.0,0.5019421,0
MC1_86076,MC1,86076,603,0,0.64345485,0.5025368,0.0,0.5019364,0
MC1_7425,MC1,7425,589,0,0.6433722,0.5026017,0.0,0.5026633,0
MC1_175468,MC1,175468,603,0,0.64266163,0.50290465,0.0,0.5035834,0
MC1_44477,MC1,44477,600,0,0.6430653,0.5027901,0.0,0.5020368,0
MC1_48376,MC1,48376,600,0,0.64319694,0.5029684,0.0,0.50204915,0
MC1_192051,MC1,192051,600,0,0.64141667,0.50184774,0.0,0.50210077,0
MC1_14326,MC1,14326,600,0,0.6430718,0.5030991,0.0,0.5020333,0
MC1_107260,MC1,107260,600,0,0.6429992,0.503066,0.0,0.50207686,0
MC1_141130,MC1,141130,600,0,0.6428013,0.50294006,0.0,0.50206053,0
MC1_50774,MC1,50774,599,0,0.6432117,0.5034898,0.0,0.5021173,0
MC1_25298,MC1,25298,599,0,0.6416091,0.5028699,0.0,0.50213706,0
MC1_79523,MC1,79523,598,0,0.6415427,0.50161594,0.0,0.5022806,0
MC1_37432,MC1,37432,598,0,0.6414394,0.50163066,0.0,0.5022102,0
MC1_70848,MC1,70848,598,0,0.6413865,0.5015946,0.0,0.50221205,0
MC1_116744,MC1,116744,598,0,0.6416471,0.50161576,0.0,0.50221545,0
MC1_37443,MC1,37443,598,0,0.6414394,0.5016288,0.0,0.5022102,0
MC1_47705,MC1,47705,331,0,0.6427917,0.4969196,0.0,0.51614374,0
MC1_55451,MC1,55451,597,0,0.6469695,0.50687236,1.5438552e-33,0.50344366,0
MC1_128276,MC1,128276,597,0,0.64653665,0.50479287,4.443927e-39,0.50214046,0
MC1_115411,MC1,115411,597,0,0.64635295,0.5060764,3.6268558e-34,0.5020257,0
MC1_91818,MC1,91818,597,0,0.6446903,0.50565356,0.0,0.5049854,0
MC1_167913,MC1,167913,597,0,0.6461989,0.50450695,0.0,0.5033326,0
MC1_52697,MC1,52697,597,0,0.65027064,0.5042748,0.0,0.5021867,0
MC1_160495,MC1,160495,597,0,0.6474582,0.5057217,6.398873e-36,0.5027908,0
MC1_47131,MC1,47131,597,0,0.6472176,0.5055522,3.4207607e-36,0.50221354,0
MC2_8784,MC2,8784,597,0,0.6442699,0.50208026,0.0,0.50260127,0
MC1_95852,MC1,95852,597,0,0.6471705,0.50443935,0.0,0.50240064,0
MC1_134684,MC1,134684,597,0,0.6472204,0.50568736,1.5136925e-35,0.5020933,0
MC1_188534,MC1,188534,413,30,0.6464688,0.503284,0.0,0.5117866,1
MC1_115414,MC1,115414,597,0,0.64635295,0.5060757,3.6268558e-34,0.5020249,0
MC1_134687,MC1,134687,597,0,0.6472204,0.50568175,1.5136925e-35,0.5020818,0
MC1_1854,MC1,1854,597,0,0.6464688,0.5046073,0.0,0.5030973,0
MC1_75504,MC1,75504,542,0,0.643008,0.5022322,0.0,0.50542647,0
MC1_172453,MC1,172453,597,0,0.6427403,0.50233996,0.0,0.5022842,0
MC1_128278,MC1,128278,597,0,0.64653665,0.5047917,4.443927e-39,0.5021355,0
MC1_87471,MC1,87471,597,0,0.6428093,0.5022565,0.0,0.50230235,0
MC1_452,MC1,452,597,0,0.6487347,0.13285832,0.0,0.5247993,0
MC1_50184,MC1,50184,594,0,0.6434472,0.5016124,0.0,0.50250036,0
MC1_94445,MC1,94445,594,0,0.6418203,0.5021339,0.0,0.5027795,0
MC1_4531,MC1,4531,594,0,0.64279425,0.50209236,0.0,0.5027022,0
MC1_731,MC1,731,594,0,0.64333713,0.5014946,0.0,0.50248027,0
MC1_117013,MC1,117013,594,0,0.6437684,0.50191176,0.0,0.50246936,0
MC1_122381,MC1,122381,594,0,0.6426863,0.50166947,0.0,0.5024666,0
MC1_77676,MC1,77676,594,0,0.6430123,0.50219196,0.0,0.50250536,0
MC1_187769,MC1,187769,594,0,0.64250463,0.5017583,0.0,0.50245816,0
MC1_133403,MC1,133403,594,0,0.641507,0.5018408,0.0,0.50244474,0
MC1_133902,MC1,133902,594,0,0.6421573,0.50173604,0.0,0.5024635,0
MC1_94190,MC1,94190,594,0,0.641507,0.5018432,0.0,0.5024494,0
MC1_10141,MC1,10141,594,0,0.6432828,0.5022023,0.0,0.50240886,0
MC1_198787,MC1,198787,594,0,0.6425035,0.501578,0.0,0.50247204,0
MC1_99209,MC1,99209,594,0,0.6416726,0.50283384,0.0,0.5024272,0
MC1_18814,MC1,18814,594,0,0.64214927,0.5018278,0.0,0.502442,0
MC1_8242,MC1,8242,286,0,0.6425035,0.49199665,0.0,0.5185465,0
MC1_102465,MC1,102465,593,0,0.6439668,0.5016707,0.0,0.50248057,0
MC1_171918,MC1,171918,593,0,0.64408976,0.50159997,0.0,0.5024834,0
MC1_16194,MC1,16194,593,0,0.6426342,0.4989406,0.0,0.5026455,0
MC1_199468,MC1,199468,593,0,0.64402854,0.50163716,0.0,0.50248635,0
MC1_78358,MC1,78358,593,0,0.66286653,0.5031137,0.0,0.5033687,0
MC1_149717,MC1,149717,593,0,0.6436178,0.50080687,0.0,0.5025851,0
MC1_95897,MC1,95897,593,0,0.6417942,0.50406694,0.0,0.5023901,0
MC1_73673,MC1,73673,593,0,0.64275604,0.5000561,0.0,0.502573,0
MC1_61485,MC1,61485,593,0,0.6412441,0.5060472,9.35032e-34,0.5022034,0
MC2_6666,MC2,6666,593,0,0.64396435,0.5091004,3.2077353e-23,0.5020324,0
MC1_66681,MC1,66681,593,0,0.66324854,0.5032365,0.0,0.50312907,0
MC2_19973,MC2,19973,593,0,0.6439497,0.50939703,2.7703631e-22,0.5020154,0
MC1_187178,MC1,187178,593,0,0.6444783,0.49889556,0.0,0.50265014,0
MC1_11394,MC1,11394,579,0,0.6425797,0.50868285,5.6436785e-25,0.50279546,0
MC1_770,MC1,770,593,0,0.64408976,0.50160336,0.0,0.50248283,0
MC1_191184,MC1,191184,593,0,0.6601401,0.50204414,0.0,0.5031457,0
MC1_92091,MC1,92091,593,0,0.64408976,0.5016007,0.0,0.5024809,0
MC1_141205,MC1,141205,593,0,0.6423086,0.50848174,4.3753613e-25,0.50205916,0
MC1_159898,MC1,159898,593,0,0.6423086,0.5084818,4.2750493e-25,0.5020574,0
MC1_73677,MC1,73677,593,0,0.64327407,0.50008655,0.0,0.502573,0
MC1_10271,MC1,10271,593,0,0.64457804,0.5015535,0.0,0.5024843,0
MC1_11397,MC1,11397,579,0,0.6425797,0.5086823,5.6436785e-25,0.5027948,0
MC1_6736,MC1,6736,592,0,0.6440034,0.49682194,0.0,0.5029973,0
MC1_96277,MC1,96277,592,0,0.64382374,0.50228375,0.0,0.5026532,0
MC1_188077,MC1,188077,592,0,0.6471429,0.5019427,0.0,0.5025418,0
MC1_4442,MC1,4442,592,0,0.6443131,0.49749607,0.0,0.5032964,0
MC1_45332,MC1,45332,592,0,0.66576064,0.5049474,0.0,0.5035213,0
MC2_17788,MC2,17788,590,0,0.6444898,0.5111568,8.883634e-17,0.5020674,0
MC2_22845,MC2,22845,589,0,0.643679,0.503305,0.0,0.5025905,0
MC2_21663,MC2,21663,587,0,0.64373124,0.5015798,0.0,0.5027891,0
MC1_145526,MC1,145526,573,0,0.6422785,0.50685364,2.2539378e-31,0.5032089,0
MC2_16604,MC2,16604,587,0,0.64437515,0.50165904,0.0,0.5028005,0
MC1_162949,MC1,162949,573,0,0.64463407,0.5062563,1.681936e-33,0.5032614,0
MC2_12255,MC2,12255,516,0,0.6443766,0.5086338,2.5636479e-26,0.50611377,0
MC1_176406,MC1,176406,365,0,0.64181,0.5058639,4.7802945e-31,0.5140848,0
MC1_3793,MC1,3793,478,0,0.64186245,0.5075895,0.0,0.51807344,0
MC2_15800,MC2,15800,566,0,0.6436178,0.5069292,2.3355848e-31,0.5035896,0
MC1_169560,MC1,169560,580,0,0.643781,0.50695115,6.4700455e-31,0.50289685,0
MC1_155755,MC1,155755,580,0,0.6437557,0.50715154,4.302179e-30,0.50282687,0
MC1_130748,MC1,130748,564,0,0.64389634,0.5031802,0.0,0.5039162,0
MC1_123923,MC1,123923,575,0,0.64413,0.5050682,1.5324272e-38,0.5032312,0
MC1_149159,MC1,149159,574,0,0.5177823,0.2447975,0.0,0.50349516,0
MC1_178142,MC1,178142,574,0,0.64224416,0.505044,2.1511825e-38,0.50327164,0
MC1_169955,MC1,169955,543,0,0.52299076,0.5091338,0.52299076,0.49540094,0
MC1_223,MC1,223,543,0,0.52299076,0.509133,0.52299076,0.49540022,0
MC1_13139,MC1,13139,543,0,0.5229674,0.5090689,0.5229674,0.49533468,0
MC1_13138,MC1,13138,543,0,0.5229674,0.5090679,0.5229674,0.49533254,0
MC1_138053,MC1,138053,572,0,0.51778257,0.24565578,0.0,0.50349283,0
MC1_90574,MC1,90574,501,0,0.6433115,0.5184608,8.635253e-06,0.5065398,0
MC1_160577,MC1,160577,570,0,0.6488234,0.52145886,0.56504005,0.5023933,0
MC1_53872,MC1,53872,570,0,0.64789295,0.5174665,4.873698e-05,0.50304085,0
MC1_186901,MC1,186901,566,0,0.64282984,0.5049888,1.0420788e-38,0.5039449,0
MC2_6421,MC2,6421,566,0,0.6426094,0.5020206,0.0,0.5039584,0
MC1_20330,MC1,20330,566,0,0.64249295,0.50617206,3.2426211e-34,0.5036219,0
MC1_91907,MC1,91907,565,0,0.64286613,0.5067784,3.7859537e-32,0.5036431,0
MC1_137945,MC1,137945,566,0,0.6431727,0.50602007,6.015385e-35,0.5036371,0
MC1_90603,MC1,90603,560,0,0.6427839,0.5052185,4.730194e-38,0.5039972,0
MC1_75709,MC1,75709,565,0,0.64183074,0.50549924,1.7830681e-36,0.5037122,0
MC1_174536,MC1,174536,565,0,0.64259124,0.5051201,3.0995822e-38,0.5037418,0
MC1_147177,MC1,147177,565,0,0.6436708,0.50516915,3.1935847e-38,0.50374377,0
MC1_100595,MC1,100595,565,0,0.6438444,0.5051528,2.4718622e-38,0.5037592,0
MC1_57068,MC1,57068,565,0,0.64342046,0.50609815,6.4101877e-35,0.5037035,0
MC1_47118,MC1,47118,186,26,0.642368,0.4883972,2.1658814e-37,0.5235809,1
MC1_154933,MC1,154933,565,0,0.6434358,0.50824785,2.8863463e-27,0.5036608,0
MC2_21477,MC2,21477,565,0,0.6427993,0.5017173,0.0,0.50399107,0
MC2_19563,MC2,19563,565,0,0.6434341,0.5029787,0.0,0.51009387,0
MC1_165686,MC1,165686,565,0,0.6419264,0.505579,2.6278157e-36,0.50370693,0
MC1_92731,MC1,92731,565,0,0.64217824,0.5055246,1.6016033e-36,0.5037117,0
MC1_46618,MC1,46618,565,0,0.6426407,0.5057411,1.5394664e-35,0.50370306,0
MC1_145434,MC1,145434,565,0,0.6422396,0.5052277,9.787152e-38,0.503728,0
MC1_129821,MC1,129821,565,0,0.6428283,0.5061692,2.7063363e-34,0.5036786,0
MC1_84803,MC1,84803,565,0,0.6432284,0.5052587,7.362016e-38,0.50377554,0
MC1_169544,MC1,169544,564,0,0.6427971,0.5065853,8.5657215e-33,0.50370663,0
MC1_35048,MC1,35048,562,0,0.5928545,0.51790714,0.14433885,0.50293493,0
MC1_84197,MC1,84197,562,0,0.64747953,0.5011409,0.0,0.5041588,0
MC1_139238,MC1,139238,562,0,0.6426176,0.5215379,1.0182352e-05,0.50896513,0
MC2_2565,MC2,2565,562,0,0.64280844,0.5213944,0.47292417,0.5028572,0
MC1_26675,MC1,26675,562,0,0.5285188,0.4503458,3.2966648e-26,0.5042226,0
MC2_9542,MC2,9542,562,0,0.65635735,0.4988289,0.0,0.5048971,0
MC1_152967,MC1,152967,562,0,0.6410975,0.5198798,0.05173342,0.5030266,0
MC1_122934,MC1,122934,562,0,0.5183434,0.5036689,0.5183434,0.48899162,0
MC1_105962,MC1,105962,562,0,0.52505094,0.49665186,0.0013652685,0.51311576,0
MC2_21238,MC2,21238,562,0,0.64106506,0.49762696,0.0,0.50419,0
MC1_8923,MC1,8923,562,0,0.68705267,0.5569854,0.6539768,0.502595,0
MC1_134520,MC1,134520,559,0,0.6420281,0.50183594,0.0,0.50424045,0
MC2_6380,MC2,6380,559,0,0.64308596,0.5043012,0.0,0.5086105,0
MC2_21930,MC2,21930,559,0,0.6426251,0.5017349,0.0,0.5042717,0
MC1_42619,MC1,42619,559,0,0.6577761,0.49921927,0.0,0.5045001,0
MC1_6242,MC1,6242,559,0,0.643091,0.5033631,0.0,0.5041489,0
MC2_12038,MC2,12038,558,0,0.6418203,0.5024069,0.0,0.5048187,0
MC1_79704,MC1,79704,558,0,0.64163625,0.5018107,0.0,0.5042902,0
MC1_890,MC1,890,424,30,0.6438037,0.5043731,4.337805e-39,0.5123042,1
MC1_64960,MC1,64960,558,0,0.6421517,0.5016971,0.0,0.50430226,0
MC1_4624,MC1,4624,558,0,0.6414905,0.50163907,0.0,0.5042986,0
MC2_12178,MC2,12178,558,0,0.643949,0.50243145,0.0,0.5045443,0
MC1_149286,MC1,149286,558,0,0.6425676,0.50164616,0.0,0.50445443,0
MC1_68248,MC1,68248,558,0,0.6418766,0.50241005,0.0,0.50426066,0
MC1_173065,MC1,173065,558,0,0.641443,0.50178707,0.0,0.5043026,0
MC2_11042,MC2,11042,558,0,0.6426369,0.5026222,0.0,0.50426805,0
MC1_3637,MC1,3637,558,0,0.64180785,0.50160086,0.0,0.50430304,0
MC2_18444,MC2,18444,558,0,0.64420193,0.50163937,0.0,0.5043129,0
MC1_136859,MC1,136859,558,0,0.64231914,0.5023721,0.0,0.5042646,0
MC1_152046,MC1,152046,558,0,0.64258784,0.5029637,0.0,0.5046953,0
MC2_18517,MC2,18517,558,0,0.64197224,0.5033029,0.0,0.50423974,0
MC2_2602,MC2,2602,544,0,0.65016097,0.50258756,0.0,0.5051872,0
MC1_72743,MC1,72743,558,0,0.6418673,0.5015652,0.0,0.5043066,0
MC1_59576,MC1,59576,558,0,0.64186496,0.5016374,0.0,0.5043059,0
MC2_12263,MC2,12263,407,29,0.642452,0.5036729,0.0,0.5120327,1
MC2_17047,MC2,17047,557,0,0.64249164,0.50274324,0.0,0.5051152,0
MC1_132054,MC1,132054,558,0,0.6413906,0.5017725,0.0,0.50430506,0
MC1_119468,MC1,119468,558,0,0.641926,0.50213885,0.0,0.50427413,0
MC1_156780,MC1,156780,558,0,0.6413218,0.50185525,0.0,0.50428605,0
MC1_156551,MC1,156551,558,0,0.6418673,0.5015669,0.0,0.5043135,0
MC1_38856,MC1,38856,543,0,0.6418123,0.50240123,0.0,0.505041,0
MC1_136228,MC1,136228,557,0,0.641443,0.5026853,0.0,0.5042918,0
MC1_86802,MC1,86802,483,15,0.64138,0.502324,0.0,0.5088589,1
MC1_189273,MC1,189273,557,0,0.6416006,0.502066,0.0,0.5043304,0
MC1_134941,MC1,134941,557,0,0.64131975,0.5016585,0.0,0.5043499,0
MC1_63385,MC1,63385,557,0,0.64138824,0.50278884,0.0,0.50468385,0
MC1_121355,MC1,121355,557,0,0.6410134,0.50277025,0.0,0.50458246,0
MC2_10384,MC2,10384,557,0,0.6423484,0.50276864,0.0,0.50511086,0
MC1_8394,MC1,8394,557,0,0.64152575,0.50276685,0.0,0.50458544,0
MC2_10903,MC2,10903,557,0,0.64254594,0.5035614,0.0,0.5042818,0
MC1_61565,MC1,61565,557,0,0.64156187,0.50277245,0.0,0.50458217,0
MC1_30860,MC1,30860,556,0,0.64219195,0.5033049,0.0,0.5046051,0
MC2_13180,MC2,13180,556,0,0.64382493,0.50056344,0.0,0.50449765,0
MC1_103151,MC1,103151,556,0,0.6420598,0.5024947,0.0,0.5046515,0
MC1_29955,MC1,29955,555,0,0.64143085,0.5016163,0.0,0.5044554,0
MC1_13400,MC1,13400,556,0,0.6421729,0.5025697,0.0,0.50464517,0
MC1_119317,MC1,119317,556,0,0.6418651,0.5032533,0.0,0.50461644,0
MC1_28567,MC1,28567,555,0,0.6414833,0.5016933,0.0,0.5044532,0
MC1_36332,MC1,36332,555,0,0.6428093,0.5018457,0.0,0.5044541,0
MC2_7237,MC2,7237,555,0,0.6436989,0.50263727,0.0,0.5044143,0
MC1_91538,MC1,91538,555,0,0.64221054,0.50196373,0.0,0.5044843,0
MC1_77522,MC1,77522,555,0,0.6409174,0.50158715,0.0,0.5044638,0
MC1_74993,MC1,74993,554,0,0.6417043,0.5043332,0.0,0.50435483,0
MC1_20151,MC1,20151,554,0,0.64484525,0.50278115,0.0,0.50483584,0
MC1_155673,MC1,155673,554,0,0.64165914,0.5042926,0.0,0.5043652,0
MC1_38413,MC1,38413,554,0,0.641507,0.51737684,1.4204796e-05,0.50361484,0
MC1_55253,MC1,55253,554,0,0.6421252,0.5045224,0.0,0.50445527,0
MC1_9628,MC1,9628,548,0,0.64412665,0.5085537,2.0057009e-26,0.5044442,0
MC2_2001,MC2,2001,170,26,0.65519834,0.47979623,0.0,0.52453166,1
MC2_17058,MC2,17058,545,0,0.6423836,0.5053942,4.515256e-37,0.5047849,0
MC2_19656,MC2,19656,545,0,0.64496905,0.50910026,6.382526e-25,0.5045914,0
MC2_22603,MC2,22603,112,29,0.643041,0.46321297,1.1761776e-37,0.5273843,1
MC1_192870,MC1,192870,544,0,0.6596609,0.5036177,0.0,0.50530046,0
MC1_191586,MC1,191586,544,0,0.6588834,0.50379974,0.0,0.5052839,0
MC2_9057,MC2,9057,544,0,0.644432,0.501693,0.0,0.50505155,0
MC2_14812,MC2,14812,542,0,0.64347154,0.5028071,0.0,0.50515735,0
MC1_90593,MC1,90593,537,0,0.6527812,0.50329787,0.0,0.5056426,0
MC1_104651,MC1,104651,535,0,0.64262575,0.50149053,0.0,0.50550705,0
MC2_20935,MC2,20935,499,0,0.6418637,0.5017285,0.0,0.5078331,0
MC1_30578,MC1,30578,534,0,0.6417741,0.50216484,0.0,0.50551987,0
MC2_18947,MC2,18947,534,0,0.6428104,0.5102045,9.285472e-22,0.50508773,0
MC1_178482,MC1,178482,531,0,0.511767,0.49784142,0.511767,0.4839824,0
MC1_178480,MC1,178480,531,0,0.5117609,0.4978359,0.5117609,0.4839773,0
MC2_13478,MC2,13478,531,0,0.6442774,0.5200594,0.006593103,0.504712,0
MC1_102576,MC1,102576,529,0,0.64214927,0.49872702,0.0,0.50597113,0
MC1_152405,MC1,152405,529,0,0.6423484,0.5013832,0.0,0.505884,0
MC1_146153,MC1,146153,528,0,0.6420133,0.5015609,0.0,0.5058626,0
MC1_172689,MC1,172689,528,0,0.5162995,0.50249934,0.5162995,0.48871562,0
MC1_7715,MC1,7715,528,0,0.64766866,0.5134665,1.6584623e-13,0.5052524,0
MC1_151007,MC1,151007,528,0,0.64225566,0.50143284,0.0,0.50587,0
MC1_195196,MC1,195196,528,0,0.64225566,0.5014333,0.0,0.5058713,0
MC1_84710,MC1,84710,528,0,0.51628613,0.502486,0.51628613,0.4887023,0
MC2_15885,MC2,15885,528,0,0.6428875,0.5023012,0.0,0.5063814,0
MC1_98009,MC1,98009,528,0,0.64186245,0.50155735,0.0,0.5059267,0
MC1_91132,MC1,91132,527,0,0.5907947,0.5187024,0.5907947,0.5051218,0
MC1_128590,MC1,128590,527,0,0.64205915,0.521802,0.63403744,0.50436556,0
MC1_136625,MC1,136625,527,0,0.59862036,0.518489,0.59862036,0.5036212,0
MC1_130543,MC1,130543,527,0,0.5290981,0.5169864,0.5290564,0.50392896,0
MC2_15107,MC2,15107,527,0,0.6417724,0.51124793,4.1446707e-19,0.5075671,0
MC1_63847,MC1,63847,527,0,0.6440092,0.5013731,0.0,0.505984,0
MC1_159744,MC1,159744,513,0,0.557579,0.5197543,0.557579,0.5099437,0
MC1_160860,MC1,160860,527,0,0.58879954,0.52098733,0.58879954,0.5154956,0
MC1_20123,MC1,20123,524,0,0.644166,0.5032428,0.0,0.506011,0
MC1_187961,MC1,187961,524,0,0.51948076,0.50580525,0.51948076,0.49284312,0
MC1_45590,MC1,45590,524,0,0.64420193,0.5033853,0.0,0.5060507,0
MC1_143459,MC1,143459,524,0,0.64384544,0.50317854,0.0,0.50601375,0
MC1_5386,MC1,5386,524,0,0.64375395,0.50414497,0.0,0.5059991,0
MC1_171038,MC1,171038,524,0,0.6437926,0.50427395,0.0,0.5062159,0
MC1_38424,MC1,38424,524,0,0.6440136,0.50330055,0.0,0.50617296,0
MC2_4867,MC2,4867,522,0,0.6445174,0.501403,0.0,0.50621164,0
MC1_170365,MC1,170365,517,0,0.64169395,0.5019361,0.0,0.5070394,0
MC1_6512,MC1,6512,517,0,0.64169395,0.501962,0.0,0.5070404,0
MC2_10368,MC2,10368,515,0,0.643543,0.50980854,3.377203e-24,0.5095028,0
MC2_9269,MC2,9269,514,0,0.6422603,0.5010002,0.0,0.506649,0
MC1_110516,MC1,110516,513,0,0.6409324,0.50265247,0.0,0.5071851,0
MC1_126644,MC1,126644,513,0,0.64144653,0.50154614,0.0,0.50664765,0
MC2_12331,MC2,12331,514,0,0.65301657,0.54349285,2.898882e-19,0.50619423,0
MC1_49824,MC1,49824,513,0,0.64156663,0.5024706,0.0,0.50659436,0
MC1_20270,MC1,20270,513,0,0.64185435,0.5024874,0.0,0.50659746,0
MC1_130769,MC1,130769,513,0,0.6421303,0.50229436,0.0,0.5067935,0
MC1_47080,MC1,47080,513,0,0.6425624,0.50404286,0.0,0.50652117,0
MC1_73178,MC1,73178,512,0,0.6415152,0.5023216,0.0,0.50665206,0
MC1_175591,MC1,175591,513,0,0.6421461,0.5017084,0.0,0.50664467,0
MC1_59393,MC1,59393,510,0,0.6435273,0.50430185,0.0,0.5066638,0
MC1_146732,MC1,146732,510,0,0.64355433,0.50113493,0.0,0.5068268,0
MC1_68728,MC1,68728,510,0,0.64339703,0.50116277,0.0,0.5068278,0
MC1_21508,MC1,21508,510,0,0.64431417,0.50219584,0.0,0.5070134,0
MC1_43865,MC1,43865,510,0,0.6437926,0.5012805,0.0,0.50682765,0
MC1_1306,MC1,1306,510,0,0.64369947,0.5011941,0.0,0.5068298,0
MC1_33766,MC1,33766,510,0,0.643681,0.5011543,0.0,0.5068329,0
MC1_170149,MC1,170149,510,0,0.6446467,0.50271714,0.0,0.5067516,0
MC1_149397,MC1,149397,509,0,0.6432996,0.50242364,0.0,0.5068238,0
MC1_37567,MC1,37567,509,0,0.64198315,0.50184846,0.0,0.50684327,0
MC2_22499,MC2,22499,508,0,0.6440649,0.51116425,8.97477e-20,0.5064157,0
MC1_36576,MC1,36576,504,0,0.6439432,0.5045261,0.0,0.50696725,0
MC1_4593,MC1,4593,503,0,0.6431769,0.50459814,0.0,0.5070277,0
MC1_29310,MC1,29310,503,0,0.6432826,0.5061221,1.0500618e-34,0.50693524,0
MC1_180811,MC1,180811,503,0,0.64863783,0.50359744,0.0,0.5071649,0
MC2_20008,MC2,20008,502,0,0.658467,0.52673876,1.3363278e-21,0.5097594,0
MC1_31192,MC1,31192,373,29,0.6445342,0.50661874,0.0,0.51370925,1
MC1_46050,MC1,46050,501,0,0.643832,0.5081875,0.0,0.5069774,0
MC1_98447,MC1,98447,501,0,0.64302534,0.5073438,9.172386e-31,0.50697625,0
MC1_42093,MC1,42093,501,0,0.64606726,0.5079619,0.0,0.5069608,0
MC1_44554,MC1,44554,500,0,0.6428942,0.5095684,4.041721e-24,0.5069119,0
MC2_1260,MC2,1260,500,0,0.64188737,0.5093784,2.5170013e-24,0.50692236,0
MC1_198225,MC1,198225,499,0,0.6452008,0.49617097,0.0,0.50766426,0
MC1_4807,MC1,4807,499,0,0.64126277,0.50462717,0.0,0.5072627,0
MC1_134554,MC1,134554,497,0,0.64423954,0.5026164,0.0,0.5077807,0
MC1_186405,MC1,186405,499,0,0.6452699,0.4962289,0.0,0.5076699,0
MC2_11772,MC2,11772,484,0,0.6455831,0.51936954,0.0008118706,0.5078351,0
MC2_14902,MC2,14902,483,0,0.65206224,0.5053446,6.462718e-39,0.50815827,0
MC2_18478,MC2,18478,495,0,0.643949,0.51409173,6.042234e-13,0.50694436,0
MC2_7682,MC2,7682,495,0,0.64192957,0.49799356,0.0,0.50774455,0
MC2_18466,MC2,18466,495,0,0.64364105,0.51364195,4.4329263e-14,0.5069678,0
MC2_249,MC2,249,494,0,0.6468887,0.5050973,0.0,0.5074889,0
MC1_20409,MC1,20409,449,29,0.640095,0.5001174,0.0,0.51000214,1
MC1_112834,MC1,112834,494,0,0.64283305,0.51590955,9.925674e-10,0.5069781,0
MC2_5026,MC2,5026,134,26,0.64835,0.46461606,0.0,0.52636755,1
MC1_104606,MC1,104606,494,0,0.6440537,0.51510465,4.330988e-11,0.5069816,0
MC1_29990,MC1,29990,492,0,0.65776885,0.5027833,0.0,0.5086587,0
MC2_4832,MC2,4832,492,0,0.64365584,0.50317776,0.0,0.50765294,0
MC2_14724,MC2,14724,492,0,0.6432689,0.5033534,0.0,0.5076469,0
MC2_7996,MC2,7996,492,0,0.64362967,0.5247699,0.3919157,0.5066297,0
MC1_159152,MC1,159152,492,0,0.6431888,0.501293,0.0,0.50775546,0
MC1_85186,MC1,85186,491,0,0.6418569,0.50041634,0.0,0.5078233,0
MC1_127186,MC1,127186,491,0,0.64251274,0.50075644,0.0,0.50782317,0
MC1_177965,MC1,177965,491,0,0.64162356,0.5015036,0.0,0.50778586,0
MC1_107312,MC1,107312,491,0,0.64206433,0.50077146,0.0,0.50782496,0
MC1_7689,MC1,7689,489,0,0.6422963,0.5018967,0.0,0.5078778,0
MC1_98363,MC1,98363,451,0,0.6425489,0.5016495,0.0,0.509825,0
MC1_192883,MC1,192883,486,0,0.64552355,0.5233651,0.2631421,0.5069797,0
MC1_14935,MC1,14935,486,0,0.64344305,0.502119,0.0,0.5080373,0
MC1_13015,MC1,13015,45,0,0.64394975,0.33039868,0.0,0.5922071,0
MC1_65844,MC1,65844,45,0,0.6431567,0.32439095,0.0,0.5930209,0
MC1_136979,MC1,136979,482,0,0.6455164,0.50271755,0.0,0.50827855,0
MC1_50067,MC1,50067,482,0,0.64503354,0.5026436,0.0,0.50828207,0
MC1_102907,MC1,102907,480,0,0.5149283,0.50238967,0.5149283,0.4898614,0
MC1_132006,MC1,132006,479,0,0.6423993,0.50083506,0.0,0.50844777,0
MC1_9296,MC1,9296,479,0,0.6441117,0.49937677,0.0,0.5091316,0
MC1_121462,MC1,121462,479,0,0.63964754,0.50043696,0.0,0.5086028,0
MC1_155977,MC1,155977,479,0,0.6442989,0.49932483,0.0,0.5086364,0
MC2_3204,MC2,3204,478,0,0.6437183,0.49349254,0.0,0.5089064,0
MC2_3267,MC2,3267,478,0,0.62322205,0.4989455,0.0,0.5089377,0
MC1_176635,MC1,176635,474,0,0.64197564,0.4974112,0.0,0.5100406,0
MC1_121281,MC1,121281,473,0,0.646019,0.5034571,0.0,0.5086672,0
MC2_7973,MC2,7973,473,0,0.64243716,0.5004725,0.0,0.508765,0
MC1_101665,MC1,101665,473,0,0.6466208,0.5038411,0.0,0.5087115,0
MC1_71948,MC1,71948,472,0,0.64308834,0.50279987,0.0,0.5091919,0
MC1_29533,MC1,29533,471,0,0.6443909,0.5035195,0.0,0.51080376,0
MC1_6501,MC1,6501,468,0,0.64398414,0.50285786,0.0,0.50961226,0
MC1_178150,MC1,178150,468,0,0.6438222,0.50222373,0.0,0.5089821,0
MC2_23725,MC2,23725,468,0,0.6426885,0.50092584,0.0,0.5095421,0
MC1_134501,MC1,134501,468,0,0.52478343,0.5131946,0.52478343,0.50034976,0
MC1_64592,MC1,64592,466,0,0.64300174,0.50078535,0.0,0.50929266,0
MC1_192620,MC1,192620,466,0,0.6449879,0.50210404,0.0,0.5091148,0
MC1_169663,MC1,169663,273,0,0.6442769,0.49492073,0.0,0.5191611,0
MC1_150569,MC1,150569,466,0,0.6424508,0.5007286,0.0,0.5091693,0
MC2_12533,MC2,12533,451,0,0.64338,0.50284404,0.0,0.5112749,0
MC1_69640,MC1,69640,464,0,0.6425242,0.5006051,0.0,0.50949633,0
MC1_85460,MC1,85460,464,0,0.64269334,0.5008469,0.0,0.5096821,0
MC1_11623,MC1,11623,464,0,0.6427587,0.50072825,0.0,0.5094837,0
MC1_128121,MC1,128121,463,0,0.64225566,0.5015335,0.0,0.5092296,0
MC1_19001,MC1,19001,461,0,0.6426636,0.50041837,0.0,0.5093919,0
MC1_186038,MC1,186038,461,0,0.6431403,0.5004875,0.0,0.50939053,0
MC2_5446,MC2,5446,461,0,0.64369327,0.5016113,0.0,0.50934404,0
MC1_28894,MC1,28894,460,0,0.64289993,0.5015218,0.0,0.5093926,0
MC1_195268,MC1,195268,460,0,0.643212,0.50146025,0.0,0.50939983,0
MC1_13584,MC1,13584,460,0,0.6424047,0.50176334,0.0,0.50968117,0
MC1_39662,MC1,39662,446,0,0.6429359,0.5013102,0.0,0.5101245,0
MC1_124321,MC1,124321,460,0,0.6428206,0.5014602,0.0,0.5093919,0
MC1_153370,MC1,153370,460,0,0.6424047,0.5016093,0.0,0.50937736,0
MC1_9612,MC1,9612,460,0,0.64277565,0.5015589,0.0,0.5093835,0
MC1_75158,MC1,75158,446,0,0.64205873,0.50198954,0.0,0.5100952,0
MC1_119336,MC1,119336,459,0,0.64182186,0.50218666,0.0,0.5094151,0
MC2_6301,MC2,6301,457,0,0.6441894,0.50287503,0.0,0.5102032,0
MC1_39712,MC1,39712,454,0,0.6414636,0.5077242,3.0764254e-29,0.50940907,0
MC1_101457,MC1,101457,453,0,0.5128028,0.5010957,0.5128028,0.48915392,0
MC1_96232,MC1,96232,353,0,0.51650304,0.5074838,0.51650304,0.49807706,0
MC1_37844,MC1,37844,453,0,0.5128461,0.5011004,0.5128461,0.48919374,0
MC1_145009,MC1,145009,453,0,0.51204705,0.5008657,0.51204705,0.49226967,0
MC1_38672,MC1,38672,453,0,0.5121019,0.500715,0.5121019,0.4923248,0
MC1_111821,MC1,111821,453,0,0.5141458,0.50232345,0.5141458,0.49050486,0
MC1_192749,MC1,192749,453,0,0.5141547,0.5023454,0.5141547,0.49052006,0
MC1_187094,MC1,187094,96,0,0.51237833,0.5099108,0.51237833,0.50742096,0
MC1_43640,MC1,43640,453,0,0.51629406,0.50457716,0.51629406,0.4926469,0
MC1_102129,MC1,102129,453,0,0.5155186,0.5056606,0.5155186,0.5004897,0
MC1_109639,MC1,109639,453,0,0.51282465,0.50114274,0.51282465,0.48917302,0
MC1_162099,MC1,162099,453,0,0.51443756,0.50261,0.51443756,0.49078482,0
MC1_71700,MC1,71700,453,0,0.51319015,0.5019692,0.51319015,0.49341166,0
MC1_200210,MC1,200210,453,0,0.5127887,0.50096375,0.5127887,0.48914215,0
MC1_4414,MC1,4414,373,0,0.5111571,0.5014979,0.5111571,0.4916875,0
MC1_13773,MC1,13773,439,0,0.5125841,0.5011387,0.5125841,0.48967975,0
MC1_127075,MC1,127075,453,0,0.5177238,0.5059993,0.5177238,0.49407512,0
MC1_88567,MC1,88567,453,0,0.5164591,0.5047259,0.5164591,0.49281928,0
MC2_6428,MC2,6428,214,0,0.6430831,0.49516445,1.7229315e-34,0.5220542,0
MC1_114936,MC1,114936,453,0,0.51284355,0.5010967,0.51284355,0.48919567,0
MC1_61,MC1,61,453,0,0.6407541,0.50159717,0.0,0.5107871,0
MC1_36924,MC1,36924,453,0,0.5155113,0.50457156,0.5155113,0.49388134,0
MC1_119096,MC1,119096,453,0,0.51166546,0.49995998,0.51166546,0.488022,0
MC1_66922,MC1,66922,453,0,0.51318854,0.50179577,0.51318854,0.49341106,0
MC1_105051,MC1,105051,352,0,0.5233326,0.5144218,0.5233326,0.50495136,0
MC1_54311,MC1,54311,453,0,0.5139999,0.5023233,0.5139999,0.49035975,0
MC1_150787,MC1,150787,453,0,0.5129688,0.5013477,0.5129688,0.4893234,0
MC1_114142,MC1,114142,329,0,0.5147155,0.50624216,0.5147155,0.49754366,0
MC1_82687,MC1,82687,453,0,0.5128206,0.501118,0.5128206,0.48917428,0
MC1_173897,MC1,173897,94,0,0.514764,0.5123486,0.514764,0.5099142,0
MC1_192271,MC1,192271,452,0,0.6422032,0.5000529,0.0,0.5098855,0
MC1_26603,MC1,26603,439,0,0.5111177,0.49984697,0.5111177,0.48820257,0
MC1_168363,MC1,168363,452,0,0.6419742,0.5005599,0.0,0.5098493,0
MC1_154289,MC1,154289,304,28,0.5111577,0.50328475,0.5111577,0.49530265,1
MC2_15705,MC2,15705,69,0,0.64498454,0.41156298,0.0,0.52903503,0
MC1_138365,MC1,138365,452,0,0.51619864,0.50449127,0.51619864,0.49260852,0
MC1_89850,MC1,89850,452,0,0.64077526,0.50012344,0.0,0.51046085,0
MC1_67079,MC1,67079,452,0,0.5163667,0.5046431,0.5163667,0.49277192,0
MC1_187487,MC1,187487,452,0,0.64227515,0.5008009,0.0,0.5105681,0
MC1_96686,MC1,96686,452,0,0.6421786,0.5005717,0.0,0.5098465,0
MC1_39090,MC1,39090,452,0,0.6427267,0.5000297,0.0,0.50986975,0
MC2_2037,MC2,2037,452,0,0.6443544,0.50269467,0.0,0.5102153,0
MC1_86059,MC1,86059,438,0,0.6424678,0.500171,0.0,0.5105877,0
MC1_51880,MC1,51880,452,0,0.6426579,0.50014514,0.0,0.5104558,0
MC1_19469,MC1,19469,452,0,0.6424072,0.5005181,0.0,0.5098543,0
MC1_163337,MC1,163337,452,0,0.64193875,0.50055563,0.0,0.5098493,0
MC1_140350,MC1,140350,452,0,0.6417518,0.500582,0.0,0.50984335,0
MC1_91051,MC1,91051,438,0,0.64211243,0.50027573,0.0,0.51058275,0
MC1_136682,MC1,136682,452,0,0.6416794,0.5006298,0.0,0.509843,0
MC1_151075,MC1,151075,451,0,0.66894835,0.54127747,4.6225177e-18,0.50936365,0
MC1_49560,MC1,49560,451,0,0.6421643,0.5015396,0.0,0.5104525,0
MC1_45930,MC1,45930,451,0,0.6434095,0.5021149,0.0,0.5098307,0
MC1_146750,MC1,146750,451,0,0.64267206,0.5012927,0.0,0.5104496,0
MC1_180030,MC1,180030,451,0,0.64003897,0.50054044,0.0,0.5102612,0
MC1_155973,MC1,155973,437,0,0.642865,0.500978,0.0,0.5111974,0
MC1_134437,MC1,134437,451,0,0.6416903,0.5025111,0.0,0.51003087,0
MC1_76072,MC1,76072,451,0,0.6426136,0.501934,0.0,0.50987655,0
MC1_158710,MC1,158710,451,0,0.66851723,0.5410665,3.7479583e-18,0.5093662,0
MC2_8287,MC2,8287,450,0,0.6441134,0.50255984,0.0,0.50990385,0
MC1_196893,MC1,196893,451,0,0.6422955,0.5013087,0.0,0.51036024,0
MC1_158416,MC1,158416,447,0,0.6448034,0.500675,0.0,0.51012516,0
MC2_13878,MC2,13878,447,0,0.64555633,0.49931517,0.0,0.5101738,0
MC1_180582,MC1,180582,447,0,0.646513,0.500143,0.0,0.51015276,0
MC2_23050,MC2,23050,447,0,0.6418756,0.50064456,0.0,0.5101015,0
MC1_7447,MC1,7447,447,0,0.6458778,0.50011945,0.0,0.51014394,0
MC1_24066,MC1,24066,447,0,0.6421049,0.50022274,0.0,0.5101177,0
MC1_10719,MC1,10719,447,0,0.6484804,0.51561147,1.8436018e-11,0.5094534,0
MC1_136091,MC1,136091,447,0,0.6422286,0.500318,0.0,0.5101168,0
MC1_106059,MC1,106059,447,0,0.6454653,0.50002265,0.0,0.51015997,0
MC1_70567,MC1,70567,447,0,0.6451295,0.50069565,0.0,0.51011735,0
MC1_47217,MC1,47217,447,0,0.64559555,0.49997908,0.0,0.510153,0
MC1_115859,MC1,115859,446,0,0.6457061,0.501192,0.0,0.51014966,0
MC1_194600,MC1,194600,446,0,0.6453918,0.50108415,0.0,0.51015663,0
MC2_7606,MC2,7606,446,0,0.65636533,0.5020619,0.0,0.5103285,0
MC1_148177,MC1,148177,444,0,0.64540094,0.5026451,0.0,0.51018983,0
MC2_18938,MC2,18938,444,0,0.64305556,0.5021705,0.0,0.51019853,0
MC1_142821,MC1,142821,439,0,0.6437477,0.5128098,1.5091746e-17,0.5100416,0
MC2_19402,MC2,19402,439,0,0.52888775,0.44830105,6.520877e-35,0.5099745,0
MC2_13576,MC2,13576,439,0,0.64530843,0.52419907,0.09131859,0.5094752,0
MC2_695,MC2,695,439,0,0.6473869,0.5017232,0.0,0.51087743,0
MC1_24464,MC1,24464,439,0,0.6419222,0.51282436,4.0739165e-17,0.50997853,0
MC2_16517,MC2,16517,439,0,0.6446089,0.51482433,3.1207103e-13,0.5098974,0
MC1_28827,MC1,28827,438,0,0.6454495,0.5013749,0.0,0.5106014,0
MC1_68020,MC1,68020,438,0,0.650733,0.49266958,0.0,0.5109805,0
MC1_132096,MC1,132096,438,0,0.646119,0.50133955,0.0,0.51061237,0
MC1_150127,MC1,150127,438,0,0.6459753,0.50143546,0.0,0.5109554,0
MC1_199924,MC1,199924,438,0,0.6459362,0.5020117,0.0,0.5115974,0
MC1_170422,MC1,170422,438,0,0.6465799,0.50139654,0.0,0.51089954,0
MC1_29704,MC1,29704,438,0,0.645952,0.50154865,0.0,0.51058286,0
MC2_5097,MC2,5097,436,0,0.6448415,0.50106966,0.0,0.5106739,0
MC2_22563,MC2,22563,244,30,0.6477436,0.49205294,0.0,0.5207308,1
MC1_101789,MC1,101789,433,0,0.5759925,0.522882,0.33291075,0.50960815,0
MC1_29517,MC1,29517,433,0,0.63750726,0.54375446,0.45665017,0.50953066,0
MC1_84532,MC1,84532,433,0,0.6426287,0.5458045,0.48663893,0.50950897,0
MC1_121051,MC1,121051,433,0,0.52482635,0.41891232,0.0009178547,0.50978523,0
MC1_171280,MC1,171280,433,0,0.6426287,0.545809,0.48663893,0.5095047,0
MC2_11599,MC2,11599,433,0,0.64369535,0.5155218,7.530982e-12,0.5101801,0
MC1_98852,MC1,98852,433,0,0.6430157,0.5459988,0.49048918,0.5095086,0
MC1_161693,MC1,161693,433,0,0.6445798,0.50337195,0.0,0.510729,0
MC2_9260,MC2,9260,433,0,0.6416904,0.51176226,2.8769812e-19,0.51032597,0
MC1_27259,MC1,27259,433,0,0.61648446,0.53690434,0.43126255,0.50955695,0
MC2_20141,MC2,20141,15,15,0.6081653,0.23463114,4.7493075e-11,0.6081653,1
MC2_15129,MC2,15129,266,29,0.64205784,0.5161692,9.662395e-12,0.5189036,1
MC1_113023,MC1,113023,433,0,0.5248344,0.4167784,0.0007401708,0.5098337,0
MC1_151893,MC1,151893,433,0,0.54387856,0.5128137,0.24469924,0.50963587,0
MC2_15786,MC2,15786,432,0,0.6429747,0.5011855,0.0,0.5111831,0
MC2_13119,MC2,13119,431,0,0.633188,0.5230759,0.633188,0.50903857,0
MC2_17445,MC2,17445,431,0,0.64134777,0.50155044,0.0,0.51088077,0
MC1_66391,MC1,66391,430,0,0.6454668,0.5007735,0.0,0.5110057,0
MC1_100643,MC1,100643,430,0,0.64482695,0.5037598,0.0,0.5109029,0
MC1_141073,MC1,141073,430,0,0.64492285,0.5007468,0.0,0.51102704,0
MC1_59636,MC1,59636,430,0,0.6446966,0.5007037,0.0,0.5110284,0
MC1_66380,MC1,66380,430,0,0.6454668,0.5007792,0.0,0.5110171,0
MC2_6951,MC2,6951,429,0,0.64512557,0.5020486,0.0,0.5109953,0
MC2_5705,MC2,5705,427,0,0.6442718,0.5066018,2.713182e-32,0.51088977,0
MC2_4021,MC2,4021,427,0,0.65858823,0.506621,9.245457e-38,0.5113019,0
MC2_20387,MC2,20387,426,0,0.6399342,0.4970522,0.0,0.511208,0
MC1_7209,MC1,7209,425,0,0.6456813,0.50573075,8.414469e-35,0.5110718,0
MC2_13536,MC2,13536,425,0,0.64323395,0.5169047,8.515405e-10,0.5105209,0
MC1_36019,MC1,36019,425,0,0.64556396,0.50575024,2.4363684e-34,0.5110248,0
MC1_150534,MC1,150534,425,0,0.6455556,0.5057411,1.7870058e-34,0.51103026,0
MC1_199547,MC1,199547,425,0,0.6425869,0.5092506,1.8971719e-25,0.51092464,0
MC1_60319,MC1,60319,425,0,0.6453985,0.50577486,1.2660945e-34,0.511236,0
MC1_66341,MC1,66341,425,0,0.6430547,0.5091938,9.543256e-26,0.5113774,0
MC1_177674,MC1,177674,425,0,0.6459527,0.50577706,1.8236003e-34,0.5110267,0
MC1_80870,MC1,80870,425,0,0.65490884,0.51735437,5.0423603e-11,0.51058435,0
MC1_96755,MC1,96755,425,0,0.6456813,0.5057461,1.2660945e-34,0.5111373,0
MC2_12833,MC2,12833,424,0,0.64495695,0.49517843,0.0,0.511529,0
MC1_3188,MC1,3188,424,0,0.5810797,0.5206293,0.5810797,0.5088019,0
MC1_111143,MC1,111143,348,0,0.64589554,0.49806324,0.0,0.51531416,0
MC1_130497,MC1,130497,417,26,0.6455531,0.5004723,0.0,0.5117315,1
MC2_22644,MC2,22644,422,0,0.6424034,0.50847495,1.9756214e-27,0.51105154,0
MC1_3914,MC1,3914,422,0,0.6453325,0.50020164,0.0,0.5114302,0
MC2_15088,MC2,15088,326,29,0.6446034,0.5101036,3.447483e-22,0.5159785,1
MC1_107109,MC1,107109,422,0,0.645818,0.50093716,0.0,0.5114085,0
MC1_75526,MC1,75526,422,0,0.571961,0.5204321,0.571961,0.5088155,0
MC1_45435,MC1,45435,421,0,0.6453371,0.5005551,0.0,0.5117973,0
MC1_58013,MC1,58013,414,25,0.64448774,0.50055176,0.0,0.51263225,1
MC1_73917,MC1,73917,421,0,0.64544475,0.50051624,0.0,0.5117347,0
MC1_88006,MC1,88006,421,0,0.6453316,0.500672,0.0,0.51173526,0
MC1_22415,MC1,22415,421,0,0.64190686,0.5012659,0.0,0.5116071,0
MC1_129961,MC1,129961,421,0,0.6444053,0.50058943,0.0,0.5118541,0
MC1_118527,MC1,118527,418,0,0.64245224,0.50432026,8.4346066e-38,0.51145935,0
MC1_179999,MC1,179999,418,0,0.64260393,0.5043613,9.105175e-38,0.5115931,0
MC1_161184,MC1,161184,418,0,0.64287543,0.50423384,6.1846055e-38,0.511881,0
MC1_76168,MC1,76168,416,0,0.642334,0.5006006,0.0,0.5117591,0
MC1_88440,MC1,88440,416,0,0.6423241,0.5009279,0.0,0.5116844,0
MC2_655,MC2,655,416,0,0.6517996,0.50073934,0.0,0.51187116,0
MC1_65813,MC1,65813,416,0,0.64305216,0.5009828,0.0,0.5117276,0
MC1_65814,MC1,65814,416,0,0.64305216,0.5009827,0.0,0.5117276,0
MC1_7298,MC1,7298,416,0,0.6420978,0.50085795,0.0,0.5117515,0
MC1_13670,MC1,13670,416,0,0.6416299,0.50068253,0.0,0.51172066,0
MC1_165239,MC1,165239,416,0,0.6441141,0.5008528,0.0,0.5117493,0
MC1_84667,MC1,84667,415,0,0.6439429,0.5006789,0.0,0.5117468,0
MC1_129913,MC1,129913,415,0,0.64326286,0.50055397,0.0,0.511746,0
MC1_30688,MC1,30688,415,0,0.6433919,0.5011504,0.0,0.5119028,0
MC1_71909,MC1,71909,416,0,0.642275,0.5007732,0.0,0.5117583,0
MC1_108218,MC1,108218,415,0,0.6439617,0.5010171,0.0,0.51195633,0
MC1_53032,MC1,53032,415,0,0.6435333,0.5015356,0.0,0.5117797,0
MC1_28134,MC1,28134,401,0,0.6441954,0.50019956,0.0,0.51248753,0
MC2_19932,MC2,19932,415,0,0.6446433,0.50184816,0.0,0.5117108,0
MC1_109584,MC1,109584,415,0,0.6425602,0.50198084,0.0,0.51172817,0
MC1_65052,MC1,65052,415,0,0.6440939,0.50075626,0.0,0.51203,0
MC1_131302,MC1,131302,415,0,0.64411914,0.5006908,0.0,0.5117895,0
MC1_35679,MC1,35679,415,0,0.6440664,0.50072354,0.0,0.51193386,0
MC1_43761,MC1,43761,415,0,0.6433165,0.50062096,0.0,0.51177514,0
MC1_120203,MC1,120203,415,0,0.6448371,0.50039387,0.0,0.5118225,0
MC1_35682,MC1,35682,415,0,0.6440664,0.50072354,0.0,0.5119326,0
MC1_2925,MC1,2925,415,0,0.6439184,0.5005511,0.0,0.51179004,0
MC1_109587,MC1,109587,415,0,0.6425602,0.50198376,0.0,0.5117274,0
MC1_21533,MC1,21533,415,0,0.6435172,0.5006437,0.0,0.51175034,0
MC2_3934,MC2,3934,415,0,0.64481395,0.5019477,0.0,0.5117162,0
MC1_115339,MC1,115339,415,0,0.643639,0.5016133,0.0,0.5117689,0
MC1_158389,MC1,158389,229,0,0.6454491,0.48612013,0.0,0.52152216,0
MC2_17549,MC2,17549,414,0,0.64369047,0.4997535,0.0,0.51183397,0
MC2_21941,MC2,21941,262,0,0.64665747,0.46901906,0.0,0.52111113,0
MC2_22492,MC2,22492,232,0,0.646186,0.46231514,0.0,0.5219342,0
MC1_98029,MC1,98029,414,0,0.64375544,0.50199664,0.0,0.5120215,0
MC1_22853,MC1,22853,329,0,0.5237897,0.5152127,0.5237897,0.50661725,0
MC1_50382,MC1,50382,411,0,0.64524525,0.50046533,0.0,0.5119587,0
MC1_127835,MC1,127835,308,29,0.6443737,0.49593565,0.0,0.51737046,1
MC2_17864,MC2,17864,410,0,0.645001,0.5056602,1.2787924e-34,0.51180613,0
MC1_77550,MC1,77550,408,0,0.6447867,0.5042967,2.967723e-38,0.51207936,0
MC1_118512,MC1,118512,408,0,0.64036566,0.50461406,0.0,0.5169171,0
MC1_139198,MC1,139198,408,0,0.6424405,0.5045597,0.0,0.5169312,0
MC2_14501,MC2,14501,404,0,0.63329256,0.513434,2.0645467e-15,0.51176715,0
MC2_10516,MC2,10516,404,0,0.64600396,0.5137365,4.6353947e-16,0.51178813,0
MC1_189573,MC1,189573,404,0,0.6451096,0.5008351,0.0,0.5123129,0
MC2_10074,MC2,10074,402,0,0.64657587,0.49993357,0.0,0.5124649,0
MC2_4131,MC2,4131,402,0,0.64578485,0.49986422,0.0,0.51246345,0
MC2_23656,MC2,23656,401,0,0.64385736,0.52198315,7.9271354e-05,0.5116262,0
MC2_9401,MC2,9401,391,0,0.6397892,0.4963441,0.0,0.5131202,0
MC2_17024,MC2,17024,391,0,0.64526296,0.5155848,1.1748809e-12,0.5123889,0
MC1_126974,MC1,126974,391,0,0.6379672,0.49836063,0.0,0.51305294,0
MC1_126972,MC1,126972,391,0,0.6379672,0.49836072,0.0,0.51305294,0
MC1_34484,MC1,34484,376,0,0.6408457,0.4964572,0.0,0.5138779,0
MC1_196109,MC1,196109,387,0,0.645891,0.49645948,0.0,0.51330125,0
MC2_19195,MC2,19195,383,0,0.5355144,0.5203114,0.5355144,0.51030535,0
MC2_13031,MC2,13031,383,0,0.52805966,0.51953673,0.52805966,0.5100696,0
MC1_42416,MC1,42416,369,0,0.64227045,0.49601597,0.0,0.5142145,0
MC2_1272,MC2,1272,383,0,0.64434385,0.4969061,0.0,0.5134782,0
MC1_139008,MC1,139008,382,0,0.63584876,0.51129603,7.5276486e-20,0.51303166,0
MC2_16623,MC2,16623,382,0,0.6418756,0.49973184,0.0,0.51339513,0
MC1_56924,MC1,56924,380,0,0.64271146,0.49571308,0.0,0.5136978,0
MC1_18970,MC1,18970,380,0,0.64646053,0.49711803,0.0,0.5137315,0
MC1_160979,MC1,160979,380,0,0.6458018,0.49626765,0.0,0.5137024,0
MC1_163030,MC1,163030,380,0,0.64655155,0.49711528,0.0,0.51371247,0
MC1_57434,MC1,57434,377,0,0.64536214,0.50529283,1.9503163e-30,0.51345086,0
MC2_9100,MC2,9100,377,0,0.6418203,0.49939555,0.0,0.5137146,0
MC1_101486,MC1,101486,375,0,0.66050833,0.5047004,0.0,0.51392347,0
MC2_17306,MC2,17306,375,0,0.64222974,0.49878773,0.0,0.51386184,0
MC1_167427,MC1,167427,265,30,0.5856979,0.4812601,0.0,0.51965845,1
MC2_6649,MC2,6649,374,0,0.64476997,0.5277599,0.62997025,0.51243734,0
MC2_12172,MC2,12172,374,0,0.6464553,0.49990782,0.0,0.5140084,0
MC2_14863,MC2,14863,374,0,0.64476705,0.52808017,0.6296282,0.51326346,0
MC2_19481,MC2,19481,374,0,0.52756387,0.5178085,0.52756387,0.50805455,0
MC2_4807,MC2,4807,370,0,0.64026046,0.49734688,0.0,0.51415074,0
MC1_152165,MC1,152165,370,0,0.6397252,0.49678606,0.0,0.5141665,0
MC2_13466,MC2,13466,330,0,0.5291408,0.52126276,0.5291408,0.5126947,0
MC2_16767,MC2,16767,368,0,0.6422426,0.5127775,1.3301214e-16,0.5136459,0
MC2_168,MC2,168,336,0,0.6418706,0.5036691,1.1345772e-35,0.5156553,0
MC2_3116,MC2,3116,351,0,0.643094,0.50416344,6.712411e-36,0.5148976,0
MC2_2853,MC2,2853,341,0,0.64466125,0.5004902,0.0,0.5155373,0
MC1_2891,MC1,2891,365,0,0.5184092,0.508382,0.5182915,0.49874228,0
MC1_57174,MC1,57174,361,0,0.6407257,0.49663085,0.0,0.51464164,0
MC2_11431,MC2,11431,352,0,0.6429042,0.5016581,0.0,0.51504856,0
MC1_110101,MC1,110101,352,0,0.6456998,0.50116664,0.0,0.5157821,0
MC1_42812,MC1,42812,352,0,0.64578813,0.5010544,0.0,0.5154229,0
MC1_37552,MC1,37552,352,0,0.6457441,0.4998229,0.0,0.51562935,0
MC1_142161,MC1,142161,82,30,0.64567053,0.43119556,0.0,0.5286076,1
MC2_22506,MC2,22506,351,0,0.64481467,0.5020027,0.0,0.51498586,0
MC1_6789,MC1,6789,349,0,0.64686465,0.49975175,0.0,0.51591855,0
MC2_2914,MC2,2914,349,0,0.64185435,0.502989,1.0214097e-36,0.5150399,0
MC2_8085,MC2,8085,25,0,0.6269192,0.17430626,1.1313234e-34,0.6269192,0
MC2_15498,MC2,15498,335,0,0.643484,0.50241846,4.9417026e-37,0.5157758,0
MC1_105863,MC1,105863,347,0,0.6428659,0.49795005,0.0,0.5153181,0
MC2_20579,MC2,20579,279,29,0.6423753,0.50703937,3.4620293e-24,0.5184755,1
MC1_105857,MC1,105857,347,0,0.6428659,0.49795067,0.0,0.5153199,0
MC1_194815,MC1,194815,347,0,0.64271086,0.49803534,0.0,0.51548684,0
MC2_14803,MC2,14803,341,0,0.6453325,0.50776947,2.3127684e-27,0.51530325,0
MC1_15443,MC1,15443,341,0,0.64559704,0.5154286,2.7857472e-13,0.5150815,0
MC1_127342,MC1,127342,341,0,0.64245224,0.49631292,0.0,0.5156767,0
MC2_3933,MC2,3933,341,0,0.6424464,0.5038624,2.2652692e-34,0.5154124,0
MC2_20744,MC2,20744,341,0,0.64616853,0.50714016,7.482041e-28,0.5153267,0
MC2_21382,MC2,21382,341,0,0.64186805,0.502932,1.1728045e-36,0.5154476,0
MC2_3181,MC2,3181,341,0,0.6417367,0.50266194,2.2612263e-36,0.51543987,0
MC2_11691,MC2,11691,339,0,0.6418774,0.500247,0.0,0.51564115,0
MC2_16433,MC2,16433,339,0,0.64345676,0.49998608,0.0,0.51565874,0
MC2_19975,MC2,19975,339,0,0.6467236,0.5006374,0.0,0.5156641,0
MC2_13895,MC2,13895,311,0,0.6420362,0.49623168,0.0,0.5171764,0
MC1_17895,MC1,17895,335,0,0.6422098,0.50060725,0.0,0.5158264,0
MC1_91753,MC1,91753,85,0,0.5064285,0.5042433,0.5064285,0.50206286,0
MC1_104892,MC1,104892,335,0,0.6423836,0.50084084,0.0,0.51597756,0
MC2_6870,MC2,6870,331,0,0.63957477,0.49492693,0.0,0.51620996,0
MC1_11879,MC1,11879,327,0,0.6410998,0.4957876,0.0,0.5164137,0
MC2_2376,MC2,2376,325,0,0.63944197,0.49563172,0.0,0.51728004,0
MC2_12531,MC2,12531,324,0,0.64456004,0.49682748,0.0,0.5167685,0
MC2_20525,MC2,20525,296,0,0.6431769,0.49255908,0.0,0.5182281,0
MC2_5597,MC2,5597,296,0,0.6416888,0.49510276,0.0,0.5179583,0
MC2_20963,MC2,20963,295,0,0.64389485,0.49527574,0.0,0.51802176,0
MC2_16196,MC2,16196,295,0,0.64182454,0.49595052,0.0,0.5179813,0
MC2_7329,MC2,7329,323,0,0.6446026,0.49620372,0.0,0.5166059,0
MC2_7968,MC2,7968,323,0,0.6483813,0.4973318,0.0,0.5167149,0
MC2_23481,MC2,23481,321,0,0.64404356,0.5007753,0.0,0.5165741,0
MC1_79540,MC1,79540,321,0,0.6440941,0.49638623,0.0,0.5166954,0
MC2_6950,MC2,6950,321,0,0.6426607,0.49709716,0.0,0.51666456,0
MC1_121911,MC1,121911,321,0,0.64328575,0.49627048,0.0,0.5166885,0
MC2_106,MC2,106,321,0,0.644833,0.49931768,0.0,0.51660484,0
MC1_33250,MC1,33250,321,0,0.6431374,0.4959019,0.0,0.5166988,0
MC2_10923,MC2,10923,321,0,0.6456562,0.4949365,0.0,0.51675755,0
MC2_2824,MC2,2824,320,0,0.6428111,0.4968563,0.0,0.516733,0
MC2_10490,MC2,10490,321,0,0.6445116,0.48780057,0.0,0.5169764,0
MC2_16857,MC2,16857,320,0,0.64652735,0.5015494,9.723739e-38,0.5165934,0
MC2_16739,MC2,16739,319,0,0.6414458,0.5000292,0.0,0.5166592,0
MC2_20875,MC2,20875,319,0,0.6417203,0.4969333,0.0,0.5167639,0
MC2_4707,MC2,4707,319,0,0.64196277,0.49670726,0.0,0.5167715,0
MC1_193703,MC1,193703,318,0,0.64375466,0.50685203,5.4642793e-27,0.51650983,0
MC2_15199,MC2,15199,281,0,0.6444865,0.5306182,0.6444865,0.517096,0
MC2_5144,MC2,5144,317,0,0.6405227,0.49443993,0.0,0.5169377,0
MC1_126038,MC1,126038,315,0,0.6427362,0.5012785,4.723863e-39,0.51727873,0
MC1_147989,MC1,147989,315,0,0.6441234,0.5118238,1.7068528e-18,0.5165059,0
MC1_70351,MC1,70351,314,0,0.64349407,0.50233036,7.2836086e-37,0.51756835,0
MC1_184625,MC1,184625,314,0,0.6432805,0.5019331,1.1858457e-37,0.5173015,0
MC1_179174,MC1,179174,315,0,0.64301926,0.50206167,1.816495e-37,0.5172441,0
MC1_147986,MC1,147986,315,0,0.6441234,0.5118238,1.7068528e-18,0.5165059,0
MC2_6136,MC2,6136,312,0,0.64036846,0.49255064,0.0,0.517184,0
MC1_135986,MC1,135986,310,0,0.6419255,0.49691582,0.0,0.5172106,0
MC1_169792,MC1,169792,309,0,0.6455827,0.5013071,2.4284575e-38,0.5175609,0
MC1_149940,MC1,149940,296,0,0.64191884,0.4952964,0.0,0.5179801,0
MC1_72776,MC1,72776,310,0,0.643094,0.49927044,0.0,0.51715034,0
MC2_2003,MC2,2003,310,0,0.64144856,0.49717787,0.0,0.5172107,0
MC1_14665,MC1,14665,309,0,0.6455827,0.50080353,2.955093e-38,0.517373,0
MC1_66140,MC1,66140,310,0,0.6420319,0.49639326,0.0,0.51723605,0
MC1_194235,MC1,194235,310,0,0.64612603,0.50112617,1.4006878e-38,0.5172976,0
MC1_72295,MC1,72295,310,0,0.643094,0.49903974,0.0,0.51714945,0
MC1_141603,MC1,141603,310,0,0.643094,0.49926886,0.0,0.5171476,0
MC1_147780,MC1,147780,307,0,0.6429727,0.49988922,0.0,0.51796687,0
MC1_46320,MC1,46320,310,0,0.6468411,0.50075436,2.0376778e-38,0.517124,0
MC1_86194,MC1,86194,310,0,0.64191884,0.49630308,0.0,0.51724625,0
MC1_50698,MC1,50698,310,0,0.64596444,0.50076437,2.1537443e-38,0.51711684,0
MC1_80111,MC1,80111,310,0,0.64562666,0.50124687,1.7147189e-38,0.5174859,0
MC1_83267,MC1,83267,24,0,0.6061884,0.14567308,9.201556e-36,0.6061884,0
MC2_23530,MC2,23530,296,0,0.64268947,0.5046649,2.2864843e-29,0.51768804,0
MC1_33821,MC1,33821,309,0,0.6465609,0.50311637,7.171077e-35,0.5175938,0
MC1_138066,MC1,138066,310,0,0.64583087,0.5023447,1.5549468e-36,0.5214923,0
MC2_12312,MC2,12312,310,0,0.64053714,0.4967359,0.0,0.5172193,0
MC1_64665,MC1,64665,308,0,0.6463715,0.5030823,9.3415095e-35,0.5173644,0
MC1_75082,MC1,75082,310,0,0.6415761,0.49689123,0.0,0.5172093,0
MC1_162395,MC1,162395,182,30,0.64589554,0.487146,2.8643928e-38,0.5237966,1
MC1_1230,MC1,1230,310,0,0.6461795,0.5014293,4.62826e-37,0.5171042,0
MC1_3300,MC1,3300,310,0,0.6467167,0.50138617,3.689589e-38,0.5178591,0
MC1_146177,MC1,146177,310,0,0.643094,0.4992695,0.0,0.5171498,0
MC1_140695,MC1,140695,309,0,0.64585674,0.50147945,5.3774206e-38,0.51736045,0
MC1_146373,MC1,146373,308,0,0.6466043,0.50804067,1.1808114e-24,0.5172593,0
MC1_146377,MC1,146377,308,0,0.64641804,0.5080339,1.2432238e-24,0.517256,0
MC1_124625,MC1,124625,306,0,0.6458892,0.4960519,0.0,0.51747006,0
MC2_19671,MC2,19671,304,0,0.5286766,0.5212184,0.5286766,0.5133222,0
MC2_22159,MC2,22159,304,0,0.55201983,0.52325195,0.55201983,0.5147106,0
MC1_63553,MC1,63553,304,0,0.52844715,0.5218451,0.52844715,0.51387936,0
MC1_21865,MC1,21865,304,0,0.528976,0.5221378,0.528976,0.51412,0
MC1_198093,MC1,198093,304,0,0.5289878,0.5221418,0.5289878,0.51412135,0
MC2_12399,MC2,12399,303,0,0.64337146,0.507794,1.3966001e-24,0.51737875,0
MC1_10831,MC1,10831,299,0,0.5066255,0.49888274,0.5066255,0.49125513,0
MC2_10955,MC2,10955,35,0,0.6404133,0.2166037,0.0,0.6385973,0
MC2_10296,MC2,10296,295,25,0.6422104,0.498821,0.0,0.51792353,1
MC1_37817,MC1,37817,296,0,0.64269006,0.4948546,0.0,0.517988,0
MC1_37818,MC1,37818,296,0,0.64269006,0.49485454,0.0,0.517988,0
MC1_22491,MC1,22491,296,0,0.6411468,0.49266052,0.0,0.5180636,0
MC1_100470,MC1,100470,289,0,0.52562094,0.5181216,0.52562094,0.5105723,0
MC2_473,MC2,473,286,0,0.6416212,0.52940243,0.6416212,0.51680857,0
MC1_178394,MC1,178394,274,0,0.6461029,0.52795434,0.004728562,0.5181972,0
MC1_191368,MC1,191368,273,0,0.52879107,0.39191866,0.0,0.5190317,0
MC1_29823,MC1,29823,273,0,0.64402854,0.4892808,0.0,0.51935613,0
MC1_83121,MC1,83121,257,0,0.6399068,0.48877555,0.0,0.520066,0
MC1_7251,MC1,7251,255,0,0.5035513,0.49690592,0.5035513,0.49027517,0
MC1_116170,MC1,116170,254,0,0.65536684,0.4942532,0.0,0.52098554,0
MC1_169178,MC1,169178,249,0,0.6405227,0.4878139,0.0,0.5204949,0
MC2_5804,MC2,5804,214,0,0.648146,0.4893051,0.0,0.5222861,0
MC1_48028,MC1,48028,206,0,0.5077332,0.5023904,0.5077332,0.49708515,0
MC1_20071,MC1,20071,206,0,0.64036846,0.48193341,0.0,0.52331597,0
MC1_158001,MC1,158001,206,0,0.50778794,0.50244445,0.50778794,0.49714312,0
MC1_18245,MC1,18245,185,0,0.5220449,0.51722634,0.5220449,0.5124203,0
MC1_183685,MC1,183685,199,0,0.5220356,0.5168507,0.5220356,0.51167715,0
MC1_187979,MC1,187979,199,0,0.52204335,0.51686573,0.52204335,0.511697,0
MC2_20554,MC2,20554,197,0,0.6561285,0.4724475,0.0,0.52338886,0
MC1_170567,MC1,170567,192,0,0.64054286,0.47818956,0.0,0.52355367,0
MC2_7330,MC2,7330,189,0,0.64791787,0.48963818,1.3868338e-36,0.5234367,0
MC2_12660,MC2,12660,189,0,0.64946204,0.48919973,5.4094156e-37,0.5234509,0
MC1_135427,MC1,135427,173,0,0.6405193,0.47173542,0.0,0.52447265,0
MC1_45052,MC1,45052,173,0,0.6408723,0.54001176,0.50781184,0.5231755,0
MC1_21902,MC1,21902,171,0,0.64072853,0.47114804,0.0,0.5252946,0
MC2_8026,MC2,8026,171,0,0.6541305,0.4537337,0.0,0.5249256,0
MC1_178635,MC1,178635,158,0,0.6405227,0.4677187,0.0,0.52523637,0
MC1_163472,MC1,163472,53,29,0.6411651,0.34142703,0.0,0.5658884,1
MC2_19373,MC2,19373,152,0,0.64151216,0.46500468,0.0,0.52556646,0
MC1_97096,MC1,97096,152,0,0.6458323,0.46474808,0.0,0.5255998,0
MC1_37117,MC1,37117,142,0,0.6412205,0.46240467,0.0,0.5260587,0
MC1_160897,MC1,160897,138,0,0.6403146,0.4597165,0.0,0.5270952,0
MC1_141443,MC1,141443,130,0,0.64342046,0.45551375,0.0,0.526711,0
MC1_77574,MC1,77574,124,0,0.64182454,0.42548177,0.0,0.527342,0
MC1_19026,MC1,19026,122,0,0.64050215,0.4501486,0.0,0.5271145,0
MC1_124415,MC1,124415,108,0,0.6348572,0.35984233,0.0,0.5279644,0
MC1_91118,MC1,91118,104,0,0.4896873,0.48699772,0.4896873,0.48432103,0
MC1_143343,MC1,143343,102,0,0.64833295,0.44086042,0.0,0.52826357,0
MC1_58321,MC1,58321,36,0,0.64127904,0.2290838,0.0,0.6372512,0
MC2_18971,MC2,18971,101,0,0.6405193,0.43864718,0.0,0.52811575,0
MC1_141039,MC1,141039,94,0,0.65405434,0.47979403,0.0,0.61706257,0
MC1_44755,MC1,44755,86,0,0.6392054,0.4143813,0.0,0.52868164,0
MC1_164925,MC1,164925,86,0,0.6441765,0.42108428,0.0,0.5289835,0
MC1_41055,MC1,41055,83,0,0.64430046,0.41642013,0.0,0.5286796,0
MC1_121170,MC1,121170,83,0,0.64436245,0.41714767,0.0,0.5290705,0
MC1_118923,MC1,118923,76,0,0.6404116,0.4037756,0.0,0.5289513,0
MC1_107379,MC1,107379,68,0,0.5283796,0.5268078,0.5283796,0.5250972,0
MC1_21629,MC1,21629,68,0,0.64143676,0.3874965,0.0,0.52918965,0
MC1_184115,MC1,184115,53,0,0.6426446,0.3601827,0.0,0.562278,0
MC1_198727,MC1,198727,67,0,0.64115286,0.39480817,0.0,0.5291823,0
MC1_72704,MC1,72704,60,0,0.6405724,0.36882386,0.0,0.54081833,0
MC1_5551,MC1,5551,60,0,0.63985205,0.3693975,0.0,0.54042125,0
MC1_93727,MC1,93727,59,0,0.64137834,0.36817756,0.0,0.54361594,0
MC1_151991,MC1,151991,55,0,0.6413136,0.3555663,0.0,0.55773705,0
MC1_18986,MC1,18986,55,0,0.6409343,0.35421994,0.0,0.55805075,0
MC1_42972,MC1,42972,47,0,0.63924503,0.30225292,0.0,0.59236497,0
MC1_172557,MC1,172557,45,0,0.64252645,0.31351936,0.0,0.59752476,0
MC1_151212,MC1,151212,43,0,0.64349294,0.28059968,0.0,0.610076,0
MC1_109871,MC1,109871,40,0,0.6439378,0.26751322,0.0,0.62412524,0
MC1_34611,MC1,34611,38,0,0.6427254,0.2484318,0.0,0.63281304,0
MC1_89072,MC1,89072,34,0,0.6419807,0.1959824,0.0,0.6419807,0
MC1_180941,MC1,180941,31,0,0.552238,0.07829203,0.0,0.552238,0
MC1_16672,MC1,16672,25,0,0.45639014,0.04694064,0.0,0.45639014,0
MC1_122940,MC1,122940,24,0,0.64311916,0.3681171,2.294915e-12,0.6366383,0
MC1_176153,MC1,176153,20,0,7.6241144e-05,3.9894226e-06,0.0,7.6241144e-05,0
MC1_171220,MC1,171220,20,0,0.00038847033,2.0894247e-05,0.0,0.00038847033,0
MC1_97229,MC1,97229,19,0,3.5694395e-06,1.9739002e-07,0.0,3.5694395e-06,0
MC1_59201,MC1,59201,13,0,3.099806e-16,2.3932416e-17,0.0,3.099806e-16,0
MC2_16895,MC2,16895,13,0,1.1227358e-15,8.665627e-17,0.0,1.1227358e-15,0
MC1_35648,MC1,35648,13,0,1.5263187e-16,1.1777467e-17,0.0,1.5263187e-16,0
MC1_60549,MC1,60549,12,0,8.1263645e-19,6.785331e-20,0.0,8.1263645e-19,0
MC1_151592,MC1,151592,11,0,2.311188e-21,2.1049668e-22,0.0,2.311188e-21,0
MC1_185741,MC1,185741,11,0,3.67741e-21,3.3493845e-22,0.0,3.67741e-21,0
MC1_100012,MC1,100012,10,0,1.2075006e-23,1.2092447e-24,0.0,1.2075006e-23,0
MC2_22145,MC2,22145,5,0,0.5248323,0.5247288,0.5248323,0.5246249,0
