model,disk_id,drive_score,drive_label,n_final_windows,final_window_start,final_window_end
MA1,448,0.5391048192977905,0,30,2019-05-14,2019-06-12
MA1,527,0.5402526259422302,0,30,2019-10-10,2019-11-08
MA1,747,0.5474314093589783,0,30,2019-10-10,2019-11-08
MA1,839,0.5806025862693787,0,30,2019-09-27,2019-10-26
MA1,960,0.5189980864524841,0,30,2019-10-10,2019-11-08
MA1,977,0.5485676527023315,0,30,2019-10-10,2019-11-08
MA1,2078,0.5698179006576538,0,27,2018-02-01,2018-02-27
MA1,2154,0.5318962931632996,0,30,2018-08-17,2018-11-08
MA1,2192,0.5385833978652954,0,30,2019-10-06,2019-11-04
MA1,2278,0.5528899431228638,0,30,2019-10-10,2019-11-08
MA1,2412,0.5808120369911194,0,30,2019-10-10,2019-11-08
MA1,2564,0.5244651436805725,0,30,2019-10-10,2019-11-08
MA1,2859,0.570847749710083,0,4,2018-02-01,2018-02-04
MA1,2869,0.5701934695243835,0,4,2018-02-01,2018-02-04
MA1,3341,0.5269962549209595,0,30,2019-08-19,2019-10-17
MA1,3449,0.556502640247345,0,30,2019-02-07,2019-03-08
MA1,3583,0.5665892958641052,0,30,2018-08-11,2018-09-09
MA1,3729,0.5538430213928223,0,30,2019-10-10,2019-11-08
MA1,3798,0.5709912776947021,0,30,2018-09-02,2019-01-02
MA1,4374,0.5390453934669495,0,30,2019-09-22,2019-10-21
MA1,5048,0.5491394996643066,0,30,2019-10-10,2019-11-08
MA1,5085,0.5699034929275513,0,30,2019-09-27,2019-10-26
MA1,5249,0.5501611232757568,0,30,2019-10-10,2019-11-08
MA1,5328,0.5740076899528503,0,30,2019-09-10,2019-11-08
MA1,5474,0.5729095339775085,0,30,2019-01-28,2019-02-26
MA1,5666,0.6103507280349731,0,30,2018-03-23,2018-11-08
MA1,6095,0.5679485201835632,0,30,2018-08-04,2018-09-02
MA1,6099,0.5680485367774963,0,30,2018-08-04,2018-09-02
MA1,6177,0.5456458330154419,0,30,2019-09-10,2019-11-08
MA1,6199,0.5176114439964294,0,30,2019-09-16,2019-10-15
MA1,6465,0.5412055850028992,0,30,2019-08-21,2019-09-19
MA1,6553,0.5614665150642395,0,30,2018-03-28,2018-10-13
MA1,6691,0.5656166076660156,0,30,2018-09-20,2018-10-19
MA1,6714,0.5491921901702881,0,30,2019-10-10,2019-11-08
MA1,6741,0.5510846972465515,0,30,2019-10-10,2019-11-08
MA1,6790,0.5219789743423462,0,30,2019-09-17,2019-10-16
MA1,6794,0.5219475626945496,0,30,2019-09-17,2019-10-16
MA1,7191,0.5461621284484863,0,30,2019-10-10,2019-11-08
MA1,7399,0.5798867344856262,0,30,2018-07-12,2018-09-09
MA1,7529,0.5474590063095093,0,30,2019-06-06,2019-08-04
MA1,7652,0.5762308239936829,0,30,2018-07-13,2018-11-07
MA1,7657,0.5754081010818481,0,30,2018-07-13,2018-11-07
MA1,7788,0.5684205293655396,0,30,2019-10-10,2019-11-08
MA1,8496,0.5732383131980896,0,30,2019-10-10,2019-11-08
MA1,8586,0.5404372215270996,0,30,2019-09-10,2019-11-08
MA1,8635,0.5412620902061462,0,30,2019-10-10,2019-11-08
MA1,8867,0.543773889541626,0,30,2019-10-10,2019-11-08
MA1,8878,0.5591582655906677,0,30,2019-10-10,2019-11-08
MA1,8956,0.5650525689125061,1,30,2018-08-30,2018-09-28
MA1,9186,0.6084874272346497,0,30,2018-12-12,2019-02-09
MA1,9559,0.5612383484840393,0,30,2018-03-25,2018-05-23
MA1,9584,0.5701590776443481,0,30,2018-11-04,2019-03-08
MA1,9836,0.565283477306366,0,30,2019-06-08,2019-09-06
MA1,9841,0.5690552592277527,0,30,2018-08-11,2018-09-09
MA1,10021,0.5946424007415771,0,30,2018-03-21,2018-10-05
MA1,10091,0.5820072889328003,0,30,2018-12-25,2019-01-23
MA1,10094,0.5725902318954468,0,30,2018-12-25,2019-01-23
MA1,10111,0.5554220676422119,0,30,2019-09-20,2019-10-19
MA1,10288,0.5461945533752441,0,30,2019-09-27,2019-10-26
MA1,10601,0.5647150874137878,0,30,2019-01-14,2019-02-12
MA1,10633,0.5257391929626465,0,30,2019-10-10,2019-11-08
MA1,10662,0.5525011420249939,0,30,2019-09-10,2019-11-08
MA1,10890,0.29194334149360657,0,30,2018-06-12,2018-09-09
MA1,11096,0.5579615235328674,0,30,2018-10-10,2018-11-08
MA1,11218,0.5345876216888428,0,30,2019-09-10,2019-11-08
MA1,11226,0.5334925055503845,0,30,2019-09-10,2019-11-08
MA1,11227,0.5334962606430054,0,30,2019-09-10,2019-11-08
MA1,11276,0.5707865357398987,0,30,2018-08-08,2018-09-06
MA1,11348,0.5430583953857422,0,30,2019-05-14,2019-06-12
MA1,11505,0.5396018624305725,0,30,2019-05-14,2019-06-12
MA1,11561,0.600988507270813,0,30,2018-08-11,2018-09-09
MA1,12240,0.5856353044509888,1,30,2018-12-18,2019-01-16
MA1,12576,0.5391462445259094,0,30,2019-09-27,2019-10-26
MA1,12831,0.5685790181159973,0,30,2018-08-17,2018-11-08
MA1,13503,0.5414633750915527,0,30,2018-08-11,2018-09-09
MA1,13822,0.5675866007804871,0,30,2019-03-25,2019-06-12
MA1,14013,0.5392783284187317,0,30,2019-01-17,2019-02-15
MA1,14546,0.5519019961357117,0,30,2019-09-24,2019-10-23
MA1,14850,0.5571826696395874,0,30,2019-08-22,2019-09-20
MA1,15010,0.5410803556442261,0,30,2019-09-27,2019-10-26
MA1,15025,0.5708302855491638,0,30,2018-07-12,2018-09-09
MA1,15061,0.5734586119651794,0,30,2019-10-10,2019-11-08
MA1,15242,0.5515835881233215,0,30,2019-10-10,2019-11-08
MA1,15402,0.5546777844429016,0,30,2019-03-04,2019-04-02
MA1,15609,0.5675479769706726,0,30,2018-08-11,2018-09-09
MA1,15716,0.5602790713310242,0,30,2018-10-21,2018-12-22
MA1,15948,0.5649933218955994,0,30,2019-10-10,2019-11-08
MA1,15976,0.5241466164588928,0,30,2019-09-27,2019-10-26
MA1,16233,0.5794818997383118,0,30,2018-02-28,2018-04-28
MA1,16251,0.5894622802734375,0,30,2018-07-12,2018-09-09
MA1,16402,0.5601480603218079,0,30,2018-09-17,2018-10-16
MA1,16549,0.27264758944511414,0,30,2019-01-17,2019-02-15
MA1,16817,0.5636220574378967,0,30,2018-08-30,2019-03-08
MA1,16932,0.5417775511741638,0,30,2018-08-17,2018-11-08
MA1,17344,0.5670967102050781,0,30,2018-08-11,2018-09-09
MA1,17482,0.5630521774291992,0,30,2019-04-14,2019-06-12
MA1,17728,0.5589009523391724,0,30,2019-01-02,2019-01-31
MA1,18000,0.5963378548622131,0,30,2019-10-10,2019-11-08
MA1,18069,0.292169988155365,0,30,2019-09-03,2019-11-08
MA1,18117,0.5513148307800293,0,30,2019-03-14,2019-04-12
MA1,18458,0.539773166179657,0,30,2019-10-10,2019-11-08
MA1,18493,0.565470278263092,0,30,2018-07-23,2018-11-08
MA1,18648,0.5711135864257812,0,30,2018-03-20,2018-04-18
MA1,18769,0.5637015700340271,0,30,2019-01-21,2019-02-19
MA1,19406,0.5619682669639587,0,30,2018-07-12,2018-09-09
MA1,19423,0.5255541801452637,0,30,2019-09-27,2019-10-26
MA1,19481,0.5827808380126953,0,30,2019-05-14,2019-06-12
MA1,19551,0.579739511013031,0,30,2018-06-15,2018-07-14
MA1,19697,0.5338794589042664,0,30,2019-09-27,2019-10-26
MA1,19780,0.606303870677948,0,30,2019-10-04,2019-11-02
MA1,20003,0.5764031410217285,0,30,2018-09-09,2019-02-02
MA1,20162,0.600147008895874,0,30,2018-07-12,2018-09-09
MA1,20221,0.5394877195358276,0,30,2019-10-10,2019-11-08
MA1,20297,0.5243094563484192,0,30,2019-08-21,2019-09-19
MA1,20472,0.5464526414871216,0,30,2018-08-07,2018-09-05
MA1,20514,0.5409343838691711,0,30,2019-09-19,2019-10-18
MA1,20828,0.5719786882400513,0,30,2019-10-10,2019-11-08
MA1,21256,0.536332905292511,0,30,2019-09-27,2019-10-26
MA1,21435,0.5525903105735779,0,30,2018-08-11,2018-09-09
MA1,21469,0.5602391958236694,0,30,2018-08-19,2018-12-13
MA1,21519,0.5377287268638611,0,30,2019-10-10,2019-11-08
MA1,22039,0.565216064453125,0,30,2018-03-20,2018-04-18
MA1,22473,0.5979806184768677,0,30,2018-04-01,2018-09-18
MA1,22522,0.5518009066581726,1,30,2019-01-21,2019-02-19
MA1,22523,0.5360053181648254,0,30,2019-09-27,2019-10-26
MA1,23063,0.5651469230651855,0,30,2019-03-28,2019-04-26
MA1,23171,0.5621470808982849,0,30,2018-03-20,2018-04-18
MA1,23665,0.537627637386322,0,30,2019-10-10,2019-11-08
MA1,23701,0.5437018871307373,0,30,2019-09-18,2019-10-17
MA1,23879,0.5420197248458862,0,30,2019-10-10,2019-11-08
MA1,24031,0.5730748772621155,0,16,2018-02-01,2018-02-16
MA1,24096,0.5330744981765747,0,30,2019-10-10,2019-11-08
MA1,24146,0.5356906652450562,0,30,2019-08-28,2019-10-26
MA1,24317,0.5487045049667358,0,30,2019-09-10,2019-11-08
MA1,24466,0.5784658193588257,0,30,2018-03-20,2018-04-18
MA1,24529,0.5905572175979614,0,30,2019-08-29,2019-09-27
MA1,24560,0.5635509490966797,0,30,2018-04-11,2018-06-09
MA1,24629,0.5960216522216797,0,30,2018-08-11,2018-09-09
MA1,24789,0.5619035959243774,0,30,2018-07-12,2018-09-09
MA1,24905,0.5377801656723022,0,30,2019-10-10,2019-11-08
MA1,24911,0.5237012505531311,0,30,2019-09-27,2019-10-26
MA1,24941,0.5441030263900757,0,30,2019-09-27,2019-10-26
MA1,25023,0.5352818369865417,0,30,2019-09-06,2019-11-04
MA1,25420,0.567245364189148,0,30,2018-07-13,2018-08-11
MA1,25743,0.5633231997489929,0,30,2018-08-11,2018-09-09
MA1,25836,0.5633074045181274,0,30,2018-06-28,2018-07-27
MA1,26311,0.5559288263320923,1,30,2018-06-28,2018-07-27
MA1,26472,0.5419076681137085,0,30,2019-08-26,2019-09-24
MA1,26675,0.5440016984939575,0,30,2019-09-10,2019-11-08
MA1,27229,0.5381715893745422,0,30,2019-01-25,2019-02-23
MA1,27350,0.6082420945167542,0,30,2019-05-14,2019-06-12
MA1,27709,0.5816442370414734,0,30,2019-05-14,2019-06-12
MA1,27907,0.541459858417511,0,30,2019-07-28,2019-08-26
MA1,27954,0.549330472946167,0,30,2019-10-10,2019-11-08
MA1,28335,0.543587863445282,0,30,2019-09-27,2019-10-26
MA1,28425,0.5571643114089966,0,30,2019-10-10,2019-11-08
MA1,28458,0.5774700045585632,0,30,2019-09-27,2019-10-26
MA1,28564,0.5405771732330322,0,30,2019-04-02,2019-06-12
MA1,28588,0.5333921313285828,0,30,2019-10-10,2019-11-08
MA1,28595,0.5806339383125305,0,30,2018-03-09,2018-04-07
MA1,28837,0.5800244212150574,0,30,2019-09-18,2019-10-17
MA1,28873,0.5506346821784973,0,30,2019-09-21,2019-10-20
MA1,29029,0.5642183423042297,0,30,2019-01-28,2019-02-26
MA1,29444,0.5738045573234558,0,30,2018-06-28,2018-09-09
MA1,29721,0.5595883131027222,0,30,2019-02-06,2019-04-06
MA1,29847,0.5287905335426331,0,30,2019-01-13,2019-02-11
MA1,29875,0.5475442409515381,0,30,2019-10-04,2019-11-02
MA1,30006,0.538020133972168,0,30,2019-10-10,2019-11-08
MA1,30748,0.5712435245513916,0,30,2019-10-10,2019-11-08
MA1,30813,0.5539416670799255,0,30,2019-10-10,2019-11-08
MA1,30863,0.5389010310173035,0,30,2019-10-10,2019-11-08
MA1,30962,0.5779444575309753,0,30,2018-07-01,2018-11-08
MA1,31228,0.5330396890640259,0,30,2019-10-10,2019-11-08
MA1,31297,0.5340778231620789,0,30,2019-03-14,2019-04-12
MA1,31419,0.5606639981269836,0,30,2019-06-06,2019-08-04
MA1,31523,0.2944428026676178,0,30,2019-01-21,2019-02-19
MA1,31712,0.5629292726516724,0,30,2019-05-14,2019-06-12
MA1,31771,0.5417309403419495,0,30,2019-10-10,2019-11-08
MA1,31776,0.5428321361541748,0,30,2019-03-14,2019-04-12
MA1,31999,0.5461653470993042,0,30,2019-10-10,2019-11-08
MA1,32135,0.5667264461517334,0,30,2018-08-11,2018-09-09
MA1,32224,0.5539785623550415,0,30,2018-12-27,2019-01-25
MA1,32239,0.5584004521369934,0,30,2019-10-10,2019-11-08
MA1,32265,0.5364598035812378,0,30,2019-02-07,2019-03-08
MA1,32480,0.5697284936904907,1,30,2018-07-12,2018-08-10
MA1,32661,0.5706484913825989,0,30,2019-10-10,2019-11-08
MA1,32764,0.566368818283081,0,30,2019-02-07,2019-03-08
MA1,32999,0.5655527710914612,1,30,2018-06-28,2018-07-27
MA1,33000,0.551201343536377,0,30,2019-03-14,2019-04-12
MA1,33047,0.5546984076499939,0,30,2019-04-14,2019-06-12
MA1,33146,0.5681914687156677,0,30,2019-01-14,2019-02-12
MA1,33186,0.5635766386985779,0,30,2018-09-21,2018-12-22
MA1,33280,0.5546831488609314,0,30,2019-03-04,2019-04-02
MA1,33332,0.5671171545982361,0,30,2019-09-10,2019-11-08
MA1,33681,0.5454550385475159,0,30,2019-03-14,2019-04-12
MA1,33735,0.5631136894226074,0,30,2018-07-01,2018-09-09
MA1,33990,0.533974289894104,0,30,2019-09-05,2019-10-04
MA1,34127,0.5703710317611694,0,30,2018-08-11,2018-09-09
MA1,34297,0.5764095783233643,0,30,2018-07-02,2018-09-09
MA1,34303,0.5668238997459412,0,30,2018-07-10,2018-09-09
MA1,34463,0.5272974371910095,0,30,2019-10-10,2019-11-08
MA1,34826,0.5370393991470337,0,30,2019-09-27,2019-10-26
MA1,35122,0.5284707546234131,0,30,2019-09-05,2019-11-03
MA1,35391,0.5479519367218018,0,30,2018-10-06,2018-11-04
MA1,35723,0.5754827857017517,0,30,2018-07-12,2018-09-09
MA1,35748,0.5377122759819031,0,30,2019-02-07,2019-03-08
MA1,35918,0.5698727369308472,0,30,2018-04-17,2018-11-03
MA1,35988,0.5383340716362,0,30,2019-10-10,2019-11-08
MA1,36312,0.5402244925498962,0,30,2019-09-27,2019-10-26
MA1,37052,0.5373497009277344,0,30,2019-01-17,2019-02-15
MA1,37349,0.5635526776313782,0,30,2018-10-08,2018-11-06
MA1,37713,0.5581895709037781,0,30,2019-10-10,2019-11-08
MA1,37928,0.5416162610054016,0,30,2019-09-27,2019-10-26
MA1,37932,0.5416346788406372,0,30,2019-09-27,2019-10-26
MA1,38397,0.5635790228843689,0,30,2018-07-28,2018-08-26
MA1,38463,0.5629467964172363,0,30,2019-05-31,2019-07-29
MA1,38464,0.5629104971885681,0,30,2019-05-31,2019-07-29
MA1,38704,0.5685842037200928,0,30,2018-08-17,2018-11-08
MA1,39096,0.5781084299087524,0,30,2019-05-14,2019-06-12
MA1,40052,0.5512174963951111,0,30,2019-10-06,2019-11-04
MA1,41003,0.5920443534851074,0,30,2018-08-28,2018-12-22
MA1,41051,0.5319821834564209,0,30,2019-01-13,2019-02-11
MA1,41100,0.5464547872543335,0,30,2018-08-11,2018-09-09
MA1,41167,0.5772679448127747,1,30,2018-09-17,2018-12-20
MA1,41388,0.5591018795967102,0,30,2018-10-10,2018-11-08
MA1,41855,0.5605844855308533,0,30,2018-04-13,2018-10-30
MA1,41878,0.5418218374252319,0,30,2019-02-12,2019-04-12
MA1,41925,0.56578528881073,0,30,2018-07-16,2018-08-14
MA1,41942,0.5403409004211426,0,30,2019-10-06,2019-11-04
MA1,41969,0.562687337398529,0,30,2018-03-29,2018-05-27
MA1,42274,0.5704989433288574,0,30,2018-07-12,2018-09-09
MA1,42290,0.5684025287628174,0,30,2019-02-08,2019-03-09
MA1,42386,0.5691588521003723,0,30,2019-10-10,2019-11-08
MA1,42574,0.5626798272132874,0,12,2018-02-01,2018-03-14
MA1,42724,0.575107753276825,0,30,2018-12-25,2019-01-23
MA1,43119,0.5637344121932983,0,30,2018-03-29,2018-05-27
MA2,151,0.25940415263175964,0,30,2019-09-27,2019-10-26
MA2,510,0.2340959906578064,0,30,2019-04-13,2019-05-12
MA2,694,0.21488216519355774,0,30,2019-10-10,2019-11-08
MA2,748,0.27110999822616577,0,30,2019-08-27,2019-09-25
MA2,997,0.23104192316532135,0,30,2019-10-10,2019-11-08
MA2,1126,0.1742369830608368,0,30,2019-03-28,2019-04-26
MA2,1224,0.26753005385398865,0,30,2019-10-10,2019-11-08
MA2,1276,0.20949995517730713,0,30,2019-02-08,2019-04-08
MA2,1571,0.2448684126138687,0,30,2019-08-22,2019-10-26
MA2,1628,0.25504299998283386,0,30,2019-04-04,2019-05-03
MA2,1681,0.2427935153245926,0,30,2018-06-12,2018-09-09
MA2,1837,0.24158655107021332,0,30,2019-01-19,2019-02-17
MA2,1922,0.2711411714553833,0,30,2019-10-10,2019-11-08
MA2,1950,0.326950341463089,0,30,2019-09-27,2019-10-26
MA2,1966,0.24511191248893738,0,30,2019-03-18,2019-04-16
MA2,2071,0.20507653057575226,0,30,2019-10-10,2019-11-08
MA2,2094,0.55750572681427,0,30,2018-08-11,2018-09-09
MA2,2140,0.3745441436767578,0,30,2019-05-06,2019-06-04
MA2,2158,0.24794042110443115,0,30,2019-10-10,2019-11-08
MA2,2277,0.2725565731525421,0,30,2019-08-29,2019-09-27
MA2,2371,0.32243332266807556,0,30,2018-03-08,2018-04-06
MA2,2462,0.22642214596271515,0,30,2018-07-23,2018-12-16
MA2,2582,0.20708535611629486,0,30,2019-09-27,2019-10-26
MA2,2749,0.23352129757404327,0,30,2019-10-10,2019-11-08
MA2,2991,0.203250452876091,0,30,2019-01-24,2019-03-24
MA2,3115,0.25928089022636414,0,30,2019-09-12,2019-10-11
MA2,3187,0.2495303601026535,0,30,2019-08-29,2019-09-27
MA2,3306,0.1949179321527481,0,30,2019-09-03,2019-11-08
MA2,3368,0.23780940473079681,0,30,2019-02-12,2019-04-12
MA2,3374,0.20844386518001556,0,30,2019-02-15,2019-03-16
MA2,3569,0.19942861795425415,0,30,2019-10-10,2019-11-08
MA2,3684,0.19967760145664215,0,30,2019-09-06,2019-10-05
MA2,3707,0.2705419659614563,0,30,2019-09-12,2019-10-11
MA2,3894,0.3635871708393097,0,30,2019-09-27,2019-10-26
MA2,4139,0.21460047364234924,0,30,2019-09-17,2019-10-16
MA2,4488,0.1892530769109726,0,30,2019-10-10,2019-11-08
MA2,4559,0.2396300733089447,0,30,2019-10-10,2019-11-08
MA2,4629,0.29209452867507935,0,30,2018-07-12,2018-09-09
MA2,4698,0.2881127595901489,0,30,2019-08-28,2019-09-26
MA2,4747,0.2430223971605301,0,30,2019-09-19,2019-10-18
MA2,4963,0.23193827271461487,0,30,2019-10-07,2019-11-05
MA2,5011,0.22046729922294617,0,30,2019-10-10,2019-11-08
MA2,5174,0.23106928169727325,0,30,2018-08-23,2018-12-22
MA2,5238,0.2404780089855194,0,30,2019-10-10,2019-11-08
MA2,5290,0.25400859117507935,0,30,2019-09-27,2019-10-26
MA2,5298,0.24500125646591187,0,30,2019-09-27,2019-10-26
MA2,5345,0.21166057884693146,0,30,2019-09-27,2019-10-26
MA2,5576,0.2880975306034088,0,30,2019-10-10,2019-11-08
MA2,5730,0.2581712305545807,0,30,2019-06-08,2019-08-06
MA2,5951,0.2657952606678009,0,30,2018-12-16,2019-01-14
MA2,6052,0.2021244913339615,0,30,2018-12-27,2019-01-25
MA2,6092,0.2112354189157486,0,30,2019-10-10,2019-11-08
MA2,6095,0.21778613328933716,0,30,2018-12-27,2019-01-25
MA2,6138,0.23421910405158997,0,30,2019-09-26,2019-10-25
MA2,6180,0.30837658047676086,0,30,2018-08-11,2018-09-09
MA2,6323,0.21541203558444977,0,30,2019-01-13,2019-02-11
MA2,6409,0.23593825101852417,0,30,2019-10-10,2019-11-08
MA2,6445,0.2740786075592041,0,30,2019-08-30,2019-10-28
MA2,6587,0.2504570186138153,0,30,2018-08-21,2018-12-22
MA2,6647,0.28466880321502686,0,30,2018-10-10,2018-11-08
MA2,6655,0.19372190535068512,1,30,2019-01-26,2019-02-24
MA2,6679,0.28035861253738403,0,30,2019-09-28,2019-10-27
MA2,6734,0.17556066811084747,0,30,2019-10-02,2019-10-31
MA2,7247,0.2068815380334854,0,30,2019-10-10,2019-11-08
MA2,7448,0.23290126025676727,0,30,2019-01-13,2019-02-11
MA2,7604,0.2548290491104126,0,30,2019-10-10,2019-11-08
MA2,7605,0.2641115188598633,0,30,2019-10-10,2019-11-08
MA2,7644,0.20150747895240784,0,30,2019-01-24,2019-03-24
MA2,7645,0.20496170222759247,0,30,2019-01-24,2019-03-24
MA2,7781,0.2656184136867523,0,30,2018-06-30,2018-11-08
MA2,8159,0.20041204988956451,0,30,2019-01-17,2019-03-23
MA2,8306,0.19917505979537964,0,30,2019-10-10,2019-11-08
MA2,8397,0.18470171093940735,0,30,2019-09-10,2019-11-08
MA2,8515,0.23394043743610382,0,30,2018-09-05,2018-12-30
MA2,8562,0.2839653491973877,0,30,2019-04-16,2019-05-15
MA2,8701,0.24526843428611755,0,30,2019-09-05,2019-11-03
MA2,8721,0.3014313280582428,0,30,2018-04-11,2018-09-09
MA2,8725,0.2063819020986557,0,30,2019-10-10,2019-11-08
MA2,8794,0.2552042603492737,0,30,2019-09-13,2019-10-12
MA2,8847,0.20327918231487274,0,30,2019-04-11,2019-06-12
MA2,9146,0.23313596844673157,0,30,2019-10-10,2019-11-08
MA2,9383,0.22063545882701874,0,30,2019-08-21,2019-09-19
MA2,9482,0.20079272985458374,0,30,2018-08-28,2018-12-31
MA2,9593,0.19702911376953125,0,30,2019-05-17,2019-07-15
MA2,9719,0.2840101420879364,0,30,2019-07-25,2019-10-26
MA2,9937,0.2287570983171463,0,30,2018-06-28,2018-07-27
MA2,10163,0.27582788467407227,0,30,2019-09-27,2019-10-26
MA2,10234,0.23173482716083527,0,30,2019-10-10,2019-11-08
MA2,10251,0.3085593283176422,0,30,2018-07-11,2018-09-09
MA2,10351,0.25992655754089355,0,30,2018-09-02,2018-10-01
MA2,10384,0.22911910712718964,0,30,2019-10-07,2019-11-05
MA2,10421,0.24798202514648438,0,30,2019-10-10,2019-11-08
MA2,10431,0.2079460322856903,0,30,2019-09-17,2019-10-16
MA2,10456,0.27359235286712646,0,30,2019-10-10,2019-11-08
MA2,10800,0.2002999484539032,0,30,2019-10-10,2019-11-08
MA2,10896,0.23022113740444183,0,30,2019-02-01,2019-03-02
MA2,10933,0.19519959390163422,0,30,2019-10-10,2019-11-08
MA2,10936,0.20017223060131073,0,30,2019-05-30,2019-07-28
MA2,10941,0.22112306952476501,0,30,2019-09-13,2019-10-12
MA2,10948,0.22072136402130127,0,30,2019-09-13,2019-10-12
MA2,11079,0.1964336782693863,0,30,2019-09-10,2019-11-08
MA2,11473,0.19354861974716187,0,30,2019-10-10,2019-11-08
MA2,11475,0.18574689328670502,0,30,2019-10-10,2019-11-08
MA2,11476,0.18572969734668732,0,30,2019-10-10,2019-11-08
MA2,11503,0.32875287532806396,0,30,2019-10-10,2019-11-08
MA2,11653,0.26807162165641785,0,30,2019-09-28,2019-10-27
MA2,11686,0.3652481138706207,0,30,2019-01-29,2019-02-27
MA2,11745,0.2335365265607834,0,30,2019-09-27,2019-10-26
MA2,11840,0.18561674654483795,0,30,2019-10-10,2019-11-08
MA2,11957,0.19018930196762085,0,30,2019-10-02,2019-10-31
MA2,12002,0.2438722401857376,0,30,2019-10-10,2019-11-08
MA2,12044,0.4934026598930359,0,30,2018-07-21,2018-09-18
MA2,12109,0.1855422407388687,0,30,2019-10-10,2019-11-08
MA2,12219,0.19485051929950714,0,30,2019-03-19,2019-04-17
MA2,12243,0.24596968293190002,0,30,2019-09-27,2019-10-26
MA2,12365,0.23562006652355194,0,30,2019-09-27,2019-10-26
MA2,12587,0.2209748923778534,0,30,2019-04-03,2019-05-02
MA2,12817,0.2923683524131775,0,30,2019-09-27,2019-10-26
MA2,13056,0.30003422498703003,0,30,2018-03-23,2018-05-21
MA2,13085,0.19762717187404633,0,30,2019-10-10,2019-11-08
MA2,13167,0.21413704752922058,0,30,2019-10-10,2019-11-08
MA2,13217,0.4827895760536194,1,13,2018-02-01,2018-02-13
MA2,13382,0.2383558750152588,0,30,2019-03-15,2019-04-13
MA2,13447,0.3445127308368683,0,30,2019-10-10,2019-11-08
MA2,13800,0.24859751760959625,0,30,2019-10-10,2019-11-08
MA2,13836,0.2088959962129593,0,30,2019-10-10,2019-11-08
MA2,13967,0.26830995082855225,0,30,2019-09-27,2019-10-26
MA2,13998,0.26668912172317505,0,30,2019-08-28,2019-09-26
MA2,14310,0.19603407382965088,0,30,2019-10-10,2019-11-08
MA2,14419,0.25068721175193787,0,30,2018-12-30,2019-01-28
MA2,14897,0.3436243236064911,0,30,2019-09-20,2019-10-19
MA2,15342,0.21735848486423492,0,30,2019-10-10,2019-11-08
MA2,15764,0.24198809266090393,0,30,2019-09-27,2019-10-26
MA2,15810,0.24797211587429047,0,30,2019-10-10,2019-11-08
MA2,15936,0.18139775097370148,0,30,2019-10-10,2019-11-08
MA2,16034,0.17836308479309082,0,30,2019-09-10,2019-11-08
MA2,16330,0.21177326142787933,0,30,2019-05-17,2019-07-15
MA2,16426,0.28641635179519653,0,30,2019-10-10,2019-11-08
MA2,16784,0.16488869488239288,0,30,2019-10-10,2019-11-08
MA2,16852,0.22676615417003632,0,30,2019-09-27,2019-10-26
MA2,17018,0.2356729507446289,0,30,2019-10-10,2019-11-08
MA2,17086,0.26044440269470215,0,30,2018-07-28,2018-08-26
MA2,17122,0.3460177779197693,0,30,2019-03-09,2019-04-07
MA2,17126,0.35180941224098206,0,30,2019-03-09,2019-04-07
MA2,17343,0.2070210874080658,0,30,2019-10-10,2019-11-08
MA2,17422,0.19699351489543915,0,30,2019-03-05,2019-04-03
MA2,17438,0.27744966745376587,0,30,2019-03-17,2019-04-15
MA2,17515,0.17591769993305206,0,30,2019-10-10,2019-11-08
MA2,17526,0.28078916668891907,0,30,2019-08-28,2019-10-26
MA2,17739,0.19100794196128845,0,30,2019-09-10,2019-11-08
MA2,17834,0.4055040180683136,0,30,2018-09-10,2018-10-09
MA2,18111,0.292973130941391,0,30,2019-10-10,2019-11-08
MA2,18304,0.25324228405952454,0,30,2019-09-27,2019-10-26
MA2,18670,0.3145272433757782,0,30,2019-09-19,2019-10-18
MA2,18982,0.1790001541376114,0,30,2019-10-10,2019-11-08
MA2,19256,0.33648088574409485,0,30,2019-03-06,2019-05-04
MA2,19295,0.2731531262397766,0,30,2019-09-27,2019-10-26
MA2,19366,0.25820136070251465,0,30,2019-09-27,2019-10-26
MA2,19627,0.20262007415294647,0,30,2019-03-09,2019-04-07
MA2,19692,0.19674207270145416,0,30,2019-08-12,2019-10-26
MA2,19700,0.22509001195430756,0,30,2019-10-10,2019-11-08
MA2,19945,0.34042641520500183,0,30,2018-09-06,2018-10-05
MA2,20081,0.2205224484205246,0,30,2019-05-23,2019-07-21
MA2,20124,0.22105994820594788,0,30,2019-10-10,2019-11-08
MA2,20164,0.2293034791946411,0,30,2019-10-10,2019-11-08
MA2,20203,0.3237323462963104,0,30,2019-02-12,2019-03-13
MA2,20535,0.2366713583469391,0,30,2019-10-10,2019-11-08
MA2,21117,0.22754837572574615,0,30,2019-04-02,2019-05-01
MA2,21336,0.2453916072845459,0,30,2019-08-10,2019-09-08
MA2,21401,0.24352122843265533,0,30,2019-10-10,2019-11-08
MA2,21714,0.25441983342170715,0,30,2018-12-30,2019-01-28
MA2,21725,0.26481449604034424,0,30,2018-10-10,2018-11-08
MA2,21981,0.224190816283226,0,30,2019-09-05,2019-11-03
MA2,22163,0.28878453373908997,0,30,2019-10-10,2019-11-08
MA2,22213,0.29350998997688293,0,30,2019-10-10,2019-11-08
MA2,22223,0.26662102341651917,0,30,2019-09-27,2019-10-26
MA2,22355,0.24286773800849915,0,30,2019-10-10,2019-11-08
MA2,22418,0.22045056521892548,0,30,2019-10-10,2019-11-08
MA2,22467,0.2042040228843689,0,30,2019-10-10,2019-11-08
MA2,22605,0.20688913762569427,0,30,2019-09-15,2019-10-14
MA2,22743,0.42456328868865967,0,30,2018-12-31,2019-01-29
MA2,22776,0.20668931305408478,0,30,2019-09-05,2019-10-04
MA2,22852,0.22846485674381256,0,30,2019-04-02,2019-05-01
MA2,22950,0.31754618883132935,0,30,2019-05-14,2019-06-12
MA2,22998,0.2300150841474533,0,30,2019-03-05,2019-04-03
MA2,23040,0.27899444103240967,0,30,2019-05-14,2019-06-12
MA2,23062,0.21787722408771515,0,30,2019-04-09,2019-06-12
MA2,23116,0.25675997138023376,0,30,2018-07-12,2018-08-10
MA2,23167,0.27867719531059265,0,30,2019-04-25,2019-07-13
MA2,23219,0.2129802703857422,0,30,2019-10-10,2019-11-08
MA2,23258,0.24738696217536926,0,30,2019-09-10,2019-11-08
MA2,23508,0.21775297820568085,0,30,2019-10-04,2019-11-02
MA2,23560,0.2047654688358307,0,30,2018-12-31,2019-01-29
MA2,23565,0.2660042643547058,0,30,2019-10-10,2019-11-08
MA2,23592,0.2652147710323334,0,30,2018-07-04,2018-11-08
MA2,23618,0.2416590452194214,0,30,2018-03-20,2018-04-18
MA2,23782,0.2364742010831833,0,30,2019-10-10,2019-11-08
MA2,24100,0.18895934522151947,0,30,2019-10-01,2019-10-30
MA2,24191,0.19295790791511536,0,30,2019-10-10,2019-11-08
MA2,24559,0.18315203487873077,0,30,2019-09-27,2019-10-26
MA2,24675,0.4372571110725403,0,21,2018-02-01,2018-09-09
MA2,24734,0.23869235813617706,0,30,2019-10-10,2019-11-08
MA2,24790,0.2581145167350769,0,30,2019-10-10,2019-11-08
MA2,24812,0.2176680564880371,0,30,2019-10-10,2019-11-08
MA2,24883,0.27180469036102295,0,30,2019-10-10,2019-11-08
MA2,24955,0.2147194743156433,0,30,2019-09-18,2019-10-17
MA2,25060,0.22225573658943176,0,30,2018-08-11,2018-09-09
MA2,25068,0.2390870451927185,0,30,2019-10-10,2019-11-08
MA2,25090,0.2375803291797638,0,30,2019-10-10,2019-11-08
MA2,25173,0.30468830466270447,0,30,2019-09-10,2019-11-08
MA2,25196,0.2559451460838318,0,30,2019-09-19,2019-10-18
MA2,25404,0.3089534044265747,0,30,2018-06-28,2018-07-27
MA2,25672,0.21800383925437927,0,30,2019-09-27,2019-10-26
MA2,25737,0.20615600049495697,0,30,2019-10-10,2019-11-08
MA2,25781,0.18072228133678436,0,30,2019-09-27,2019-10-26
MA2,25850,0.23823270201683044,0,30,2019-03-16,2019-04-14
MA2,25908,0.21556757390499115,0,30,2019-04-03,2019-05-02
MA2,25946,0.268844336271286,0,30,2019-07-18,2019-10-15
MA2,26077,0.2136048972606659,0,30,2019-10-03,2019-11-01
MA2,26380,0.289679616689682,0,30,2019-10-10,2019-11-08
MA2,26634,0.23777851462364197,0,30,2019-09-27,2019-10-26
MA2,26637,0.2372923195362091,0,30,2019-09-27,2019-10-26
MA2,26675,0.21562343835830688,0,30,2019-09-10,2019-11-08
MA2,26681,0.21991170942783356,0,30,2019-09-10,2019-11-08
MA2,26734,0.20201298594474792,0,30,2018-12-29,2019-01-27
MA2,26769,0.2697245478630066,0,30,2018-10-10,2018-11-08
MA2,26848,0.28809231519699097,0,30,2018-04-06,2018-06-04
MA2,26865,0.25878357887268066,0,30,2019-10-10,2019-11-08
MA2,26908,0.21974824368953705,0,30,2019-08-13,2019-09-11
MA2,26911,0.23455922305583954,0,30,2019-03-18,2019-07-15
MA2,26977,0.2188107669353485,0,30,2019-10-10,2019-11-08
MA2,27255,0.24411964416503906,0,30,2019-10-10,2019-11-08
MA2,27267,0.20935191214084625,0,30,2019-10-10,2019-11-08
MA2,27365,0.24708861112594604,0,30,2018-07-13,2018-11-08
MA2,27689,0.24546106159687042,0,30,2019-09-25,2019-10-24
MA2,27708,0.24366547167301178,0,30,2019-04-04,2019-05-03
MA2,27718,0.23461009562015533,0,30,2018-12-29,2019-01-27
MA2,27806,0.24110718071460724,0,30,2019-09-27,2019-10-26
MA2,27989,0.20839941501617432,0,30,2019-10-10,2019-11-08
MA2,28229,0.24728868901729584,0,30,2018-10-06,2018-11-04
MA2,28292,0.20709264278411865,0,30,2019-10-10,2019-11-08
MA2,28341,0.20832471549510956,0,30,2019-10-10,2019-11-08
MA2,28356,0.2109144628047943,0,30,2018-09-01,2019-01-02
MA2,28492,0.27576470375061035,0,30,2019-10-10,2019-11-08
MA2,28581,0.26044896245002747,0,30,2019-04-04,2019-05-03
MA2,28582,0.26043495535850525,0,30,2019-04-04,2019-05-03
MA2,28626,0.19460687041282654,0,30,2019-03-28,2019-05-26
MA2,28671,0.2441200315952301,0,30,2019-10-10,2019-11-08
MA2,28776,0.2364913672208786,0,30,2019-10-10,2019-11-08
MA2,29104,0.2250557243824005,0,30,2019-09-27,2019-10-26
MA2,29305,0.22602717578411102,0,30,2019-09-27,2019-10-26
MA2,29574,0.20329143106937408,0,30,2019-08-28,2019-10-26
MA2,29761,0.4419897198677063,0,30,2019-10-10,2019-11-08
MA2,29891,0.5001667141914368,0,30,2019-05-18,2019-07-16
MA2,30073,0.31328117847442627,0,30,2019-08-28,2019-10-26
MA2,30229,0.2129833698272705,0,30,2019-10-10,2019-11-08
MA2,30540,0.23599371314048767,0,30,2018-09-29,2018-10-28
MA2,30576,0.2508985102176666,0,30,2019-09-27,2019-10-26
MA2,30980,0.2210061401128769,0,30,2019-04-03,2019-05-02
MA2,31076,0.22342953085899353,0,30,2019-10-10,2019-11-08
MA2,31360,0.21114328503608704,0,30,2019-04-28,2019-05-27
MA2,31435,0.25299742817878723,0,30,2019-10-10,2019-11-08
MA2,31718,0.25920698046684265,0,30,2019-08-16,2019-10-19
MA2,31874,0.2235230952501297,0,30,2019-07-29,2019-09-26
MA2,32025,0.25469911098480225,0,30,2018-12-30,2019-01-28
MA2,32190,0.25739434361457825,0,30,2019-05-04,2019-07-27
MA2,32290,0.08902505785226822,0,30,2019-10-10,2019-11-08
MA2,32450,0.3653623163700104,0,30,2018-02-18,2018-03-19
MA2,32486,0.23796816170215607,0,30,2019-04-13,2019-05-12
MA2,32564,0.25893786549568176,0,30,2019-05-06,2019-06-04
MA2,32717,0.20628374814987183,0,30,2018-12-27,2019-02-24
MA2,32730,0.22797536849975586,0,30,2019-09-27,2019-10-26
MA2,32807,0.24482016265392303,0,30,2018-12-20,2019-02-17
MA2,32813,0.2448209822177887,0,30,2018-12-20,2019-02-17
MA2,32868,0.22656932473182678,0,30,2019-01-31,2019-03-01
MA2,33002,0.2128991037607193,0,30,2019-10-10,2019-11-08
MA2,33294,0.4646759033203125,0,30,2019-10-10,2019-11-08
MA2,33394,0.19833669066429138,0,30,2019-09-21,2019-10-20
MA2,33714,0.24807170033454895,0,30,2019-10-10,2019-11-08
MA2,33773,0.2541046142578125,0,30,2019-09-27,2019-10-26
MA2,33850,0.2700137495994568,0,30,2018-07-12,2018-09-09
MA2,34289,0.22379495203495026,0,30,2018-12-30,2019-01-28
MA2,34356,0.34302636981010437,0,30,2019-10-02,2019-10-31
MA2,34382,0.2582661211490631,0,30,2018-10-10,2018-11-08
MA2,34465,0.22631336748600006,0,30,2019-08-24,2019-09-22
MA2,34473,0.226131871342659,0,30,2019-08-24,2019-09-22
MA2,34591,0.24037043750286102,0,30,2019-10-10,2019-11-08
MA2,34625,0.23970524966716766,0,30,2019-07-21,2019-08-19
MA2,34657,0.23948167264461517,0,30,2018-06-03,2018-09-09
MA2,34679,0.22174738347530365,0,30,2019-09-27,2019-10-26
MA2,34808,0.21007993817329407,0,30,2018-09-30,2018-10-29
MA2,35096,0.22434131801128387,0,30,2019-10-10,2019-11-08
MA2,35172,0.20583213865756989,0,30,2019-10-10,2019-11-08
MA2,35345,0.2381110042333603,0,30,2018-09-02,2018-12-31
MA2,35670,0.2778637111186981,0,30,2019-09-27,2019-10-26
MA2,35683,0.2896830141544342,0,30,2019-09-27,2019-10-26
MA2,35790,0.2401864230632782,0,30,2019-05-14,2019-06-12
MA2,35892,0.23186296224594116,0,30,2019-08-18,2019-09-16
MA2,35913,0.2095986157655716,0,30,2019-09-11,2019-10-10
MA2,35975,0.21697600185871124,0,30,2019-02-02,2019-04-02
MA2,36029,0.5392007827758789,0,30,2018-08-24,2018-09-22
MA2,36362,0.5941044092178345,0,30,2019-10-02,2019-10-31
MA2,36381,0.3384218215942383,0,30,2018-10-17,2018-12-18
MA2,36697,0.22717706859111786,0,30,2019-10-10,2019-11-08
MA2,36895,0.20713815093040466,0,30,2019-01-19,2019-02-17
MA2,36956,0.3402903079986572,0,30,2019-10-10,2019-11-08
MA2,37043,0.2782687246799469,0,30,2019-05-21,2019-09-24
MA2,37169,0.264939546585083,0,30,2018-10-10,2018-11-08
MA2,37230,0.19007046520709991,0,30,2019-04-04,2019-07-19
MA2,37251,0.23158666491508484,0,30,2019-09-01,2019-09-30
MA2,37478,0.21298083662986755,0,30,2019-10-10,2019-11-08
MA2,37653,0.32679620385169983,0,30,2019-10-10,2019-11-08
MA2,37654,0.3267894983291626,0,30,2019-10-10,2019-11-08
MA2,37904,0.25034818053245544,0,30,2019-03-05,2019-05-03
MA2,37964,0.22397826611995697,0,30,2019-10-10,2019-11-08
MA2,38070,0.3323856294155121,0,30,2018-06-28,2018-07-27
MA2,38252,0.2526050806045532,0,30,2019-10-10,2019-11-08
MA2,38428,0.24939122796058655,0,30,2019-10-10,2019-11-08
MA2,38464,0.24174150824546814,0,30,2018-07-10,2018-11-08
MA2,38466,0.23639453947544098,0,30,2019-10-10,2019-11-08
MA2,38477,0.30728861689567566,0,30,2019-09-28,2019-10-27
MA2,38670,0.2453027069568634,0,30,2019-09-27,2019-10-26
MA2,38759,0.25168633460998535,0,30,2019-05-29,2019-07-27
MA2,38817,0.27849647402763367,0,30,2019-02-08,2019-03-09
MA2,38922,0.25094568729400635,0,30,2019-08-05,2019-10-03
MA2,39084,0.27888599038124084,0,30,2019-09-18,2019-10-17
MA2,39124,0.2404560148715973,0,30,2019-04-04,2019-05-03
MA2,39682,0.22016672790050507,0,30,2019-08-17,2019-10-26
MA2,39735,0.25924214720726013,0,30,2019-10-10,2019-11-08
MA2,39773,0.23529914021492004,0,30,2019-10-10,2019-11-08
MA2,39862,0.6110460758209229,0,30,2018-07-01,2018-09-09
MA2,39890,0.2249336689710617,0,30,2019-07-29,2019-10-26
MA2,39988,0.4088398814201355,0,30,2019-08-31,2019-10-29
MA2,40004,0.2490619570016861,1,30,2018-08-06,2018-10-04
MA2,40301,0.21432660520076752,0,30,2019-10-10,2019-11-08
MA2,40317,0.23980499804019928,0,30,2019-10-10,2019-11-08
MA2,40366,0.2983132600784302,0,30,2019-10-10,2019-11-08
MA2,40378,0.23421919345855713,0,30,2018-09-10,2018-11-08
MA2,40419,0.2077440619468689,0,30,2019-05-24,2019-07-22
MA2,40685,0.19086144864559174,0,30,2019-05-14,2019-06-12
MA2,40686,0.21614797413349152,0,30,2018-07-03,2018-11-08
MA2,40811,0.26297369599342346,0,30,2019-10-10,2019-11-08
MA2,40909,0.25273287296295166,0,30,2018-09-03,2018-10-02
MA2,40929,0.2353271245956421,0,30,2019-09-19,2019-10-18
MA2,41086,0.20360365509986877,0,30,2019-10-02,2019-10-31
MA2,41176,0.48525506258010864,0,30,2019-10-10,2019-11-08
MA2,41276,0.18904581665992737,0,30,2019-10-10,2019-11-08
MA2,41366,0.23919251561164856,0,30,2019-09-27,2019-10-26
MA2,41705,0.5366169214248657,0,30,2018-03-29,2018-05-27
MA2,41921,0.26517626643180847,0,30,2019-10-10,2019-11-08
MA2,41947,0.2326039969921112,0,30,2019-10-10,2019-11-08
MA2,41987,0.20933935046195984,0,30,2019-10-10,2019-11-08
MA2,42053,0.1959671676158905,0,30,2019-10-10,2019-11-08
MA2,42054,0.21295073628425598,0,30,2019-09-14,2019-10-13
MA2,42194,0.28428754210472107,0,30,2019-08-26,2019-09-24
MA2,42198,0.28428301215171814,0,30,2019-08-26,2019-09-24
MA2,42535,0.202340766787529,0,30,2019-08-30,2019-09-28
MA2,42674,0.23452328145503998,0,30,2019-08-20,2019-10-26
MA2,42824,0.22115778923034668,0,30,2019-10-10,2019-11-08
MA2,42829,0.2232201099395752,0,30,2019-10-10,2019-11-08
MA2,43784,0.2347354143857956,0,30,2019-10-10,2019-11-08
MA2,43916,0.27758151292800903,0,30,2018-06-05,2018-07-04
MA2,44259,0.1968287080526352,0,30,2019-10-10,2019-11-08
MA2,44617,0.24258753657341003,0,30,2019-09-20,2019-10-19
MA2,44675,0.20756946504116058,0,30,2019-10-04,2019-11-02
MA2,44848,0.30573025345802307,0,30,2018-09-22,2018-12-23
MA2,44858,0.2839927673339844,0,30,2019-08-12,2019-11-08
MA2,45007,0.2383597493171692,0,30,2019-09-20,2019-10-19
MA2,45232,0.7451782822608948,0,30,2019-05-14,2019-06-12
MA2,45401,0.21077711880207062,0,30,2019-09-27,2019-10-26
MA2,45431,0.2039935439825058,0,30,2019-01-14,2019-02-12
MA2,45443,0.2582404315471649,0,30,2019-01-25,2019-02-23
MA2,45543,0.2046642303466797,0,30,2019-09-17,2019-10-16
MA2,45608,0.23161344230175018,0,30,2019-10-10,2019-11-08
MA2,45633,0.2187080830335617,0,30,2019-09-27,2019-10-26
MA2,45666,0.24207833409309387,0,30,2019-10-10,2019-11-08
MA2,45702,0.18342453241348267,0,30,2019-09-29,2019-10-28
MA2,45718,0.22121697664260864,0,30,2019-04-28,2019-05-27
MA2,45836,0.2277003824710846,0,30,2019-10-10,2019-11-08
MA2,45879,0.21559152007102966,0,30,2019-09-26,2019-10-25
MA2,45899,0.20702630281448364,0,30,2019-10-10,2019-11-08
MA2,46105,0.2611638903617859,0,30,2019-04-18,2019-07-16
MA2,46142,0.20101968944072723,0,30,2019-04-03,2019-05-02
MA2,46208,0.23880156874656677,0,30,2019-05-30,2019-07-28
MA2,46342,0.21466515958309174,0,30,2018-07-18,2018-11-08
MA2,46518,0.24920940399169922,0,30,2019-09-27,2019-10-26
MA2,46706,0.273969441652298,0,30,2018-07-26,2018-11-08
MA2,46760,0.21344183385372162,0,30,2019-09-22,2019-10-21
MA2,46800,0.2252499759197235,0,30,2019-03-28,2019-04-26
MA2,46832,0.2402137964963913,0,30,2019-10-10,2019-11-08
MA2,47057,0.24551410973072052,0,30,2019-03-26,2019-04-24
MA2,47070,0.24172261357307434,0,30,2019-08-23,2019-09-21
MA2,47257,0.2238883227109909,0,30,2019-10-10,2019-11-08
MA2,47331,0.20649999380111694,0,30,2019-03-14,2019-04-12
MA2,47402,0.2826540172100067,0,30,2019-04-05,2019-05-04
MA2,47531,0.25650304555892944,0,30,2018-09-06,2018-10-05
MA2,47754,0.2197597622871399,0,30,2019-10-10,2019-11-08
MA2,47870,0.22584716975688934,0,30,2019-09-10,2019-11-08
MA2,48096,0.216934472322464,0,30,2019-10-06,2019-11-04
MA2,48126,0.18667954206466675,0,30,2019-10-10,2019-11-08
MA2,48267,0.2508041262626648,0,30,2019-03-15,2019-05-13
MA2,48274,0.2508680522441864,0,30,2019-03-15,2019-05-13
MA2,48327,0.21304714679718018,0,30,2018-06-28,2018-11-08
MA2,48376,0.2491353303194046,0,30,2019-09-27,2019-10-26
MA2,48578,0.18895788490772247,0,30,2019-10-10,2019-11-08
MA2,48675,0.20735393464565277,0,30,2019-01-24,2019-02-22
MA2,48789,0.26856958866119385,0,30,2019-10-10,2019-11-08
MA2,49073,0.6150926947593689,0,30,2019-09-27,2019-10-26
MA2,49118,0.24056200683116913,0,30,2019-09-27,2019-10-26
MA2,49174,0.2965644299983978,0,30,2019-09-10,2019-10-09
MA2,49275,0.21041452884674072,0,30,2019-09-26,2019-10-25
MA2,49630,0.28638726472854614,0,30,2019-08-18,2019-10-28
MA2,49707,0.2147192358970642,0,30,2019-09-18,2019-10-17
MA2,49745,0.32460400462150574,0,30,2019-10-10,2019-11-08
MA2,49781,0.41094690561294556,0,30,2019-09-27,2019-10-26
MA2,49805,0.24204422533512115,0,30,2019-10-10,2019-11-08
MA2,49835,0.20272789895534515,0,30,2019-09-27,2019-10-26
MA2,49939,0.22927427291870117,0,30,2019-09-27,2019-10-26
MA2,49964,0.42013823986053467,0,30,2018-09-03,2018-10-02
MA2,50253,0.21146434545516968,0,30,2019-09-17,2019-10-16
MA2,50519,0.2837214171886444,0,30,2019-04-29,2019-05-28
MA2,50581,0.23548465967178345,0,30,2019-09-27,2019-10-26
MA2,50715,0.24337796866893768,0,30,2019-09-20,2019-10-19
MA2,51150,0.20817561447620392,0,30,2018-07-13,2018-12-31
MA2,51292,0.23466244339942932,0,30,2019-09-14,2019-10-13
MA2,51336,0.21358941495418549,0,30,2019-10-10,2019-11-08
MA2,51575,0.2052443027496338,0,30,2019-10-10,2019-11-08
MA2,51669,0.24216698110103607,0,30,2019-09-27,2019-10-26
MA2,51725,0.20695903897285461,0,30,2019-10-01,2019-10-30
MA2,51743,0.23962609469890594,0,30,2019-10-10,2019-11-08
MA2,51978,0.28618091344833374,0,30,2019-09-30,2019-10-29
MA2,52063,0.23288100957870483,0,30,2019-04-03,2019-05-02
MA2,52066,0.26774629950523376,0,30,2019-10-04,2019-11-02
MA2,52316,0.2146996259689331,0,30,2019-09-18,2019-10-17
MA2,52380,0.21856215596199036,0,30,2019-09-27,2019-10-26
MA2,52396,0.30682259798049927,0,30,2019-10-10,2019-11-08
MA2,52450,0.236759215593338,0,30,2019-10-10,2019-11-08
MA2,52488,0.31702229380607605,0,30,2018-07-12,2018-09-09
MA2,52499,0.24724215269088745,0,30,2019-10-10,2019-11-08
MA2,52556,0.22603560984134674,0,30,2019-08-26,2019-09-24
MA2,52722,0.38601571321487427,0,30,2019-09-27,2019-10-26
MA2,52792,0.22715692222118378,0,30,2019-10-10,2019-11-08
MA2,52799,0.21881985664367676,0,30,2019-01-07,2019-02-05
MA2,52974,0.26154589653015137,0,30,2019-10-10,2019-11-08
MA2,53169,0.1692190170288086,0,30,2019-10-10,2019-11-08
MA2,53321,0.22313977777957916,0,30,2019-09-10,2019-11-08
MA2,53397,0.2544268071651459,0,30,2018-12-30,2019-01-28
MA2,53425,0.2134103626012802,0,30,2018-07-14,2018-11-04
MA2,53569,0.20201252400875092,0,30,2019-05-31,2019-07-29
MA2,53748,0.22142256796360016,0,30,2019-10-10,2019-11-08
MA2,53853,0.19029547274112701,0,30,2019-10-03,2019-11-01
MA2,53957,0.2028370201587677,0,30,2019-03-10,2019-04-08
MA2,54083,0.25548407435417175,0,30,2019-09-27,2019-10-26
MA2,54553,0.2027105987071991,0,30,2019-09-27,2019-10-26
MA2,54620,0.22028276324272156,0,30,2019-04-04,2019-05-03
MA2,54636,0.22427578270435333,0,30,2019-10-10,2019-11-08
MA2,54709,0.2460092157125473,0,30,2019-09-20,2019-10-19
MA2,54731,0.2548101246356964,0,30,2019-09-12,2019-10-11
MA2,54798,0.21000361442565918,0,30,2019-10-10,2019-11-08
MA2,54870,0.2403588593006134,0,30,2018-06-08,2018-09-09
MA2,55026,0.17723844945430756,0,30,2019-08-13,2019-09-11
MA2,55094,0.7885393500328064,0,30,2018-06-08,2018-07-07
MA2,55190,0.21299710869789124,0,30,2019-10-10,2019-11-08
MA2,55271,0.21559631824493408,0,30,2019-05-31,2019-07-29
MA2,55443,0.1835215985774994,0,30,2019-09-29,2019-10-28
MA2,55554,0.27569255232810974,0,30,2018-10-10,2018-11-08
MA2,55923,0.2865314483642578,0,30,2019-09-11,2019-10-10
MA2,56065,0.17865581810474396,0,30,2019-10-10,2019-11-08
MA2,56140,0.23455321788787842,0,30,2019-10-10,2019-11-08
MA2,56315,0.285427451133728,0,30,2019-04-05,2019-05-04
MA2,56349,0.2103954255580902,0,30,2018-06-18,2018-11-08
MA2,56350,0.18339978158473969,0,30,2019-09-04,2019-11-08
MA2,56420,0.25442513823509216,0,30,2018-08-10,2018-11-08
MA2,56824,0.2952023148536682,0,30,2019-03-10,2019-04-08
MA2,56905,0.2144615352153778,0,30,2019-01-19,2019-02-17
MA2,57245,0.2115555703639984,0,30,2019-09-16,2019-10-15
MA2,57278,0.2505606412887573,0,30,2019-09-27,2019-10-26
MA2,57408,0.20115956664085388,0,30,2019-10-10,2019-11-08
MA2,57456,0.2366265505552292,0,30,2019-10-04,2019-11-02
MA2,57458,0.23659344017505646,0,30,2019-10-04,2019-11-02
MA2,57560,0.19658808410167694,0,30,2019-09-16,2019-10-15
MA2,57662,0.19623732566833496,0,30,2019-10-05,2019-11-03
MA2,57795,0.3000393807888031,0,30,2018-12-30,2019-01-28
MA2,58094,0.32890647649765015,0,30,2018-09-08,2019-03-04
MA2,58204,0.18866127729415894,0,30,2019-10-10,2019-11-08
MA2,59128,0.2324885129928589,0,30,2019-09-27,2019-10-26
MA2,59136,0.20610149204730988,0,30,2019-10-10,2019-11-08
MA2,59441,0.30419397354125977,0,30,2019-10-10,2019-11-08
MA2,59514,0.22609984874725342,0,30,2019-04-02,2019-05-01
MA2,59526,0.24624937772750854,0,30,2019-09-27,2019-10-26
MA2,59690,0.25284263491630554,0,30,2018-07-04,2018-12-22
MA2,59823,0.3051181137561798,0,30,2019-01-14,2019-02-12
MA2,60057,0.22686165571212769,0,30,2019-10-10,2019-11-08
MA2,60148,0.18523161113262177,0,30,2019-10-10,2019-11-08
MA2,60223,0.25951889157295227,0,30,2019-10-10,2019-11-08
MA2,60225,0.25149795413017273,0,30,2019-09-10,2019-11-08
MA2,60343,0.46391645073890686,0,30,2018-08-20,2018-09-18
MA2,60398,0.2704508602619171,0,30,2018-10-10,2018-11-08
MA2,60549,0.17141780257225037,0,30,2019-10-10,2019-11-08
MA2,60590,0.26091206073760986,0,30,2018-08-11,2018-09-09
MA2,60621,0.22422589361667633,0,30,2019-09-10,2019-11-08
MA2,60662,0.22203174233436584,0,30,2019-09-10,2019-11-08
MA2,60667,0.22203055024147034,0,30,2019-09-10,2019-11-08
MA2,61042,0.27329638600349426,0,30,2019-09-08,2019-11-08
MA2,61088,0.20608237385749817,0,30,2019-02-04,2019-04-04
MA2,61162,0.25631189346313477,0,30,2019-05-22,2019-07-20
MA2,61168,0.2375129610300064,0,30,2019-09-27,2019-10-26
MA2,61211,0.2575988471508026,0,30,2019-10-05,2019-11-03
MA2,61217,0.25306370854377747,0,30,2019-09-09,2019-10-08
MA2,61361,0.3595081567764282,0,30,2019-10-10,2019-11-08
MA2,61404,0.21531479060649872,0,30,2019-08-23,2019-10-21
MA2,61715,0.19120869040489197,0,30,2019-07-31,2019-08-29
MA2,62118,0.2418207824230194,0,30,2019-09-27,2019-10-26
MA2,62211,0.26332899928092957,0,30,2018-07-19,2018-08-17
MA2,62310,0.2232942134141922,0,30,2018-09-21,2018-10-20
MA2,62324,0.23263542354106903,0,30,2019-09-28,2019-10-27
MA2,62358,0.23549984395503998,0,30,2019-10-10,2019-11-08
MA2,62478,0.1901172548532486,0,30,2019-09-27,2019-10-26
MA2,62596,0.24319350719451904,0,30,2019-10-10,2019-11-08
MA2,62695,0.18922872841358185,0,30,2019-10-10,2019-11-08
MA2,62708,0.26312166452407837,0,30,2019-08-13,2019-11-08
MA2,62770,0.2218790352344513,0,30,2019-09-10,2019-11-08
MA2,62844,0.20065385103225708,0,30,2019-01-14,2019-02-12
MA2,62865,0.18678607046604156,0,30,2019-09-27,2019-10-26
MA2,62975,0.2611793577671051,0,30,2019-05-14,2019-06-12
MA2,63002,0.19062381982803345,0,30,2019-09-11,2019-10-10
MA2,63010,0.210149347782135,0,30,2019-09-27,2019-10-26
MA2,63106,0.4109440743923187,0,30,2019-09-27,2019-10-26
MA2,63341,0.28137579560279846,0,30,2019-09-27,2019-10-26
MA2,63439,0.23999033868312836,0,30,2018-07-12,2018-09-09
MA2,63792,0.24617618322372437,0,30,2019-03-16,2019-04-14
MA2,63876,0.19645144045352936,0,30,2019-09-27,2019-10-26
MA2,64166,0.22467416524887085,0,30,2019-04-03,2019-05-02
MA2,64541,0.23228390514850616,0,30,2019-04-02,2019-05-01
MA2,64596,0.19241073727607727,0,30,2019-10-10,2019-11-08
MA2,64678,0.2245723456144333,0,30,2019-09-18,2019-10-17
MA2,64698,0.20356866717338562,0,30,2019-10-10,2019-11-08
MA2,64804,0.2262222319841385,0,30,2019-08-24,2019-09-22
MA2,65213,0.25351661443710327,0,30,2019-10-10,2019-11-08
MA2,65257,0.22599221765995026,0,30,2019-09-27,2019-10-26
MA2,65343,0.2336859554052353,0,30,2019-09-24,2019-10-23
MA2,65412,0.2639298141002655,0,30,2019-10-10,2019-11-08
MA2,65478,0.26922503113746643,0,30,2019-05-31,2019-07-30
MA2,65565,0.33950650691986084,0,30,2019-09-23,2019-10-22
MA2,65774,0.21768566966056824,0,30,2019-10-10,2019-11-08
MA2,65795,0.21572215855121613,0,30,2019-09-27,2019-10-26
MA2,65979,0.24290135502815247,0,30,2019-09-27,2019-10-26
MA2,65984,0.24290329217910767,0,30,2019-09-27,2019-10-26
MA2,66156,0.26375070214271545,0,30,2018-08-20,2018-11-08
MA2,66306,0.22312580049037933,0,30,2019-04-04,2019-05-03
MA2,66434,0.23600375652313232,0,30,2019-09-10,2019-10-09
MA2,66483,0.6234654188156128,0,30,2018-06-27,2018-07-26
MA2,66893,0.17289724946022034,0,30,2019-09-27,2019-10-26
MA2,66936,0.246088907122612,0,30,2019-04-21,2019-05-20
MA2,66938,0.24939686059951782,0,30,2019-03-22,2019-05-20
MA2,67142,0.4791924059391022,0,30,2018-03-20,2018-04-18
MA2,67225,0.2337476909160614,0,30,2018-07-03,2018-11-08
MA2,67264,0.21645155549049377,0,30,2019-01-13,2019-02-11
MA2,67299,0.29653364419937134,0,30,2019-09-27,2019-10-26
MA2,67474,0.21472696959972382,0,30,2019-09-18,2019-10-17
MA2,67593,0.22063246369361877,0,30,2019-08-21,2019-09-19
MA2,67655,0.24059410393238068,0,30,2019-09-27,2019-10-26
MA2,67831,0.26829883456230164,0,30,2019-07-30,2019-08-28
MA2,68072,0.18608039617538452,0,30,2019-10-10,2019-11-08
MA2,68099,0.24026724696159363,0,30,2019-09-27,2019-10-26
MA2,68384,0.26019540429115295,0,30,2019-10-10,2019-11-08
MA2,68385,0.2601940631866455,0,30,2019-10-10,2019-11-08
MA2,68493,1.0,0,30,2019-10-10,2019-11-08
MA2,68525,0.2545318305492401,0,30,2019-09-20,2019-10-19
MA2,69039,0.26481345295906067,0,30,2019-10-10,2019-11-08
MA2,69189,0.24596774578094482,0,30,2019-10-10,2019-11-08
MA2,69288,0.2423096001148224,0,30,2019-10-10,2019-11-08
MA2,69596,0.45822951197624207,0,30,2018-06-16,2018-07-15
MA2,69599,0.20887982845306396,0,30,2019-04-02,2019-05-01
MA2,69702,0.17440851032733917,0,30,2019-01-19,2019-02-17
MA2,69954,0.2589143216609955,0,30,2018-09-01,2018-12-30
MA2,70220,0.2339155375957489,0,30,2018-06-27,2018-07-26
MA2,70255,0.20522673428058624,0,30,2019-10-10,2019-11-08
MA2,70493,0.21374894678592682,0,30,2019-10-10,2019-11-08
MA2,70571,0.2576407790184021,0,30,2019-03-22,2019-06-02
MA2,71333,0.24463146924972534,0,30,2018-07-21,2018-08-19
MA2,71463,0.2659125030040741,0,30,2019-08-29,2019-09-27
MA2,72243,0.2034727782011032,0,30,2019-10-10,2019-11-08
MA2,72335,0.3835810720920563,0,30,2019-03-17,2019-05-15
MA2,72485,0.18564878404140472,0,30,2019-10-10,2019-11-08
MA2,72583,0.2691798806190491,0,30,2019-04-01,2019-04-30
MA2,72607,0.22234492003917694,0,30,2019-10-10,2019-11-08
MA2,73167,0.20907001197338104,0,30,2019-10-10,2019-11-08
MA2,73301,0.43326476216316223,0,30,2018-08-11,2018-09-09
MA2,73365,0.21411970257759094,0,30,2019-10-10,2019-11-08
MA2,74109,0.19650161266326904,0,30,2019-10-10,2019-11-08
MA2,74362,0.2475445419549942,0,30,2019-09-20,2019-10-19
MA2,74402,0.22035200893878937,0,30,2018-06-27,2018-11-08
MA2,75448,0.17904861271381378,0,30,2019-10-10,2019-11-08
MA2,75485,0.23866033554077148,0,30,2019-09-19,2019-10-18
MA2,75666,0.2364424169063568,0,30,2019-10-10,2019-11-08
MA2,75708,0.2665162980556488,0,30,2019-09-27,2019-10-26
MA2,75878,0.23813118040561676,0,30,2019-09-27,2019-10-26
MA2,75892,0.22879722714424133,0,30,2019-03-11,2019-04-09
MA2,76099,0.26992204785346985,0,30,2019-10-10,2019-11-08
MA2,76119,0.22135062515735626,0,30,2019-09-27,2019-10-26
MA2,76174,0.21298620104789734,0,30,2019-10-10,2019-11-08
MA2,76266,0.23936115205287933,0,30,2019-05-31,2019-07-29
MA2,76281,0.18248845636844635,0,30,2019-10-10,2019-11-08
MA2,76308,0.22045288980007172,0,30,2019-10-10,2019-11-08
MA2,76518,0.22884485125541687,0,30,2018-08-19,2019-05-03
MA2,76983,0.27551472187042236,0,30,2019-09-27,2019-10-26
MA2,77049,0.3055463135242462,0,30,2019-10-10,2019-11-08
MA2,77116,0.21258242428302765,0,30,2019-09-10,2019-11-08
MA2,77135,0.20796315371990204,0,30,2019-01-24,2019-02-22
MA2,77173,0.23529446125030518,0,30,2019-08-28,2019-10-26
MA2,77344,0.25027498602867126,0,30,2019-05-23,2019-10-26
MA2,77384,0.3320140242576599,0,30,2019-10-10,2019-11-08
MA2,77474,0.26372620463371277,0,30,2019-08-07,2019-10-05
MA2,77526,0.22333647310733795,0,30,2019-04-02,2019-05-01
MA2,77660,0.3533391058444977,0,30,2019-10-10,2019-11-08
MA2,77695,0.20840738713741302,0,30,2019-03-14,2019-04-12
MA2,77730,0.22584886848926544,0,30,2018-08-28,2018-12-31
MA2,77829,0.20591948926448822,0,30,2019-10-10,2019-11-08
MA2,78311,0.512488603591919,0,30,2019-06-01,2019-07-30
MA2,78497,0.19651664793491364,0,30,2019-04-02,2019-05-01
MA2,78506,0.6113668084144592,0,30,2018-08-11,2018-09-09
MA2,78557,0.19555583596229553,0,30,2019-09-27,2019-10-26
MA2,78576,0.25151556730270386,0,30,2019-05-14,2019-06-12
MA2,78617,0.21996048092842102,0,30,2019-09-10,2019-10-09
MA2,78625,0.190536767244339,0,30,2019-09-27,2019-10-26
MA2,78757,0.2417495846748352,0,30,2019-02-02,2019-03-03
MA2,78779,0.5520346164703369,0,30,2019-02-24,2019-03-25
MA2,79108,0.18568074703216553,0,30,2019-08-28,2019-09-26
MA2,79159,0.22708003222942352,0,30,2019-02-17,2019-04-17
MA2,79176,0.47488823533058167,0,30,2018-06-16,2018-07-15
MA2,79224,0.2459164708852768,0,30,2019-08-26,2019-09-24
MA2,79376,0.23224006593227386,0,30,2019-04-05,2019-05-04
MA2,79474,0.31223630905151367,0,30,2019-10-04,2019-11-02
MA2,79557,0.2930963337421417,0,30,2018-09-08,2018-10-07
MA2,79563,0.29709509015083313,0,30,2018-09-08,2018-10-07
MA2,79772,0.21839632093906403,0,30,2019-05-14,2019-06-12
MA2,79864,0.2571450173854828,0,30,2018-08-11,2018-09-09
MA2,79913,0.21008019149303436,0,30,2018-07-18,2018-12-22
MA2,80112,0.28334856033325195,0,30,2019-10-10,2019-11-08
MA2,80241,0.24093873798847198,0,30,2019-09-20,2019-10-19
MA2,80243,0.24522162973880768,0,30,2019-09-20,2019-10-19
MA2,80300,0.20644201338291168,0,30,2019-10-10,2019-11-08
MA2,80366,0.2739172577857971,0,30,2018-05-31,2018-09-09
MA2,80492,0.25849026441574097,0,30,2018-09-10,2018-10-09
MA2,80586,0.2806433141231537,0,30,2019-04-20,2019-08-28
MA2,80680,0.2569214105606079,0,30,2019-10-10,2019-11-08
MA2,80729,0.19610174000263214,0,30,2019-09-27,2019-10-26
MA2,80823,0.26690882444381714,0,30,2019-08-24,2019-09-22
MA2,80907,0.22619087994098663,0,30,2019-04-02,2019-05-01
MA2,80912,0.18892455101013184,0,30,2019-10-10,2019-11-08
MA2,81441,0.2209692746400833,0,30,2019-04-03,2019-05-02
MA2,81507,0.25031790137290955,0,30,2019-03-26,2019-04-24
MA2,81551,0.23685750365257263,0,30,2019-09-27,2019-10-26
MA2,81567,0.23557640612125397,0,30,2019-09-13,2019-10-12
MA2,81585,0.2261337786912918,0,30,2019-10-10,2019-11-08
MA2,81592,0.23987458646297455,0,30,2019-09-10,2019-11-08
MA2,81838,0.2979157269001007,0,30,2018-07-13,2018-12-22
MA2,81911,0.270283043384552,0,30,2019-10-10,2019-11-08
MA2,81930,0.22165261209011078,0,30,2019-10-10,2019-11-08
MA2,81932,0.20970450341701508,0,30,2019-10-10,2019-11-08
MA2,81977,0.19405412673950195,0,30,2019-07-20,2019-10-26
MA2,81987,0.4909111261367798,0,30,2018-03-28,2018-05-26
MA2,82148,0.2203371673822403,0,30,2018-12-29,2019-01-27
MA2,82218,0.2623046040534973,0,30,2019-08-21,2019-10-19
MA2,82342,0.2752716839313507,0,30,2019-10-10,2019-11-08
MA2,82698,0.2181481122970581,0,30,2019-10-05,2019-11-03
MA2,82784,0.2423507273197174,0,30,2019-09-10,2019-11-08
MA2,82833,0.22420330345630646,0,30,2019-09-27,2019-10-26
MA2,82902,0.261702299118042,0,30,2019-10-10,2019-11-08
MA2,82906,0.26173898577690125,0,30,2019-10-10,2019-11-08
MA2,82968,0.22160443663597107,0,30,2019-09-24,2019-10-23
MA2,82977,0.22630152106285095,0,30,2019-09-24,2019-10-23
MA2,83016,0.23876704275608063,0,30,2019-09-20,2019-10-19
MA2,83057,0.2555166184902191,0,30,2019-09-27,2019-10-26
MA2,83148,0.249749556183815,0,30,2019-05-05,2019-06-03
MA2,83229,0.21824955940246582,0,30,2019-09-18,2019-10-17
MA2,83479,0.23239155113697052,0,30,2019-09-08,2019-10-07
MA2,83582,0.1867290586233139,0,30,2019-09-27,2019-10-26
MA2,83921,0.24083752930164337,0,30,2019-10-10,2019-11-08
MA2,84118,0.2058689445257187,0,30,2019-02-08,2019-04-08
MA2,84146,0.239951491355896,0,30,2019-03-09,2019-04-07
MA2,84246,0.23169945180416107,0,30,2019-10-10,2019-11-08
MA2,84505,0.2207871675491333,0,30,2019-03-10,2019-04-08
MA2,84558,0.25146353244781494,0,30,2019-09-27,2019-10-26
MA2,84561,0.24268364906311035,0,30,2019-09-27,2019-10-26
MA2,84613,0.20074230432510376,0,30,2019-10-10,2019-11-08
MA2,84688,0.2728743553161621,0,30,2019-05-14,2019-06-12
MA2,85206,0.2408318817615509,0,30,2019-06-12,2019-09-27
MA2,85462,0.26806917786598206,0,30,2019-10-10,2019-11-08
MA2,85562,0.29669663310050964,0,30,2018-09-10,2018-11-08
MA2,85779,0.26380792260169983,0,30,2019-08-23,2019-10-21
MA2,85952,0.23242580890655518,0,30,2019-10-10,2019-11-08
MA2,86057,0.20035654306411743,0,30,2019-02-28,2019-03-29
MA2,86142,0.22839194536209106,0,30,2019-10-10,2019-11-08
MA2,86290,0.23607292771339417,0,30,2019-04-02,2019-05-01
MA2,86367,0.36276423931121826,0,30,2019-04-13,2019-05-12
MA2,86368,0.3627929389476776,0,30,2019-04-13,2019-05-12
MA2,86520,0.24377423524856567,1,30,2018-07-08,2018-08-06
MA2,86583,0.19257493317127228,0,30,2019-09-10,2019-11-08
MA2,86853,0.18919670581817627,0,30,2019-10-10,2019-11-08
MA2,86889,0.411406010389328,0,30,2019-09-16,2019-10-15
MA2,87152,0.3309168517589569,0,30,2018-07-12,2018-09-09
MA2,87174,0.2185417115688324,0,30,2019-09-27,2019-10-26
MA2,87237,0.2664481997489929,0,30,2019-05-14,2019-06-12
MA2,87294,0.24056896567344666,0,30,2019-09-27,2019-10-26
MA2,87350,0.1829453855752945,0,30,2019-10-03,2019-11-01
MA2,87380,0.23190928995609283,0,30,2019-07-13,2019-08-11
MA2,87395,0.28578558564186096,0,30,2019-02-11,2019-03-12
MA2,87604,0.6226576566696167,0,30,2019-04-11,2019-05-10
MA2,87646,0.2341080605983734,0,30,2019-03-13,2019-05-11
MA2,88104,0.23916785418987274,0,30,2018-09-10,2018-10-09
MA2,88180,0.23127683997154236,0,30,2019-10-10,2019-11-08
MA2,88214,0.18632319569587708,0,30,2019-10-10,2019-11-08
MA2,88345,0.1912880688905716,0,30,2019-10-10,2019-11-08
MA2,88356,0.2703601121902466,0,30,2018-08-11,2018-09-09
MA2,88580,0.24119018018245697,0,30,2018-07-02,2018-11-08
MA2,88870,0.3424687683582306,0,30,2019-08-26,2019-09-24
MA2,88948,0.21605269610881805,0,30,2019-04-02,2019-05-01
MA2,89113,0.18973863124847412,0,30,2019-09-03,2019-11-08
MA2,89424,0.32747191190719604,0,30,2019-09-27,2019-10-26
MA2,89498,0.22083862125873566,0,30,2019-10-10,2019-11-08
MA2,89508,0.23186685144901276,0,30,2019-08-18,2019-09-16
MA2,89557,0.25142374634742737,0,30,2018-07-18,2018-11-08
MA2,89589,0.2483854591846466,0,30,2019-09-10,2019-11-08
MA2,89622,0.22832027077674866,0,30,2019-01-07,2019-02-05
MA2,89709,0.3460768163204193,0,30,2019-10-10,2019-11-08
MA2,89730,0.21796590089797974,0,30,2019-10-07,2019-11-05
MA2,89872,0.2220800369977951,0,30,2019-10-04,2019-11-02
MA2,89951,0.22746475040912628,0,30,2019-09-27,2019-10-26
MA2,90299,0.2250264436006546,0,30,2019-10-10,2019-11-08
MA2,90459,0.4858744144439697,0,30,2019-03-14,2019-04-12
MA2,90502,0.24911968410015106,0,30,2019-09-10,2019-10-09
MA2,90530,0.34312328696250916,0,30,2018-08-16,2018-10-14
MA2,90560,0.2372823804616928,0,30,2019-03-14,2019-05-12
MA2,90605,0.25750014185905457,0,30,2019-09-18,2019-10-17
MA2,90969,0.24836522340774536,0,30,2019-10-10,2019-11-08
MA2,91153,0.22221986949443817,0,30,2019-09-27,2019-10-26
MA2,91157,0.27762070298194885,0,30,2019-09-27,2019-10-26
MA2,91165,0.27762123942375183,0,30,2019-09-27,2019-10-26
MA2,91400,0.23329158127307892,0,30,2019-01-13,2019-02-11
MA2,91412,0.4069826602935791,0,30,2019-04-10,2019-07-23
MA2,91530,0.18983228504657745,0,30,2019-10-10,2019-11-08
MA2,91666,0.2387850284576416,0,30,2019-09-20,2019-10-19
MA2,91723,0.26287880539894104,0,30,2019-10-03,2019-11-01
MA2,91819,0.24882696568965912,0,30,2019-09-27,2019-10-26
MA2,91872,0.23922176659107208,0,30,2019-08-17,2019-11-08
MA2,91913,0.24937108159065247,0,30,2019-07-21,2019-11-08
MA2,91931,0.26021265983581543,0,30,2019-09-11,2019-10-10
MA2,92031,0.2288622260093689,0,30,2019-09-12,2019-10-11
MA2,92131,0.27109479904174805,0,30,2018-07-26,2018-11-08
MA2,92170,0.5130953788757324,0,30,2018-07-23,2018-08-21
MA2,92370,0.2105843871831894,0,30,2019-10-10,2019-11-08
MA2,92478,0.22394564747810364,0,30,2019-10-08,2019-11-06
MA2,92708,0.233634352684021,0,30,2019-09-02,2019-10-01
MA2,92755,0.23576503992080688,0,30,2018-08-23,2019-01-21
MA2,92972,0.2183956354856491,0,30,2019-09-27,2019-10-26
MA2,93188,0.2086297869682312,0,30,2018-08-28,2018-12-22
MA2,93361,0.20696669816970825,0,30,2019-07-31,2019-09-28
MA2,93481,0.2659812867641449,0,30,2019-06-03,2019-10-31
MA2,94000,0.19677303731441498,0,30,2019-09-21,2019-10-20
MA2,94041,0.257185161113739,0,30,2019-09-29,2019-10-28
MA2,94171,0.19340653717517853,0,30,2019-09-23,2019-10-22
MA2,94174,0.22474372386932373,0,30,2019-10-10,2019-11-08
MA2,94413,0.2770049273967743,0,30,2019-10-10,2019-11-08
MA2,94614,0.22654974460601807,0,30,2019-08-13,2019-09-11
MA2,94629,0.23856034874916077,0,30,2019-08-26,2019-09-24
MA2,94640,0.22458519041538239,0,30,2019-04-04,2019-05-03
MA2,94792,0.23567917943000793,0,30,2019-09-27,2019-10-26
MA2,95039,0.28594088554382324,0,30,2019-09-19,2019-10-18
MA2,95130,0.2291697859764099,0,30,2019-07-19,2019-10-16
MA2,95217,0.2387671172618866,0,30,2019-09-20,2019-10-19
MA2,95676,0.19452543556690216,0,30,2019-09-10,2019-11-08
MA2,96055,0.1890178918838501,0,30,2019-10-10,2019-11-08
MA2,96108,0.24799641966819763,0,30,2019-09-27,2019-10-26
MA2,96153,0.24800053238868713,0,30,2019-10-10,2019-11-08
MA2,96210,0.21828831732273102,0,30,2019-10-03,2019-11-01
MA2,96329,0.27634599804878235,0,30,2019-10-10,2019-11-08
MA2,96357,0.23530863225460052,0,30,2018-08-28,2018-12-22
MA2,96453,0.20571987330913544,0,30,2019-10-10,2019-11-08
MA2,96506,0.22837528586387634,0,30,2019-08-09,2019-09-07
MA2,96581,0.18959490954875946,0,30,2019-04-03,2019-05-02
MA2,96712,0.20937642455101013,0,30,2019-10-10,2019-11-08
MA2,96772,0.19616855680942535,0,30,2019-10-10,2019-11-08
MA2,96789,0.19875864684581757,0,30,2019-07-13,2019-08-11
MA2,96877,0.24844540655612946,0,30,2019-10-10,2019-11-08
MA2,96957,0.2059270441532135,0,30,2019-10-10,2019-11-08
MA2,97223,0.1887359321117401,0,30,2019-10-10,2019-11-08
MA2,97352,0.28480064868927,0,30,2019-10-01,2019-10-30
MA2,97405,0.26855695247650146,0,30,2019-08-26,2019-09-24
MA2,97510,0.5843325257301331,0,30,2018-06-06,2018-09-09
MA2,97553,0.18930669128894806,0,30,2019-10-08,2019-11-06
MA2,97557,0.19322967529296875,0,30,2019-10-08,2019-11-06
MA2,98052,0.20141653716564178,0,30,2019-10-03,2019-11-01
MA2,98156,0.26683923602104187,0,30,2019-09-12,2019-10-11
MA2,98171,0.26847538352012634,0,30,2019-09-27,2019-10-26
MA2,98375,0.21745242178440094,0,30,2019-10-02,2019-10-31
MA2,98559,0.3379047214984894,0,30,2019-04-05,2019-05-04
MA2,98626,0.23032300174236298,0,30,2019-10-10,2019-11-08
MA2,98677,0.2937457263469696,0,30,2018-09-15,2018-10-14
MA2,98692,0.25858309864997864,0,30,2019-09-20,2019-10-19
MA2,98936,0.2174583226442337,0,30,2019-10-02,2019-10-31
MA2,99179,0.5285607576370239,0,30,2018-04-05,2018-06-03
MA2,99214,0.23899559676647186,0,30,2018-09-10,2018-11-08
MA2,99363,0.20562689006328583,0,30,2019-10-04,2019-11-02
MA2,99388,0.20727987587451935,0,30,2019-01-19,2019-02-17
MA2,99835,0.2529410421848297,0,30,2018-07-03,2018-11-08
MA2,100017,0.22804854810237885,0,30,2019-10-10,2019-11-08
MA2,100157,0.2420472651720047,0,30,2019-09-16,2019-10-15
MA2,100171,0.20304563641548157,0,30,2018-12-15,2019-02-12
MA2,100289,0.19795125722885132,0,30,2019-02-15,2019-03-16
MA2,100401,0.1961623579263687,0,30,2019-08-16,2019-11-08
MA2,100651,0.21001264452934265,0,30,2019-01-17,2019-02-15
MA2,100826,0.2260013073682785,0,30,2019-09-27,2019-10-26
MA2,101167,0.23874276876449585,0,30,2018-08-28,2018-12-22
MA2,101233,0.23997828364372253,0,30,2019-04-02,2019-05-01
MA2,101376,0.41831478476524353,0,30,2018-08-21,2018-09-19
MA2,101430,0.2224031388759613,0,30,2019-10-10,2019-11-08
MA2,101436,0.24016626179218292,0,30,2019-10-10,2019-11-08
MA2,101480,0.30633023381233215,0,30,2018-09-14,2019-01-01
MA2,101503,0.1791410595178604,0,30,2019-10-10,2019-11-08
MA2,101508,0.18243542313575745,0,30,2019-10-10,2019-11-08
MA2,101524,0.2357553243637085,0,30,2018-07-04,2018-12-22
MA2,101532,0.24447214603424072,0,30,2019-08-30,2019-10-28
MA2,101864,0.27085357904434204,0,30,2019-09-27,2019-10-26
MA2,101988,0.2776980996131897,0,30,2019-02-12,2019-04-12
MA2,102758,0.24619074165821075,0,30,2019-04-21,2019-05-20
MA2,102759,0.24619190394878387,0,30,2019-04-21,2019-05-20
MA2,102808,0.2214534729719162,0,30,2019-10-10,2019-11-08
MA2,102852,0.2436174750328064,0,30,2018-07-14,2018-12-23
MA2,103034,0.2497338503599167,0,30,2019-02-01,2019-03-02
MA2,103271,0.21798443794250488,0,30,2019-09-10,2019-11-08
MA2,103340,0.2369673252105713,0,30,2019-10-10,2019-11-08
MA2,103420,0.27266696095466614,0,30,2019-09-20,2019-10-19
MA2,103460,0.26918160915374756,0,30,2019-10-10,2019-11-08
MA2,103721,0.21989896893501282,0,30,2019-09-17,2019-10-16
MA2,103879,0.16729547083377838,0,30,2019-09-30,2019-10-29
MA2,104203,0.18627242743968964,0,30,2019-09-27,2019-10-26
MA2,104250,0.5840460062026978,0,30,2019-10-10,2019-11-08
MA2,104388,0.2688158452510834,0,30,2018-08-08,2018-11-08
MA2,104412,0.2868082523345947,0,30,2019-10-08,2019-11-06
MA2,104427,0.22820024192333221,0,30,2019-09-04,2019-10-03
MA2,104463,0.2284998595714569,0,30,2019-10-10,2019-11-08
MA2,104471,0.23811917006969452,0,30,2019-09-10,2019-11-08
MA2,104505,0.23754730820655823,0,30,2019-09-12,2019-10-11
MA2,104512,0.23754265904426575,0,30,2019-09-12,2019-10-11
MA2,104700,0.3600379526615143,0,30,2019-09-27,2019-10-26
MA2,104712,0.24003371596336365,0,30,2019-03-11,2019-04-09
MA2,104791,0.22197359800338745,0,30,2019-10-10,2019-11-08
MA2,105005,0.2295730859041214,0,30,2019-09-12,2019-10-11
MA2,105047,0.22127282619476318,0,30,2019-10-10,2019-11-08
MA2,105172,0.29350268840789795,0,30,2019-10-10,2019-11-08
MA2,105189,0.2552067041397095,0,30,2019-09-27,2019-10-26
MA2,105297,0.2721583843231201,0,30,2019-08-30,2019-09-28
MA2,105394,0.22604355216026306,0,30,2019-10-10,2019-11-08
MA2,105444,0.2624046206474304,0,30,2019-09-27,2019-10-26
MA2,105472,0.21853108704090118,0,30,2019-09-27,2019-10-26
MA2,105509,0.2763207256793976,0,30,2018-09-08,2018-10-07
MA2,105526,0.2648443281650543,0,30,2019-10-10,2019-11-08
MA2,105605,0.24984370172023773,0,30,2019-09-27,2019-10-26
MA2,105907,0.2392188161611557,0,30,2019-10-10,2019-11-08
MA2,105912,0.239235058426857,0,30,2019-10-10,2019-11-08
MA2,105922,0.27676916122436523,0,30,2019-04-05,2019-05-04
MA2,105955,0.19354148209095,0,30,2019-09-27,2019-10-26
MA2,106155,0.23986855149269104,0,30,2019-09-10,2019-11-08
MA2,106441,0.24938517808914185,0,30,2019-09-22,2019-10-21
MA2,106851,0.23758472502231598,0,30,2019-09-10,2019-11-08
MA2,106934,0.21269497275352478,0,30,2019-09-19,2019-10-18
MA2,106994,0.19580307602882385,0,30,2019-10-08,2019-11-06
MA2,107077,0.290325403213501,0,30,2019-10-10,2019-11-08
MA2,107123,0.2652270197868347,0,30,2019-10-10,2019-11-08
MA2,107139,0.22051487863063812,0,30,2019-09-16,2019-10-15
MA2,107169,0.2566487789154053,0,30,2019-10-10,2019-11-08
MA2,107208,0.25213301181793213,0,30,2019-03-07,2019-04-05
MA2,107456,0.24082916975021362,0,30,2019-09-12,2019-10-11
MA2,107457,0.24082739651203156,0,30,2019-09-12,2019-10-11
MA2,107500,0.28880172967910767,0,30,2019-09-27,2019-10-26
MA2,107701,0.2059619128704071,0,30,2019-09-19,2019-10-18
MA2,107733,0.6506856083869934,1,30,2018-06-10,2018-07-09
MA2,107872,0.23919835686683655,0,30,2018-03-20,2018-04-18
MA2,108120,0.2705156207084656,0,30,2019-09-27,2019-10-26
MA2,108123,0.2622663080692291,0,30,2019-09-27,2019-10-26
MA2,108126,0.22727452218532562,0,30,2019-09-17,2019-10-16
MA2,108192,0.2016426920890808,0,30,2019-02-15,2019-03-16
MA2,108314,0.24030236899852753,0,30,2019-09-24,2019-10-23
MA2,108486,0.2232363522052765,0,30,2019-09-10,2019-11-08
MA2,108564,0.22828525304794312,0,30,2019-09-10,2019-11-08
MA2,108601,0.20467518270015717,0,30,2019-10-10,2019-11-08
MA2,108900,0.240484818816185,0,30,2019-09-27,2019-10-26
MA2,108972,0.23304487764835358,0,30,2019-10-05,2019-11-03
MA2,108976,0.2401054948568344,0,30,2019-08-28,2019-11-08
MA2,108986,0.24653027951717377,0,30,2019-09-27,2019-10-26
MA2,109044,0.2613537907600403,0,30,2019-09-27,2019-10-26
MA2,109077,0.2737085223197937,0,30,2019-09-27,2019-10-26
MA2,109140,0.20383231341838837,0,30,2019-05-24,2019-07-22
MA2,109165,0.2641826570034027,0,30,2019-09-27,2019-10-26
MA2,109996,0.23140870034694672,0,30,2019-10-05,2019-11-03
MA2,110174,0.23767292499542236,0,30,2019-01-19,2019-02-17
MA2,110244,0.306680291891098,0,30,2019-10-10,2019-11-08
MA2,110269,0.39001816511154175,0,30,2019-10-10,2019-11-08
MA2,110503,0.18979963660240173,0,30,2019-05-31,2019-07-29
MA2,110862,0.1945256143808365,0,30,2019-04-04,2019-05-03
MA2,111115,0.2827712893486023,0,30,2019-09-27,2019-10-26
MA2,111161,0.21290144324302673,0,30,2019-10-10,2019-11-08
MA2,111572,0.2643970549106598,0,30,2019-09-10,2019-11-08
MA2,111607,0.22573257982730865,0,30,2019-02-17,2019-03-18
MA2,111672,0.2485479861497879,0,30,2019-03-14,2019-04-12
MA2,111697,0.214130699634552,0,30,2019-10-10,2019-11-08
MA2,111702,0.244694322347641,0,30,2019-04-01,2019-04-30
MA2,112047,0.20861029624938965,0,30,2019-10-10,2019-11-08
MA2,112153,0.4041544198989868,1,30,2019-01-07,2019-02-05
MA2,112406,0.2952844500541687,0,30,2019-09-19,2019-10-18
MA2,112411,0.24701355397701263,0,30,2019-09-21,2019-10-20
MA2,112633,0.37795546650886536,0,30,2019-10-10,2019-11-08
MA2,112728,0.21357731521129608,0,30,2019-03-14,2019-04-12
MA2,112995,0.24947147071361542,0,30,2019-09-10,2019-10-09
MA2,113340,0.23103567957878113,0,30,2019-01-18,2019-02-16
MA2,113622,0.2159844934940338,0,30,2019-10-10,2019-11-08
MA2,113648,0.2014932483434677,0,30,2019-09-27,2019-10-26
MA2,113695,0.2668475806713104,0,30,2019-09-20,2019-10-19
MA2,113749,0.22727693617343903,0,30,2019-05-04,2019-06-02
MA2,114218,0.2650073170661926,0,30,2019-04-03,2019-05-02
MA2,114290,0.21989022195339203,0,30,2019-08-13,2019-09-11
MA2,114335,0.24424581229686737,0,30,2018-02-24,2018-03-25
MA2,114360,0.2336641401052475,0,30,2019-08-11,2019-11-08
MA2,114374,0.2609594464302063,0,30,2018-08-11,2018-09-09
MA2,114714,0.27552834153175354,0,30,2018-10-21,2018-12-22
MA2,115203,0.21289266645908356,0,30,2019-10-10,2019-11-08
MA2,115326,0.47142869234085083,0,30,2018-07-05,2018-12-12
MA2,115328,0.43307986855506897,0,30,2018-07-05,2018-12-12
MA2,115461,0.32749345898628235,0,30,2018-08-31,2018-12-28
MA2,115543,0.41732990741729736,0,30,2019-09-28,2019-10-27
MA2,115636,0.23168548941612244,0,30,2018-04-05,2018-06-03
MA2,115650,0.2826269268989563,0,30,2019-07-30,2019-11-08
MA2,115955,0.22297751903533936,0,30,2019-09-27,2019-10-26
MA2,116145,0.3638001084327698,0,30,2018-07-19,2018-08-17
MA2,116192,0.22304269671440125,0,30,2019-09-27,2019-10-26
MA2,116323,0.3023309111595154,0,30,2019-05-03,2019-06-01
MA2,116351,0.18051666021347046,0,30,2019-09-27,2019-10-26
MA2,116389,0.2161681205034256,0,30,2019-09-22,2019-10-21
MA2,116560,0.28978756070137024,0,30,2019-10-10,2019-11-08
MA2,116609,0.2891503870487213,0,30,2018-12-30,2019-01-28
MA2,116895,0.20935191214084625,0,30,2019-10-10,2019-11-08
MA2,116950,0.26407259702682495,0,30,2019-05-03,2019-06-01
MA2,116983,0.4502788782119751,0,30,2018-03-21,2018-07-06
MA2,117099,0.23799635469913483,0,30,2019-10-10,2019-11-08
MA2,117132,0.2197391241788864,0,30,2019-08-28,2019-10-26
MA2,117142,0.27280277013778687,0,30,2019-10-10,2019-11-08
MA2,117299,0.22458992898464203,0,30,2019-10-10,2019-11-08
MA2,117436,0.19619184732437134,0,30,2019-10-10,2019-11-08
MA2,117474,0.24332867562770844,0,30,2019-09-22,2019-10-21
MA2,117566,0.3649829030036926,0,30,2019-05-15,2019-07-13
MA2,117703,0.20389573276042938,0,30,2019-05-24,2019-07-22
MA2,117799,0.265028715133667,0,30,2019-05-28,2019-07-26
MA2,117955,0.24178871512413025,0,30,2019-09-24,2019-10-23
MA2,118158,0.2297012209892273,0,30,2019-08-26,2019-09-24
MA2,118292,0.22643771767616272,0,30,2019-02-01,2019-03-02
MA2,118396,0.2080644965171814,0,30,2018-07-14,2018-11-08
MA2,118698,0.21482966840267181,0,30,2019-07-30,2019-08-28
MA2,118712,0.4568016231060028,0,30,2018-06-23,2018-07-22
MA2,118844,0.18257813155651093,0,30,2019-10-10,2019-11-08
MA2,118907,0.27984267473220825,0,30,2019-09-16,2019-10-15
MA2,118989,0.23154953122138977,0,30,2019-10-10,2019-11-08
MA2,119510,0.22672349214553833,0,30,2018-07-25,2018-08-23
MA2,119522,0.32716819643974304,0,30,2018-07-25,2018-09-22
MA2,119788,0.25547900795936584,0,30,2019-09-27,2019-10-26
MA2,119815,0.27536022663116455,0,30,2019-09-27,2019-10-26
MA2,119879,0.28586676716804504,0,30,2019-08-17,2019-11-08
MA2,119954,0.21726840734481812,0,30,2019-10-10,2019-11-08
MA2,120020,0.21108323335647583,0,30,2019-10-10,2019-11-08
MA2,120034,0.22431643307209015,0,30,2019-10-10,2019-11-08
MA2,120069,0.24547627568244934,0,30,2019-10-10,2019-11-08
MA2,120150,0.24692344665527344,0,30,2018-09-06,2018-10-05
MA2,120169,0.20992180705070496,0,30,2019-10-10,2019-11-08
MA2,120312,0.2713406980037689,0,30,2019-10-10,2019-11-08
MA2,120439,0.22865073382854462,0,30,2019-09-27,2019-10-26
MA2,120770,0.28767403960227966,0,30,2018-04-17,2018-06-15
MB1,70,0.3465639054775238,0,30,2019-09-19,2019-10-18
MB1,237,0.3385949730873108,0,30,2019-10-10,2019-11-08
MB1,302,0.22822681069374084,0,30,2019-10-10,2019-11-08
MB1,435,0.4413191080093384,0,30,2019-09-10,2019-11-08
MB1,536,0.47316426038742065,0,30,2019-08-29,2019-09-27
MB1,702,0.3320983946323395,0,30,2019-09-19,2019-10-18
MB1,704,0.7502688765525818,0,30,2019-10-10,2019-11-08
MB1,931,0.4806942045688629,0,30,2019-08-07,2019-10-05
MB1,955,0.39723220467567444,0,30,2019-09-10,2019-11-08
MB1,1103,0.4023827612400055,0,30,2019-09-20,2019-10-19
MB1,1197,0.3957878053188324,0,30,2019-08-18,2019-10-16
MB1,1249,0.5864301919937134,0,30,2019-10-10,2019-11-08
MB1,1307,0.4435133635997772,0,30,2019-10-10,2019-11-08
MB1,1332,0.39694520831108093,0,30,2019-10-10,2019-11-08
MB1,1335,0.32093408703804016,0,30,2019-10-10,2019-11-08
MB1,1358,0.48897337913513184,0,30,2019-09-17,2019-10-16
MB1,1380,0.36804112792015076,0,30,2019-10-10,2019-11-08
MB1,1447,0.5845379829406738,0,30,2019-10-10,2019-11-08
MB1,1448,0.5845379829406738,0,30,2019-10-10,2019-11-08
MB1,1558,0.7160691618919373,0,30,2019-09-29,2019-10-28
MB1,1625,0.4277338981628418,0,30,2019-10-10,2019-11-08
MB1,1647,0.3910151422023773,0,30,2019-10-10,2019-11-08
MB1,1778,0.5214623212814331,0,19,2018-07-20,2018-08-07
MB1,1906,0.7515342235565186,0,30,2019-10-10,2019-11-08
MB1,1911,0.3844579756259918,0,30,2019-10-10,2019-11-08
MB1,2192,0.32324284315109253,0,30,2019-09-19,2019-10-18
MB1,2328,0.4588977098464966,0,30,2019-10-10,2019-11-08
MB1,2369,0.3757103979587555,0,30,2019-10-10,2019-11-08
MB1,2450,0.3924431800842285,0,30,2019-10-03,2019-11-01
MB1,2594,0.22826609015464783,0,30,2019-10-10,2019-11-08
MB1,2632,0.3566182255744934,0,30,2019-10-10,2019-11-08
MB1,2634,0.41461658477783203,0,30,2019-10-10,2019-11-08
MB1,2746,0.43294432759284973,0,30,2019-10-10,2019-11-08
MB1,2749,0.43294432759284973,0,30,2019-10-10,2019-11-08
MB1,2973,0.37073180079460144,0,30,2019-09-18,2019-10-17
MB1,3020,0.8498702645301819,0,30,2019-09-30,2019-10-29
MB1,3027,0.6092106103897095,0,30,2019-10-10,2019-11-08
MB1,3133,0.37282928824424744,0,30,2019-10-10,2019-11-08
MB1,3423,0.41951704025268555,0,30,2019-10-10,2019-11-08
MB1,3429,0.41951704025268555,0,30,2019-10-10,2019-11-08
MB1,3465,0.3568929135799408,0,30,2019-10-10,2019-11-08
MB1,3546,0.39450696110725403,0,30,2019-09-08,2019-11-08
MB1,3668,0.4809984862804413,0,30,2019-08-23,2019-09-21
MB1,4119,0.4589180052280426,0,30,2019-10-10,2019-11-08
MB1,4196,0.3516193628311157,0,30,2019-10-10,2019-11-08
MB1,4526,0.38753923773765564,0,30,2019-10-10,2019-11-08
MB1,4619,0.4314684569835663,0,30,2019-09-10,2019-11-08
MB1,4738,0.23420773446559906,0,30,2019-10-10,2019-11-08
MB1,4867,0.5092040300369263,0,30,2019-10-10,2019-11-08
MB1,4882,0.36105024814605713,0,30,2019-09-10,2019-11-08
MB1,5031,0.8329697847366333,0,30,2019-09-10,2019-11-08
MB1,5079,0.5801927447319031,1,30,2019-04-03,2019-07-21
MB1,5097,0.43965619802474976,0,30,2019-09-20,2019-10-19
MB1,5140,0.39941757917404175,0,30,2019-09-15,2019-10-14
MB1,5243,0.6703704595565796,0,30,2019-09-19,2019-10-18
MB1,5283,0.4022197127342224,0,30,2019-08-30,2019-11-08
MB1,5845,0.5622772574424744,0,30,2019-10-10,2019-11-08
MB1,5921,0.5845052003860474,0,30,2019-08-28,2019-11-08
MB1,6021,0.37978196144104004,0,30,2019-05-30,2019-10-17
MB1,6140,0.40521278977394104,0,30,2019-10-10,2019-11-08
MB1,6196,0.4678214192390442,0,30,2019-10-10,2019-11-08
MB1,6226,0.46356451511383057,0,30,2019-09-20,2019-10-19
MB1,6241,0.3604090213775635,0,30,2019-10-10,2019-11-08
MB1,6249,0.8290047645568848,0,30,2019-10-07,2019-11-05
MB1,6479,0.3629837930202484,0,30,2019-09-19,2019-10-18
MB1,6589,0.35749197006225586,0,30,2019-09-10,2019-11-08
MB1,6814,0.7781429290771484,0,30,2019-09-29,2019-10-28
MB1,6960,0.3507790267467499,0,30,2019-10-10,2019-11-08
MB1,7007,0.4171116352081299,0,30,2019-09-19,2019-10-18
MB1,7082,0.41966405510902405,0,30,2019-10-10,2019-11-08
MB1,7247,0.48395946621894836,0,30,2019-10-10,2019-11-08
MB1,7376,0.357730895280838,0,30,2018-06-28,2018-07-27
MB1,7496,0.7201101779937744,0,30,2019-04-12,2019-11-08
MB1,7602,0.4038814604282379,0,30,2019-10-10,2019-11-08
MB1,7680,0.3906063437461853,0,30,2019-10-10,2019-11-08
MB1,7962,0.43963220715522766,0,30,2019-09-20,2019-10-19
MB1,7976,0.376522958278656,0,30,2019-10-10,2019-11-08
MB1,8012,0.5089927315711975,0,30,2019-10-10,2019-11-08
MB1,8075,0.3957154452800751,0,30,2019-09-19,2019-10-18
MB1,8140,0.3941088318824768,0,30,2019-10-10,2019-11-08
MB1,8166,0.350630521774292,0,30,2019-10-10,2019-11-08
MB1,8393,0.5087764263153076,0,30,2019-10-10,2019-11-08
MB1,8516,0.6483204364776611,0,30,2019-09-15,2019-10-14
MB1,8883,0.39296889305114746,0,30,2019-05-14,2019-06-12
MB1,8928,0.47600188851356506,0,30,2019-09-20,2019-10-19
MB1,8979,0.35066893696784973,0,30,2019-09-19,2019-10-18
MB1,8993,0.4447803795337677,0,30,2019-09-19,2019-10-18
MB1,9086,0.39697209000587463,0,30,2019-10-10,2019-11-08
MB1,9227,0.4393019676208496,0,30,2019-09-21,2019-10-20
MB1,9301,0.7792824506759644,0,30,2019-09-27,2019-10-26
MB1,9781,0.3516193628311157,0,30,2019-10-10,2019-11-08
MB1,9990,0.6886683106422424,0,30,2019-10-10,2019-11-08
MB1,10004,0.4392792880535126,0,30,2019-09-19,2019-10-18
MB1,10021,0.46896108984947205,0,30,2019-09-19,2019-10-18
MB1,10216,0.41840463876724243,0,30,2019-10-10,2019-11-08
MB1,10274,0.4637985825538635,0,30,2019-10-02,2019-10-31
MB1,10460,0.46623343229293823,0,30,2019-09-29,2019-10-28
MB1,10481,0.3756929039955139,0,30,2019-10-10,2019-11-08
MB1,10913,0.3529956638813019,0,30,2019-10-10,2019-11-08
MB1,10949,0.4027397334575653,0,30,2019-05-19,2019-07-17
MB1,11248,0.23946690559387207,0,30,2019-10-10,2019-11-08
MB1,11330,0.3662835359573364,0,30,2019-10-10,2019-11-08
MB1,11404,0.4589581787586212,0,30,2019-10-10,2019-11-08
MB1,11626,0.3500508964061737,0,30,2019-09-16,2019-10-15
MB1,11758,0.3544304072856903,0,30,2019-10-10,2019-11-08
MB1,11902,0.30722492933273315,0,30,2019-09-19,2019-10-18
MB1,12002,0.6699796915054321,0,30,2019-10-10,2019-11-08
MB1,12181,0.45695316791534424,0,30,2019-10-10,2019-11-08
MB1,12203,0.35004329681396484,0,30,2019-09-16,2019-10-15
MB1,12361,0.39596104621887207,0,30,2019-08-21,2019-10-19
MB1,12651,0.42216619849205017,0,30,2019-08-19,2019-10-19
MB1,12817,0.45838552713394165,0,30,2019-09-20,2019-10-19
MB1,12846,0.5164406895637512,0,30,2019-09-17,2019-10-16
MB1,12856,0.5163723826408386,0,30,2019-09-17,2019-10-16
MB1,12966,0.37529757618904114,1,30,2018-07-30,2018-08-28
MB1,12976,0.3509715497493744,0,30,2019-09-19,2019-10-18
MB1,13045,0.2868841588497162,0,30,2019-09-17,2019-10-16
MB1,13177,0.4409603774547577,0,30,2019-09-17,2019-10-16
MB1,13454,0.5391064882278442,0,30,2019-10-10,2019-11-08
MB1,13609,0.6657359004020691,0,30,2019-09-09,2019-11-08
MB1,13636,0.5676378011703491,0,30,2019-06-06,2019-11-08
MB1,13705,0.44655776023864746,0,30,2019-09-29,2019-10-28
MB1,13807,0.43996793031692505,0,30,2019-08-14,2019-11-08
MB1,14068,0.39278802275657654,0,30,2019-05-14,2019-06-12
MB1,14135,0.3674606680870056,0,30,2018-03-17,2018-04-15
MB1,14332,0.44039520621299744,0,30,2019-10-10,2019-11-08
MB1,14360,0.40659311413764954,0,30,2019-09-09,2019-11-08
MB1,14420,0.3060266971588135,0,30,2019-08-23,2019-10-21
MB1,14435,0.3496954143047333,0,30,2019-10-10,2019-11-08
MB1,14558,0.4435705244541168,0,30,2019-10-10,2019-11-08
MB1,14628,0.4278619885444641,0,30,2019-09-20,2019-10-19
MB1,14814,0.797102689743042,0,30,2019-10-10,2019-11-08
MB1,14841,0.6464747786521912,0,30,2019-10-04,2019-11-02
MB1,14866,0.48689010739326477,0,30,2019-09-18,2019-10-17
MB1,14882,0.538010835647583,0,30,2019-09-10,2019-10-09
MB1,15064,0.444825142621994,0,30,2019-08-28,2019-11-08
MB1,15213,0.37776878476142883,0,30,2019-09-19,2019-10-18
MB1,15242,0.4357779026031494,0,30,2019-10-10,2019-11-08
MB1,15425,0.4559212327003479,0,30,2019-10-10,2019-11-08
MB1,15682,0.3956855535507202,0,30,2019-09-09,2019-11-08
MB1,15703,0.48699286580085754,0,30,2019-10-10,2019-11-08
MB1,15865,0.3846130967140198,0,30,2019-10-10,2019-11-08
MB1,16272,0.5537265539169312,0,30,2019-10-06,2019-11-04
MB1,16396,0.3877463638782501,0,30,2019-10-10,2019-11-08
MB1,16445,0.41719913482666016,0,30,2019-09-19,2019-10-18
MB1,16450,0.4032420516014099,0,30,2019-09-20,2019-10-19
MB1,16627,0.8132537007331848,0,30,2019-09-16,2019-10-15
MB1,16763,0.7395886778831482,0,30,2019-10-10,2019-11-08
MB1,16807,0.48425745964050293,0,30,2019-10-02,2019-10-31
MB1,16946,0.5411550402641296,0,30,2019-09-20,2019-10-19
MB1,16971,0.44045740365982056,0,30,2019-09-17,2019-10-16
MB1,16983,0.2527894079685211,0,30,2019-09-14,2019-10-13
MB1,17134,0.3999543786048889,0,30,2019-09-10,2019-11-08
MB1,17182,0.5359436273574829,0,30,2019-10-10,2019-11-08
MB1,17295,0.4404074549674988,0,30,2019-09-17,2019-10-16
MB1,17344,0.4905407130718231,0,30,2019-10-02,2019-10-31
MB1,17367,0.3487616181373596,0,30,2019-10-02,2019-10-31
MB1,17606,0.43621036410331726,0,30,2019-01-12,2019-02-10
MB1,17614,0.3114287555217743,1,30,2018-10-10,2018-11-08
MB1,17768,0.4171490967273712,0,30,2019-09-19,2019-10-18
MB1,17990,0.44363775849342346,0,30,2019-10-08,2019-11-06
MB1,18139,0.4267672896385193,0,30,2019-09-10,2019-11-08
MB1,18150,0.38758358359336853,0,30,2019-09-10,2019-10-09
MB1,18304,0.37073156237602234,0,30,2019-10-10,2019-11-08
MB1,18409,0.7520614862442017,0,30,2019-08-12,2019-11-08
MB1,18410,0.7339696884155273,0,30,2019-08-12,2019-11-08
MB1,18795,0.39696311950683594,0,30,2019-09-10,2019-11-08
MB1,18850,0.778523862361908,0,30,2019-09-16,2019-10-15
MB1,18943,0.45422062277793884,0,30,2019-09-10,2019-10-09
MB1,18957,0.46573901176452637,0,30,2019-09-16,2019-10-15
MB1,18980,0.7306022047996521,0,30,2019-10-10,2019-11-08
MB1,19260,0.3957878053188324,0,30,2019-09-17,2019-10-16
MB1,19410,0.7179041504859924,0,30,2019-10-10,2019-11-08
MB1,19640,0.3462982177734375,0,30,2019-08-18,2019-10-16
MB1,19743,0.9306040406227112,1,30,2019-05-14,2019-06-12
MB1,19907,0.4435330033302307,0,30,2019-10-10,2019-11-08
MB1,20083,0.3591182827949524,0,30,2019-10-10,2019-11-08
MB1,20138,0.3915719985961914,0,30,2019-08-13,2019-09-11
MB1,20155,0.46173015236854553,0,30,2019-10-02,2019-10-31
MB1,20178,0.8405033946037292,0,30,2019-08-30,2019-09-28
MB1,20194,0.67826908826828,0,30,2019-10-10,2019-11-08
MB1,20233,0.42096269130706787,0,30,2019-08-26,2019-11-02
MB1,20559,0.4490486979484558,0,30,2019-09-10,2019-11-08
MB1,20565,0.4490486979484558,0,30,2019-09-10,2019-11-08
MB1,20597,0.43997448682785034,0,30,2019-10-10,2019-11-08
MB1,20627,0.4413191080093384,0,30,2019-09-10,2019-11-08
MB1,20665,0.35481366515159607,0,30,2019-10-10,2019-11-08
MB1,20808,0.4692981243133545,0,30,2019-08-27,2019-09-25
MB1,20848,0.4212082326412201,0,30,2019-09-01,2019-09-30
MB1,21305,0.6098966598510742,0,30,2019-10-10,2019-11-08
MB1,21329,0.5673806071281433,0,30,2019-10-10,2019-11-08
MB1,21362,0.3956783711910248,0,30,2019-08-18,2019-10-16
MB1,21520,0.523249626159668,0,30,2019-10-10,2019-11-08
MB1,21575,0.392527312040329,0,30,2018-08-17,2018-11-08
MB1,21638,0.35663291811943054,0,30,2019-10-10,2019-11-08
MB1,21648,0.35663291811943054,0,30,2019-10-10,2019-11-08
MB1,21750,0.5427622199058533,0,30,2019-09-22,2019-10-21
MB1,21759,0.33239513635635376,0,30,2019-10-10,2019-11-08
MB1,21773,0.8401751518249512,0,30,2019-10-10,2019-11-08
MB1,21781,0.3898829519748688,0,30,2019-10-10,2019-11-08
MB1,21822,0.39480650424957275,0,30,2019-08-26,2019-09-24
MB1,21993,0.39503344893455505,0,30,2019-10-10,2019-11-08
MB1,22086,0.8502250909805298,0,30,2019-10-04,2019-11-02
MB1,22157,0.4685235023498535,0,30,2019-09-16,2019-10-15
MB1,22175,0.5640453696250916,0,30,2019-10-04,2019-11-02
MB1,22444,0.46554166078567505,0,30,2019-09-10,2019-11-08
MB1,22514,0.4435705244541168,0,30,2019-10-10,2019-11-08
MB1,22546,0.8293596506118774,0,30,2019-05-31,2019-11-05
MB1,22621,0.6876688599586487,0,30,2019-09-22,2019-10-21
MB1,22812,0.6067112684249878,0,30,2019-10-10,2019-11-08
MB1,22827,0.37537044286727905,0,30,2019-10-10,2019-11-08
MB1,22860,0.5677444934844971,1,30,2018-03-25,2018-05-23
MB1,23015,0.36714816093444824,0,30,2019-10-10,2019-11-08
MB1,23022,0.3910985589027405,0,30,2019-10-10,2019-11-08
MB1,23158,0.4392556846141815,0,30,2019-08-28,2019-09-26
MB1,23182,0.65138179063797,0,30,2019-10-10,2019-11-08
MB1,23256,0.466043621301651,0,30,2019-09-19,2019-10-18
MB1,23325,0.33605441451072693,0,30,2019-09-19,2019-10-18
MB1,23376,0.4688241183757782,0,30,2019-10-10,2019-11-08
MB1,23483,0.7318899631500244,0,30,2019-10-10,2019-11-08
MB1,23507,0.42678162455558777,0,30,2019-09-17,2019-10-16
MB1,23537,0.38371527194976807,0,30,2019-08-19,2019-10-17
MB1,23580,0.40885815024375916,0,30,2019-09-30,2019-10-29
MB1,23599,0.43949124217033386,0,30,2019-09-19,2019-10-18
MB1,23790,0.4682161808013916,0,30,2019-09-19,2019-10-18
MB1,23826,0.41743630170822144,0,30,2019-09-18,2019-10-17
MB1,24070,0.3985114097595215,0,30,2019-09-17,2019-10-16
MB1,24075,0.3985114097595215,0,30,2019-09-17,2019-10-16
MB1,24105,0.39244598150253296,0,30,2018-05-28,2018-06-26
MB1,24112,0.4725477993488312,0,30,2019-10-10,2019-11-08
MB1,24244,0.35642772912979126,0,30,2019-10-02,2019-10-31
MB1,24380,0.4393276274204254,0,30,2019-09-21,2019-10-20
MB1,24503,0.3817608952522278,1,30,2018-12-28,2019-01-26
MB1,24578,0.4172247350215912,0,30,2019-09-19,2019-10-18
MB1,24641,0.4436412453651428,0,30,2019-10-10,2019-11-08
MB1,24642,0.4436412453651428,0,30,2019-10-10,2019-11-08
MB1,24647,0.4436412453651428,0,30,2019-10-10,2019-11-08
MB1,24724,0.8648697733879089,0,30,2019-10-10,2019-11-08
MB1,24735,0.46381473541259766,0,30,2019-10-10,2019-11-08
MB1,24886,0.38482996821403503,0,30,2019-09-17,2019-10-16
MB1,24941,0.3667992353439331,0,30,2019-09-20,2019-10-19
MB1,25136,0.39622122049331665,0,30,2019-08-21,2019-10-19
MB1,25310,0.43928954005241394,0,30,2019-09-21,2019-10-20
MB1,25405,0.815872073173523,0,30,2019-09-19,2019-10-18
MB1,25662,0.43214061856269836,0,30,2019-09-21,2019-10-20
MB1,26356,0.39337223768234253,0,30,2019-10-10,2019-11-08
MB1,26367,0.37442123889923096,0,30,2019-10-01,2019-10-30
MB1,26640,0.39245155453681946,0,30,2019-10-03,2019-11-01
MB1,26835,0.36252376437187195,0,30,2019-09-17,2019-10-16
MB1,26948,0.542008101940155,0,30,2019-08-11,2019-09-09
MB1,26951,0.35254615545272827,0,30,2019-09-10,2019-10-09
MB1,27552,0.3500397801399231,0,30,2019-09-16,2019-10-15
MB1,27577,0.46824416518211365,0,30,2019-09-19,2019-10-18
MB1,27678,0.5717427730560303,0,30,2019-10-10,2019-11-08
MB1,27747,0.45058295130729675,0,30,2019-05-14,2019-06-12
MB1,27795,0.7634267807006836,0,30,2019-10-10,2019-11-08
MB1,27969,0.6842882037162781,0,30,2019-10-10,2019-11-08
MB1,27971,0.4048008322715759,0,30,2019-09-19,2019-10-18
MB1,28013,0.49162349104881287,0,12,2019-08-14,2019-08-25
MB1,28641,0.3844674527645111,0,30,2019-10-10,2019-11-08
MB1,28711,0.4207359850406647,0,30,2019-10-10,2019-11-08
MB1,28753,0.591144859790802,0,30,2019-08-05,2019-09-03
MB1,28772,0.5427584052085876,0,30,2019-10-10,2019-11-08
MB1,29110,0.6763461828231812,0,30,2019-05-14,2019-06-12
MB1,29213,0.3924348056316376,0,30,2019-10-10,2019-11-08
MB1,29272,0.441567599773407,0,30,2019-09-16,2019-10-15
MB1,29388,0.41814544796943665,0,30,2019-10-10,2019-11-08
MB1,29610,0.7749335765838623,0,30,2019-10-10,2019-11-08
MB1,29796,0.4323284327983856,0,30,2019-10-10,2019-11-08
MB1,29808,0.5438235998153687,0,30,2019-09-19,2019-10-18
MB1,30028,0.40491485595703125,0,30,2019-09-17,2019-10-16
MB1,30134,0.3742932677268982,0,30,2019-10-10,2019-11-08
MB1,30301,0.3579860329627991,0,30,2019-08-28,2019-09-26
MB1,30531,0.5906527638435364,0,30,2019-05-14,2019-06-12
MB1,30539,0.5906527638435364,0,30,2019-05-14,2019-06-12
MB1,30542,0.5899308323860168,0,30,2019-05-14,2019-06-12
MB1,30629,0.4900304079055786,0,30,2019-09-17,2019-10-16
MB1,30673,0.5177860856056213,0,30,2019-05-05,2019-11-04
MB1,30848,0.9897083640098572,1,30,2018-07-09,2018-08-07
MB1,30864,0.4881066083908081,0,30,2019-10-10,2019-11-08
MB1,30946,0.34561777114868164,0,30,2019-06-10,2019-10-18
MB1,31021,0.35554519295692444,0,30,2019-09-10,2019-11-08
MB1,31045,0.7201193571090698,0,30,2019-09-09,2019-11-08
MB1,31124,0.4107820689678192,0,30,2019-10-10,2019-11-08
MB1,31216,0.3670751452445984,0,30,2019-10-10,2019-11-08
MB1,31282,0.7913663387298584,0,30,2019-10-03,2019-11-01
MB1,31371,0.389761745929718,0,30,2019-10-10,2019-11-08
MB1,31773,0.4508669674396515,0,30,2019-10-03,2019-11-01
MB1,31791,0.6615595817565918,0,30,2019-05-23,2019-07-21
MB1,31865,0.4172247350215912,0,30,2019-09-19,2019-10-18
MB1,31947,0.7637128233909607,0,30,2019-09-12,2019-10-11
MB1,31993,0.35005441308021545,0,30,2019-09-16,2019-10-15
MB1,32017,0.7384867072105408,0,30,2019-10-01,2019-10-30
MB1,32044,0.4171483516693115,0,30,2019-09-19,2019-10-18
MB1,32207,0.39664873480796814,0,30,2019-09-21,2019-10-20
MB1,32441,0.45427146553993225,0,30,2019-07-26,2019-10-31
MB1,32464,0.5594696402549744,0,30,2019-08-27,2019-11-08
MB1,32732,0.37144169211387634,0,30,2019-10-10,2019-11-08
MB1,32915,0.4800080955028534,0,30,2019-09-20,2019-10-19
MB1,33042,0.32842546701431274,0,30,2019-08-22,2019-11-08
MB1,33053,0.3758421242237091,0,30,2019-10-10,2019-11-08
MB1,33308,0.4395579397678375,0,30,2019-09-20,2019-10-19
MB1,33312,0.4396194815635681,0,30,2019-09-20,2019-10-19
MB1,33401,0.5440861582756042,0,30,2019-10-10,2019-11-08
MB1,33411,0.4933628439903259,0,30,2019-09-10,2019-11-08
MB1,33496,0.5440860986709595,0,30,2019-10-10,2019-11-08
MB1,33549,0.4159229099750519,0,30,2019-10-10,2019-11-08
MB1,33627,0.3962511718273163,0,30,2019-10-10,2019-11-08
MB1,33661,0.5470113754272461,0,30,2019-10-10,2019-11-08
MB1,33775,0.5221097469329834,0,30,2019-10-10,2019-11-08
MB1,33782,0.5220954418182373,0,30,2019-10-10,2019-11-08
MB1,33840,0.49688592553138733,0,22,2019-10-18,2019-11-08
MB1,34123,0.22336778044700623,0,30,2019-10-10,2019-11-08
MB1,34178,0.3950388729572296,0,30,2019-10-10,2019-11-08
MB1,34195,0.4104190766811371,0,30,2019-10-10,2019-11-08
MB1,34228,0.6051584482192993,0,30,2019-10-10,2019-11-08
MB1,34241,0.46573933959007263,0,30,2019-09-16,2019-10-15
MB1,34254,0.43697112798690796,0,30,2019-09-21,2019-10-20
MB1,34261,0.43697112798690796,0,30,2019-09-21,2019-10-20
MB1,34383,0.4435611069202423,0,30,2019-10-10,2019-11-08
MB1,34421,0.5191997289657593,0,19,2018-07-20,2018-08-07
MB1,34510,0.3765271306037903,0,30,2019-10-10,2019-11-08
MB1,34545,0.3497399389743805,0,30,2019-10-04,2019-11-02
MB1,34687,0.44246867299079895,0,30,2019-09-20,2019-10-19
MB1,34700,0.350658655166626,0,30,2019-10-10,2019-11-08
MB1,34891,0.3758508265018463,0,30,2019-09-10,2019-11-08
MB1,35194,0.487801194190979,0,30,2019-08-22,2019-10-20
MB1,35285,0.4771351218223572,0,30,2019-08-19,2019-10-17
MB1,35286,0.38903823494911194,0,30,2019-09-12,2019-10-11
MB1,35658,0.4183815121650696,0,30,2019-10-10,2019-11-08
MB1,35723,0.3677009046077728,0,30,2019-09-16,2019-10-15
MB1,35812,0.4007699489593506,0,30,2019-10-10,2019-11-08
MB1,35844,0.44186344742774963,0,30,2019-09-02,2019-10-01
MB1,35955,0.37105005979537964,0,30,2019-08-31,2019-11-08
MB1,36154,0.441744327545166,0,30,2019-09-13,2019-10-12
MB1,36158,0.441744327545166,0,30,2019-09-13,2019-10-12
MB1,36311,0.44441407918930054,0,30,2019-09-01,2019-09-30
MB1,36498,0.49448472261428833,0,7,2019-08-29,2019-10-04
MB1,36517,0.8688791990280151,0,30,2019-09-25,2019-10-24
MB1,36698,0.35770052671432495,0,30,2019-09-03,2019-10-02
MB1,36751,0.7791714668273926,0,30,2019-10-10,2019-11-08
MB1,36777,0.8693622946739197,0,30,2019-10-10,2019-11-08
MB1,36833,0.4325346052646637,0,30,2019-10-10,2019-11-08
MB1,37028,0.7042783498764038,0,30,2019-09-09,2019-11-08
MB1,37270,0.49336302280426025,0,30,2019-10-10,2019-11-08
MB1,37281,0.38601425290107727,0,30,2019-10-10,2019-11-08
MB1,37398,0.4049384891986847,0,30,2019-10-04,2019-11-02
MB1,37406,0.24754567444324493,0,30,2019-09-10,2019-11-08
MB1,37734,0.3989981710910797,0,30,2019-09-20,2019-10-19
MB1,37864,0.42121586203575134,0,30,2019-09-24,2019-10-23
MB1,38095,0.4250090718269348,1,30,2018-03-25,2018-05-23
MB1,38284,0.6886674165725708,0,30,2019-10-10,2019-11-08
MB1,38459,0.4173740744590759,0,30,2019-09-20,2019-10-19
MB1,38619,0.5214075446128845,0,19,2018-07-20,2018-08-07
MB1,38770,0.41047772765159607,0,30,2019-10-10,2019-11-08
MB1,38928,0.3555532991886139,0,30,2019-10-10,2019-11-08
MB1,38986,0.612769365310669,0,30,2019-10-10,2019-11-08
MB1,39012,0.7490522861480713,0,30,2019-10-10,2019-11-08
MB1,39088,0.3669569492340088,0,30,2019-09-08,2019-10-07
MB1,39251,0.39503344893455505,0,30,2019-10-10,2019-11-08
MB1,39451,0.5843120217323303,0,30,2019-10-10,2019-11-08
MB1,39486,0.4434959590435028,0,30,2019-09-10,2019-11-08
MB1,39544,0.40482258796691895,0,30,2019-09-19,2019-10-18
MB1,39594,0.46914613246917725,0,30,2019-08-31,2019-09-29
MB1,39628,0.4201699495315552,0,30,2019-10-10,2019-11-08
MB1,39634,0.7574636340141296,0,30,2019-05-02,2019-07-17
MB1,39748,0.4392525553703308,0,30,2019-09-21,2019-10-20
MB1,39975,0.46339648962020874,0,30,2019-09-29,2019-10-28
MB1,40015,0.46786269545555115,0,30,2019-09-19,2019-10-18
MB1,40026,0.7515102028846741,0,30,2019-09-19,2019-10-18
MB1,40390,0.38585415482521057,0,30,2019-10-10,2019-11-08
MB1,40545,0.38633719086647034,0,30,2019-10-10,2019-11-08
MB1,40785,0.3410462737083435,0,30,2019-09-19,2019-10-18
MB1,40969,0.3971373736858368,0,30,2019-09-18,2019-10-17
MB1,41107,0.4594327509403229,0,30,2019-10-10,2019-11-08
MB1,41349,0.41712379455566406,0,30,2019-09-19,2019-10-18
MB1,41477,0.4915805757045746,0,30,2019-06-05,2019-11-08
MB1,41725,0.47732648253440857,0,30,2019-08-20,2019-10-18
MB1,41802,0.33739086985588074,0,30,2019-09-18,2019-10-17
MB1,41919,0.4393019676208496,0,30,2019-09-21,2019-10-20
MB1,41942,0.41047772765159607,0,30,2019-10-10,2019-11-08
MB1,41983,0.39744845032691956,0,30,2019-10-10,2019-11-08
MB1,42365,0.3752863109111786,1,30,2018-07-20,2018-08-18
MB1,42458,0.42767852544784546,0,30,2019-10-10,2019-11-08
MB1,42545,0.35268479585647583,0,30,2019-10-10,2019-11-08
MB1,42623,0.39732304215431213,0,30,2019-10-10,2019-11-08
MB1,43085,0.5091865062713623,0,30,2019-10-10,2019-11-08
MB1,43122,0.4439200460910797,0,30,2019-08-21,2019-10-28
MB1,43237,0.46571460366249084,0,30,2019-09-16,2019-10-15
MB1,43248,0.3759000599384308,0,30,2019-10-10,2019-11-08
MB1,43353,0.35663291811943054,0,30,2019-10-10,2019-11-08
MB1,43468,0.4171611964702606,0,30,2019-09-19,2019-10-18
MB1,43482,0.5427340865135193,0,30,2019-02-03,2019-05-20
MB1,43539,0.39696311950683594,0,30,2019-10-10,2019-11-08
MB1,43577,0.7424471378326416,0,30,2019-04-29,2019-05-28
MB1,43689,0.3474307060241699,0,30,2019-09-23,2019-10-22
MB1,43954,0.4646241068840027,0,30,2019-09-17,2019-10-16
MB1,43965,0.5862504839897156,0,30,2019-10-10,2019-11-08
MB2,217,0.3999202847480774,1,30,2018-07-18,2018-11-08
MB2,361,0.36440733075141907,0,30,2019-08-08,2019-11-08
MB2,476,0.24560131132602692,0,30,2019-08-23,2019-10-26
MB2,482,0.24560131132602692,0,30,2019-08-23,2019-10-26
MB2,503,0.29371896386146545,0,30,2019-09-10,2019-11-08
MB2,523,0.33724018931388855,0,30,2019-10-10,2019-11-08
MB2,563,0.2442089319229126,0,30,2019-08-31,2019-10-29
MB2,1233,0.2910345494747162,0,30,2019-10-10,2019-11-08
MB2,1358,0.6276837587356567,0,30,2018-04-11,2019-11-08
MB2,1413,0.2578311264514923,0,30,2019-09-27,2019-10-26
MB2,1501,0.6908680200576782,1,30,2019-03-20,2019-04-18
MB2,1980,0.3027859926223755,0,30,2019-08-30,2019-11-02
MB2,2240,0.27934473752975464,0,30,2019-10-10,2019-11-08
MB2,2529,0.29537415504455566,0,30,2019-08-21,2019-10-19
MB2,2585,0.27121108770370483,0,30,2019-10-10,2019-11-08
MB2,2745,0.6231220960617065,0,30,2019-06-09,2019-10-08
MB2,2771,0.25357770919799805,0,30,2019-09-19,2019-10-18
MB2,3063,0.2796498239040375,0,30,2019-09-16,2019-10-15
MB2,3100,0.2902815341949463,0,30,2019-10-10,2019-11-08
MB2,3141,0.2504284977912903,0,30,2019-09-15,2019-10-14
MB2,3179,0.2851804792881012,0,30,2019-10-10,2019-11-08
MB2,3528,0.2760623097419739,0,30,2019-10-10,2019-11-08
MB2,3565,0.4993869364261627,0,30,2019-10-10,2019-11-08
MB2,3592,0.273682177066803,0,30,2019-10-10,2019-11-08
MB2,3608,0.41042935848236084,0,30,2018-03-20,2018-04-18
MB2,3647,0.3355506658554077,0,30,2019-10-10,2019-11-08
MB2,3656,0.7477630972862244,0,30,2019-09-11,2019-10-10
MB2,3663,0.7562880516052246,0,30,2019-09-11,2019-10-10
MB2,3674,0.29073017835617065,0,30,2019-10-10,2019-11-08
MB2,4025,0.2676677107810974,0,30,2019-10-10,2019-11-08
MB2,4115,0.8250616192817688,0,30,2019-09-09,2019-11-08
MB2,4138,0.24603769183158875,0,30,2019-09-16,2019-10-15
MB2,4177,0.24618633091449738,0,30,2019-10-10,2019-11-08
MB2,4235,0.4693342447280884,0,30,2019-09-30,2019-10-29
MB2,4424,0.27796608209609985,0,30,2019-09-27,2019-10-26
MB2,4514,0.3659849166870117,0,30,2019-10-10,2019-11-08
MB2,4554,0.335694283246994,0,30,2019-10-10,2019-11-08
MB2,4624,0.24950815737247467,0,30,2019-10-10,2019-11-08
MB2,4704,0.3437461256980896,0,30,2019-10-10,2019-11-08
MB2,4792,0.40618863701820374,0,30,2019-09-20,2019-10-19
MB2,4950,0.29544225335121155,0,30,2019-10-04,2019-11-02
MB2,5088,0.31103622913360596,0,30,2019-10-10,2019-11-08
MB2,5252,0.2553885579109192,0,30,2019-09-25,2019-10-24
MB2,5442,0.5990243554115295,0,30,2019-10-10,2019-11-08
MB2,5884,0.2921811640262604,0,30,2019-08-27,2019-09-25
MB2,6096,0.28165504336357117,0,30,2019-10-10,2019-11-08
MB2,6226,0.3251120448112488,0,30,2019-08-21,2019-10-19
MB2,6298,0.25400036573410034,0,30,2019-08-11,2019-11-08
MB2,6425,0.33922988176345825,0,30,2019-09-04,2019-11-08
MB2,6561,0.44027745723724365,0,30,2019-10-10,2019-11-08
MB2,6730,0.29914239048957825,0,30,2019-10-10,2019-11-08
MB2,7003,0.3240635395050049,0,30,2019-10-04,2019-11-02
MB2,7363,0.2617740035057068,0,30,2019-08-23,2019-10-21
MB2,7476,0.37351322174072266,0,30,2019-06-11,2019-09-05
MB2,7514,0.23547464609146118,0,30,2019-10-10,2019-11-08
MB2,7556,0.24282215535640717,0,30,2019-09-19,2019-10-18
MB2,7597,0.30288389325141907,0,30,2019-10-10,2019-11-08
MB2,7600,0.27311593294143677,0,30,2019-10-10,2019-11-08
MB2,7625,0.3453119397163391,0,30,2019-09-10,2019-11-08
MB2,7687,0.3404916822910309,0,30,2019-10-10,2019-11-08
MB2,7693,0.2750534117221832,0,30,2019-09-10,2019-11-08
MB2,7768,0.32147157192230225,0,30,2019-10-10,2019-11-08
MB2,7968,0.3561122715473175,0,30,2019-09-01,2019-09-30
MB2,8023,0.3378486931324005,0,30,2019-09-16,2019-10-15
MB2,8048,0.28451240062713623,0,30,2019-10-10,2019-11-08
MB2,8078,0.4367440640926361,0,30,2019-09-10,2019-11-08
MB2,8171,0.2812570035457611,0,30,2019-09-19,2019-10-18
MB2,8209,0.5851449966430664,0,30,2019-01-22,2019-02-20
MB2,8332,0.2985195517539978,0,30,2019-10-10,2019-11-08
MB2,8653,0.2818780839443207,0,30,2019-10-02,2019-10-31
MB2,8701,0.46773332357406616,0,30,2018-07-06,2018-09-09
MB2,8734,0.6481825113296509,0,30,2018-03-10,2018-04-08
MB2,8934,0.24227933585643768,0,30,2019-09-16,2019-10-15
MB2,8937,0.24227933585643768,0,30,2019-09-16,2019-10-15
MB2,8948,0.26095050573349,0,30,2019-10-10,2019-11-08
MB2,8993,0.3751322329044342,0,30,2019-08-21,2019-11-08
MB2,9000,0.3751322329044342,0,30,2019-08-21,2019-11-08
MB2,9078,0.8028585910797119,0,30,2019-10-10,2019-11-08
MB2,9144,0.26260387897491455,0,30,2019-10-02,2019-10-31
MB2,9283,0.2733449935913086,1,30,2019-01-20,2019-02-18
MB2,9332,0.30647721886634827,0,30,2019-09-16,2019-10-15
MB2,9519,0.5732691884040833,0,30,2019-07-15,2019-11-08
MB2,9989,0.2478538602590561,0,30,2019-08-30,2019-09-28
MB2,10119,0.627747654914856,0,30,2018-09-02,2018-10-01
MB2,10230,0.2765909433364868,0,30,2018-07-08,2018-09-09
MB2,10312,0.4417138993740082,0,30,2019-10-10,2019-11-08
MB2,10318,0.31955069303512573,0,30,2019-09-11,2019-10-10
MB2,10819,0.32147157192230225,0,30,2019-10-10,2019-11-08
MB2,10960,0.48935914039611816,0,30,2019-08-24,2019-09-22
MB2,11046,0.2623130977153778,0,30,2019-09-19,2019-10-18
MB2,11190,0.7066994309425354,0,30,2018-06-29,2018-09-09
MB2,11196,0.723276674747467,0,30,2018-06-29,2018-09-09
MB2,11283,0.28990229964256287,0,30,2019-10-10,2019-11-08
MB2,11326,0.24231751263141632,0,30,2019-10-10,2019-11-08
MB2,11401,0.24980881810188293,0,30,2019-09-16,2019-10-15
MB2,11407,0.3105364143848419,0,30,2019-10-10,2019-11-08
MB2,11408,0.7038055658340454,0,30,2019-10-03,2019-11-01
MB2,11617,0.5012041926383972,0,30,2019-08-11,2019-11-08
MB2,11777,0.4510408341884613,0,30,2019-10-10,2019-11-08
MB2,11868,0.2695294916629791,0,30,2019-10-10,2019-11-08
MB2,11897,0.2931749224662781,0,30,2019-08-25,2019-09-23
MB2,12023,0.34000712633132935,0,30,2019-10-10,2019-11-08
MB2,12045,0.29416152834892273,0,30,2019-09-16,2019-10-15
MB2,12271,0.33134302496910095,0,30,2019-10-10,2019-11-08
MB2,12295,0.2919217050075531,0,30,2019-10-10,2019-11-08
MB2,12310,0.2712216377258301,0,30,2019-10-10,2019-11-08
MB2,12379,0.24577023088932037,0,30,2019-09-16,2019-10-15
MB2,12443,0.2380625456571579,0,30,2019-10-10,2019-11-08
MB2,12483,0.27044302225112915,0,30,2019-08-21,2019-11-08
MB2,12710,0.31837016344070435,0,30,2019-08-11,2019-11-08
MB2,13068,0.3374205529689789,0,30,2019-10-10,2019-11-08
MB2,13088,0.3283690810203552,0,30,2019-09-30,2019-10-29
MB2,13097,0.2465161681175232,0,30,2019-10-10,2019-11-08
MB2,13225,0.25227633118629456,0,30,2019-09-19,2019-10-18
MB2,13356,0.32064956426620483,0,30,2019-09-13,2019-10-12
MB2,13400,0.2535882592201233,0,30,2019-09-10,2019-11-08
MB2,13461,0.36235830187797546,0,30,2019-08-20,2019-09-18
MB2,13515,0.297688752412796,0,30,2019-10-10,2019-11-08
MB2,13562,0.2555563151836395,0,30,2019-09-19,2019-10-18
MB2,13571,0.2555563151836395,0,30,2019-09-19,2019-10-18
MB2,13755,0.3245913088321686,0,30,2019-09-16,2019-10-15
MB2,13760,0.3245913088321686,0,30,2019-09-16,2019-10-15
MB2,13762,0.32460489869117737,0,30,2019-09-16,2019-10-15
MB2,13847,0.33998215198516846,0,30,2019-10-10,2019-11-08
MB2,13899,0.2839716672897339,0,30,2019-09-19,2019-10-18
MB2,13919,0.47143155336380005,0,30,2019-10-10,2019-11-08
MB2,13920,0.6766407489776611,0,30,2018-12-23,2019-02-20
MB2,14152,0.38634049892425537,0,30,2019-08-22,2019-09-20
MB2,14155,0.38634049892425537,0,30,2019-08-22,2019-09-20
MB2,14162,0.37309926748275757,0,30,2019-10-10,2019-11-08
MB2,14274,0.28243309259414673,0,30,2019-09-29,2019-10-28
MB2,14352,0.3270854949951172,0,30,2019-08-23,2019-10-21
MB2,14700,0.7999466061592102,0,30,2019-10-10,2019-11-08
MB2,14795,0.4822302758693695,0,30,2019-10-10,2019-11-08
MB2,14806,0.2842201590538025,0,30,2019-10-10,2019-11-08
MB2,15025,0.31681182980537415,0,30,2019-09-17,2019-10-16
MB2,15335,0.33396580815315247,0,30,2018-02-28,2018-07-26
MB2,15343,0.5401642918586731,0,30,2018-02-28,2018-07-26
MB2,15449,0.2906319499015808,0,30,2019-08-30,2019-09-28
MB2,15696,0.2902567982673645,0,30,2019-09-16,2019-10-15
MB2,15741,0.2891043424606323,0,30,2019-10-10,2019-11-08
MB2,15879,0.35089051723480225,0,30,2019-10-10,2019-11-08
MB2,16139,0.2410508692264557,0,30,2019-09-15,2019-10-14
MB2,16160,0.25604385137557983,0,30,2019-09-15,2019-10-14
MB2,16234,0.24249370396137238,0,30,2019-10-10,2019-11-08
MB2,16326,0.35566210746765137,0,30,2019-10-10,2019-11-08
MB2,16335,0.4052268862724304,0,30,2019-10-10,2019-11-08
MB2,16369,0.3391741216182709,0,30,2019-10-10,2019-11-08
MB2,16613,0.24922335147857666,0,30,2019-09-22,2019-10-21
MB2,16741,0.5148312449455261,0,30,2019-09-05,2019-11-08
MB2,16817,0.38279396295547485,0,30,2019-10-10,2019-11-08
MB2,17288,0.42902466654777527,0,30,2019-01-08,2019-02-06
MB2,17492,0.33915799856185913,0,30,2019-10-10,2019-11-08
MB2,17675,0.3128276765346527,0,30,2019-10-10,2019-11-08
MB2,17741,0.25477680563926697,0,30,2019-08-09,2019-10-31
MB2,17786,0.24619115889072418,0,30,2019-10-10,2019-11-08
MB2,17980,0.34634241461753845,0,30,2019-09-09,2019-10-08
MB2,18035,0.4779166877269745,0,28,2018-06-29,2018-07-26
MB2,18077,0.2442222386598587,0,30,2019-09-28,2019-10-27
MB2,18168,0.26814135909080505,0,30,2019-10-10,2019-11-08
MB2,18325,0.4035055637359619,0,30,2019-10-10,2019-11-08
MB2,18399,0.3082064688205719,0,30,2019-10-10,2019-11-08
MB2,18562,0.6054967045783997,0,30,2018-04-11,2019-11-08
MB2,18788,0.24206064641475677,0,30,2019-10-05,2019-11-03
MB2,18829,0.2500735819339752,0,30,2019-10-10,2019-11-08
MB2,18898,0.3198883831501007,0,30,2019-09-02,2019-10-31
MB2,19009,0.27119094133377075,0,30,2019-10-10,2019-11-08
MB2,19113,0.2912680506706238,0,30,2019-09-10,2019-11-08
MB2,19189,0.301386296749115,0,30,2019-09-19,2019-10-18
MB2,19227,0.24365194141864777,0,30,2019-09-10,2019-11-08
MB2,19345,0.2495056688785553,0,30,2019-09-29,2019-10-28
MB2,19348,0.2495056688785553,0,30,2019-09-29,2019-10-28
MB2,19372,0.39500829577445984,0,30,2019-10-10,2019-11-08
MB2,19405,0.3035791516304016,0,30,2019-09-10,2019-11-08
MB2,19552,0.2669707238674164,0,30,2019-10-10,2019-11-08
MB2,19720,0.2902567982673645,0,30,2019-09-16,2019-10-15
MB2,19901,0.28336504101753235,0,30,2019-10-10,2019-11-08
MB2,20092,0.25998541712760925,0,30,2019-10-10,2019-11-08
MB2,20157,0.25366565585136414,0,30,2019-09-19,2019-10-18
MB2,20463,0.2929159998893738,0,30,2019-10-02,2019-10-31
MB2,20568,0.40237146615982056,0,30,2018-03-20,2018-04-18
MB2,20835,0.3328249454498291,0,30,2019-10-10,2019-11-08
MB2,21328,0.2818240821361542,0,30,2019-10-10,2019-11-08
MB2,21459,0.24546369910240173,0,30,2019-09-10,2019-11-08
MB2,21472,0.4402416944503784,0,30,2019-10-10,2019-11-08
MB2,21512,0.24765782058238983,0,30,2019-10-10,2019-11-08
MB2,21534,0.33724018931388855,0,30,2019-10-10,2019-11-08
MB2,21540,0.4081830680370331,0,30,2019-10-10,2019-11-08
MB2,21673,0.40285152196884155,0,30,2019-09-26,2019-10-25
MB2,21693,0.3390447199344635,0,30,2019-10-10,2019-11-08
MB2,21762,0.32233139872550964,0,30,2019-10-10,2019-11-08
MB2,21768,0.27639040350914,0,30,2019-07-24,2019-10-21
MB2,21816,0.34528669714927673,0,30,2018-06-30,2018-09-09
MB2,22054,0.5528886914253235,0,30,2019-08-31,2019-10-30
MB2,22187,0.26142385601997375,0,30,2019-10-10,2019-11-08
MB2,22439,0.2894052565097809,0,30,2019-09-16,2019-10-15
MB2,22488,0.28195518255233765,0,30,2019-10-10,2019-11-08
MB2,22495,0.28378230333328247,0,30,2019-10-10,2019-11-08
MB2,22709,0.6669629812240601,0,30,2018-07-12,2018-09-09
MB2,22847,0.28995487093925476,0,30,2019-10-10,2019-11-08
MB2,23015,0.6164942979812622,0,30,2018-06-18,2018-07-17
MB2,23093,0.803678035736084,0,30,2018-08-11,2018-09-09
MB2,23217,0.43444064259529114,0,30,2019-09-09,2019-11-08
MB2,23292,0.31001806259155273,0,30,2019-10-10,2019-11-08
MB2,23418,0.27933457493782043,0,30,2019-09-10,2019-11-08
MB2,23524,0.45247629284858704,0,30,2019-10-10,2019-11-08
MB2,23570,0.2820737361907959,0,30,2019-09-28,2019-10-27
MB2,23766,0.2961094081401825,0,30,2019-10-10,2019-11-08
MB2,23880,0.9482924342155457,0,30,2019-09-19,2019-10-18
MB2,24021,0.3781970143318176,0,30,2019-08-31,2019-11-08
MB2,24137,0.6261258125305176,0,30,2019-09-26,2019-10-25
MB2,24373,0.3110452890396118,0,30,2019-10-10,2019-11-08
MB2,24506,0.8145115375518799,0,30,2019-10-02,2019-10-31
MB2,24528,0.2873413860797882,0,30,2019-08-30,2019-09-28
MB2,24956,0.3161677122116089,0,30,2019-09-20,2019-10-19
MB2,25011,0.2814269959926605,0,30,2019-10-10,2019-11-08
MB2,25175,0.2854427397251129,0,30,2019-10-10,2019-11-08
MB2,25358,0.33464714884757996,0,30,2019-10-10,2019-11-08
MB2,25399,0.24363774061203003,0,30,2019-10-10,2019-11-08
MB2,25618,0.3367348611354828,0,30,2019-10-08,2019-11-06
MB2,25716,0.5576241612434387,0,30,2019-10-10,2019-11-08
MB2,25718,0.2769938111305237,0,30,2019-10-10,2019-11-08
MB2,25989,0.2526036202907562,0,30,2019-09-19,2019-10-18
MB2,25997,0.2526036202907562,0,30,2019-09-19,2019-10-18
MB2,26135,0.2717619240283966,0,30,2019-10-10,2019-11-08
MB2,26247,0.28670835494995117,0,30,2019-10-05,2019-11-03
MB2,26441,0.31537333130836487,0,30,2019-09-10,2019-11-08
MB2,26497,0.2792777419090271,0,30,2019-09-19,2019-10-18
MB2,26508,0.7234710454940796,0,30,2018-07-12,2018-09-09
MB2,26980,0.2436884641647339,0,30,2019-10-10,2019-11-08
MB2,27201,0.6096360087394714,0,30,2019-10-10,2019-11-08
MB2,27400,0.36881452798843384,0,30,2019-06-11,2019-11-08
MB2,27620,0.2714499235153198,0,30,2019-10-02,2019-10-31
MB2,27810,0.2836586534976959,0,30,2019-09-19,2019-10-18
MB2,27876,0.261993408203125,0,30,2019-08-25,2019-09-23
MB2,27936,0.3134628236293793,0,30,2019-10-10,2019-11-08
MB2,27939,0.6034821271896362,0,30,2019-08-24,2019-09-22
MB2,28115,0.28908422589302063,0,30,2019-09-09,2019-11-08
MB2,28204,0.6687186360359192,0,30,2019-10-10,2019-11-08
MB2,28219,0.24227449297904968,0,30,2019-09-16,2019-10-15
MB2,28542,0.23821213841438293,0,30,2019-10-10,2019-11-08
MB2,28578,0.3731539845466614,0,30,2019-09-17,2019-10-16
MB2,28717,0.5624694228172302,1,30,2019-07-24,2019-08-22
MB2,28926,0.2924349904060364,0,30,2019-04-06,2019-05-05
MB2,28964,0.33108729124069214,0,30,2019-10-10,2019-11-08
MB2,29002,0.23829685151576996,0,30,2019-10-10,2019-11-08
MB2,29256,0.2841683328151703,0,30,2019-08-20,2019-09-18
MB2,29289,0.3297506272792816,0,30,2019-09-10,2019-11-08
MB2,29518,0.30186235904693604,0,30,2019-08-26,2019-09-24
MB2,29732,0.27353689074516296,0,30,2019-09-10,2019-11-08
MB2,29908,0.6728954911231995,0,30,2019-06-02,2019-11-08
MB2,30003,0.6208560466766357,0,30,2019-08-24,2019-10-22
MB2,30192,0.2973271608352661,0,30,2019-10-10,2019-11-08
MB2,30373,0.2716246247291565,0,30,2019-09-14,2019-10-13
MB2,30393,0.3372199237346649,0,30,2019-10-10,2019-11-08
MB2,30597,0.7802380919456482,0,30,2019-10-10,2019-11-08
MB2,30805,0.8730018734931946,0,30,2019-09-09,2019-11-08
MB2,30811,0.29934313893318176,0,30,2019-08-25,2019-09-23
MB2,30831,0.2807773947715759,0,30,2019-04-14,2019-06-12
MB2,31017,0.2780623733997345,0,30,2019-09-10,2019-11-08
MB2,31042,0.2962847650051117,0,30,2019-10-10,2019-11-08
MB2,31207,0.28705963492393494,0,30,2019-08-05,2019-11-08
MB2,31217,0.28705963492393494,0,30,2019-08-05,2019-11-08
MB2,31296,0.23885206878185272,0,30,2019-10-06,2019-11-04
MB2,31297,0.23885206878185272,0,30,2019-10-06,2019-11-04
MB2,31305,0.2676527500152588,0,30,2019-10-10,2019-11-08
MB2,31336,0.34634530544281006,0,30,2019-09-20,2019-10-19
MB2,31470,0.7051600813865662,0,30,2019-08-24,2019-10-22
MB2,31486,0.27407798171043396,0,30,2019-10-10,2019-11-08
MB2,31650,0.2428363859653473,0,30,2019-10-10,2019-11-08
MB2,31775,0.32308974862098694,0,30,2019-10-10,2019-11-08
MB2,31856,0.26805171370506287,0,30,2019-09-28,2019-10-27
MB2,31883,0.2505550980567932,0,30,2019-10-10,2019-11-08
MB2,31986,0.24627305567264557,0,30,2019-10-10,2019-11-08
MB2,32027,0.2750646471977234,0,30,2019-09-10,2019-11-08
MB2,32047,0.26131922006607056,0,30,2019-10-10,2019-11-08
MB2,32480,0.3579366207122803,0,30,2019-08-26,2019-09-24
MB2,32613,0.3521551787853241,0,30,2019-10-08,2019-11-06
MB2,32911,0.37955623865127563,0,30,2019-09-24,2019-10-23
MB2,33198,0.2620161473751068,0,30,2019-07-31,2019-10-16
MB2,33273,0.4272676110267639,0,30,2019-07-31,2019-08-29
MB2,33289,0.6239753365516663,0,30,2019-10-10,2019-11-08
MB2,33351,0.5269829034805298,0,30,2019-10-10,2019-11-08
MB2,33390,0.8253874778747559,0,30,2018-12-27,2019-01-25
MB2,33518,0.28053274750709534,0,30,2019-09-02,2019-11-08
MB2,33568,0.24788670241832733,0,30,2019-09-02,2019-10-01
MB2,33633,0.3308411240577698,0,30,2019-10-04,2019-11-02
MB2,33833,0.27372339367866516,0,30,2019-09-10,2019-11-08
MB2,33906,0.2819691300392151,0,30,2019-09-29,2019-10-28
MB2,34117,0.2609204351902008,0,30,2019-09-03,2019-10-02
MB2,34275,0.3819204270839691,0,30,2019-10-10,2019-11-08
MB2,34287,0.5426011085510254,0,30,2019-04-16,2019-05-15
MB2,34306,0.382597416639328,0,30,2019-10-10,2019-11-08
MB2,34338,0.5662860870361328,0,30,2019-10-02,2019-10-31
MB2,34408,0.2717568278312683,0,30,2019-10-10,2019-11-08
MB2,34521,0.2495056688785553,0,30,2019-10-10,2019-11-08
MB2,34671,0.26326748728752136,0,30,2019-10-10,2019-11-08
MB2,34941,0.24229396879673004,0,30,2019-10-10,2019-11-08
MB2,35257,0.35003697872161865,0,30,2019-10-10,2019-11-08
MB2,35299,0.2940344512462616,0,30,2019-07-14,2019-11-08
MB2,35314,0.31415513157844543,0,30,2019-10-10,2019-11-08
MB2,35374,0.2811090052127838,0,30,2019-10-10,2019-11-08
MB2,35745,0.29284220933914185,0,30,2019-10-10,2019-11-08
MB2,35773,0.29573655128479004,0,30,2019-10-10,2019-11-08
MB2,35782,0.14081037044525146,0,30,2019-10-10,2019-11-08
MB2,36017,0.2947581112384796,0,30,2019-09-16,2019-10-15
MB2,36039,0.2983897030353546,0,30,2019-10-10,2019-11-08
MB2,36069,0.2793301045894623,0,30,2019-09-10,2019-11-08
MB2,36070,0.2793313264846802,0,30,2019-09-10,2019-11-08
MB2,36776,0.3686361014842987,1,30,2018-04-01,2018-05-30
MB2,37024,0.3923456072807312,0,8,2018-02-01,2018-02-08
MB2,37206,0.21526673436164856,0,30,2019-09-16,2019-10-15
MB2,37211,0.25485682487487793,0,30,2019-09-19,2019-10-18
MB2,37313,0.26515766978263855,0,30,2019-10-10,2019-11-08
MB2,37434,0.2842782437801361,0,30,2019-10-10,2019-11-08
MB2,37523,0.29819580912590027,0,30,2019-09-10,2019-10-09
MB2,37652,0.3443503975868225,0,30,2019-10-10,2019-11-08
MB2,37738,0.2910398840904236,0,30,2019-10-10,2019-11-08
MB2,38001,0.2506653368473053,0,30,2019-09-07,2019-10-06
MB2,38048,0.3302915096282959,0,30,2019-09-24,2019-10-23
MB2,38050,0.2736445367336273,0,16,2018-05-19,2019-09-14
MB2,38174,0.2874584197998047,0,30,2019-10-10,2019-11-08
MB2,38240,0.3658801317214966,0,30,2019-10-07,2019-11-05
MB2,38329,0.2721828818321228,0,30,2019-09-09,2019-11-07
MB2,38577,0.33196860551834106,0,30,2019-10-10,2019-11-08
MB2,38617,0.2629617154598236,0,30,2019-09-14,2019-10-13
MB2,38772,0.32761213183403015,0,30,2019-10-10,2019-11-08
MB2,38817,0.34211769700050354,0,30,2019-10-10,2019-11-08
MB2,38861,0.349185585975647,0,30,2019-10-10,2019-11-08
MB2,38906,0.26680439710617065,0,30,2019-09-30,2019-10-29
MB2,39148,0.31278711557388306,0,30,2019-10-10,2019-11-08
MB2,39168,0.3471911549568176,0,30,2019-10-10,2019-11-08
MB2,39202,0.327056884765625,0,30,2019-10-10,2019-11-08
MB2,39433,0.2894052565097809,0,30,2019-09-16,2019-10-15
MB2,39457,0.31630074977874756,0,30,2019-08-19,2019-10-26
MB2,39508,0.2822984755039215,0,30,2019-08-16,2019-10-14
MB2,39512,0.27553126215934753,0,30,2019-10-10,2019-11-08
MB2,39520,0.2856929302215576,0,30,2019-10-08,2019-11-06
MB2,39679,0.7602789998054504,0,30,2019-09-19,2019-10-18
MB2,39742,0.28462010622024536,0,30,2019-10-10,2019-11-08
MB2,39907,0.29422640800476074,0,30,2019-09-16,2019-10-15
MB2,39978,0.3202795088291168,0,30,2019-10-10,2019-11-08
MB2,40186,0.256360799074173,0,30,2019-09-19,2019-10-18
MB2,40389,0.3614294230937958,0,30,2019-10-10,2019-11-08
MB2,40467,0.29056093096733093,0,30,2019-10-10,2019-11-08
MB2,40490,0.2899075448513031,0,30,2019-10-10,2019-11-08
MB2,40522,0.6486090421676636,0,30,2019-09-10,2019-11-08
MB2,40805,0.3590821921825409,0,30,2018-12-30,2019-01-28
MB2,40808,0.3126857280731201,0,30,2019-10-10,2019-11-08
MB2,40814,0.2542566955089569,0,30,2019-09-10,2019-11-08
MB2,40939,0.6672965884208679,0,30,2018-07-11,2018-09-09
MB2,40945,0.2829444706439972,0,30,2019-03-19,2019-07-15
MB2,41159,0.8573567867279053,0,30,2019-09-04,2019-11-02
MB2,41208,0.27912604808807373,0,30,2019-10-10,2019-11-08
MB2,41334,0.2528480589389801,0,30,2019-09-19,2019-10-18
MB2,41341,0.2528480589389801,0,30,2019-09-19,2019-10-18
MB2,41404,0.24682340025901794,0,30,2019-09-19,2019-10-18
MB2,41540,0.675082802772522,0,30,2018-10-31,2019-01-01
MB2,41603,0.360773503780365,0,30,2019-10-10,2019-11-08
MB2,41615,0.2938472032546997,0,30,2019-10-02,2019-10-31
MB2,41731,0.2931702136993408,0,30,2019-10-10,2019-11-08
MB2,41738,0.2931702136993408,0,30,2019-10-10,2019-11-08
MB2,41930,0.29029205441474915,0,30,2019-10-10,2019-11-08
MB2,42036,0.2550637125968933,0,30,2019-10-10,2019-11-08
MB2,42108,0.4623342454433441,0,30,2019-08-18,2019-10-16
MB2,42116,0.31042492389678955,0,30,2019-10-10,2019-11-08
MB2,42224,0.3481613099575043,0,30,2019-10-10,2019-11-08
MB2,42250,0.3205249607563019,0,30,2019-09-20,2019-10-19
MB2,42458,0.24363045394420624,0,30,2019-10-10,2019-11-08
MB2,42491,0.3577273488044739,0,30,2019-09-23,2019-10-22
MB2,42524,0.5028798580169678,0,30,2019-09-19,2019-10-18
MB2,42782,0.2475777268409729,0,30,2019-09-24,2019-10-23
MB2,42794,0.47768568992614746,0,30,2019-09-09,2019-11-08
MB2,42955,0.3102230131626129,0,30,2019-09-04,2019-11-02
MB2,42959,0.3102230131626129,0,30,2019-09-04,2019-11-02
MB2,43083,0.3197292685508728,0,30,2019-10-10,2019-11-08
MB2,43143,0.7591608762741089,0,30,2019-10-10,2019-11-08
MB2,43483,0.28161436319351196,0,30,2019-09-14,2019-10-13
MB2,43537,0.26785755157470703,0,30,2019-10-07,2019-11-05
MB2,43898,0.2536078989505768,0,30,2019-09-12,2019-10-11
MB2,43907,0.7430931925773621,0,30,2019-03-01,2019-11-08
MB2,44079,0.29885974526405334,0,30,2019-10-10,2019-11-08
MB2,44127,0.3449368476867676,0,30,2018-08-11,2018-09-09
MB2,44202,0.3239269256591797,0,30,2019-10-10,2019-11-08
MB2,44272,0.2892397940158844,0,30,2019-09-19,2019-10-18
MB2,44287,0.24952347576618195,0,30,2019-09-12,2019-10-11
MB2,44495,0.3276463449001312,0,30,2019-09-10,2019-11-08
MB2,44739,0.24700412154197693,0,30,2019-09-10,2019-11-08
MB2,44899,0.3453240692615509,0,30,2019-09-18,2019-10-17
MB2,44970,0.2895364761352539,0,30,2019-10-01,2019-10-30
MB2,44971,0.2895364761352539,0,30,2019-10-01,2019-10-30
MB2,45023,0.4098580777645111,0,30,2018-03-19,2018-04-17
MB2,45175,0.264882892370224,0,30,2019-09-26,2019-10-25
MB2,45676,0.29474741220474243,0,30,2019-09-16,2019-10-15
MB2,45896,0.2421744465827942,0,30,2019-10-10,2019-11-08
MB2,46165,0.7792824506759644,0,30,2019-09-23,2019-10-22
MB2,46191,0.3577997386455536,0,30,2019-10-10,2019-11-08
MB2,46359,0.47238972783088684,0,30,2019-09-23,2019-10-22
MB2,46457,0.3324948251247406,0,30,2019-10-10,2019-11-08
MB2,46475,0.38301488757133484,0,30,2018-07-12,2018-09-09
MB2,46624,0.3680712878704071,0,30,2019-10-10,2019-11-08
MB2,46750,0.3328249454498291,0,30,2019-10-10,2019-11-08
MB2,46824,0.6293821334838867,0,30,2019-09-18,2019-10-17
MB2,46871,0.27109667658805847,0,30,2019-10-10,2019-11-08
MB2,46942,0.5356537103652954,0,30,2019-09-09,2019-11-08
MB2,46985,0.2886478304862976,0,30,2019-10-10,2019-11-08
MB2,47026,0.28592780232429504,0,30,2019-09-10,2019-11-08
MB2,47034,0.32749640941619873,0,30,2019-10-05,2019-11-03
MB2,47043,0.25023317337036133,0,30,2019-10-10,2019-11-08
MB2,47154,0.318049818277359,0,30,2019-10-10,2019-11-08
MB2,47499,0.314222127199173,0,30,2019-09-04,2019-11-08
MB2,47597,0.2747672498226166,0,30,2019-10-10,2019-11-08
MB2,47719,0.35690468549728394,0,30,2019-10-10,2019-11-08
MB2,47756,0.31960126757621765,0,30,2019-09-19,2019-10-18
MB2,47790,0.7732782959938049,0,30,2019-10-10,2019-11-08
MB2,47840,0.25369128584861755,0,30,2019-08-25,2019-09-23
MB2,48197,0.2841747999191284,0,30,2019-10-10,2019-11-08
MB2,48334,0.2925812005996704,0,30,2019-10-10,2019-11-08
MB2,48484,0.3303068280220032,0,30,2019-10-10,2019-11-08
MB2,48512,0.5021172761917114,0,30,2019-01-21,2019-02-19
MB2,48585,0.30535510182380676,0,30,2019-10-10,2019-11-08
MB2,48728,0.4602261781692505,0,30,2019-09-08,2019-10-07
MB2,48786,0.25784412026405334,0,30,2019-10-10,2019-11-08
MB2,49072,0.5416474342346191,0,30,2019-08-29,2019-09-27
MB2,49118,0.7115087509155273,0,30,2019-09-23,2019-10-22
MC1,7,0.6381798386573792,0,30,2019-09-10,2019-11-08
MC1,15,0.6422338485717773,0,30,2019-09-19,2019-10-18
MC1,61,0.4219457805156708,0,30,2019-08-16,2019-09-14
MC1,161,0.8492351174354553,0,30,2019-10-10,2019-11-08
MC1,164,0.9161455631256104,0,30,2019-10-10,2019-11-08
MC1,223,0.8178613781929016,0,30,2019-10-03,2019-11-01
MC1,407,0.8360700607299805,0,30,2019-09-17,2019-10-16
MC1,431,0.8373417854309082,0,30,2019-10-10,2019-11-08
MC1,452,0.520566463470459,0,30,2019-10-02,2019-10-31
MC1,565,0.5345853567123413,0,30,2019-09-04,2019-10-03
MC1,671,0.6457338333129883,0,30,2019-10-10,2019-11-08
MC1,703,0.6192117929458618,0,30,2019-09-11,2019-10-10
MC1,731,0.7356606721878052,0,30,2019-10-10,2019-11-08
MC1,770,0.5782946348190308,0,30,2019-09-17,2019-10-16
MC1,890,0.4636266827583313,1,30,2019-05-21,2019-07-19
MC1,1084,0.4157707989215851,0,30,2019-10-10,2019-11-08
MC1,1155,0.5406634211540222,0,30,2019-09-20,2019-10-19
MC1,1230,0.40403085947036743,0,30,2019-09-18,2019-10-17
MC1,1271,0.5886842608451843,0,30,2019-05-14,2019-06-12
MC1,1306,0.4784996509552002,0,30,2019-09-10,2019-11-08
MC1,1406,0.4969789981842041,0,30,2019-10-10,2019-11-08
MC1,1465,0.6725580096244812,0,30,2019-10-10,2019-11-08
MC1,1492,0.9099916815757751,0,30,2019-10-10,2019-11-08
MC1,1510,0.7049629092216492,0,30,2019-09-10,2019-11-08
MC1,1637,0.9064974784851074,0,30,2019-09-09,2019-11-08
MC1,1854,0.733117938041687,0,30,2019-09-19,2019-10-18
MC1,2032,0.822685956954956,0,30,2019-10-05,2019-11-03
MC1,2624,0.40014129877090454,0,30,2018-12-27,2019-01-25
MC1,2835,0.7986843585968018,0,30,2019-10-02,2019-10-31
MC1,2891,0.8484547138214111,0,30,2019-10-10,2019-11-08
MC1,2925,0.42633306980133057,0,30,2019-09-16,2019-10-15
MC1,2977,0.850381076335907,0,30,2019-09-21,2019-10-20
MC1,2990,0.7343457937240601,0,30,2019-09-10,2019-11-08
MC1,3188,0.41085052490234375,0,30,2019-05-05,2019-06-03
MC1,3300,0.41429802775382996,0,30,2019-10-10,2019-11-08
MC1,3341,0.8739895224571228,0,30,2019-05-14,2019-06-12
MC1,3510,0.64915531873703,0,30,2019-10-10,2019-11-08
MC1,3566,0.6848403215408325,0,30,2019-10-10,2019-11-08
MC1,3637,0.42602166533470154,0,30,2019-09-12,2019-10-11
MC1,3717,0.8540015816688538,0,30,2019-10-10,2019-11-08
MC1,3776,0.6482114195823669,0,30,2019-10-08,2019-11-06
MC1,3793,0.3777271807193756,0,30,2019-07-19,2019-08-17
MC1,3879,0.8434802889823914,0,30,2019-10-10,2019-11-08
MC1,3914,0.48592814803123474,0,30,2019-10-02,2019-10-31
MC1,4356,0.8290942907333374,1,30,2019-09-02,2019-10-01
MC1,4373,0.8154711127281189,0,30,2019-09-18,2019-10-17
MC1,4414,0.768552303314209,0,30,2019-08-14,2019-09-12
MC1,4442,0.7705443501472473,0,30,2019-09-02,2019-11-08
MC1,4500,0.79034423828125,0,30,2019-08-20,2019-09-18
MC1,4531,0.6389341950416565,0,30,2019-09-02,2019-11-08
MC1,4593,0.5054415464401245,0,30,2019-10-10,2019-11-08
MC1,4624,0.4236576557159424,0,30,2019-10-10,2019-11-08
MC1,4807,0.5038191080093384,0,3,2018-07-24,2018-07-26
MC1,5154,0.446735680103302,0,30,2019-10-10,2019-11-08
MC1,5386,0.7295362949371338,0,30,2019-10-10,2019-11-08
MC1,5396,0.7516719698905945,1,30,2019-05-03,2019-06-01
MC1,5551,0.48251375555992126,0,30,2019-10-10,2019-11-08
MC1,5968,0.5565806031227112,0,30,2019-09-17,2019-10-16
MC1,6124,0.8099789023399353,0,30,2019-09-13,2019-10-12
MC1,6222,0.39380455017089844,0,30,2019-10-10,2019-11-08
MC1,6242,0.49747365713119507,0,30,2019-09-16,2019-10-15
MC1,6472,0.726198136806488,0,30,2019-06-03,2019-11-08
MC1,6501,0.46580973267555237,0,30,2019-10-10,2019-11-08
MC1,6512,0.41244572401046753,0,30,2019-09-23,2019-10-22
MC1,6549,0.8098312020301819,0,30,2019-09-17,2019-10-16
MC1,6736,0.745294451713562,0,30,2019-08-18,2019-11-04
MC1,6789,0.39980363845825195,0,30,2019-09-20,2019-10-19
MC1,6801,0.7828174233436584,0,30,2019-04-30,2019-05-29
MC1,6802,0.6265863180160522,0,30,2019-08-09,2019-09-07
MC1,7112,0.4824904501438141,0,30,2019-10-10,2019-11-08
MC1,7209,0.5389177203178406,0,30,2019-10-10,2019-11-08
MC1,7246,0.7793451547622681,0,30,2019-10-10,2019-11-08
MC1,7251,0.5211260914802551,0,30,2019-10-10,2019-11-08
MC1,7298,0.44484180212020874,0,30,2019-10-10,2019-11-08
MC1,7425,0.6190565824508667,0,30,2019-09-19,2019-10-18
MC1,7447,0.5179956555366516,0,30,2019-09-10,2019-11-08
MC1,7498,0.7213550806045532,0,30,2019-10-10,2019-11-08
MC1,7689,0.40345287322998047,0,30,2019-10-10,2019-11-08
MC1,7715,0.6765908002853394,0,30,2019-09-18,2019-10-17
MC1,7800,0.9552475810050964,0,30,2019-09-16,2019-10-15
MC1,7937,0.8899660110473633,0,30,2019-10-10,2019-11-08
MC1,8242,0.3709258437156677,0,30,2018-12-29,2019-01-27
MC1,8394,0.6402885317802429,0,30,2019-10-10,2019-11-08
MC1,8613,0.7309751510620117,0,30,2019-10-10,2019-11-08
MC1,8765,0.9033669829368591,0,30,2019-10-10,2019-11-08
MC1,8923,0.6417748332023621,0,30,2019-10-10,2019-11-08
MC1,9081,0.5560075640678406,0,30,2019-09-10,2019-11-08
MC1,9151,0.745894730091095,0,30,2019-09-19,2019-10-18
MC1,9296,0.5648205280303955,0,30,2019-09-12,2019-10-11
MC1,9385,0.8641207814216614,0,30,2019-10-10,2019-11-08
MC1,9404,0.591995358467102,0,30,2019-10-10,2019-11-08
MC1,9408,0.693489134311676,0,30,2019-10-10,2019-11-08
MC1,9472,0.7843038439750671,0,30,2019-09-17,2019-10-16
MC1,9583,0.6808845400810242,0,30,2019-10-10,2019-11-08
MC1,9612,0.3984634280204773,0,30,2019-10-10,2019-11-08
MC1,9628,0.6439158320426941,0,30,2019-09-10,2019-11-08
MC1,9654,0.8277910947799683,0,30,2019-09-10,2019-10-09
MC1,10033,0.8427329063415527,0,30,2019-10-10,2019-11-08
MC1,10141,0.6123389601707458,0,30,2019-10-10,2019-11-08
MC1,10271,0.5782533288002014,0,30,2019-09-17,2019-10-16
MC1,10333,0.6516323685646057,0,30,2019-10-10,2019-11-08
MC1,10385,0.5031104683876038,0,30,2019-08-29,2019-11-08
MC1,10596,0.6460790634155273,0,30,2019-09-20,2019-10-19
MC1,10607,0.5416949391365051,0,30,2019-09-17,2019-10-16
MC1,10610,0.49005135893821716,0,30,2019-09-30,2019-10-29
MC1,10719,0.6220878958702087,0,30,2019-10-10,2019-11-08
MC1,10746,0.7914062142372131,0,30,2019-09-22,2019-10-21
MC1,10831,0.9135053157806396,0,30,2019-08-27,2019-10-29
MC1,11218,0.8843317031860352,0,30,2019-09-16,2019-10-15
MC1,11227,0.8843093514442444,0,30,2019-09-16,2019-10-15
MC1,11348,0.9690735936164856,0,30,2019-09-27,2019-10-26
MC1,11394,0.5796549320220947,0,30,2019-10-10,2019-11-08
MC1,11397,0.5244719982147217,0,30,2019-10-10,2019-11-08
MC1,11500,0.6341003179550171,1,30,2019-09-01,2019-09-30
MC1,11615,0.5888031721115112,0,30,2019-08-23,2019-09-21
MC1,11623,0.40463000535964966,0,30,2019-10-10,2019-11-08
MC1,11863,0.880879282951355,0,30,2019-10-01,2019-10-30
MC1,11879,0.3822220265865326,0,30,2019-10-10,2019-11-08
MC1,11948,0.5675173997879028,0,30,2019-10-10,2019-11-08
MC1,11968,0.8224719166755676,0,30,2019-10-10,2019-11-08
MC1,12022,0.7065403461456299,0,30,2019-05-18,2019-07-16
MC1,12045,0.7753064632415771,0,30,2019-10-10,2019-11-08
MC1,12120,0.7275636792182922,0,30,2019-10-10,2019-11-08
MC1,12610,0.8956409692764282,0,30,2019-09-09,2019-11-08
MC1,12779,0.8567371964454651,0,30,2019-10-10,2019-11-08
MC1,12988,0.8820596933364868,1,30,2019-09-19,2019-10-18
MC1,13015,0.505405843257904,0,9,2018-09-09,2018-09-17
MC1,13138,0.8873398303985596,0,30,2019-09-27,2019-10-26
MC1,13139,0.8873354196548462,0,30,2019-09-27,2019-10-26
MC1,13174,0.7117640972137451,0,30,2019-03-12,2019-04-10
MC1,13400,0.6104379892349243,0,30,2019-10-10,2019-11-08
MC1,13584,0.4905531406402588,0,30,2019-08-12,2019-11-08
MC1,13670,0.3899059295654297,0,30,2019-09-16,2019-10-15
MC1,13730,0.8889325857162476,0,30,2019-09-09,2019-11-08
MC1,13773,0.7493240833282471,0,30,2019-09-10,2019-11-08
MC1,13915,0.8001397848129272,0,30,2019-10-10,2019-11-08
MC1,14238,0.4867241084575653,0,30,2019-09-17,2019-10-16
MC1,14311,0.9905954599380493,1,30,2018-05-18,2018-07-16
MC1,14326,0.623005747795105,0,30,2019-08-22,2019-11-08
MC1,14455,0.7570914626121521,0,30,2019-08-04,2019-11-01
MC1,14665,0.44342225790023804,0,30,2019-09-20,2019-10-19
MC1,14738,0.7755723595619202,0,30,2019-10-06,2019-11-04
MC1,14878,0.7725991010665894,0,30,2019-06-11,2019-08-09
MC1,14935,0.4556443691253662,0,30,2019-09-19,2019-10-18
MC1,15011,0.7347984910011292,0,30,2019-09-08,2019-10-07
MC1,15316,0.9110146164894104,0,30,2019-10-10,2019-11-08
MC1,15443,0.4391801655292511,0,30,2019-10-10,2019-11-08
MC1,15604,0.6600071787834167,0,30,2019-10-10,2019-11-08
MC1,15990,0.7718402743339539,0,30,2019-10-10,2019-11-08
MC1,15991,0.7249371409416199,0,30,2019-10-10,2019-11-08
MC1,16194,0.6174880862236023,0,30,2019-10-10,2019-11-08
MC1,16261,0.8988362550735474,0,30,2019-09-09,2019-11-08
MC1,16269,0.7211008667945862,0,30,2019-09-19,2019-10-18
MC1,16532,0.8876137137413025,0,30,2019-08-04,2019-10-02
MC1,16571,0.8395905494689941,0,30,2019-10-10,2019-11-08
MC1,16625,0.633185088634491,0,30,2019-08-18,2019-09-16
MC1,16672,0.5047810673713684,0,2,2019-11-07,2019-11-08
MC1,17713,0.7261291146278381,0,30,2019-10-10,2019-11-08
MC1,17895,0.37915393710136414,0,30,2019-08-11,2019-11-08
MC1,18236,0.7440540790557861,0,30,2019-09-23,2019-10-22
MC1,18245,0.4001494348049164,0,27,2019-06-12,2019-09-16
MC1,18388,0.8452364802360535,0,30,2019-08-11,2019-11-08
MC1,18814,0.5336993932723999,0,30,2019-08-11,2019-11-08
MC1,18855,0.3590382933616638,1,30,2019-10-10,2019-11-08
MC1,18898,0.9003387093544006,0,30,2019-10-10,2019-11-08
MC1,18955,0.7470727562904358,0,30,2019-10-10,2019-11-08
MC1,18970,0.46541523933410645,0,30,2019-09-16,2019-10-15
MC1,18986,0.49544042348861694,0,30,2019-10-10,2019-11-08
MC1,19001,0.39704692363739014,0,30,2019-09-18,2019-10-17
MC1,19026,0.40585756301879883,0,30,2019-10-10,2019-11-08
MC1,19266,0.6848951578140259,0,30,2019-08-30,2019-10-28
MC1,19339,0.7470727562904358,0,30,2019-08-26,2019-11-08
MC1,19469,0.39075252413749695,0,30,2019-10-10,2019-11-08
MC1,19618,0.8720912933349609,1,30,2019-08-12,2019-09-10
MC1,19735,0.5052226781845093,0,30,2019-10-10,2019-11-08
MC1,19744,0.7059410810470581,0,30,2019-10-10,2019-11-08
MC1,19905,0.6115539073944092,0,30,2019-09-13,2019-10-12
MC1,19974,0.65688556432724,0,30,2019-09-20,2019-10-19
MC1,20071,0.3479255139827728,0,30,2019-10-10,2019-11-08
MC1,20123,0.5155032873153687,0,30,2019-09-20,2019-10-19
MC1,20147,0.5884503722190857,0,30,2019-03-17,2019-05-15
MC1,20151,0.40096136927604675,0,30,2018-09-24,2018-10-23
MC1,20254,0.6493034958839417,0,30,2019-08-19,2019-11-08
MC1,20270,0.4114426076412201,0,30,2019-10-10,2019-11-08
MC1,20287,0.8158984184265137,0,30,2019-09-17,2019-10-16
MC1,20330,0.46274781227111816,0,30,2019-10-10,2019-11-08
MC1,20409,0.36470985412597656,1,30,2019-09-18,2019-10-17
MC1,20412,0.7921286821365356,0,30,2019-09-19,2019-10-18
MC1,20875,0.8596729636192322,0,30,2019-09-11,2019-10-10
MC1,20881,0.6619229912757874,0,30,2019-10-10,2019-11-08
MC1,20884,0.6619229912757874,0,30,2019-10-10,2019-11-08
MC1,21009,0.5155189633369446,0,30,2019-09-17,2019-10-16
MC1,21054,0.9250011444091797,0,30,2019-10-10,2019-11-08
MC1,21508,0.5283700823783875,0,29,2018-07-10,2018-08-07
MC1,21533,0.3807503879070282,0,30,2019-09-16,2019-10-15
MC1,21553,0.8996831774711609,0,30,2019-10-10,2019-11-08
MC1,21629,0.4993283152580261,0,14,2019-09-25,2019-10-08
MC1,21688,0.8076984882354736,0,30,2019-10-10,2019-11-08
MC1,21865,0.46414461731910706,0,30,2019-09-09,2019-11-08
MC1,21902,0.38304537534713745,0,30,2019-09-17,2019-10-16
MC1,22244,0.8805968761444092,0,30,2019-08-09,2019-09-07
MC1,22276,0.9790164828300476,1,30,2019-09-19,2019-10-18
MC1,22407,0.6684211492538452,0,30,2019-09-10,2019-10-09
MC1,22415,0.4098866283893585,0,30,2019-09-17,2019-10-16
MC1,22491,0.3700878322124481,0,30,2019-10-10,2019-11-08
MC1,22561,0.737442135810852,0,30,2019-09-19,2019-10-18
MC1,22794,0.6227228045463562,0,30,2019-03-12,2019-04-10
MC1,22853,0.5935112237930298,0,30,2019-08-06,2019-09-04
MC1,22952,0.9039396643638611,0,30,2019-09-09,2019-11-08
MC1,23142,0.7604303956031799,0,30,2019-06-12,2019-10-19
MC1,23652,0.8370550274848938,0,30,2019-09-19,2019-10-18
MC1,23704,0.8487508893013,0,30,2019-09-16,2019-10-15
MC1,23760,0.8771297931671143,0,30,2019-08-04,2019-09-02
MC1,23814,0.8721818923950195,0,30,2019-10-10,2019-11-08
MC1,23879,0.6624974012374878,0,30,2019-10-10,2019-11-08
MC1,24005,0.39804527163505554,0,30,2019-10-10,2019-11-08
MC1,24066,0.3714880049228668,0,30,2019-09-14,2019-10-13
MC1,24156,0.7754184603691101,0,30,2019-10-10,2019-11-08
MC1,24441,0.4927007257938385,0,30,2019-10-02,2019-10-31
MC1,24449,0.4927210211753845,0,30,2019-10-02,2019-10-31
MC1,24464,0.41024401783943176,0,30,2019-07-22,2019-10-19
MC1,24486,0.8487453460693359,0,30,2019-09-09,2019-11-08
MC1,24500,0.8150123953819275,0,30,2019-10-10,2019-11-08
MC1,24608,0.8560284376144409,0,30,2019-10-10,2019-11-08
MC1,24622,0.8056907653808594,0,30,2019-09-21,2019-10-20
MC1,24864,0.969804584980011,0,30,2019-08-23,2019-09-21
MC1,25065,0.7496895790100098,0,30,2019-10-10,2019-11-08
MC1,25115,0.9691804051399231,0,30,2019-10-10,2019-11-08
MC1,25298,0.4982139766216278,0,30,2019-09-17,2019-10-16
MC1,25453,0.5842429995536804,0,30,2019-09-16,2019-10-15
MC1,25542,0.41022205352783203,0,30,2019-10-10,2019-11-08
MC1,25674,0.8207249641418457,0,30,2019-09-19,2019-10-18
MC1,25788,0.5986189842224121,0,30,2019-10-10,2019-11-08
MC1,26006,0.2997957766056061,0,30,2019-02-21,2019-03-22
MC1,26050,0.8459323048591614,0,30,2019-10-10,2019-11-08
MC1,26408,0.8108611106872559,0,30,2019-09-08,2019-11-08
MC1,26562,0.5594361424446106,0,30,2019-09-23,2019-10-22
MC1,26603,0.7177638411521912,0,30,2019-10-10,2019-11-08
MC1,26675,0.5103256106376648,0,30,2019-09-09,2019-11-08
MC1,26861,0.637185275554657,0,30,2019-10-10,2019-11-08
MC1,26939,0.6535142064094543,0,30,2019-05-14,2019-06-12
MC1,27259,0.49325671792030334,0,30,2019-09-09,2019-11-08
MC1,27270,0.6846776604652405,0,30,2019-10-10,2019-11-08
MC1,27362,0.6848407983779907,0,30,2019-10-10,2019-11-08
MC1,27567,0.8013706803321838,0,30,2019-08-31,2019-10-30
MC1,28010,0.9124652743339539,1,30,2019-08-18,2019-10-16
MC1,28134,0.393598735332489,0,30,2019-08-31,2019-09-29
MC1,28395,0.819939374923706,0,30,2019-09-22,2019-10-21
MC1,28567,0.43601447343826294,0,30,2019-10-10,2019-11-08
MC1,28602,0.7552393674850464,0,30,2019-09-17,2019-10-16
MC1,28786,0.6156324744224548,0,30,2019-10-10,2019-11-08
MC1,28805,0.818181574344635,0,30,2019-09-16,2019-10-15
MC1,28827,0.5189109444618225,0,30,2019-09-17,2019-10-16
MC1,28894,0.38929009437561035,0,30,2019-09-18,2019-10-17
MC1,29237,0.6612242460250854,0,30,2019-04-26,2019-10-31
MC1,29284,0.8265492916107178,0,30,2019-10-10,2019-11-08
MC1,29310,0.5987270474433899,0,30,2019-10-10,2019-11-08
MC1,29397,0.8829959630966187,0,30,2019-09-27,2019-10-26
MC1,29517,0.5248380899429321,0,30,2019-09-02,2019-11-01
MC1,29533,0.4731922149658203,0,30,2019-10-06,2019-11-04
MC1,29595,0.8846748471260071,0,30,2019-10-10,2019-11-08
MC1,29704,0.5207026600837708,0,30,2019-09-23,2019-10-22
MC1,29725,0.7954285740852356,0,30,2019-09-19,2019-10-18
MC1,29738,0.7794390916824341,0,30,2019-10-10,2019-11-08
MC1,29780,0.5897927284240723,1,30,2019-05-14,2019-06-12
MC1,29823,0.3722858726978302,0,30,2019-09-14,2019-10-13
MC1,29955,0.4213833808898926,0,30,2019-10-10,2019-11-08
MC1,29990,0.5705380439758301,0,30,2019-10-10,2019-11-08
MC1,30167,0.7585106492042542,0,30,2019-09-13,2019-10-12
MC1,30494,0.8190892934799194,0,30,2019-09-24,2019-10-23
MC1,30578,0.46086740493774414,0,30,2019-10-10,2019-11-08
MC1,30688,0.44877806305885315,0,30,2019-09-17,2019-10-16
MC1,30860,0.5681339502334595,0,30,2019-07-15,2019-10-09
MC1,31067,0.8473867177963257,0,30,2019-10-10,2019-11-08
MC1,31192,0.47351276874542236,0,30,2019-02-23,2019-06-08
MC1,31334,0.7767552733421326,0,30,2019-10-04,2019-11-02
MC1,31576,0.5905554890632629,0,30,2019-09-17,2019-10-16
MC1,32070,0.7461626529693604,0,30,2019-10-10,2019-11-08
MC1,32081,0.747187077999115,0,30,2019-09-09,2019-11-08
MC1,32083,0.659851610660553,0,30,2019-10-02,2019-10-31
MC1,32090,0.659805417060852,0,30,2019-10-02,2019-10-31
MC1,32183,0.6484276056289673,0,30,2019-07-24,2019-10-18
MC1,32231,0.5718367099761963,0,30,2019-09-17,2019-10-16
MC1,32330,0.6657136678695679,0,30,2019-08-24,2019-09-22
MC1,32442,0.9142361879348755,0,30,2019-08-23,2019-09-21
MC1,33062,0.8777035474777222,0,30,2019-10-02,2019-10-31
MC1,33112,0.48995617032051086,0,30,2019-10-01,2019-10-30
MC1,33114,0.48995617032051086,0,30,2019-10-01,2019-10-30
MC1,33250,0.3874693810939789,0,30,2019-10-10,2019-11-08
MC1,33306,0.711898684501648,0,30,2019-08-30,2019-09-28
MC1,33502,0.6564207077026367,0,30,2019-09-04,2019-11-03
MC1,33649,0.909177303314209,0,30,2019-09-17,2019-10-16
MC1,33766,0.47840532660484314,0,30,2019-10-10,2019-11-08
MC1,33821,0.4796334207057953,0,30,2019-04-18,2019-10-21
MC1,33927,0.8048861622810364,0,30,2019-10-10,2019-11-08
MC1,33960,0.771735429763794,0,30,2019-10-06,2019-11-04
MC1,34115,0.6380786299705505,0,30,2019-09-20,2019-10-19
MC1,34298,0.467809796333313,0,30,2018-07-08,2019-03-08
MC1,34393,0.7827986478805542,0,30,2019-08-13,2019-09-11
MC1,34484,0.4110547602176666,0,30,2019-10-10,2019-11-08
MC1,34611,0.4991074204444885,0,15,2019-10-25,2019-11-08
MC1,35048,0.4720213711261749,0,30,2019-10-10,2019-11-08
MC1,35196,0.5572370290756226,0,30,2019-08-25,2019-09-23
MC1,35403,0.6848969459533691,0,30,2019-09-10,2019-11-08
MC1,35487,0.45416611433029175,0,30,2018-03-20,2018-04-18
MC1,35590,0.6366121768951416,0,30,2019-09-09,2019-11-08
MC1,35629,0.9589453935623169,0,30,2019-10-10,2019-11-08
MC1,35679,0.43075117468833923,0,30,2019-09-17,2019-10-16
MC1,35682,0.43075117468833923,0,30,2019-09-17,2019-10-16
MC1,36019,0.5013381838798523,0,30,2019-08-12,2019-11-08
MC1,36256,0.757346510887146,0,30,2019-09-10,2019-11-08
MC1,36288,0.751848042011261,0,30,2019-09-16,2019-10-15
MC1,36332,0.5341506004333496,0,30,2019-09-29,2019-10-28
MC1,36392,0.7715925574302673,0,30,2019-09-16,2019-10-15
MC1,36474,0.5716575980186462,0,30,2019-10-10,2019-11-08
MC1,36562,0.5102834701538086,0,30,2019-09-17,2019-10-16
MC1,36576,0.4851311147212982,0,30,2019-08-30,2019-09-28
MC1,36833,0.581612765789032,0,30,2019-10-02,2019-10-31
MC1,36912,0.5484260320663452,0,30,2019-09-17,2019-10-16
MC1,36924,0.8618417382240295,0,30,2019-05-03,2019-09-16
MC1,36943,0.5173378586769104,0,30,2019-10-10,2019-11-08
MC1,36996,0.6844966411590576,0,30,2019-09-19,2019-10-18
MC1,37117,0.3988814949989319,0,30,2019-10-10,2019-11-08
MC1,37217,0.6570481061935425,0,30,2019-10-10,2019-11-08
MC1,37272,0.9507811665534973,0,30,2019-09-18,2019-10-17
MC1,37432,0.42823779582977295,0,30,2019-10-10,2019-11-08
MC1,37443,0.42823779582977295,0,30,2019-10-10,2019-11-08
MC1,37552,0.43224480748176575,0,30,2019-10-10,2019-11-08
MC1,37567,0.41076546907424927,0,30,2019-10-05,2019-11-03
MC1,37617,0.5607689619064331,0,30,2019-09-19,2019-10-18
MC1,37626,0.7514872550964355,0,30,2019-10-05,2019-11-03
MC1,37686,0.42818912863731384,0,30,2019-10-10,2019-11-08
MC1,37757,0.9007734060287476,0,30,2019-10-10,2019-11-08
MC1,37792,0.6382795572280884,0,30,2019-09-23,2019-10-22
MC1,37817,0.365706205368042,0,30,2019-10-10,2019-11-08
MC1,37818,0.365706205368042,0,30,2019-10-10,2019-11-08
MC1,37844,0.8359687924385071,0,30,2019-10-10,2019-11-08
MC1,37951,0.6120820641517639,0,30,2019-06-10,2019-10-27
MC1,38078,0.7212525010108948,0,30,2019-10-10,2019-11-08
MC1,38154,0.8365132212638855,0,30,2019-10-10,2019-11-08
MC1,38413,0.44797107577323914,0,30,2019-10-10,2019-11-08
MC1,38424,0.555033802986145,0,30,2019-09-20,2019-10-19
MC1,38459,0.5631380677223206,0,30,2019-08-06,2019-09-04
MC1,38613,0.8070411682128906,0,30,2019-10-10,2019-11-08
MC1,38672,0.8133044838905334,0,30,2019-04-30,2019-08-22
MC1,38754,0.6587603092193604,0,30,2019-09-09,2019-11-08
MC1,38856,0.43818169832229614,0,30,2019-10-10,2019-11-08
MC1,38882,0.864979088306427,0,30,2019-10-10,2019-11-08
MC1,39085,0.7197929620742798,0,30,2019-09-18,2019-10-17
MC1,39090,0.3967568576335907,0,30,2019-10-10,2019-11-08
MC1,39109,0.585706353187561,0,30,2019-09-16,2019-10-15
MC1,39159,0.9061232209205627,0,30,2019-10-10,2019-11-08
MC1,39299,0.8644358515739441,0,30,2019-10-08,2019-11-06
MC1,39349,0.699640691280365,0,30,2019-08-15,2019-09-13
MC1,39381,0.8887820243835449,0,30,2019-10-07,2019-11-05
MC1,39514,0.7737310528755188,0,30,2019-09-10,2019-10-09
MC1,39659,0.6619129180908203,0,30,2019-10-10,2019-11-08
MC1,39662,0.3892935514450073,0,30,2019-09-18,2019-10-17
MC1,39712,0.3861237168312073,0,30,2019-08-25,2019-11-08
MC1,39771,0.46496710181236267,0,30,2019-10-10,2019-11-08
MC1,39823,0.7337268590927124,0,30,2019-10-10,2019-11-08
MC1,39898,0.3670561611652374,1,30,2018-03-15,2018-04-13
MC1,40011,0.4168943464756012,0,30,2019-09-10,2019-11-08
MC1,40387,0.7208800911903381,0,30,2019-09-17,2019-10-16
MC1,40475,0.602016806602478,0,30,2019-10-10,2019-11-08
MC1,40748,0.7324121594429016,0,30,2019-10-10,2019-11-08
MC1,40819,0.8558650612831116,0,30,2019-09-21,2019-10-20
MC1,41055,0.5187844634056091,0,30,2019-10-10,2019-11-08
MC1,41083,0.8518049120903015,0,30,2019-10-10,2019-11-08
MC1,41145,0.8444474339485168,1,30,2019-08-21,2019-09-19
MC1,41274,0.6513729691505432,0,30,2019-05-14,2019-06-12
MC1,41434,0.6324129700660706,0,30,2019-09-07,2019-11-08
MC1,41704,0.562545120716095,0,30,2019-08-21,2019-10-19
MC1,41723,0.6374091506004333,0,30,2019-09-10,2019-11-08
MC1,42036,0.9307796955108643,0,30,2019-09-18,2019-10-17
MC1,42093,0.8816426992416382,0,30,2019-08-27,2019-09-25
MC1,42416,0.40128955245018005,0,30,2019-10-10,2019-11-08
MC1,42619,0.725131094455719,0,30,2019-10-10,2019-11-08
MC1,42812,0.4348873794078827,0,30,2019-10-10,2019-11-08
MC1,42880,0.6348363161087036,0,30,2019-06-01,2019-07-30
MC1,42907,0.749890923500061,0,30,2019-09-17,2019-10-16
MC1,43585,0.7929213047027588,0,30,2019-09-16,2019-10-15
MC1,43640,0.7068246603012085,0,30,2019-10-05,2019-11-03
MC1,43734,0.6586718559265137,0,30,2019-10-10,2019-11-08
MC1,43761,0.4074667692184448,0,30,2019-09-17,2019-10-16
MC1,43865,0.5087970495223999,0,30,2019-09-16,2019-10-15
MC1,44028,0.6848416924476624,0,30,2019-08-13,2019-09-11
MC1,44075,0.5946966409683228,1,30,2019-08-21,2019-09-19
MC1,44347,0.8572525382041931,0,30,2019-09-08,2019-10-07
MC1,44477,0.6719540357589722,0,30,2019-10-10,2019-11-08
MC1,44532,0.7921740412712097,0,30,2019-10-08,2019-11-06
MC1,44545,0.8422325849533081,0,30,2019-10-10,2019-11-08
MC1,44554,0.511308491230011,0,30,2019-10-10,2019-11-08
MC1,44636,0.5508832931518555,0,30,2019-08-18,2019-09-16
MC1,44640,0.8244516849517822,0,30,2019-10-10,2019-11-08
MC1,44662,0.8724539279937744,0,30,2019-08-09,2019-11-08
MC1,44755,0.459102600812912,0,30,2019-10-10,2019-11-08
MC1,45052,0.34769386053085327,0,30,2019-10-10,2019-11-08
MC1,45121,0.8311494588851929,0,30,2019-10-10,2019-11-08
MC1,45151,0.8770207762718201,1,30,2019-05-14,2019-06-12
MC1,45332,0.7236714363098145,0,30,2019-09-02,2019-11-08
MC1,45435,0.4061834514141083,0,30,2019-09-22,2019-10-21
MC1,45447,0.7237668037414551,0,30,2019-09-16,2019-10-15
MC1,45570,0.8947779536247253,0,30,2019-10-10,2019-11-08
MC1,45590,0.6593114137649536,0,30,2019-09-20,2019-10-19
MC1,45885,0.7926197052001953,0,30,2019-10-01,2019-10-30
MC1,45930,0.4547259509563446,0,30,2019-08-01,2019-11-08
MC1,46013,0.7842482328414917,0,30,2019-10-10,2019-11-08
MC1,46050,0.6585134863853455,0,30,2019-09-19,2019-10-18
MC1,46320,0.41320472955703735,0,30,2019-10-05,2019-11-03
MC1,46618,0.5221542716026306,0,30,2019-10-10,2019-11-08
MC1,46750,0.8059237599372864,0,30,2019-09-28,2019-10-27
MC1,46776,0.8965190649032593,0,30,2019-10-10,2019-11-08
MC1,46806,0.85760498046875,0,30,2019-09-29,2019-10-28
MC1,46899,0.8841934204101562,0,30,2019-09-09,2019-11-08
MC1,47080,0.4127063453197479,0,30,2019-10-10,2019-11-08
MC1,47118,0.34956711530685425,1,30,2018-10-10,2018-11-08
MC1,47131,0.7955232262611389,0,30,2019-10-04,2019-11-02
MC1,47217,0.5177543759346008,0,30,2019-06-03,2019-11-08
MC1,47321,0.6581938862800598,0,30,2019-09-17,2019-10-16
MC1,47403,0.8446081280708313,0,30,2019-10-08,2019-11-06
MC1,47519,0.8391482830047607,0,30,2019-09-16,2019-10-15
MC1,47705,0.3936960697174072,0,30,2019-02-09,2019-03-10
MC1,47914,0.9087297320365906,0,30,2019-10-10,2019-11-08
MC1,47961,0.6713751554489136,0,30,2019-03-29,2019-09-11
MC1,48028,0.871084451675415,0,30,2019-09-01,2019-11-08
MC1,48376,0.6788153052330017,0,30,2019-10-10,2019-11-08
MC1,48460,0.9832550287246704,1,30,2019-02-20,2019-05-26
MC1,48846,0.5085025429725647,0,30,2019-09-17,2019-10-16
MC1,48924,0.9019328951835632,0,30,2019-10-10,2019-11-08
MC1,49247,0.3979286551475525,0,30,2019-10-10,2019-11-08
MC1,49359,0.8177996277809143,0,30,2019-10-09,2019-11-07
MC1,49445,0.8176588416099548,0,30,2019-10-10,2019-11-08
MC1,49560,0.4360371232032776,0,30,2019-08-01,2019-10-10
MC1,49824,0.3798004984855652,0,30,2019-10-08,2019-11-06
MC1,49840,0.6943238973617554,0,30,2019-08-20,2019-09-18
MC1,50153,0.4035763740539551,0,30,2019-08-21,2019-09-19
MC1,50184,0.7458691596984863,0,30,2019-10-10,2019-11-08
MC1,50204,0.7145026326179504,0,30,2019-10-10,2019-11-08
MC1,50382,0.39721864461898804,0,30,2019-10-10,2019-11-08
MC1,50481,0.7470727562904358,0,30,2019-10-10,2019-11-08
MC1,50547,0.40914082527160645,0,30,2019-10-02,2019-10-31
MC1,50698,0.40827080607414246,0,30,2019-09-10,2019-11-08
MC1,50774,0.619002103805542,0,30,2019-10-01,2019-10-30
MC1,50881,0.8106468915939331,0,30,2019-10-10,2019-11-08
MC1,51044,0.9189172387123108,0,30,2019-10-10,2019-11-08
MC1,51262,0.7487281560897827,0,30,2019-08-28,2019-11-08
MC1,51275,0.5184158682823181,0,30,2019-09-17,2019-10-16
MC1,51764,0.8543204069137573,0,30,2019-10-10,2019-11-08
MC1,51839,0.8129313588142395,0,30,2019-10-10,2019-11-08
MC1,51880,0.47233977913856506,0,30,2019-10-10,2019-11-08
MC1,52183,0.611670196056366,0,30,2019-08-29,2019-10-27
MC1,52253,0.9309045672416687,1,30,2018-10-29,2018-12-30
MC1,52381,0.862101137638092,0,30,2019-08-26,2019-10-26
MC1,52637,0.7561147809028625,0,30,2019-10-02,2019-10-31
MC1,52697,0.7629668116569519,0,30,2019-09-17,2019-10-16
MC1,52757,0.36853599548339844,0,30,2019-10-10,2019-11-08
MC1,52760,0.5312127470970154,0,30,2019-09-29,2019-10-28
MC1,52895,0.6696383357048035,0,30,2019-10-10,2019-11-08
MC1,53012,0.8271262645721436,0,30,2019-09-19,2019-10-18
MC1,53032,0.4444689452648163,0,30,2019-10-10,2019-11-08
MC1,53585,0.4775650203227997,0,30,2019-10-10,2019-11-08
MC1,53710,0.7547335028648376,0,30,2019-10-10,2019-11-08
MC1,53755,0.7417750358581543,0,30,2019-09-20,2019-10-19
MC1,53872,0.7395297884941101,0,30,2019-09-10,2019-10-09
MC1,54097,0.8395591378211975,0,30,2019-09-04,2019-10-03
MC1,54274,0.836349606513977,0,30,2019-10-10,2019-11-08
MC1,54311,0.7858222126960754,0,30,2019-09-23,2019-10-22
MC1,54429,0.8239489793777466,0,30,2019-08-20,2019-10-18
MC1,54575,0.6019942164421082,0,30,2019-10-10,2019-11-08
MC1,54771,0.7165603041648865,0,30,2019-09-10,2019-10-09
MC1,55120,0.4895519018173218,0,30,2018-07-12,2018-09-09
MC1,55253,0.49426254630088806,0,30,2019-09-01,2019-10-30
MC1,55451,0.7545549869537354,0,30,2019-10-10,2019-11-08
MC1,55617,0.886191189289093,0,30,2019-10-10,2019-11-08
MC1,56022,0.46874845027923584,0,30,2019-10-10,2019-11-08
MC1,56093,0.6568952202796936,1,30,2019-08-31,2019-09-29
MC1,56521,0.8911249041557312,0,30,2019-10-10,2019-11-08
MC1,56924,0.3895869553089142,0,30,2019-09-07,2019-11-08
MC1,57025,0.8410611748695374,0,30,2019-10-10,2019-11-08
MC1,57068,0.5604291558265686,0,30,2019-10-05,2019-11-03
MC1,57174,0.35494735836982727,0,30,2019-10-10,2019-11-08
MC1,57377,0.9779685139656067,0,30,2019-09-12,2019-10-11
MC1,57424,0.8887479901313782,0,30,2019-10-10,2019-11-08
MC1,57434,0.4332328140735626,0,30,2019-10-03,2019-11-01
MC1,57600,0.8112751841545105,0,30,2019-09-17,2019-10-16
MC1,57878,0.6594564318656921,0,30,2019-10-10,2019-11-08
MC1,57953,0.6391302943229675,0,30,2019-09-08,2019-10-07
MC1,58013,0.40237200260162354,0,30,2019-06-10,2019-09-13
MC1,58321,0.5007941126823425,0,30,2019-08-23,2019-09-21
MC1,58323,0.8977994322776794,0,30,2019-08-23,2019-09-21
MC1,59010,0.35832440853118896,0,18,2018-02-01,2018-02-18
MC1,59127,0.9574196934700012,0,30,2019-09-10,2019-11-08
MC1,59393,0.7709494233131409,0,30,2019-08-24,2019-11-08
MC1,59576,0.4290079176425934,0,30,2019-09-15,2019-10-14
MC1,59636,0.6152704358100891,0,30,2019-10-10,2019-11-08
MC1,59665,0.6615549325942993,0,30,2019-10-10,2019-11-08
MC1,59670,0.6615593433380127,0,30,2019-10-10,2019-11-08
MC1,59846,0.6034349203109741,0,30,2019-10-10,2019-11-08
MC1,59963,0.8707862496376038,0,30,2019-10-10,2019-11-08
MC1,60156,0.8463661074638367,0,30,2019-08-06,2019-11-03
MC1,60264,0.7075157761573792,0,30,2019-10-10,2019-11-08
MC1,60319,0.5215288400650024,0,30,2019-10-01,2019-10-30
MC1,60533,0.767787754535675,0,30,2019-08-18,2019-10-16
MC1,60595,0.7865172624588013,0,30,2019-09-16,2019-10-15
MC1,60693,0.704647421836853,1,30,2019-05-18,2019-07-16
MC1,61157,0.5629167556762695,0,30,2019-09-04,2019-10-03
MC1,61201,0.761744499206543,0,30,2019-08-11,2019-10-09
MC1,61229,0.8252880573272705,0,30,2019-09-13,2019-10-12
MC1,61400,0.9255257248878479,0,30,2019-09-10,2019-11-08
MC1,61485,0.5010486841201782,0,30,2019-09-07,2019-11-06
MC1,61565,0.6009185910224915,0,30,2019-10-10,2019-11-08
MC1,61667,0.7012761831283569,0,30,2019-10-02,2019-10-31
MC1,61671,0.7012761831283569,1,30,2019-10-02,2019-10-31
MC1,61729,0.7642552256584167,0,30,2019-09-16,2019-10-15
MC1,61902,0.5990203619003296,0,30,2019-10-10,2019-11-08
MC1,61926,0.9706453084945679,0,30,2019-10-10,2019-11-08
MC1,62491,0.5925673246383667,0,30,2019-09-23,2019-10-22
MC1,62564,0.9133791923522949,0,30,2019-03-14,2019-10-20
MC1,62812,0.41845330595970154,0,30,2019-09-09,2019-11-08
MC1,63232,0.2601652145385742,0,30,2019-08-25,2019-09-23
MC1,63322,0.7458919286727905,0,30,2019-09-13,2019-10-12
MC1,63385,0.6794959902763367,0,30,2019-10-10,2019-11-08
MC1,63553,0.44988226890563965,0,30,2019-09-09,2019-11-08
MC1,63770,0.7160410284996033,0,30,2019-05-18,2019-07-16
MC1,63847,0.5628268718719482,0,30,2019-10-10,2019-11-08
MC1,63892,0.8283846378326416,0,30,2019-10-10,2019-11-08
MC1,63999,0.6393662691116333,0,30,2019-08-02,2019-10-03
MC1,64172,0.7329093217849731,0,30,2019-07-20,2019-08-18
MC1,64592,0.4368372857570648,0,30,2019-09-20,2019-10-19
MC1,64640,0.8371177315711975,0,30,2019-09-26,2019-10-25
MC1,64665,0.4500294327735901,0,30,2019-05-29,2019-10-31
MC1,64853,0.6214534044265747,0,30,2019-08-15,2019-09-13
MC1,64960,0.4790606200695038,0,30,2019-10-10,2019-11-08
MC1,64973,0.7643566131591797,0,30,2019-10-10,2019-11-08
MC1,65040,0.7290844321250916,0,30,2019-09-10,2019-11-08
MC1,65052,0.4426741600036621,0,30,2019-08-02,2019-10-12
MC1,65218,0.6381470561027527,0,30,2019-02-23,2019-10-28
MC1,65391,0.5807307958602905,0,30,2019-05-30,2019-07-28
MC1,65401,0.8765413761138916,0,30,2019-08-02,2019-11-08
MC1,65467,0.8997824788093567,0,30,2019-10-01,2019-10-30
MC1,65500,0.7456160187721252,0,30,2019-09-10,2019-11-08
MC1,65762,0.4463006556034088,0,30,2019-05-31,2019-09-22
MC1,65813,0.42232781648635864,0,30,2019-09-20,2019-10-19
MC1,65814,0.42232781648635864,0,30,2019-09-20,2019-10-19
MC1,65844,0.49937742948532104,0,9,2018-09-09,2018-09-17
MC1,66140,0.37002554535865784,0,30,2019-10-04,2019-11-02
MC1,66341,0.4954454004764557,0,30,2019-09-02,2019-11-08
MC1,66357,0.5876991748809814,0,30,2019-05-14,2019-06-12
MC1,66380,0.5264722108840942,0,30,2019-10-10,2019-11-08
MC1,66391,0.5126842856407166,0,30,2019-10-10,2019-11-08
MC1,66523,0.7435385584831238,0,30,2019-10-10,2019-11-08
MC1,66651,0.6644185781478882,0,30,2019-10-10,2019-11-08
MC1,66681,0.6913111805915833,0,30,2019-10-10,2019-11-08
MC1,66824,0.9022892117500305,0,30,2019-10-10,2019-11-08
MC1,66852,0.435397207736969,0,30,2019-10-10,2019-11-08
MC1,66884,0.8711247444152832,0,30,2019-10-10,2019-11-08
MC1,66922,0.7873591780662537,0,30,2019-05-25,2019-08-22
MC1,67079,0.7279889583587646,0,30,2019-09-21,2019-10-20
MC1,67277,0.42253535985946655,0,30,2018-05-28,2018-07-26
MC1,67544,0.9006023406982422,0,30,2019-10-10,2019-11-08
MC1,67690,0.9010993838310242,0,30,2019-09-09,2019-11-08
MC1,67698,0.6530829668045044,0,30,2019-09-20,2019-10-19
MC1,67727,0.5800530314445496,0,30,2019-09-30,2019-10-29
MC1,67958,0.7266085147857666,0,30,2019-09-10,2019-10-09
MC1,68012,0.7899434566497803,0,30,2019-09-18,2019-10-17
MC1,68020,0.5842961668968201,0,30,2019-08-25,2019-10-23
MC1,68064,0.6848416924476624,0,30,2019-10-02,2019-10-31
MC1,68248,0.45320916175842285,0,30,2019-10-10,2019-11-08
MC1,68728,0.46696406602859497,0,30,2019-10-10,2019-11-08
MC1,68742,0.7559083104133606,0,30,2019-08-24,2019-09-22
MC1,68791,0.7123329639434814,0,30,2019-03-17,2019-04-15
MC1,68835,0.7625848054885864,0,30,2019-02-10,2019-10-18
MC1,68968,0.5956129431724548,0,30,2019-09-19,2019-10-18
MC1,69245,0.8666253685951233,0,30,2019-09-16,2019-10-15
MC1,69640,0.42618608474731445,0,30,2019-07-17,2019-10-18
MC1,69917,0.5676425695419312,0,30,2019-10-10,2019-11-08
MC1,70008,0.8463913798332214,0,30,2019-09-20,2019-10-19
MC1,70054,0.9101133942604065,0,30,2019-10-02,2019-10-31
MC1,70106,0.4713965952396393,0,30,2019-10-10,2019-11-08
MC1,70351,0.4553762972354889,0,30,2019-03-30,2019-10-21
MC1,70383,0.8025948405265808,0,30,2019-10-10,2019-11-08
MC1,70567,0.518779456615448,0,30,2019-10-10,2019-11-08
MC1,70634,0.6345809698104858,0,30,2019-09-09,2019-11-08
MC1,70636,0.6345809698104858,0,30,2019-09-09,2019-11-08
MC1,70772,0.9076786637306213,0,30,2019-10-10,2019-11-08
MC1,70848,0.42827653884887695,0,30,2019-10-10,2019-11-08
MC1,70874,0.6727960109710693,0,30,2019-10-10,2019-11-08
MC1,70944,0.7822966575622559,0,30,2019-09-19,2019-10-18
MC1,71054,0.9603333473205566,0,30,2019-10-10,2019-11-08
MC1,71104,0.8103115558624268,0,30,2019-09-20,2019-10-19
MC1,71233,0.7068906426429749,0,30,2019-10-02,2019-10-31
MC1,71554,0.6594308018684387,1,30,2019-05-14,2019-06-12
MC1,71700,0.8016197681427002,0,30,2019-07-24,2019-08-22
MC1,71849,0.6859221458435059,0,30,2019-07-20,2019-08-18
MC1,71909,0.44472983479499817,0,30,2019-09-10,2019-11-08
MC1,71948,0.5210974216461182,0,30,2019-10-05,2019-11-03
MC1,71991,0.7185876369476318,0,30,2019-09-23,2019-10-22
MC1,72052,0.8450754284858704,0,30,2019-08-31,2019-09-29
MC1,72058,0.5391972661018372,0,30,2019-10-10,2019-11-08
MC1,72157,0.7838608622550964,0,30,2019-06-10,2019-09-13
MC1,72295,0.3787274956703186,0,30,2019-10-10,2019-11-08
MC1,72362,0.6894416809082031,0,30,2019-08-25,2019-09-23
MC1,72383,0.6700002551078796,0,30,2019-09-16,2019-10-15
MC1,72704,0.49023744463920593,0,30,2019-10-10,2019-11-08
MC1,72743,0.4524557888507843,0,30,2019-10-10,2019-11-08
MC1,72776,0.3787274956703186,0,30,2019-10-10,2019-11-08
MC1,72865,0.8398240804672241,0,30,2019-09-30,2019-10-29
MC1,73120,0.8165811896324158,0,30,2019-07-24,2019-11-07
MC1,73178,0.37293463945388794,0,30,2019-10-10,2019-11-08
MC1,73323,0.8888694047927856,0,30,2019-04-22,2019-11-08
MC1,73495,0.7747403383255005,0,30,2019-09-04,2019-10-03
MC1,73505,0.9299740791320801,1,30,2018-05-26,2018-06-24
MC1,73575,0.6305448412895203,1,30,2019-06-02,2019-07-31
MC1,73673,0.6576331257820129,0,30,2019-10-10,2019-11-08
MC1,73677,0.6576331257820129,0,30,2019-10-10,2019-11-08
MC1,73700,0.859183132648468,0,30,2019-10-10,2019-11-08
MC1,73778,0.7737099528312683,0,30,2019-10-10,2019-11-08
MC1,73866,0.6704557538032532,0,30,2019-10-10,2019-11-08
MC1,73881,0.9794039130210876,0,30,2019-10-01,2019-10-30
MC1,73917,0.4397445619106293,0,30,2019-10-10,2019-11-08
MC1,74367,0.9023256897926331,0,30,2019-10-10,2019-11-08
MC1,74428,0.7365280389785767,0,30,2019-03-13,2019-10-28
MC1,74579,0.837892472743988,0,30,2019-10-10,2019-11-08
MC1,74617,0.8234710097312927,0,30,2019-10-10,2019-11-08
MC1,74843,0.8026512861251831,0,30,2019-09-19,2019-10-18
MC1,74878,0.5544663667678833,0,30,2019-09-17,2019-10-16
MC1,74900,0.6910454630851746,0,30,2019-10-10,2019-11-08
MC1,74993,0.43746429681777954,0,30,2019-08-11,2019-11-08
MC1,75068,0.6481434106826782,0,30,2019-09-20,2019-10-19
MC1,75082,0.36442047357559204,0,30,2019-09-20,2019-10-19
MC1,75120,0.7111237049102783,0,30,2019-07-16,2019-08-14
MC1,75135,0.8735594749450684,0,30,2019-10-10,2019-11-08
MC1,75158,0.405537486076355,0,30,2019-10-10,2019-11-08
MC1,75237,0.8477403521537781,0,30,2019-10-10,2019-11-08
MC1,75275,0.8937159180641174,1,30,2019-09-02,2019-10-01
MC1,75363,0.8176596760749817,0,30,2019-10-10,2019-11-08
MC1,75504,0.6293312311172485,0,30,2019-09-08,2019-10-07
MC1,75526,0.49376603960990906,0,30,2019-06-12,2019-09-16
MC1,75709,0.4384712874889374,0,30,2019-09-29,2019-10-28
MC1,75781,0.639107882976532,0,30,2019-09-08,2019-10-07
MC1,76072,0.4798676073551178,0,30,2019-08-19,2019-10-17
MC1,76168,0.4446924924850464,0,30,2019-10-10,2019-11-08
MC1,76237,0.6376628875732422,0,30,2019-10-10,2019-11-08
MC1,76690,0.8003735542297363,0,30,2019-10-10,2019-11-08
MC1,77004,0.7068932056427002,0,30,2019-08-13,2019-09-11
MC1,77006,0.7068932056427002,0,30,2019-08-13,2019-09-11
MC1,77016,0.8551709651947021,0,30,2019-10-10,2019-11-08
MC1,77037,0.861117422580719,0,30,2019-07-28,2019-11-07
MC1,77203,0.8835347890853882,0,30,2019-08-15,2019-10-18
MC1,77522,0.5065639615058899,0,30,2019-08-26,2019-11-08
MC1,77550,0.41922783851623535,0,30,2019-10-10,2019-11-08
MC1,77568,0.8278230428695679,0,30,2019-10-10,2019-11-08
MC1,77571,0.5621998906135559,1,30,2019-01-21,2019-02-19
MC1,77574,0.46391528844833374,0,30,2019-09-18,2019-10-17
MC1,77676,0.621289849281311,0,30,2019-10-10,2019-11-08
MC1,77719,0.6529865860939026,0,30,2019-09-10,2019-11-08
MC1,77781,0.5083997249603271,0,30,2019-09-17,2019-10-16
MC1,77988,0.7767887711524963,0,30,2019-10-08,2019-11-06
MC1,78105,0.8927405476570129,0,30,2019-08-19,2019-10-18
MC1,78130,0.39523807168006897,0,30,2018-07-19,2018-08-17
MC1,78203,0.9279569387435913,0,30,2019-09-10,2019-11-08
MC1,78358,0.6854521036148071,0,30,2019-08-20,2019-11-08
MC1,78754,0.8663281798362732,0,30,2019-10-10,2019-11-08
MC1,79150,0.8304896950721741,0,30,2019-10-10,2019-11-08
MC1,79523,0.4792649447917938,0,30,2019-09-17,2019-10-16
MC1,79540,0.39329978823661804,0,30,2019-10-10,2019-11-08
MC1,79581,0.828003466129303,0,30,2019-10-02,2019-10-31
MC1,79704,0.4465998411178589,0,30,2019-10-03,2019-11-01
MC1,80012,0.5886833071708679,0,30,2019-04-28,2019-10-27
MC1,80036,0.6172448992729187,0,30,2019-09-19,2019-10-18
MC1,80111,0.4759672284126282,0,30,2019-04-13,2019-06-12
MC1,80270,0.7874026298522949,0,30,2019-08-19,2019-11-08
MC1,80625,0.403784841299057,0,30,2018-08-11,2018-09-09
MC1,80870,0.4649793207645416,0,30,2019-10-01,2019-10-30
MC1,80984,0.7916260361671448,0,30,2019-10-10,2019-11-08
MC1,80994,0.8725285530090332,0,30,2019-10-10,2019-11-08
MC1,81235,0.6033869981765747,0,30,2019-09-16,2019-10-15
MC1,81241,0.6033869981765747,0,30,2019-09-16,2019-10-15
MC1,81394,0.41593125462532043,1,30,2018-09-18,2019-01-18
MC1,81452,0.7681015729904175,0,30,2019-10-10,2019-11-08
MC1,81729,0.6619152426719666,0,30,2019-05-14,2019-06-12
MC1,81863,0.6612309217453003,0,30,2019-06-12,2019-11-03
MC1,82300,0.6395710110664368,0,30,2019-05-18,2019-07-16
MC1,82347,0.7868162989616394,0,30,2019-08-29,2019-10-27
MC1,82543,0.7763573527336121,0,30,2019-10-10,2019-11-08
MC1,82650,0.7073986530303955,0,30,2019-09-19,2019-10-18
MC1,82687,0.7835841178894043,0,30,2019-09-10,2019-11-08
MC1,82836,0.5958297848701477,0,30,2019-10-10,2019-11-08
MC1,82995,0.8291935920715332,0,30,2019-10-02,2019-10-31
MC1,83074,0.7789187431335449,0,30,2019-10-01,2019-10-30
MC1,83121,0.33858737349510193,0,30,2019-08-19,2019-10-17
MC1,83267,0.5140985250473022,0,24,2019-01-26,2019-02-18
MC1,83355,0.7027328014373779,0,30,2019-09-10,2019-10-09
MC1,83677,0.556865930557251,0,30,2018-03-20,2018-04-18
MC1,83786,0.6269791722297668,0,30,2019-09-03,2019-10-02
MC1,83967,0.7623720169067383,0,30,2019-09-14,2019-10-13
MC1,83988,0.6379414796829224,0,30,2019-04-14,2019-06-12
MC1,84197,0.6841897368431091,0,30,2019-09-08,2019-10-07
MC1,84299,0.747944712638855,0,30,2019-10-10,2019-11-08
MC1,84457,0.7668328881263733,0,30,2019-09-14,2019-10-13
MC1,84532,0.43537217378616333,0,30,2019-08-20,2019-11-01
MC1,84667,0.3852858245372772,0,30,2019-09-18,2019-10-17
MC1,84710,0.7418912649154663,0,30,2019-10-04,2019-11-02
MC1,84803,0.6752207279205322,0,30,2019-10-10,2019-11-08
MC1,84831,0.6620990633964539,0,30,2019-10-10,2019-11-08
MC1,84838,0.7109736204147339,0,30,2019-10-10,2019-11-08
MC1,85186,0.39504554867744446,0,30,2019-09-10,2019-11-08
MC1,85448,0.6073713302612305,0,30,2019-10-10,2019-11-08
MC1,85460,0.4079735279083252,0,30,2019-09-14,2019-10-13
MC1,85622,0.7938873171806335,0,30,2019-10-10,2019-11-08
MC1,86059,0.38458725810050964,0,30,2019-05-27,2019-08-08
MC1,86076,0.618757426738739,0,30,2019-09-19,2019-10-18
MC1,86148,0.8667258620262146,0,30,2019-10-10,2019-11-08
MC1,86150,0.8508138656616211,0,30,2019-10-10,2019-11-08
MC1,86194,0.3692525327205658,0,30,2019-10-10,2019-11-08
MC1,86631,0.867530345916748,0,30,2019-10-10,2019-11-08
MC1,86755,0.7261828780174255,0,30,2019-10-10,2019-11-08
MC1,86802,0.3854466378688812,0,30,2019-05-31,2019-07-29
MC1,87135,0.6226989030838013,0,30,2019-01-03,2019-04-10
MC1,87150,0.7818353176116943,0,30,2019-08-27,2019-09-25
MC1,87353,0.7784327268600464,0,30,2019-10-10,2019-11-08
MC1,87359,0.39965111017227173,0,30,2018-08-11,2018-09-09
MC1,87471,0.7353000640869141,0,30,2019-10-10,2019-11-08
MC1,87503,0.7609290480613708,0,30,2019-09-19,2019-10-18
MC1,87625,0.6582990884780884,0,30,2019-09-16,2019-10-15
MC1,87695,0.6613670587539673,0,30,2019-09-17,2019-10-16
MC1,87807,0.8479400277137756,0,30,2019-10-02,2019-10-31
MC1,88005,0.6585502624511719,0,30,2019-09-05,2019-11-03
MC1,88006,0.43486663699150085,0,30,2019-10-10,2019-11-08
MC1,88040,0.9011184573173523,0,30,2019-07-18,2019-11-02
MC1,88131,0.826187014579773,0,30,2019-10-10,2019-11-08
MC1,88141,0.6033264994621277,0,30,2019-10-10,2019-11-08
MC1,88440,0.38497304916381836,0,30,2019-08-23,2019-09-21
MC1,88567,0.7784319519996643,0,30,2019-09-21,2019-10-20
MC1,88572,0.9126074314117432,0,30,2019-10-10,2019-11-08
MC1,88602,0.7046414017677307,0,30,2019-10-10,2019-11-08
MC1,88691,0.8253247141838074,0,30,2019-08-11,2019-10-21
MC1,88786,0.8807098269462585,0,30,2019-08-12,2019-09-10
MC1,88888,0.8565383553504944,0,30,2019-09-10,2019-10-09
MC1,89023,0.8054194450378418,0,30,2019-10-10,2019-11-08
MC1,89100,0.737912118434906,0,30,2019-08-31,2019-09-29
MC1,89164,0.6320873498916626,0,30,2019-06-12,2019-09-09
MC1,89387,0.873770534992218,0,30,2019-10-10,2019-11-08
MC1,89454,0.42282360792160034,0,30,2019-03-24,2019-04-22
MC1,89491,0.7325955629348755,0,30,2019-10-10,2019-11-08
MC1,89578,0.7829775810241699,0,30,2019-10-10,2019-11-08
MC1,89756,0.37615513801574707,0,30,2018-09-24,2018-10-23
MC1,89785,0.7266185879707336,0,30,2019-10-10,2019-11-08
MC1,89850,0.4649619460105896,0,30,2019-10-10,2019-11-08
MC1,90005,0.6554264426231384,0,30,2019-09-02,2019-10-31
MC1,90062,0.8883205056190491,0,30,2019-09-10,2019-10-09
MC1,90473,0.5467485189437866,0,30,2019-08-14,2019-09-12
MC1,90498,0.7470690011978149,0,30,2019-10-10,2019-11-08
MC1,90574,0.6611637473106384,0,30,2019-08-25,2019-09-23
MC1,90593,0.5283752679824829,0,8,2018-06-13,2018-07-26
MC1,90603,0.4754236042499542,0,30,2019-10-10,2019-11-08
MC1,91051,0.3848869502544403,0,30,2019-08-11,2019-11-08
MC1,91118,0.8998786807060242,0,30,2019-10-10,2019-11-08
MC1,91132,0.586048424243927,0,30,2019-09-09,2019-11-08
MC1,91151,0.7508149147033691,0,30,2019-10-10,2019-11-08
MC1,91538,0.5052351355552673,0,30,2019-10-10,2019-11-08
MC1,91574,0.8894674777984619,0,30,2019-10-10,2019-11-08
MC1,91723,0.6654868125915527,0,30,2019-09-01,2019-11-08
MC1,91767,0.6717938184738159,0,30,2019-09-09,2019-11-08
MC1,91818,0.7329649329185486,0,30,2019-03-10,2019-11-08
MC1,91907,0.4919806122779846,0,30,2019-10-10,2019-11-08
MC1,91979,0.8878226280212402,0,30,2019-09-09,2019-11-08
MC1,92091,0.5810664892196655,0,30,2019-09-19,2019-10-18
MC1,92388,0.7567574381828308,0,30,2019-10-04,2019-11-02
MC1,92599,0.860929548740387,0,30,2019-10-03,2019-11-01
MC1,92731,0.4757682681083679,0,30,2019-10-10,2019-11-08
MC1,92750,0.6217922568321228,0,30,2019-08-20,2019-09-18
MC1,92958,0.8863694667816162,0,30,2019-10-10,2019-11-08
MC1,93073,0.9077697992324829,0,30,2019-08-17,2019-10-16
MC1,93173,0.6835489869117737,0,30,2019-09-19,2019-10-18
MC1,93220,0.6838375329971313,0,30,2019-10-10,2019-11-08
MC1,93507,0.5537680983543396,0,30,2019-10-05,2019-11-03
MC1,93726,0.7052627801895142,1,30,2019-07-26,2019-08-24
MC1,93727,0.4972493350505829,0,13,2019-10-04,2019-10-16
MC1,93916,0.782626748085022,0,30,2019-09-17,2019-10-16
MC1,94112,0.7228028774261475,0,30,2019-10-10,2019-11-08
MC1,94190,0.6112006306648254,0,30,2019-10-10,2019-11-08
MC1,94445,0.6591550707817078,0,30,2019-10-10,2019-11-08
MC1,94532,0.8617273569107056,0,30,2019-10-10,2019-11-08
MC1,94608,0.6931833028793335,0,30,2019-09-16,2019-10-15
MC1,94623,0.9771307706832886,0,30,2019-09-18,2019-10-17
MC1,95081,0.38017934560775757,0,30,2019-04-01,2019-04-30
MC1,95090,0.8060140609741211,0,30,2019-10-10,2019-11-08
MC1,95146,0.8291925191879272,0,30,2019-09-05,2019-11-08
MC1,95148,0.8291907906532288,0,30,2019-09-05,2019-11-08
MC1,95360,0.8435205817222595,0,30,2019-09-19,2019-10-18
MC1,95587,0.8676604628562927,0,30,2019-10-05,2019-11-03
MC1,95605,0.8024355173110962,0,30,2019-10-10,2019-11-08
MC1,95608,0.8024355173110962,0,30,2019-10-10,2019-11-08
MC1,95672,0.7849467992782593,1,30,2019-09-07,2019-10-06
MC1,95716,0.8242091536521912,0,30,2019-10-10,2019-11-08
MC1,95718,0.7344399690628052,0,30,2019-10-10,2019-11-08
MC1,95852,0.768019437789917,0,30,2019-10-10,2019-11-08
MC1,95897,0.6799049377441406,0,30,2019-10-10,2019-11-08
MC1,95958,0.9082399606704712,0,30,2019-10-10,2019-11-08
MC1,96232,0.7638655304908752,0,30,2019-07-25,2019-08-23
MC1,96277,0.7621777653694153,0,30,2019-09-20,2019-10-19
MC1,96686,0.3794325292110443,0,30,2019-08-16,2019-11-08
MC1,96755,0.5244587063789368,0,30,2019-09-19,2019-10-18
MC1,96779,0.6368329524993896,0,30,2019-10-02,2019-10-31
MC1,97006,0.7709349989891052,0,30,2019-10-10,2019-11-08
MC1,97044,0.6381253600120544,0,30,2019-09-02,2019-10-31
MC1,97096,0.5049387216567993,0,30,2019-09-09,2019-10-08
MC1,97535,0.6583458781242371,0,30,2019-06-04,2019-08-02
MC1,97557,0.7263854146003723,0,30,2019-10-10,2019-11-08
MC1,97661,0.7128013968467712,1,30,2019-05-14,2019-09-09
MC1,97673,0.5423225164413452,0,30,2019-03-16,2019-05-14
MC1,97757,0.857204258441925,0,30,2019-08-29,2019-11-08
MC1,97826,0.895599901676178,0,30,2019-09-10,2019-11-08
MC1,97967,0.4775650203227997,0,30,2019-10-10,2019-11-08
MC1,97977,0.8650082945823669,0,30,2019-10-10,2019-11-08
MC1,98009,0.41523709893226624,0,30,2019-09-18,2019-10-17
MC1,98029,0.4344622790813446,0,30,2019-06-01,2019-09-21
MC1,98108,0.44606873393058777,0,30,2019-10-10,2019-11-08
MC1,98153,0.9114763736724854,0,30,2019-09-10,2019-11-08
MC1,98303,0.7794768214225769,0,30,2019-10-10,2019-11-08
MC1,98363,0.41362297534942627,0,30,2019-09-27,2019-10-26
MC1,98447,0.694301426410675,0,30,2019-10-10,2019-11-08
MC1,98702,0.5919700264930725,0,30,2019-09-10,2019-11-08
MC1,98852,0.4431653618812561,0,30,2019-08-25,2019-11-01
MC1,99021,0.9076786637306213,0,30,2019-10-10,2019-11-08
MC1,99161,0.665468156337738,0,30,2019-09-02,2019-10-01
MC1,99209,0.6701869368553162,0,30,2019-09-18,2019-10-17
MC1,99371,0.6342636942863464,0,30,2019-07-19,2019-08-17
MC1,99390,0.6728696823120117,0,30,2019-08-20,2019-09-18
MC1,99396,0.6728696823120117,0,30,2019-08-20,2019-09-18
MC1,99513,0.6631708145141602,0,30,2019-10-10,2019-11-08
MC1,99520,0.9061855673789978,0,30,2019-09-09,2019-11-08
MC1,100030,0.7631279230117798,0,30,2019-09-09,2019-11-08
MC1,100103,0.9248067736625671,0,30,2019-09-10,2019-11-08
MC1,100124,0.7127619981765747,0,30,2019-08-18,2019-11-08
MC1,100154,0.6211357116699219,0,30,2019-09-09,2019-11-08
MC1,100163,0.7086325883865356,0,30,2019-05-22,2019-08-30
MC1,100249,0.7849928736686707,1,30,2019-06-12,2019-09-13
MC1,100376,0.8984581232070923,0,30,2019-10-10,2019-11-08
MC1,100470,0.47672975063323975,0,30,2019-09-09,2019-11-08
MC1,100595,0.6118174195289612,0,30,2019-10-10,2019-11-08
MC1,100643,0.585499107837677,0,30,2019-10-10,2019-11-08
MC1,100921,0.6750378608703613,0,30,2019-10-10,2019-11-08
MC1,101310,0.5121321082115173,0,30,2019-09-17,2019-10-16
MC1,101457,0.7398984432220459,0,30,2019-09-10,2019-11-08
MC1,101486,0.44269177317619324,0,30,2019-06-03,2019-11-08
MC1,101552,0.3871048390865326,0,30,2018-07-23,2018-08-21
MC1,101665,0.6170098781585693,0,30,2019-10-10,2019-11-08
MC1,101789,0.43888700008392334,0,30,2019-09-09,2019-11-08
MC1,101877,0.7201910614967346,0,30,2019-09-09,2019-11-08
MC1,102106,0.8825564980506897,0,30,2019-06-07,2019-08-31
MC1,102129,0.7158793210983276,0,30,2019-04-21,2019-05-20
MC1,102327,0.6160265207290649,0,30,2019-03-03,2019-04-01
MC1,102330,0.7593736052513123,0,30,2019-08-26,2019-09-24
MC1,102465,0.6102942824363708,0,30,2019-10-10,2019-11-08
MC1,102576,0.5116493701934814,0,30,2019-10-10,2019-11-08
MC1,102721,0.5716684460639954,0,30,2019-10-10,2019-11-08
MC1,102907,0.6266815662384033,0,30,2019-10-01,2019-10-30
MC1,102980,0.8990542888641357,0,30,2019-04-22,2019-11-08
MC1,103019,0.6308044791221619,0,30,2019-10-10,2019-11-08
MC1,103151,0.5919156074523926,0,30,2019-10-05,2019-11-03
MC1,103409,0.4942806661128998,0,30,2019-09-17,2019-10-16
MC1,103741,0.8936045169830322,0,30,2019-08-05,2019-10-18
MC1,103766,0.7214663624763489,0,30,2019-10-10,2019-11-08
MC1,103810,0.8064689636230469,0,30,2019-09-23,2019-10-22
MC1,104182,0.48673099279403687,0,30,2019-09-17,2019-10-16
MC1,104235,0.7470735907554626,0,30,2019-10-10,2019-11-08
MC1,104337,0.7015634775161743,0,30,2019-09-10,2019-10-09
MC1,104606,0.576210081577301,0,30,2019-09-10,2019-11-08
MC1,104651,0.44397738575935364,0,30,2019-10-10,2019-11-08
MC1,104837,0.6119187474250793,0,30,2019-07-27,2019-08-25
MC1,104892,0.39480477571487427,0,30,2019-09-08,2019-11-08
MC1,105051,0.6718907952308655,0,30,2019-05-25,2019-08-22
MC1,105263,0.8653338551521301,0,30,2019-10-10,2019-11-08
MC1,105580,0.8769877552986145,0,30,2019-09-19,2019-10-18
MC1,105685,0.5431174635887146,0,30,2019-10-10,2019-11-08
MC1,105857,0.38511502742767334,0,30,2019-10-10,2019-11-08
MC1,105863,0.38512536883354187,0,30,2019-10-10,2019-11-08
MC1,105873,0.8192806243896484,0,30,2019-09-13,2019-10-12
MC1,105962,0.3992787301540375,0,22,2019-10-18,2019-11-08
MC1,105976,0.8536166548728943,0,30,2019-09-21,2019-10-20
MC1,105983,0.6377800703048706,0,30,2019-05-14,2019-06-12
MC1,106059,0.47971218824386597,0,30,2019-09-13,2019-10-12
MC1,106090,0.8397935032844543,0,30,2019-10-10,2019-11-08
MC1,106218,0.9049527645111084,0,30,2019-10-03,2019-11-01
MC1,106670,0.8123400807380676,1,30,2019-03-07,2019-04-05
MC1,107096,0.5747674703598022,0,30,2019-10-02,2019-10-31
MC1,107109,0.4981249272823334,0,30,2019-10-10,2019-11-08
MC1,107260,0.7902807593345642,0,30,2019-10-10,2019-11-08
MC1,107312,0.39561083912849426,0,30,2019-09-22,2019-10-21
MC1,107379,0.4053252339363098,0,30,2019-10-10,2019-11-08
MC1,107397,0.5426467657089233,0,30,2019-09-16,2019-10-15
MC1,107453,0.5726203322410583,0,30,2019-09-20,2019-10-19
MC1,107542,0.5885196328163147,0,30,2019-09-10,2019-11-08
MC1,107564,0.6781215667724609,0,30,2019-10-10,2019-11-08
MC1,107690,0.6041856408119202,0,30,2019-08-21,2019-09-19
MC1,107796,0.5607783198356628,0,30,2019-10-10,2019-11-08
MC1,107820,0.7518180012702942,0,30,2019-06-08,2019-08-06
MC1,107824,0.6601301431655884,0,30,2019-08-29,2019-10-29
MC1,107910,0.48765307664871216,0,30,2019-09-21,2019-10-20
MC1,108218,0.4829006493091583,0,30,2019-09-06,2019-11-08
MC1,108375,0.7237927913665771,0,30,2019-10-10,2019-11-08
MC1,108572,0.6924426555633545,1,30,2019-03-28,2019-05-26
MC1,108691,0.9266034960746765,0,30,2019-08-06,2019-10-16
MC1,108791,0.8008707761764526,0,30,2019-10-02,2019-10-31
MC1,108834,0.635188102722168,0,30,2019-10-10,2019-11-08
MC1,109123,0.7573204636573792,0,30,2019-10-10,2019-11-08
MC1,109316,0.6033685803413391,0,30,2019-09-16,2019-10-15
MC1,109385,0.5978730916976929,0,30,2019-09-20,2019-10-19
MC1,109538,0.6994130611419678,0,30,2019-09-29,2019-10-28
MC1,109584,0.44895869493484497,0,30,2019-09-17,2019-10-16
MC1,109587,0.4241136610507965,0,30,2019-09-17,2019-10-16
MC1,109628,0.8662941455841064,0,30,2019-09-19,2019-10-18
MC1,109639,0.8133939504623413,0,30,2019-10-10,2019-11-08
MC1,109640,0.7374374866485596,0,30,2019-01-30,2019-02-28
MC1,109680,0.8514791131019592,0,30,2019-08-14,2019-10-19
MC1,110058,0.613728404045105,0,30,2019-10-10,2019-11-08
MC1,110074,0.46734899282455444,0,30,2019-09-20,2019-10-19
MC1,110084,0.9847405552864075,1,30,2018-02-07,2018-03-08
MC1,110101,0.431072473526001,0,30,2019-07-29,2019-10-27
MC1,110468,0.7568299174308777,0,30,2019-10-10,2019-11-08
MC1,110516,0.42483189702033997,0,30,2019-08-08,2019-11-08
MC1,110617,0.6382363438606262,0,30,2019-04-27,2019-05-26
MC1,110697,0.7351548671722412,0,30,2019-10-03,2019-11-01
MC1,110730,0.7842108607292175,0,30,2019-10-10,2019-11-08
MC1,111035,0.8925312161445618,0,30,2019-09-06,2019-11-08
MC1,111064,0.876607358455658,0,30,2019-10-04,2019-11-02
MC1,111143,0.46436628699302673,0,30,2019-08-20,2019-09-18
MC1,111518,0.7534548044204712,1,30,2019-05-04,2019-06-02
MC1,111821,0.6774460077285767,0,30,2019-10-06,2019-11-04
MC1,111967,0.8109982013702393,0,30,2019-09-17,2019-10-16
MC1,112337,0.8817731738090515,0,30,2019-09-09,2019-11-08
MC1,112583,0.6089865565299988,0,30,2019-10-10,2019-11-08
MC1,112587,0.6089865565299988,0,30,2019-09-10,2019-11-08
MC1,112834,0.6050228476524353,0,30,2019-09-10,2019-11-08
MC1,112922,0.7271783351898193,0,30,2019-10-10,2019-11-08
MC1,113023,0.436625212430954,0,30,2019-08-29,2019-10-28
MC1,113391,0.8197002410888672,0,30,2019-09-13,2019-10-12
MC1,113604,0.9031312465667725,0,30,2019-10-10,2019-11-08
MC1,113758,0.781479001045227,0,30,2019-10-10,2019-11-08
MC1,114142,0.7177262902259827,0,30,2019-06-01,2019-07-30
MC1,114496,0.6850596070289612,0,30,2019-06-04,2019-08-02
MC1,114616,0.8649027347564697,0,30,2019-10-10,2019-11-08
MC1,114847,0.8133757710456848,0,30,2019-09-10,2019-11-08
MC1,114936,0.7593570351600647,0,30,2019-10-10,2019-11-08
MC1,115035,0.8566356301307678,0,30,2019-09-10,2019-11-08
MC1,115181,0.638046145439148,0,30,2019-10-10,2019-11-08
MC1,115315,0.5631372332572937,0,30,2019-10-10,2019-11-08
MC1,115339,0.43017539381980896,0,30,2019-10-10,2019-11-08
MC1,115411,0.7910979390144348,0,30,2019-10-10,2019-11-08
MC1,115414,0.7664909362792969,0,30,2019-10-10,2019-11-08
MC1,115526,0.9082399606704712,0,30,2019-10-10,2019-11-08
MC1,115630,0.9345875382423401,0,30,2019-10-10,2019-11-08
MC1,115743,0.6848408579826355,0,30,2019-09-30,2019-10-29
MC1,115779,0.7967827320098877,0,30,2019-08-01,2019-08-30
MC1,115859,0.5178750157356262,0,30,2019-08-11,2019-11-08
MC1,115932,0.7420122623443604,0,30,2019-08-15,2019-09-13
MC1,115974,0.6260753273963928,0,30,2019-10-10,2019-11-08
MC1,116044,0.7991610169410706,0,30,2019-09-12,2019-10-11
MC1,116170,0.35313689708709717,0,30,2019-10-10,2019-11-08
MC1,116208,0.8424777388572693,0,30,2019-08-26,2019-11-08
MC1,116282,0.7877122163772583,0,30,2019-10-10,2019-11-08
MC1,116291,0.5886840224266052,0,30,2019-10-10,2019-11-08
MC1,116537,0.8596151471138,0,30,2019-10-10,2019-11-08
MC1,116709,0.7790880799293518,0,30,2019-09-17,2019-10-16
MC1,116744,0.43517300486564636,0,30,2019-09-17,2019-10-16
MC1,116768,0.7470711469650269,0,30,2019-09-13,2019-10-12
MC1,117013,0.9069082140922546,0,30,2019-10-10,2019-11-08
MC1,117125,0.5747306942939758,0,30,2019-08-15,2019-09-13
MC1,117225,0.8889877796173096,0,30,2019-09-14,2019-10-13
MC1,117409,0.5495852828025818,0,30,2019-09-04,2019-10-03
MC1,117413,0.5495852828025818,0,30,2019-09-04,2019-10-03
MC1,117425,0.7279877066612244,0,30,2019-09-09,2019-11-08
MC1,117615,0.8441993594169617,0,30,2019-08-19,2019-10-17
MC1,117807,0.5919320583343506,0,30,2019-10-10,2019-11-08
MC1,117827,0.6221697926521301,0,30,2019-10-10,2019-11-08
MC1,118255,0.566435694694519,0,30,2019-09-17,2019-10-16
MC1,118328,0.7246769070625305,0,30,2019-10-10,2019-11-08
MC1,118431,0.742259681224823,0,30,2019-10-10,2019-11-08
MC1,118512,0.4039866328239441,0,30,2019-09-09,2019-11-08
MC1,118527,0.4010951519012451,0,30,2019-09-19,2019-10-18
MC1,118835,0.6946178674697876,0,30,2019-09-09,2019-11-08
MC1,118923,0.48278725147247314,0,30,2019-09-26,2019-10-25
MC1,119036,0.8014915585517883,0,30,2019-09-01,2019-11-08
MC1,119096,0.7102038264274597,0,30,2019-10-10,2019-11-08
MC1,119317,0.6054508686065674,0,30,2019-10-06,2019-11-04
MC1,119336,0.39827001094818115,0,30,2019-07-31,2019-11-08
MC1,119361,0.8656249046325684,0,30,2019-09-09,2019-11-08
MC1,119468,0.479577898979187,0,30,2019-10-10,2019-11-08
MC1,119554,0.6848409175872803,0,30,2019-05-14,2019-06-12
MC1,119985,0.820580244064331,0,30,2019-10-10,2019-11-08
MC1,120203,0.45496073365211487,0,30,2019-09-17,2019-10-16
MC1,120464,0.821715235710144,0,30,2019-05-07,2019-10-31
MC1,120689,0.6563053131103516,0,30,2019-10-10,2019-11-08
MC1,120814,0.8723282814025879,0,30,2019-10-10,2019-11-08
MC1,121008,0.48673099279403687,0,30,2019-09-17,2019-10-16
MC1,121051,0.48569774627685547,0,30,2019-08-05,2019-10-31
MC1,121170,0.5188824534416199,0,30,2019-09-28,2019-10-27
MC1,121281,0.6037425398826599,0,30,2019-10-10,2019-11-08
MC1,121355,0.6510508060455322,0,30,2019-10-10,2019-11-08
MC1,121452,0.6530469655990601,0,30,2019-10-10,2019-11-08
MC1,121462,0.3502079248428345,0,30,2019-09-15,2019-10-14
MC1,121489,0.7568790912628174,0,30,2019-08-26,2019-10-31
MC1,121781,0.6237130165100098,0,30,2019-07-17,2019-08-15
MC1,121911,0.3814803659915924,0,30,2019-09-24,2019-10-23
MC1,121926,0.5550889372825623,0,30,2019-10-10,2019-11-08
MC1,122072,0.8863086104393005,0,30,2019-10-10,2019-11-08
MC1,122086,0.7810599207878113,0,30,2019-10-10,2019-11-08
MC1,122124,0.7970353960990906,0,30,2019-09-19,2019-10-18
MC1,122154,0.7925019860267639,0,30,2019-10-10,2019-11-08
MC1,122179,0.7390251755714417,0,30,2019-10-10,2019-11-08
MC1,122188,0.6168326139450073,0,30,2019-09-04,2019-10-03
MC1,122381,0.6107245683670044,0,30,2019-10-10,2019-11-08
MC1,122737,0.8947741389274597,0,30,2019-09-19,2019-10-18
MC1,122934,0.8863455057144165,0,30,2019-10-10,2019-11-08
MC1,122940,0.4852273166179657,0,1,2019-11-08,2019-11-08
MC1,123030,0.5977715253829956,0,30,2019-09-22,2019-10-21
MC1,123281,0.7470715641975403,0,30,2019-09-10,2019-11-08
MC1,123403,0.670951247215271,0,30,2019-09-13,2019-10-12
MC1,123545,0.6546826362609863,0,30,2019-04-19,2019-07-17
MC1,123826,0.9120813012123108,0,30,2019-10-10,2019-11-08
MC1,123834,0.878781259059906,0,30,2019-09-18,2019-10-17
MC1,123923,0.6139472723007202,0,30,2019-10-10,2019-11-08
MC1,124033,0.5073602199554443,1,30,2018-09-22,2018-12-23
MC1,124041,0.6134635210037231,0,30,2019-10-10,2019-11-08
MC1,124321,0.3984241187572479,0,30,2019-10-10,2019-11-08
MC1,124367,0.6844737529754639,0,30,2019-10-10,2019-11-08
MC1,124415,0.4447457790374756,0,30,2019-10-10,2019-11-08
MC1,124625,0.3992752730846405,0,30,2019-09-20,2019-10-19
MC1,124849,0.9713365435600281,0,30,2019-10-10,2019-11-08
MC1,124953,0.6781197190284729,0,30,2019-10-10,2019-11-08
MC1,125438,0.5054680705070496,0,30,2019-10-10,2019-11-08
MC1,125473,0.7562273740768433,0,30,2019-10-10,2019-11-08
MC1,125588,0.5447096228599548,0,30,2019-10-10,2019-11-08
MC1,125602,0.5458770394325256,0,30,2019-10-10,2019-11-08
MC1,125636,0.8287159204483032,0,30,2019-09-17,2019-10-16
MC1,125869,0.727205216884613,0,30,2019-06-12,2019-11-08
MC1,125925,0.803593099117279,0,30,2019-08-14,2019-09-12
MC1,126038,0.4249264895915985,0,30,2019-04-20,2019-11-08
MC1,126069,0.7972210645675659,0,30,2019-10-10,2019-11-08
MC1,126116,0.6606140732765198,0,30,2019-10-10,2019-11-08
MC1,126125,0.8155888915061951,1,30,2019-09-15,2019-10-14
MC1,126254,0.8323259353637695,0,30,2019-08-23,2019-09-21
MC1,126644,0.39891868829727173,0,30,2019-09-10,2019-11-08
MC1,126955,0.7622622847557068,0,30,2019-10-10,2019-11-08
MC1,126972,0.3898562788963318,0,30,2019-09-10,2019-11-08
MC1,126974,0.3898562788963318,0,30,2019-09-10,2019-11-08
MC1,127075,0.7874910831451416,0,30,2019-10-10,2019-11-08
MC1,127186,0.41391927003860474,0,30,2019-10-10,2019-11-08
MC1,127198,0.8795426487922668,0,30,2019-10-10,2019-11-08
MC1,127342,0.3783116936683655,0,30,2019-10-10,2019-11-08
MC1,127493,0.5292412638664246,0,30,2018-03-24,2018-05-30
MC1,127655,0.701688289642334,0,30,2019-09-10,2019-10-09
MC1,127740,0.7524814009666443,0,30,2019-09-11,2019-10-10
MC1,127835,0.3996681571006775,1,30,2019-04-20,2019-08-20
MC1,128003,0.7605544328689575,0,30,2019-09-16,2019-10-15
MC1,128037,0.5183290243148804,0,30,2019-08-18,2019-10-16
MC1,128121,0.38667863607406616,0,30,2019-10-10,2019-11-08
MC1,128150,0.792622447013855,0,30,2019-10-10,2019-11-08
MC1,128276,0.769700825214386,0,30,2019-10-10,2019-11-08
MC1,128278,0.7906132340431213,0,30,2019-10-10,2019-11-08
MC1,128447,0.905225396156311,0,30,2019-10-10,2019-11-08
MC1,128517,0.8082457184791565,0,30,2019-09-17,2019-10-16
MC1,128590,0.4515238106250763,0,30,2019-08-28,2019-11-08
MC1,129240,0.8218531012535095,0,30,2019-09-20,2019-10-19
MC1,129390,0.37908104062080383,0,30,2018-06-26,2018-07-25
MC1,129444,0.8902829885482788,0,30,2019-09-06,2019-11-05
MC1,129774,0.8878226280212402,0,30,2019-09-09,2019-11-08
MC1,129821,0.5437355637550354,0,30,2019-10-10,2019-11-08
MC1,129906,0.7437523603439331,0,30,2019-10-10,2019-11-08
MC1,129913,0.37636032700538635,0,30,2019-10-08,2019-11-06
MC1,129940,0.861514687538147,0,30,2019-09-06,2019-11-08
MC1,129961,0.42058536410331726,0,30,2019-10-02,2019-10-31
MC1,130000,0.8960565328598022,0,30,2019-10-10,2019-11-08
MC1,130025,0.861211895942688,0,30,2019-08-14,2019-10-12
MC1,130186,0.47816580533981323,0,30,2019-10-10,2019-11-08
MC1,130233,0.5529247522354126,0,30,2019-10-10,2019-11-08
MC1,130425,0.6527453660964966,0,30,2019-09-13,2019-10-12
MC1,130438,0.7514916062355042,0,30,2019-09-09,2019-11-08
MC1,130497,0.5034876465797424,1,30,2019-10-10,2019-11-08
MC1,130543,0.6222536563873291,0,30,2019-08-18,2019-09-16
MC1,130668,0.8265253305435181,0,30,2019-10-09,2019-11-07
MC1,130674,0.32065367698669434,1,30,2019-10-09,2019-11-07
MC1,130701,0.8848171234130859,0,30,2019-09-17,2019-10-16
MC1,130748,0.6043509244918823,0,30,2019-09-01,2019-10-31
MC1,130769,0.4970616400241852,0,30,2019-10-10,2019-11-08
MC1,131105,0.8454670310020447,0,30,2019-10-10,2019-11-08
MC1,131227,0.8968302011489868,0,30,2019-02-12,2019-11-08
MC1,131280,0.8162655234336853,0,30,2019-10-10,2019-11-08
MC1,131302,0.43117785453796387,0,30,2019-09-17,2019-10-16
MC1,131621,0.6018417477607727,1,30,2019-02-10,2019-04-12
MC1,131735,0.886242151260376,0,30,2019-09-06,2019-10-05
MC1,131928,0.5842843055725098,0,30,2019-10-10,2019-11-08
MC1,131984,0.6443362832069397,0,30,2019-06-06,2019-09-23
MC1,132006,0.39746180176734924,0,30,2019-09-10,2019-11-08
MC1,132025,0.6841244101524353,1,30,2019-04-16,2019-05-15
MC1,132054,0.49286606907844543,0,30,2019-08-04,2019-11-08
MC1,132070,0.8840950131416321,0,30,2019-10-10,2019-11-08
MC1,132096,0.5010221600532532,0,30,2019-09-17,2019-10-16
MC1,132426,0.8039003014564514,0,30,2019-09-18,2019-10-17
MC1,132446,0.8847715854644775,0,30,2019-10-10,2019-11-08
MC1,132481,0.6987261772155762,0,30,2019-09-20,2019-10-19
MC1,132936,0.6551422476768494,0,30,2019-10-10,2019-11-08
MC1,132963,0.8395121693611145,0,30,2019-10-10,2019-11-08
MC1,132988,0.4528491199016571,0,30,2018-08-11,2018-09-09
MC1,133007,0.7286195755004883,0,30,2019-05-01,2019-11-08
MC1,133044,0.3969075679779053,1,30,2018-09-12,2018-12-31
MC1,133323,0.6000416874885559,0,30,2019-10-10,2019-11-08
MC1,133340,0.9192653298377991,0,30,2019-09-23,2019-10-22
MC1,133403,0.6609565615653992,0,30,2019-10-10,2019-11-08
MC1,133413,0.5887205004692078,0,30,2019-10-10,2019-11-08
MC1,133552,0.7637837529182434,0,30,2019-08-18,2019-11-08
MC1,133902,0.724502444267273,0,30,2019-10-10,2019-11-08
MC1,133912,0.5640011429786682,0,30,2019-08-17,2019-09-15
MC1,134063,0.9414604306221008,0,30,2019-10-04,2019-11-02
MC1,134232,0.7289094924926758,0,30,2019-09-16,2019-10-15
MC1,134437,0.43850573897361755,0,30,2019-09-18,2019-10-17
MC1,134501,0.7390303611755371,0,30,2019-09-09,2019-11-08
MC1,134520,0.41492682695388794,0,30,2019-08-30,2019-09-28
MC1,134554,0.5719692707061768,0,30,2019-09-17,2019-10-16
MC1,134628,0.7885493636131287,0,30,2019-09-19,2019-10-18
MC1,134634,0.5183483958244324,0,30,2018-03-20,2018-04-18
MC1,134668,0.8408740758895874,0,30,2019-10-09,2019-11-07
MC1,134684,0.8011265993118286,0,30,2019-09-18,2019-10-17
MC1,134687,0.7730979919433594,0,30,2019-09-18,2019-10-17
MC1,134941,0.42293715476989746,0,30,2019-10-10,2019-11-08
MC1,135059,0.2583845555782318,0,30,2019-09-10,2019-11-08
MC1,135144,0.8384026885032654,0,30,2019-10-10,2019-11-08
MC1,135185,0.7787686586380005,0,30,2019-10-10,2019-11-08
MC1,135355,0.6149063110351562,0,30,2019-10-10,2019-11-08
MC1,135388,0.8797414302825928,0,30,2019-10-02,2019-10-31
MC1,135423,0.6720981597900391,0,30,2019-09-06,2019-11-04
MC1,135427,0.38633835315704346,0,30,2019-09-10,2019-11-08
MC1,135532,0.6131432056427002,0,30,2019-10-10,2019-11-08
MC1,135637,0.8552595376968384,0,30,2019-10-10,2019-11-08
MC1,135733,0.7999038100242615,0,30,2019-09-20,2019-10-19
MC1,135819,0.7774367928504944,0,30,2019-09-20,2019-10-19
MC1,135986,0.36368614435195923,0,30,2019-09-17,2019-10-16
MC1,136091,0.39596205949783325,0,30,2019-08-15,2019-11-08
MC1,136228,0.42627084255218506,0,30,2019-09-12,2019-10-11
MC1,136625,0.4627790153026581,0,30,2019-09-09,2019-11-08
MC1,136682,0.3714083433151245,0,30,2019-08-17,2019-09-15
MC1,136859,0.47977694869041443,0,30,2019-10-10,2019-11-08
MC1,137196,0.7054192423820496,0,30,2019-10-10,2019-11-08
MC1,137394,0.8658104538917542,0,30,2019-09-25,2019-10-24
MC1,137514,0.6917437314987183,0,30,2019-09-10,2019-11-08
MC1,137564,0.5854880213737488,0,30,2019-06-06,2019-08-28
MC1,137866,0.7552704811096191,0,30,2019-09-17,2019-10-16
MC1,137945,0.5080654621124268,0,30,2019-10-10,2019-11-08
MC1,137956,0.8737197518348694,0,30,2019-10-04,2019-11-02
MC1,138052,0.8663375377655029,1,30,2019-10-10,2019-11-08
MC1,138053,0.5269179344177246,0,30,2019-09-09,2019-11-08
MC1,138066,0.3849656581878662,0,30,2019-07-17,2019-08-15
MC1,138101,0.8178288340568542,1,30,2019-06-08,2019-09-04
MC1,138365,0.763076901435852,0,30,2019-10-05,2019-11-03
MC1,138398,0.39952754974365234,0,30,2018-07-09,2018-09-06
MC1,138465,0.5582177042961121,0,30,2019-09-06,2019-11-08
MC1,138494,0.7237927913665771,0,30,2019-10-10,2019-11-08
MC1,138828,0.7978480458259583,0,30,2019-09-29,2019-10-28
MC1,138983,0.8451672792434692,0,30,2018-09-30,2019-10-18
MC1,139008,0.4370719790458679,0,30,2019-09-10,2019-11-08
MC1,139198,0.42704394459724426,0,30,2019-09-09,2019-11-08
MC1,139238,0.40293484926223755,0,30,2019-08-18,2019-09-16
MC1,139622,0.6998924016952515,0,30,2019-09-19,2019-10-18
MC1,139634,0.9737405180931091,0,30,2019-10-10,2019-11-08
MC1,139776,0.5886840224266052,0,30,2019-05-14,2019-06-12
MC1,140030,0.8727492094039917,0,30,2019-10-03,2019-11-01
MC1,140265,0.7358274459838867,0,30,2019-09-16,2019-10-15
MC1,140276,0.813136637210846,0,30,2019-10-10,2019-11-08
MC1,140350,0.3739981949329376,0,30,2019-08-11,2019-11-08
MC1,140511,0.6847309470176697,0,30,2019-09-06,2019-11-08
MC1,140520,0.7225565314292908,0,30,2019-09-09,2019-11-08
MC1,140665,0.8056457042694092,0,30,2019-08-30,2019-10-29
MC1,140695,0.45061957836151123,0,30,2019-06-06,2019-11-08
MC1,140815,0.827049195766449,0,30,2019-09-13,2019-10-12
MC1,140867,0.3913303017616272,1,30,2018-06-10,2018-07-09
MC1,141039,0.5049187541007996,0,21,2019-08-30,2019-09-19
MC1,141073,0.5438423752784729,0,30,2019-10-10,2019-11-08
MC1,141130,0.766025722026825,0,30,2019-09-16,2019-10-15
MC1,141155,0.6618005633354187,0,30,2019-08-28,2019-10-27
MC1,141205,0.4871765971183777,0,30,2019-10-10,2019-11-08
MC1,141250,0.6446691751480103,0,30,2019-09-03,2019-10-02
MC1,141330,0.8275177478790283,0,30,2019-10-10,2019-11-08
MC1,141443,0.515380322933197,0,30,2019-07-30,2019-10-19
MC1,141603,0.37698498368263245,0,30,2019-10-03,2019-11-01
MC1,142045,0.6234583854675293,0,30,2019-08-21,2019-10-19
MC1,142161,0.5156510472297668,1,30,2019-02-05,2019-03-06
MC1,142577,0.40592268109321594,0,30,2019-09-17,2019-10-16
MC1,142753,0.9015179872512817,0,30,2019-10-10,2019-11-08
MC1,142801,0.7519587278366089,0,30,2019-04-16,2019-11-08
MC1,142821,0.42682018876075745,0,30,2019-09-17,2019-10-16
MC1,143158,0.9906937479972839,1,30,2018-05-26,2018-06-24
MC1,143343,0.47941094636917114,0,30,2019-09-07,2019-11-08
MC1,143359,0.8243796825408936,0,30,2019-10-10,2019-11-08
MC1,143459,0.5858578681945801,0,30,2019-09-20,2019-10-19
MC1,143800,0.9225286245346069,0,30,2019-10-10,2019-11-08
MC1,143862,0.7984005808830261,0,30,2019-09-30,2019-10-29
MC1,143877,0.6848659515380859,0,30,2019-09-02,2019-11-03
MC1,143945,0.8197705745697021,0,30,2019-09-28,2019-10-27
MC1,144154,0.7074628472328186,0,30,2019-10-10,2019-11-08
MC1,144541,0.8155210614204407,0,30,2019-09-21,2019-10-20
MC1,144589,0.6381453275680542,0,30,2019-03-13,2019-10-28
MC1,144662,0.7806837558746338,1,30,2018-02-18,2018-03-19
MC1,144932,0.7448049187660217,0,30,2019-08-31,2019-09-29
MC1,144960,0.6919528841972351,0,30,2019-08-25,2019-11-05
MC1,145009,0.7060139775276184,0,30,2019-07-24,2019-08-22
MC1,145013,0.6957964897155762,0,30,2019-09-10,2019-11-08
MC1,145182,0.6324855089187622,1,30,2019-02-14,2019-03-15
MC1,145423,0.661989152431488,0,30,2019-10-10,2019-11-08
MC1,145434,0.4313904345035553,0,30,2019-10-10,2019-11-08
MC1,145526,0.497630774974823,0,30,2019-09-09,2019-11-08
MC1,145563,0.5322561860084534,0,30,2019-10-10,2019-11-08
MC1,146045,0.29174214601516724,0,30,2019-10-10,2019-11-08
MC1,146153,0.4554976224899292,0,30,2019-10-10,2019-11-08
MC1,146177,0.3787274956703186,0,30,2019-10-10,2019-11-08
MC1,146280,0.5927259922027588,0,30,2019-08-20,2019-10-18
MC1,146373,0.4064006805419922,0,30,2019-08-24,2019-09-22
MC1,146377,0.3974573612213135,0,30,2019-08-24,2019-09-22
MC1,146386,0.7700082063674927,0,30,2019-10-10,2019-11-08
MC1,146617,0.3736969828605652,1,30,2018-07-02,2018-08-31
MC1,146732,0.4568771421909332,0,30,2019-09-18,2019-10-17
MC1,146750,0.45707327127456665,0,30,2019-10-10,2019-11-08
MC1,146870,0.8953405618667603,0,30,2019-09-14,2019-10-13
MC1,147177,0.536754846572876,0,30,2019-10-10,2019-11-08
MC1,147780,0.44907212257385254,0,30,2019-03-29,2019-06-12
MC1,147986,0.3923106789588928,0,30,2019-08-18,2019-10-16
MC1,147989,0.3923106789588928,0,30,2019-08-18,2019-10-16
MC1,148177,0.5243241190910339,0,30,2019-06-09,2019-11-08
MC1,148212,0.6340378522872925,0,30,2019-09-23,2019-10-22
MC1,148393,0.7864766120910645,0,30,2019-10-10,2019-11-08
MC1,148765,0.8582963943481445,0,30,2019-10-10,2019-11-08
MC1,149043,0.8371396660804749,0,30,2019-08-18,2019-10-16
MC1,149159,0.5112495422363281,0,30,2019-09-09,2019-11-08
MC1,149286,0.5704805850982666,0,30,2019-10-10,2019-11-08
MC1,149397,0.5220332145690918,0,30,2019-10-10,2019-11-08
MC1,149521,0.44208529591560364,0,30,2019-03-05,2019-04-03
MC1,149640,0.849233865737915,0,30,2019-10-03,2019-11-01
MC1,149677,0.8972939252853394,0,30,2019-09-09,2019-11-08
MC1,149697,0.6848410964012146,0,30,2019-08-18,2019-09-16
MC1,149717,0.7203575372695923,0,30,2019-09-20,2019-10-19
MC1,149899,0.8060934543609619,0,30,2019-09-16,2019-10-15
MC1,149900,0.8060934543609619,0,30,2019-09-16,2019-10-15
MC1,149940,0.3692525327205658,0,30,2019-10-10,2019-11-08
MC1,150127,0.4411208927631378,0,30,2019-07-25,2019-08-23
MC1,150264,0.7150543928146362,0,30,2019-09-24,2019-10-23
MC1,150534,0.5292196869850159,0,30,2019-07-24,2019-10-31
MC1,150569,0.4013693332672119,0,30,2019-09-18,2019-10-17
MC1,150591,0.8638858199119568,0,30,2019-09-21,2019-10-20
MC1,150620,0.882311999797821,0,30,2019-09-28,2019-10-27
MC1,150691,0.8838295340538025,0,30,2019-10-10,2019-11-08
MC1,150787,0.7743859887123108,0,30,2019-08-25,2019-11-08
MC1,151007,0.3997015357017517,0,30,2019-10-10,2019-11-08
MC1,151075,0.4428371787071228,0,30,2019-09-09,2019-11-08
MC1,151102,0.7293428182601929,0,30,2019-08-29,2019-11-08
MC1,151302,0.8296282887458801,0,30,2019-09-28,2019-10-27
MC1,151526,0.839643657207489,0,30,2019-09-10,2019-11-08
MC1,151893,0.4302009046077728,0,30,2019-08-18,2019-09-16
MC1,151980,0.7074676156044006,0,30,2019-10-10,2019-11-08
MC1,151991,0.47282639145851135,0,11,2019-10-29,2019-11-08
MC1,152046,0.712234616279602,0,30,2019-10-10,2019-11-08
MC1,152165,0.3408636450767517,0,30,2019-10-10,2019-11-08
MC1,152405,0.4869290888309479,0,30,2019-10-10,2019-11-08
MC1,152648,0.7716867327690125,0,30,2019-10-10,2019-11-08
MC1,152967,0.44086697697639465,0,30,2019-09-19,2019-10-18
MC1,153370,0.3922441303730011,0,30,2019-09-10,2019-11-08
MC1,153457,0.5950323939323425,0,30,2019-10-10,2019-11-08
MC1,153883,0.6656737923622131,0,30,2019-10-10,2019-11-08
MC1,154030,0.6624974012374878,0,30,2019-10-10,2019-11-08
MC1,154289,0.7764241695404053,1,30,2019-05-14,2019-06-12
MC1,154311,0.34482502937316895,0,30,2019-10-10,2019-11-08
MC1,154461,0.6601259112358093,0,30,2019-08-22,2019-10-20
MC1,154470,0.6600323915481567,0,30,2019-07-31,2019-08-29
MC1,154555,0.45510074496269226,0,30,2019-10-10,2019-11-08
MC1,154574,0.8485926389694214,0,30,2019-09-16,2019-10-15
MC1,154848,0.8395251035690308,0,30,2019-09-14,2019-10-13
MC1,154916,0.6578535437583923,0,30,2019-09-19,2019-10-18
MC1,154933,0.6330545544624329,0,30,2019-10-10,2019-11-08
MC1,155119,0.8887042999267578,1,30,2019-05-14,2019-06-12
MC1,155177,0.6600270867347717,0,30,2019-09-21,2019-10-20
MC1,155254,0.8300054669380188,0,30,2019-10-10,2019-11-08
MC1,155301,0.6620774865150452,0,30,2019-10-10,2019-11-08
MC1,155385,0.7713885307312012,0,30,2019-10-10,2019-11-08
MC1,155673,0.43667587637901306,0,30,2019-10-09,2019-11-07
MC1,155731,0.8914728760719299,0,30,2019-04-22,2019-11-08
MC1,155755,0.6243001222610474,0,30,2019-10-10,2019-11-08
MC1,155789,0.8474330902099609,0,30,2019-09-10,2019-11-08
MC1,155919,0.6407760381698608,0,30,2019-09-19,2019-10-18
MC1,155925,0.6407760381698608,0,30,2019-09-19,2019-10-18
MC1,155973,0.48660123348236084,0,30,2019-10-10,2019-11-08
MC1,155977,0.5633072257041931,0,30,2019-08-28,2019-09-26
MC1,156551,0.4926677942276001,0,30,2019-10-10,2019-11-08
MC1,156780,0.4466756582260132,0,30,2019-09-03,2019-11-01
MC1,156967,0.8547084331512451,0,30,2019-09-06,2019-11-08
MC1,157034,0.7771530151367188,0,30,2019-09-10,2019-10-09
MC1,157042,0.7771530151367188,0,30,2019-09-10,2019-10-09
MC1,157210,0.7939519882202148,0,30,2019-09-13,2019-10-12
MC1,157242,0.7467352747917175,0,30,2019-10-10,2019-11-08
MC1,157254,0.5353119373321533,0,30,2019-10-10,2019-11-08
MC1,157296,0.39984890818595886,1,30,2018-03-31,2018-05-29
MC1,157458,0.5115283131599426,0,30,2019-09-10,2019-10-09
MC1,157738,0.5375359654426575,0,30,2019-08-21,2019-09-19
MC1,157877,0.5781118869781494,0,30,2019-09-21,2019-10-20
MC1,157885,0.8778932690620422,0,30,2019-10-10,2019-11-08
MC1,158001,0.877013087272644,0,30,2019-09-01,2019-11-08
MC1,158155,0.7973426580429077,0,30,2019-10-08,2019-11-06
MC1,158389,0.3740510642528534,0,30,2019-04-30,2019-05-29
MC1,158416,0.5086373686790466,0,30,2019-10-03,2019-11-01
MC1,158710,0.451510488986969,0,30,2019-09-09,2019-11-08
MC1,158826,0.527855634689331,0,30,2019-03-09,2019-06-12
MC1,159152,0.4617399573326111,0,30,2019-09-20,2019-10-19
MC1,159189,0.8522382378578186,0,30,2019-10-10,2019-11-08
MC1,159233,0.7612338066101074,0,30,2019-09-16,2019-10-15
MC1,159240,0.8557060360908508,0,30,2019-10-10,2019-11-08
MC1,159252,0.9864732027053833,1,30,2018-10-10,2018-11-08
MC1,159408,0.8474216461181641,0,30,2019-08-14,2019-10-12
MC1,159549,0.9057466387748718,1,30,2019-07-30,2019-08-28
MC1,159682,0.5013269186019897,0,30,2019-10-02,2019-10-31
MC1,159744,0.4337415397167206,0,30,2019-02-09,2019-09-13
MC1,159762,0.6867465972900391,0,30,2019-09-20,2019-10-19
MC1,159898,0.4871765971183777,0,30,2019-09-10,2019-11-08
MC1,159933,0.6975021958351135,0,30,2019-05-08,2019-08-31
MC1,159993,0.8699029088020325,0,30,2018-03-20,2018-04-18
MC1,159994,0.6408257484436035,0,30,2019-05-24,2019-07-22
MC1,160142,0.5083898305892944,0,30,2019-09-17,2019-10-16
MC1,160443,0.7050150036811829,0,30,2019-08-21,2019-10-19
MC1,160495,0.7402973771095276,0,30,2019-09-17,2019-10-16
MC1,160577,0.7621809840202332,0,30,2019-09-20,2019-10-19
MC1,160622,0.5874347686767578,0,30,2019-09-19,2019-10-18
MC1,160860,0.3877924382686615,0,30,2019-02-19,2019-03-20
MC1,160897,0.45923545956611633,0,30,2019-08-10,2019-09-08
MC1,160979,0.4486851096153259,0,30,2019-10-10,2019-11-08
MC1,161129,0.7036112546920776,0,30,2019-09-20,2019-10-19
MC1,161184,0.41886869072914124,0,30,2019-08-31,2019-09-29
MC1,161267,0.4272930324077606,0,30,2019-04-27,2019-05-26
MC1,161577,0.9064198732376099,0,30,2019-09-18,2019-10-17
MC1,161609,0.8140414953231812,0,30,2019-09-29,2019-10-28
MC1,161641,0.6756864190101624,0,30,2019-10-05,2019-11-03
MC1,161693,0.465597003698349,0,30,2019-10-10,2019-11-08
MC1,161723,0.823273777961731,0,30,2019-08-15,2019-10-13
MC1,161730,0.879820704460144,0,30,2019-10-10,2019-11-08
MC1,162099,0.8182666897773743,0,30,2019-10-10,2019-11-08
MC1,162149,0.6806476712226868,0,30,2019-10-10,2019-11-08
MC1,162184,0.7826288938522339,0,30,2019-09-08,2019-11-08
MC1,162370,0.6550219058990479,0,30,2019-09-09,2019-11-08
MC1,162395,0.4524076581001282,1,30,2019-04-28,2019-07-26
MC1,162645,0.5052226781845093,0,30,2019-10-10,2019-11-08
MC1,162949,0.6245619654655457,0,30,2019-08-18,2019-09-16
MC1,163030,0.4517834186553955,0,30,2019-09-16,2019-10-15
MC1,163170,0.8805131912231445,0,30,2019-08-05,2019-10-15
MC1,163337,0.3794325292110443,0,30,2019-08-11,2019-11-08
MC1,163398,0.7260536551475525,0,30,2019-09-14,2019-10-13
MC1,163409,0.9710739850997925,1,30,2019-03-28,2019-05-26
MC1,163472,0.48192310333251953,1,12,2019-08-02,2019-08-13
MC1,163703,0.800545871257782,0,30,2019-10-10,2019-11-08
MC1,163798,0.6229891180992126,0,30,2019-09-17,2019-10-16
MC1,163942,0.7158307433128357,0,30,2019-03-19,2019-10-29
MC1,164018,0.8882982134819031,0,30,2019-09-18,2019-10-17
MC1,164046,0.8925527334213257,0,30,2019-09-06,2019-11-05
MC1,164179,0.765188992023468,0,30,2019-10-10,2019-11-08
MC1,164464,0.875723659992218,0,30,2019-09-10,2019-10-09
MC1,164778,0.805644690990448,0,30,2019-10-10,2019-11-08
MC1,164781,0.8056453466415405,0,30,2019-10-10,2019-11-08
MC1,164925,0.5189372897148132,0,30,2019-09-28,2019-10-27
MC1,164995,0.5776200294494629,0,30,2019-10-10,2019-11-08
MC1,164998,0.9482126832008362,1,30,2019-10-10,2019-11-08
MC1,165026,0.7501643896102905,1,30,2019-09-11,2019-10-10
MC1,165239,0.49918249249458313,0,30,2019-10-10,2019-11-08
MC1,165297,0.8566856980323792,0,30,2019-10-10,2019-11-08
MC1,165307,0.5204671621322632,0,30,2018-08-11,2018-09-09
MC1,165373,0.8162681460380554,0,30,2019-09-13,2019-10-12
MC1,165682,0.7784068584442139,0,30,2019-10-10,2019-11-08
MC1,165686,0.44672560691833496,0,30,2019-10-10,2019-11-08
MC1,165875,0.7781891822814941,0,30,2019-08-29,2019-10-27
MC1,166549,0.8921170830726624,0,30,2019-05-12,2019-09-16
MC1,166587,0.6539279818534851,0,30,2019-10-10,2019-11-08
MC1,166623,0.7057152986526489,0,30,2019-07-30,2019-11-08
MC1,166831,0.6603202223777771,0,30,2019-10-10,2019-11-08
MC1,166854,0.7068952322006226,0,30,2019-10-10,2019-11-08
MC1,167118,0.8003735542297363,0,30,2019-10-10,2019-11-08
MC1,167297,0.6064714789390564,0,30,2019-09-17,2019-10-16
MC1,167346,0.8303248882293701,0,30,2019-10-10,2019-11-08
MC1,167367,0.43129968643188477,0,30,2019-10-10,2019-11-08
MC1,167427,0.8728737831115723,1,30,2019-07-15,2019-08-13
MC1,167547,0.8959150910377502,0,30,2019-10-10,2019-11-08
MC1,167553,0.8889647126197815,0,30,2019-10-10,2019-11-08
MC1,167828,0.7283798456192017,0,30,2019-10-10,2019-11-08
MC1,167857,0.7394750118255615,0,30,2019-03-26,2019-04-24
MC1,167913,0.8170886635780334,0,30,2019-10-10,2019-11-08
MC1,168345,0.7645727396011353,0,30,2019-09-16,2019-10-15
MC1,168363,0.3794292211532593,0,30,2019-10-10,2019-11-08
MC1,168388,0.8274487853050232,0,30,2019-10-10,2019-11-08
MC1,168467,0.8980896472930908,0,30,2019-10-10,2019-11-08
MC1,168701,0.8475238680839539,1,30,2019-09-24,2019-10-23
MC1,168846,0.7688320279121399,0,30,2019-10-10,2019-11-08
MC1,168938,0.8802056312561035,1,30,2018-10-02,2018-10-31
MC1,169011,0.8736447095870972,0,30,2019-08-28,2019-09-26
MC1,169035,0.898186445236206,0,30,2019-08-21,2019-09-19
MC1,169155,0.768252432346344,0,30,2019-10-10,2019-11-08
MC1,169178,0.3443206548690796,0,30,2019-10-10,2019-11-08
MC1,169402,0.8396435976028442,0,30,2019-10-10,2019-11-08
MC1,169544,0.5064805746078491,0,30,2019-09-10,2019-11-08
MC1,169550,0.39612412452697754,1,30,2018-04-08,2018-06-06
MC1,169560,0.7332504391670227,0,30,2019-09-12,2019-10-11
MC1,169663,0.3969946503639221,0,30,2019-04-23,2019-05-22
MC1,169751,0.9031588435173035,0,30,2019-10-10,2019-11-08
MC1,169792,0.4830944240093231,0,30,2019-04-06,2019-06-12
MC1,169887,0.8624588847160339,0,30,2019-09-09,2019-11-08
MC1,169904,0.5902523398399353,1,30,2019-05-16,2019-07-14
MC1,169955,0.8178299069404602,0,30,2019-10-03,2019-11-01
MC1,170070,0.6782256364822388,0,30,2019-03-07,2019-09-16
MC1,170131,0.8258695602416992,0,30,2019-09-07,2019-10-06
MC1,170149,0.5941701531410217,0,30,2019-09-13,2019-10-12
MC1,170365,0.39714983105659485,0,30,2019-09-12,2019-10-11
MC1,170422,0.507249653339386,0,30,2019-09-17,2019-10-16
MC1,170567,0.3831658363342285,0,30,2019-09-16,2019-10-15
MC1,170708,0.8320367932319641,0,30,2019-10-10,2019-11-08
MC1,170802,0.8925259113311768,0,30,2019-08-25,2019-09-23
MC1,170818,0.8432609438896179,0,30,2019-08-11,2019-10-16
MC1,170879,0.8406978845596313,0,30,2019-09-17,2019-10-16
MC1,171038,0.6101951599121094,0,30,2019-10-10,2019-11-08
MC1,171266,0.8852684497833252,0,30,2019-10-04,2019-11-02
MC1,171271,0.9627232551574707,0,30,2019-10-04,2019-11-02
MC1,171280,0.43466857075691223,0,30,2019-09-01,2019-10-31
MC1,171823,0.7784307599067688,0,30,2019-10-10,2019-11-08
MC1,171890,0.6835641860961914,0,30,2019-09-09,2019-11-08
MC1,171918,0.5783525109291077,0,30,2019-09-17,2019-10-16
MC1,171929,0.6847310066223145,0,30,2019-08-19,2019-11-08
MC1,172096,0.7241821885108948,1,30,2019-07-16,2019-08-14
MC1,172315,0.7772393226623535,0,30,2019-04-23,2019-09-16
MC1,172453,0.777947723865509,0,30,2019-10-10,2019-11-08
MC1,172557,0.5040477514266968,0,1,2019-10-18,2019-10-18
MC1,172689,0.6789366006851196,0,30,2019-10-10,2019-11-08
MC1,172859,0.888964831829071,0,30,2019-10-10,2019-11-08
MC1,172955,0.8726181387901306,0,30,2019-10-10,2019-11-08
MC1,173065,0.5085290670394897,0,30,2019-07-19,2019-11-08
MC1,173218,0.8970621228218079,0,30,2019-08-18,2019-10-16
MC1,173431,0.38400518894195557,0,30,2018-06-12,2018-07-11
MC1,173647,0.5835683941841125,0,30,2019-09-20,2019-10-19
MC1,173748,0.7470719814300537,0,30,2019-10-10,2019-11-08
MC1,173778,0.6966592669487,0,30,2019-07-16,2019-09-13
MC1,173897,0.38643717765808105,0,27,2018-09-07,2018-10-03
MC1,173908,0.5265516638755798,0,30,2019-10-10,2019-11-08
MC1,173950,0.6715152263641357,0,30,2019-10-10,2019-11-08
MC1,173977,0.7064230442047119,0,30,2019-10-10,2019-11-08
MC1,174169,0.6805800795555115,0,30,2019-10-04,2019-11-02
MC1,174250,0.8492347002029419,0,30,2019-09-13,2019-10-12
MC1,174258,0.8492347002029419,0,30,2019-09-13,2019-10-12
MC1,174497,0.8924717307090759,0,30,2019-09-10,2019-10-09
MC1,174536,0.4610770046710968,0,30,2019-10-10,2019-11-08
MC1,174570,0.7446454167366028,0,30,2019-02-19,2019-11-08
MC1,174593,0.6443308591842651,0,30,2019-08-31,2019-09-29
MC1,174664,0.6168773174285889,0,30,2019-09-19,2019-10-18
MC1,174665,0.5923890471458435,0,30,2019-08-20,2019-10-18
MC1,174745,0.9359263777732849,1,30,2019-10-10,2019-11-08
MC1,174785,0.5600813031196594,0,30,2019-08-21,2019-10-19
MC1,174805,0.8381111025810242,0,30,2019-10-10,2019-11-08
MC1,174841,0.5610557198524475,0,30,2019-10-10,2019-11-08
MC1,174997,0.7631204724311829,0,30,2019-10-10,2019-11-08
MC1,175055,0.8562562465667725,0,30,2019-10-10,2019-11-08
MC1,175468,0.6044647097587585,0,30,2019-08-15,2019-09-13
MC1,175591,0.44738808274269104,0,30,2019-10-10,2019-11-08
MC1,175789,0.9051239490509033,0,30,2019-10-10,2019-11-08
MC1,176194,0.7470727562904358,1,30,2019-09-09,2019-10-08
MC1,176406,0.376073956489563,0,30,2019-03-28,2019-04-26
MC1,176450,0.5850323438644409,0,30,2019-10-10,2019-11-08
MC1,176635,0.39954444766044617,0,30,2019-09-21,2019-10-20
MC1,176717,0.5661138892173767,0,30,2019-09-17,2019-10-16
MC1,176740,0.8738036155700684,0,30,2019-09-17,2019-10-16
MC1,176823,0.9108848571777344,0,30,2019-08-19,2019-10-17
MC1,177031,0.7476798295974731,0,30,2019-10-10,2019-11-08
MC1,177042,0.8909425139427185,0,30,2019-09-12,2019-10-11
MC1,177432,0.7836360335350037,0,30,2019-09-20,2019-10-19
MC1,177674,0.5050451755523682,0,30,2019-09-10,2019-11-08
MC1,177965,0.5273607969284058,0,30,2019-10-10,2019-11-08
MC1,178030,0.8672377467155457,0,30,2019-10-10,2019-11-08
MC1,178142,0.48275133967399597,0,30,2019-10-10,2019-11-08
MC1,178150,0.4679635167121887,0,30,2019-10-10,2019-11-08
MC1,178361,0.48731672763824463,0,30,2019-10-10,2019-11-08
MC1,178384,0.6350047588348389,0,30,2019-09-09,2019-11-08
MC1,178394,0.4062627851963043,0,30,2019-09-09,2019-11-08
MC1,178480,0.6827166080474854,0,30,2019-10-10,2019-11-08
MC1,178482,0.873460054397583,0,30,2019-09-23,2019-10-22
MC1,178635,0.3641376793384552,0,30,2019-10-10,2019-11-08
MC1,178766,0.8471487164497375,0,30,2019-05-19,2019-07-17
MC1,178913,0.8628131747245789,0,30,2019-10-10,2019-11-08
MC1,179018,0.8953555822372437,0,30,2019-09-14,2019-10-13
MC1,179174,0.4340555667877197,0,30,2019-04-09,2019-06-12
MC1,179249,0.5768188834190369,0,30,2019-10-10,2019-11-08
MC1,179509,0.6340848803520203,0,30,2019-10-10,2019-11-08
MC1,179539,0.8329697847366333,0,30,2019-08-13,2019-11-08
MC1,179720,0.6615593433380127,0,30,2019-10-10,2019-11-08
MC1,179999,0.40820878744125366,0,30,2019-09-13,2019-10-12
MC1,180030,0.3733700215816498,0,30,2019-09-07,2019-11-08
MC1,180148,0.5673838257789612,0,30,2019-09-19,2019-10-18
MC1,180260,0.8820064663887024,0,30,2019-10-04,2019-11-02
MC1,180582,0.5430911779403687,0,30,2019-05-29,2019-11-08
MC1,180607,0.7569960951805115,0,30,2019-10-01,2019-10-30
MC1,180665,0.5070124864578247,1,30,2019-04-01,2019-06-04
MC1,180811,0.68024742603302,0,30,2019-10-10,2019-11-08
MC1,180833,0.8422422409057617,0,30,2019-09-28,2019-10-27
MC1,180915,0.7989767789840698,0,30,2019-09-22,2019-10-21
MC1,181539,0.6845798492431641,0,30,2019-09-19,2019-10-18
MC1,181571,0.7718738317489624,0,30,2019-09-10,2019-10-09
MC1,181584,0.6000839471817017,0,30,2019-08-18,2019-09-16
MC1,181729,0.8831073045730591,1,30,2019-10-10,2019-11-08
MC1,182577,0.7402356266975403,0,30,2019-10-02,2019-10-31
MC1,182639,0.7279900312423706,0,30,2019-08-31,2019-09-29
MC1,182718,0.7970975637435913,1,30,2019-10-03,2019-11-01
MC1,182723,0.8048180937767029,1,30,2019-10-10,2019-11-08
MC1,182878,0.8542612791061401,0,30,2019-09-08,2019-11-08
MC1,183209,0.44089850783348083,0,30,2019-09-24,2019-10-23
MC1,183225,0.7511802315711975,0,30,2019-09-28,2019-10-27
MC1,183676,0.5808645486831665,0,30,2019-10-08,2019-11-06
MC1,183685,0.4054253399372101,0,4,2019-06-12,2019-10-20
MC1,183776,0.6817564964294434,0,30,2019-07-25,2019-08-23
MC1,183933,0.7923949956893921,0,30,2019-09-16,2019-10-15
MC1,184010,0.9077193737030029,0,30,2019-10-10,2019-11-08
MC1,184051,0.6137293577194214,0,30,2019-09-08,2019-11-08
MC1,184115,0.5091065168380737,0,23,2019-09-26,2019-10-18
MC1,184119,0.8463086485862732,0,30,2019-06-10,2019-10-18
MC1,184316,0.48668885231018066,0,30,2019-08-18,2019-10-16
MC1,184442,0.8940759897232056,0,30,2019-09-10,2019-10-09
MC1,184625,0.42731913924217224,0,30,2019-04-12,2019-10-19
MC1,184703,0.868908166885376,1,30,2019-04-10,2019-05-09
MC1,184826,0.5610409379005432,0,30,2019-10-10,2019-11-08
MC1,184856,0.7034912705421448,0,30,2019-09-30,2019-10-29
MC1,184924,0.8150678873062134,0,30,2019-10-02,2019-10-31
MC1,184941,0.8491557240486145,0,30,2019-09-14,2019-10-13
MC1,184991,0.5974935293197632,0,30,2019-08-25,2019-11-08
MC1,185035,0.9059646129608154,0,30,2019-09-29,2019-10-28
MC1,185095,0.5888072848320007,0,30,2019-08-23,2019-09-21
MC1,185338,0.5720142722129822,0,30,2019-08-18,2019-10-16
MC1,185532,0.7686180472373962,0,30,2019-10-10,2019-11-08
MC1,185711,0.7926025986671448,0,30,2019-09-05,2019-11-08
MC1,185916,0.6619152426719666,0,30,2019-09-09,2019-11-08
MC1,186002,0.6614220142364502,0,30,2019-10-10,2019-11-08
MC1,186017,0.5409772992134094,0,30,2019-10-10,2019-11-08
MC1,186038,0.4064531922340393,0,30,2019-09-18,2019-10-17
MC1,186122,0.5445321202278137,0,30,2019-10-10,2019-11-08
MC1,186183,0.6602669358253479,0,30,2019-10-10,2019-11-08
MC1,186256,0.7897599935531616,0,30,2019-10-10,2019-11-08
MC1,186307,0.5770461559295654,0,30,2019-10-10,2019-11-08
MC1,186405,0.5848022103309631,0,30,2019-10-10,2019-11-08
MC1,186865,0.7680122256278992,0,30,2019-09-18,2019-10-17
MC1,186901,0.4840187430381775,0,30,2019-09-20,2019-10-19
MC1,187018,0.5990414619445801,0,30,2019-10-10,2019-11-08
MC1,187094,0.4338741898536682,0,30,2018-09-24,2018-10-23
MC1,187178,0.5851035714149475,0,30,2019-08-31,2019-09-29
MC1,187487,0.3801450729370117,0,30,2019-05-21,2019-08-01
MC1,187769,0.962878406047821,0,30,2019-10-10,2019-11-08
MC1,187917,0.9546997547149658,1,30,2019-04-14,2019-05-13
MC1,187961,0.6131718754768372,0,30,2019-10-02,2019-10-31
MC1,187979,0.4333438575267792,0,30,2019-08-20,2019-11-05
MC1,187985,0.8299046158790588,0,30,2019-09-18,2019-10-17
MC1,188077,0.8428615927696228,0,30,2019-08-23,2019-11-08
MC1,188331,0.7783169150352478,0,30,2019-09-22,2019-10-21
MC1,188534,0.5488762855529785,1,30,2019-05-02,2019-05-31
MC1,188562,0.6585413217544556,0,30,2019-10-10,2019-11-08
MC1,189154,0.6551721692085266,0,30,2019-10-10,2019-11-08
MC1,189273,0.45207706093788147,0,30,2019-10-10,2019-11-08
MC1,189295,0.5004423260688782,0,30,2019-08-24,2019-10-22
MC1,189319,0.7646437287330627,0,30,2019-10-10,2019-11-08
MC1,189362,0.8721999526023865,0,30,2019-09-18,2019-10-17
MC1,189456,0.6064866185188293,0,30,2019-09-17,2019-10-16
MC1,189529,0.9327653646469116,0,30,2019-09-10,2019-11-08
MC1,189553,0.898330569267273,0,30,2019-10-10,2019-11-08
MC1,189558,0.4404718279838562,0,30,2019-01-28,2019-02-26
MC1,189573,0.41116347908973694,0,30,2019-10-10,2019-11-08
MC1,189607,0.84101802110672,0,30,2019-10-10,2019-11-08
MC1,189771,0.8240435123443604,0,30,2019-09-13,2019-10-12
MC1,189822,0.7998294234275818,0,30,2019-08-23,2019-10-21
MC1,189841,0.6735114455223083,0,30,2019-09-10,2019-10-09
MC1,190006,0.8048462271690369,0,30,2019-10-10,2019-11-08
MC1,190353,0.8794147372245789,0,30,2019-09-17,2019-10-16
MC1,190487,0.8873396515846252,0,30,2019-09-28,2019-10-27
MC1,191157,0.7068952322006226,0,30,2019-09-09,2019-11-08
MC1,191184,0.7328408360481262,0,30,2019-10-10,2019-11-08
MC1,191232,0.7926217317581177,0,30,2019-10-10,2019-11-08
MC1,191368,0.3840178847312927,0,30,2019-10-10,2019-11-08
MC1,191412,0.7453476190567017,0,30,2019-09-20,2019-10-19
MC1,191577,0.8625906705856323,0,30,2019-08-22,2019-09-20
MC1,191586,0.5315224528312683,0,15,2018-06-06,2018-07-26
MC1,191611,0.631327748298645,0,30,2019-09-17,2019-10-16
MC1,191780,0.9773533344268799,0,30,2019-10-01,2019-10-30
MC1,191990,0.8433675169944763,0,30,2019-08-21,2019-09-19
MC1,192051,0.468435138463974,0,30,2019-08-20,2019-10-18
MC1,192184,0.5610328316688538,0,30,2019-10-10,2019-11-08
MC1,192271,0.4175972640514374,0,30,2019-10-10,2019-11-08
MC1,192310,0.37097251415252686,0,30,2018-08-05,2018-10-03
MC1,192352,0.6610390543937683,0,30,2019-09-26,2019-10-25
MC1,192353,0.4809606671333313,0,30,2019-09-26,2019-10-25
MC1,192382,0.7541898488998413,0,30,2019-10-10,2019-11-08
MC1,192392,0.706895112991333,0,30,2019-10-10,2019-11-08
MC1,192439,0.8432392477989197,0,30,2019-09-10,2019-11-08
MC1,192447,0.6308861970901489,0,30,2019-09-30,2019-10-29
MC1,192547,0.8790332078933716,0,30,2019-09-18,2019-10-17
MC1,192620,0.5535549521446228,0,30,2019-10-10,2019-11-08
MC1,192749,0.8118510246276855,0,30,2019-09-23,2019-10-22
MC1,192870,0.5331836342811584,0,15,2018-06-06,2018-07-26
MC1,192883,0.9315245747566223,0,30,2019-09-19,2019-10-18
MC1,193490,0.75313401222229,0,30,2019-10-10,2019-11-08
MC1,193492,0.8630159497261047,0,30,2019-10-10,2019-11-08
MC1,193703,0.38842374086380005,0,30,2019-08-18,2019-10-16
MC1,193810,0.8243010640144348,0,30,2019-09-03,2019-11-06
MC1,194004,0.7918174862861633,0,30,2019-08-30,2019-10-29
MC1,194037,0.6848411560058594,0,30,2019-08-31,2019-09-29
MC1,194235,0.48116376996040344,0,30,2019-04-16,2019-10-19
MC1,194252,0.7278897762298584,0,30,2019-07-26,2019-08-24
MC1,194513,0.7359798550605774,0,30,2019-09-13,2019-10-12
MC1,194600,0.525161862373352,0,30,2019-09-10,2019-11-08
MC1,194700,0.9063526391983032,0,30,2019-10-07,2019-11-05
MC1,194747,0.6258642077445984,0,30,2019-09-20,2019-10-19
MC1,194815,0.4030420780181885,0,30,2019-10-10,2019-11-08
MC1,194860,0.8872907161712646,0,30,2019-09-09,2019-11-08
MC1,195076,0.8765494227409363,0,30,2019-10-10,2019-11-08
MC1,195196,0.46595498919487,0,30,2019-09-22,2019-10-21
MC1,195268,0.40044161677360535,0,30,2019-09-18,2019-10-17
MC1,195425,0.9083864092826843,0,30,2019-10-10,2019-11-08
MC1,195577,0.5409772992134094,0,30,2019-10-10,2019-11-08
MC1,195606,0.6019709706306458,0,30,2019-09-10,2019-10-09
MC1,195820,0.7068949341773987,0,30,2019-09-23,2019-10-22
MC1,195933,0.8283603191375732,0,30,2019-10-10,2019-11-08
MC1,196035,0.916038990020752,0,30,2019-09-17,2019-10-16
MC1,196109,0.44852957129478455,0,30,2019-10-08,2019-11-06
MC1,196161,0.3859238028526306,0,30,2019-10-10,2019-11-08
MC1,196429,0.7249805927276611,0,30,2019-10-05,2019-11-03
MC1,196586,0.7541278004646301,0,30,2019-09-19,2019-10-18
MC1,196684,0.79375159740448,0,30,2019-10-10,2019-11-08
MC1,196893,0.5305445790290833,0,30,2019-10-10,2019-11-08
MC1,196955,0.9149937629699707,0,30,2019-08-03,2019-10-01
MC1,197165,0.6054223775863647,0,30,2019-07-28,2019-09-25
MC1,197248,0.644157350063324,0,30,2019-09-03,2019-10-02
MC1,197498,0.8070057034492493,0,30,2019-08-18,2019-09-16
MC1,197556,0.7709349989891052,0,30,2019-10-10,2019-11-08
MC1,197662,0.805644154548645,1,30,2019-10-10,2019-11-08
MC1,197677,0.7829802632331848,0,30,2019-09-17,2019-10-16
MC1,197820,0.784071683883667,0,30,2019-10-10,2019-11-08
MC1,197897,0.5028285384178162,0,30,2018-03-20,2018-04-18
MC1,198093,0.456588476896286,0,30,2019-09-09,2019-11-08
MC1,198116,0.9189795255661011,0,30,2019-08-29,2019-11-08
MC1,198225,0.5552746057510376,0,30,2019-10-10,2019-11-08
MC1,198365,0.8307783007621765,0,30,2019-10-08,2019-11-06
MC1,198409,0.494842529296875,0,30,2019-09-17,2019-10-16
MC1,198422,0.6692759394645691,0,30,2019-09-19,2019-10-18
MC1,198727,0.4810231029987335,0,30,2019-10-10,2019-11-08
MC1,198787,0.7358080744743347,0,30,2019-10-10,2019-11-08
MC1,199209,0.7939375638961792,0,30,2019-09-16,2019-10-15
MC1,199428,0.6988381743431091,0,30,2019-09-17,2019-10-16
MC1,199468,0.6043957471847534,0,30,2019-10-06,2019-11-04
MC1,199547,0.4221366345882416,0,30,2019-09-11,2019-10-10
MC1,199561,0.6676031351089478,0,30,2019-10-10,2019-11-08
MC1,199651,0.7218151688575745,0,30,2019-09-05,2019-11-04
MC1,199706,0.6149294376373291,0,30,2019-09-09,2019-11-08
MC1,199840,0.8321943283081055,0,30,2019-10-10,2019-11-08
MC1,199924,0.4698786437511444,0,30,2019-09-17,2019-10-16
MC1,200029,0.4551505744457245,0,30,2019-10-10,2019-11-08
MC1,200210,0.8131930232048035,0,30,2019-10-10,2019-11-08
MC2,106,0.39927029609680176,0,30,2019-09-22,2019-10-21
MC2,168,0.3723396360874176,0,30,2019-10-04,2019-11-02
MC2,249,0.5558721423149109,0,30,2019-10-10,2019-11-08
MC2,473,0.40071943402290344,0,30,2019-09-17,2019-10-16
MC2,655,0.3763423562049866,0,30,2019-10-10,2019-11-08
MC2,695,0.5126140713691711,0,30,2019-09-10,2019-11-08
MC2,1260,0.45983752608299255,0,30,2019-10-10,2019-11-08
MC2,1272,0.41965240240097046,0,30,2019-09-10,2019-11-08
MC2,1553,0.6572740077972412,0,30,2019-09-17,2019-10-16
MC2,2001,0.8650262951850891,0,30,2018-07-08,2018-10-03
MC2,2003,0.3603994846343994,0,30,2019-09-08,2019-10-07
MC2,2037,0.5045596361160278,0,30,2019-10-02,2019-10-31
MC2,2169,0.6848417520523071,0,30,2019-08-20,2019-10-18
MC2,2376,0.3555369973182678,0,30,2019-08-12,2019-11-08
MC2,2565,0.6107192039489746,0,30,2019-09-22,2019-10-21
MC2,2584,0.6619159579277039,0,30,2019-09-16,2019-10-15
MC2,2602,0.5484815835952759,0,30,2019-10-10,2019-11-08
MC2,2824,0.3695417046546936,0,30,2019-08-26,2019-09-24
MC2,2853,0.40538135170936584,0,30,2019-09-11,2019-10-10
MC2,2914,0.3759748637676239,0,30,2019-09-16,2019-10-15
MC2,3116,0.39517104625701904,0,30,2019-10-10,2019-11-08
MC2,3181,0.37724554538726807,0,30,2019-10-10,2019-11-08
MC2,3204,0.4104544520378113,0,30,2019-08-31,2019-11-08
MC2,3267,0.3519652187824249,0,30,2019-08-13,2019-09-11
MC2,3693,0.7069029211997986,0,30,2019-09-16,2019-10-15
MC2,3933,0.38042712211608887,0,30,2019-10-10,2019-11-08
MC2,3934,0.43857619166374207,0,30,2019-09-19,2019-10-18
MC2,4021,0.47990304231643677,0,30,2019-10-10,2019-11-08
MC2,4131,0.42106810212135315,0,30,2019-10-01,2019-10-30
MC2,4707,0.36352118849754333,0,30,2019-08-09,2019-10-07
MC2,4807,0.34084585309028625,0,30,2019-10-10,2019-11-08
MC2,4832,0.49237126111984253,0,30,2019-10-10,2019-11-08
MC2,4867,0.5362381935119629,0,30,2019-10-10,2019-11-08
MC2,5026,0.9118832349777222,1,30,2018-10-10,2018-11-08
MC2,5097,0.471652626991272,0,30,2019-10-10,2019-11-08
MC2,5144,0.3545636832714081,0,30,2019-10-02,2019-10-31
MC2,5446,0.42469871044158936,0,30,2019-10-10,2019-11-08
MC2,5597,0.3620329201221466,0,30,2019-06-05,2019-10-01
MC2,5669,0.89418625831604,0,30,2019-10-10,2019-11-08
MC2,5705,0.46163856983184814,0,30,2019-10-10,2019-11-08
MC2,5804,0.42087340354919434,0,30,2019-09-17,2019-10-16
MC2,6136,0.3435726463794708,0,30,2019-08-20,2019-09-18
MC2,6301,0.5452433824539185,0,30,2019-10-10,2019-11-08
MC2,6380,0.4025033712387085,0,30,2019-05-14,2019-06-12
MC2,6421,0.5165081024169922,0,30,2019-10-10,2019-11-08
MC2,6428,0.3657645583152771,0,30,2019-03-08,2019-04-06
MC2,6649,0.39624932408332825,0,30,2019-09-10,2019-11-08
MC2,6666,0.6466211080551147,0,30,2019-10-10,2019-11-08
MC2,6870,0.34057915210723877,0,30,2019-09-05,2019-10-04
MC2,6950,0.3806190490722656,0,30,2019-09-20,2019-10-19
MC2,6951,0.4875810146331787,0,30,2019-10-10,2019-11-08
MC2,7237,0.5604749321937561,0,30,2019-10-10,2019-11-08
MC2,7329,0.39601072669029236,0,30,2019-09-19,2019-10-18
MC2,7330,0.4213264584541321,0,30,2019-10-10,2019-11-08
MC2,7606,0.49722856283187866,0,30,2019-10-09,2019-11-07
MC2,7682,0.39567628502845764,0,30,2019-10-10,2019-11-08
MC2,7968,0.4018956124782562,0,30,2019-06-01,2019-10-18
MC2,7973,0.3812973201274872,0,30,2019-09-05,2019-11-03
MC2,7996,0.5362865924835205,0,30,2019-09-02,2019-11-08
MC2,8026,0.685825526714325,0,30,2019-10-10,2019-11-08
MC2,8085,0.5055863261222839,0,25,2018-12-18,2019-01-11
MC2,8287,0.4600957930088043,0,30,2019-10-10,2019-11-08
MC2,8784,0.6686631441116333,0,30,2019-08-30,2019-09-28
MC2,9057,0.5598387122154236,0,30,2019-08-21,2019-10-19
MC2,9100,0.37612372636795044,0,30,2019-08-07,2019-10-27
MC2,9260,0.38092711567878723,0,30,2019-10-10,2019-11-08
MC2,9269,0.44982656836509705,0,30,2019-09-20,2019-10-19
MC2,9401,0.40364089608192444,0,30,2019-10-10,2019-11-08
MC2,9542,0.5022619962692261,0,30,2019-10-04,2019-11-02
MC2,10074,0.43854930996894836,0,30,2019-10-10,2019-11-08
MC2,10296,0.36581072211265564,0,30,2019-09-19,2019-10-18
MC2,10368,0.4519082307815552,0,30,2019-07-31,2019-08-29
MC2,10384,0.5430309176445007,0,30,2019-10-10,2019-11-08
MC2,10490,0.39463043212890625,0,30,2019-09-21,2019-10-20
MC2,10516,0.4443196654319763,0,30,2019-08-22,2019-11-08
MC2,10903,0.7690358757972717,0,30,2019-08-13,2019-11-08
MC2,10923,0.3997076749801636,0,30,2019-09-17,2019-10-16
MC2,10955,0.48877882957458496,0,30,2019-02-12,2019-03-13
MC2,11042,0.6031316518783569,0,30,2019-10-10,2019-11-08
MC2,11431,0.40719079971313477,0,30,2019-10-10,2019-11-08
MC2,11599,0.552082359790802,0,30,2019-10-10,2019-11-08
MC2,11691,0.37221676111221313,0,30,2019-09-22,2019-10-21
MC2,11772,0.6451767086982727,0,30,2019-10-10,2019-11-08
MC2,11930,0.6619201302528381,0,30,2019-08-16,2019-10-14
MC2,12038,0.49875664710998535,0,30,2019-09-19,2019-10-18
MC2,12172,0.41524842381477356,0,30,2019-09-20,2019-10-19
MC2,12178,0.6019870042800903,0,30,2019-10-10,2019-11-08
MC2,12255,0.6347740888595581,0,30,2019-08-26,2019-09-24
MC2,12263,0.4695245325565338,1,30,2019-05-14,2019-06-12
MC2,12312,0.3579622507095337,0,30,2019-09-02,2019-10-01
MC2,12331,0.5406156778335571,0,30,2019-09-17,2019-10-16
MC2,12399,0.38882574439048767,0,30,2019-09-06,2019-10-05
MC2,12531,0.42464783787727356,0,30,2019-10-10,2019-11-08
MC2,12533,0.3832346200942993,0,30,2019-05-01,2019-05-30
MC2,12568,0.6912012696266174,0,30,2019-09-21,2019-10-20
MC2,12660,0.4480833113193512,0,30,2019-10-10,2019-11-08
MC2,12833,0.43840450048446655,0,30,2019-09-22,2019-10-21
MC2,13031,0.4091801643371582,0,30,2019-03-03,2019-08-17
MC2,13119,0.4612959623336792,0,30,2019-10-10,2019-11-08
MC2,13180,0.5851821303367615,0,30,2019-09-20,2019-10-19
MC2,13239,0.5832340717315674,0,30,2019-09-17,2019-10-16
MC2,13466,0.38764649629592896,0,30,2019-08-25,2019-10-24
MC2,13478,0.5902075171470642,0,30,2019-09-20,2019-10-19
MC2,13536,0.4133801758289337,0,30,2019-09-19,2019-10-18
MC2,13576,0.523725688457489,0,30,2019-08-27,2019-10-25
MC2,13878,0.4959135055541992,0,30,2019-09-20,2019-10-19
MC2,13895,0.3705000579357147,0,30,2019-09-07,2019-10-06
MC2,14080,0.5859778523445129,0,30,2019-09-16,2019-10-15
MC2,14501,0.46286240220069885,0,30,2019-10-10,2019-11-08
MC2,14724,0.5135673880577087,0,30,2019-10-10,2019-11-08
MC2,14803,0.4128738343715668,0,30,2019-09-19,2019-10-18
MC2,14812,0.5575363039970398,0,30,2019-09-18,2019-10-17
MC2,14863,0.440105676651001,0,30,2019-08-07,2019-10-16
MC2,14902,0.6472105979919434,0,30,2019-10-10,2019-11-08
MC2,15088,0.4194828271865845,1,30,2019-07-19,2019-08-17
MC2,15107,0.3926192820072174,0,30,2019-08-18,2019-09-16
MC2,15129,0.4217143654823303,1,30,2019-04-08,2019-06-12
MC2,15199,0.4029553234577179,0,30,2019-06-08,2019-10-26
MC2,15412,0.8824843764305115,0,30,2019-09-17,2019-10-16
MC2,15498,0.39399656653404236,0,30,2019-09-19,2019-10-18
MC2,15705,0.5263711214065552,0,30,2018-10-10,2018-11-08
MC2,15786,0.42739811539649963,0,30,2019-10-10,2019-11-08
MC2,15800,0.5461220145225525,0,30,2019-09-18,2019-10-17
MC2,15885,0.6349146962165833,0,30,2019-10-10,2019-11-08
MC2,16096,0.6381974816322327,0,30,2019-09-17,2019-10-16
MC2,16196,0.3717730641365051,0,30,2019-08-10,2019-11-02
MC2,16433,0.3943972885608673,0,30,2019-10-10,2019-11-08
MC2,16517,0.44495663046836853,0,30,2019-09-17,2019-10-16
MC2,16604,0.6222634315490723,0,30,2019-10-08,2019-11-06
MC2,16623,0.3807083070278168,0,30,2019-09-21,2019-10-20
MC2,16739,0.36536747217178345,0,30,2019-09-20,2019-10-19
MC2,16767,0.38070881366729736,0,30,2019-09-09,2019-11-08
MC2,16857,0.41126546263694763,0,30,2019-09-20,2019-10-19
MC2,17024,0.40632909536361694,0,30,2019-10-10,2019-11-08
MC2,17047,0.553642749786377,0,30,2019-10-02,2019-10-31
MC2,17058,0.5624885559082031,0,30,2019-09-10,2019-10-09
MC2,17306,0.3792649805545807,0,30,2019-09-11,2019-10-10
MC2,17445,0.3832830488681793,0,30,2019-10-10,2019-11-08
MC2,17549,0.37638333439826965,0,30,2019-10-10,2019-11-08
MC2,17788,0.6476352214813232,0,30,2019-10-04,2019-11-02
MC2,17864,0.4021654427051544,0,30,2019-10-04,2019-11-02
MC2,18444,0.5501229166984558,0,30,2019-09-22,2019-10-21
MC2,18466,0.44156238436698914,0,30,2019-09-17,2019-10-16
MC2,18478,0.4881010353565216,0,30,2019-09-22,2019-10-21
MC2,18517,0.6978590488433838,0,30,2019-09-09,2019-10-08
MC2,18938,0.40365704894065857,0,30,2019-09-17,2019-10-16
MC2,18947,0.4908747673034668,0,30,2019-10-10,2019-11-08
MC2,18971,0.47097164392471313,0,30,2019-09-10,2019-11-08
MC2,19195,0.4373144507408142,0,30,2019-10-10,2019-11-08
MC2,19373,0.416425883769989,0,30,2019-09-17,2019-10-16
MC2,19481,0.598222553730011,0,30,2019-10-10,2019-11-08
MC2,19563,0.3998890221118927,0,30,2019-03-30,2019-04-28
MC2,19613,0.759807825088501,0,30,2019-07-22,2019-10-18
MC2,19656,0.6829923391342163,0,30,2019-09-08,2019-10-07
MC2,19671,0.40979573130607605,0,30,2019-09-09,2019-11-08
MC2,19932,0.4510028660297394,0,30,2019-09-19,2019-10-18
MC2,19973,0.6205238699913025,0,30,2019-09-30,2019-10-29
MC2,19975,0.42515572905540466,0,30,2019-10-10,2019-11-08
MC2,20008,0.47580209374427795,0,30,2019-10-10,2019-11-08
MC2,20141,0.4829668700695038,1,1,2018-10-09,2018-10-09
MC2,20387,0.4615234136581421,0,30,2019-10-10,2019-11-08
MC2,20525,0.3880093991756439,0,30,2019-09-05,2019-10-04
MC2,20554,0.7279062867164612,0,30,2019-09-19,2019-10-18
MC2,20579,0.36983147263526917,1,30,2019-08-02,2019-08-31
MC2,20744,0.43013083934783936,0,30,2019-10-10,2019-11-08
MC2,20875,0.36356282234191895,0,30,2019-09-08,2019-10-07
MC2,20935,0.4591738283634186,0,30,2019-09-27,2019-10-26
MC2,20963,0.3885567784309387,0,30,2019-09-10,2019-10-09
MC2,21238,0.5652644038200378,0,30,2019-08-20,2019-10-22
MC2,21382,0.3669270873069763,0,30,2019-09-16,2019-10-15
MC2,21477,0.5000173449516296,0,30,2019-10-10,2019-11-08
MC2,21663,0.589520275592804,0,30,2019-09-10,2019-11-08
MC2,21930,0.5229616761207581,0,30,2019-09-17,2019-10-16
MC2,21941,0.37719666957855225,0,30,2019-04-09,2019-05-08
MC2,22065,0.8016422986984253,0,30,2019-09-16,2019-10-15
MC2,22159,0.3989703357219696,0,30,2019-10-10,2019-11-08
MC2,22492,0.38149186968803406,0,30,2019-05-04,2019-06-02
MC2,22499,0.5415025949478149,0,30,2019-10-10,2019-11-08
MC2,22506,0.4158570170402527,0,30,2019-10-10,2019-11-08
MC2,22563,0.393898069858551,1,30,2019-03-25,2019-05-23
MC2,22603,0.46723005175590515,0,7,2018-07-21,2018-07-27
MC2,22644,0.42329543828964233,0,30,2019-08-11,2019-10-09
MC2,22845,0.6072131991386414,0,30,2019-09-09,2019-11-08
MC2,23050,0.39883241057395935,0,30,2019-09-20,2019-10-19
MC2,23352,0.6354305148124695,0,30,2019-09-15,2019-10-14
MC2,23481,0.3983188569545746,0,30,2019-08-27,2019-11-07
MC2,23530,0.3709438145160675,0,30,2019-09-05,2019-10-04
MC2,23656,0.4144105613231659,0,30,2019-09-20,2019-10-19
MC2,23725,0.47685620188713074,0,30,2019-09-03,2019-11-08
