model,disk_id,drive_score,drive_label,n_final_windows,final_window_start,final_window_end
MA1,448,0.5383616705735524,0,30,2019-05-14,2019-06-12
MA1,527,0.539503663778305,0,30,2019-10-10,2019-11-08
MA1,747,0.5468375126520792,0,30,2019-10-10,2019-11-08
MA1,839,0.5799493153889974,0,30,2019-09-27,2019-10-26
MA1,960,0.5182823677857716,0,30,2019-10-10,2019-11-08
MA1,977,0.5484582324822743,0,30,2019-10-10,2019-11-08
MA1,2078,0.5696798121487653,0,27,2018-02-01,2018-02-27
MA1,2154,0.5305964767932891,0,30,2018-08-17,2018-11-08
MA1,2192,0.5378359178702037,0,30,2019-10-06,2019-11-04
MA1,2278,0.551322325070699,0,30,2019-10-10,2019-11-08
MA1,2412,0.5798599223295847,0,30,2019-10-10,2019-11-08
MA1,2564,0.5237461427847544,0,30,2019-10-10,2019-11-08
MA1,2859,0.5705628097057343,0,4,2018-02-01,2018-02-04
MA1,2869,0.5699096620082855,0,4,2018-02-01,2018-02-04
MA1,3341,0.5254847665627798,0,30,2019-08-19,2019-10-17
MA1,3449,0.5562114079793294,0,30,2019-02-07,2019-03-08
MA1,3583,0.5655765096346538,0,30,2018-08-11,2018-09-09
MA1,3729,0.5536440332730611,0,30,2019-10-10,2019-11-08
MA1,3798,0.5707773764928182,0,30,2018-09-02,2019-01-02
MA1,4374,0.5382986863454183,0,30,2019-09-22,2019-10-21
MA1,5048,0.547569195429484,0,30,2019-10-10,2019-11-08
MA1,5085,0.5696832299232483,0,30,2019-09-27,2019-10-26
MA1,5249,0.5498116830984752,0,30,2019-10-10,2019-11-08
MA1,5328,0.5739813228448232,0,30,2019-09-10,2019-11-08
MA1,5474,0.5727639238039652,0,30,2019-01-28,2019-02-26
MA1,5666,0.6002260088920593,0,30,2018-03-23,2018-11-08
MA1,6095,0.567375381787618,0,30,2018-08-04,2018-09-02
MA1,6099,0.5674980918566386,0,30,2018-08-04,2018-09-02
MA1,6177,0.5445015410582225,0,30,2019-09-10,2019-11-08
MA1,6199,0.5168965975443522,0,30,2019-09-16,2019-10-15
MA1,6465,0.5404725948969523,0,30,2019-08-21,2019-09-19
MA1,6553,0.5568799118200938,0,30,2018-03-28,2018-10-13
MA1,6691,0.5646468202273051,0,30,2018-09-20,2018-10-19
MA1,6714,0.5487628360589345,0,30,2019-10-10,2019-11-08
MA1,6741,0.5508825798829396,0,30,2019-10-10,2019-11-08
MA1,6790,0.5212506274382274,0,30,2019-09-17,2019-10-16
MA1,6794,0.5212196310361227,0,30,2019-09-17,2019-10-16
MA1,7191,0.5445898493131002,0,30,2019-10-10,2019-11-08
MA1,7399,0.5756086190541585,0,30,2018-07-12,2018-09-09
MA1,7529,0.5460620681444804,0,30,2019-06-06,2019-08-04
MA1,7652,0.5750659048557282,0,30,2018-07-13,2018-11-07
MA1,7657,0.5739129145940145,0,30,2018-07-13,2018-11-07
MA1,7788,0.5671120325724284,0,30,2019-10-10,2019-11-08
MA1,8496,0.5720851858456929,0,30,2019-10-10,2019-11-08
MA1,8586,0.5357172270615895,0,30,2019-09-10,2019-11-08
MA1,8635,0.5396277626355489,0,30,2019-10-10,2019-11-08
MA1,8867,0.5430276989936829,0,30,2019-10-10,2019-11-08
MA1,8878,0.5589615245660146,0,30,2019-10-10,2019-11-08
MA1,8956,0.5648922542730967,1,30,2018-08-30,2018-09-28
MA1,9186,0.6082725822925568,0,30,2018-12-12,2019-02-09
MA1,9559,0.5601045608520507,0,30,2018-03-25,2018-05-23
MA1,9584,0.5693875789642334,0,30,2018-11-04,2019-03-08
MA1,9836,0.5609373688697815,0,30,2019-06-08,2019-09-06
MA1,9841,0.5681188960870107,0,30,2018-08-11,2018-09-09
MA1,10021,0.5634072641531627,0,30,2018-03-21,2018-10-05
MA1,10091,0.581659601132075,0,30,2018-12-25,2019-01-23
MA1,10094,0.5712851524353028,0,30,2018-12-25,2019-01-23
MA1,10111,0.5538553992907206,0,30,2019-09-20,2019-10-19
MA1,10288,0.5456841945648193,0,30,2019-09-27,2019-10-26
MA1,10601,0.5643207053343455,0,30,2019-01-14,2019-02-12
MA1,10633,0.525019375483195,0,30,2019-10-10,2019-11-08
MA1,10662,0.5519470731417339,0,30,2019-09-10,2019-11-08
MA1,10890,0.2901340126991272,0,30,2018-06-12,2018-09-09
MA1,11096,0.5576436559359232,0,30,2018-10-10,2018-11-08
MA1,11218,0.5335917711257935,0,30,2019-09-10,2019-11-08
MA1,11226,0.5324964880943298,0,30,2019-09-10,2019-11-08
MA1,11227,0.5324993014335633,0,30,2019-09-10,2019-11-08
MA1,11276,0.5707791209220886,0,30,2018-08-08,2018-09-06
MA1,11348,0.5417243282000224,0,30,2019-05-14,2019-06-12
MA1,11505,0.5388619561990102,0,30,2019-05-14,2019-06-12
MA1,11561,0.5997912307580312,0,30,2018-08-11,2018-09-09
MA1,12240,0.5855311135450999,1,30,2018-12-18,2019-01-16
MA1,12576,0.5384057839711507,0,30,2019-09-27,2019-10-26
MA1,12831,0.5663565814495086,0,30,2018-08-17,2018-11-08
MA1,13503,0.5396936893463135,0,30,2018-08-11,2018-09-09
MA1,13822,0.5675171057383219,0,30,2019-03-25,2019-06-12
MA1,14013,0.5385286827882131,0,30,2019-01-17,2019-02-15
MA1,14546,0.5516989966233571,0,30,2019-09-24,2019-10-23
MA1,14850,0.5559324363867442,0,30,2019-08-22,2019-09-20
MA1,15010,0.5403316815694174,0,30,2019-09-27,2019-10-26
MA1,15025,0.5703852812449137,0,30,2018-07-12,2018-09-09
MA1,15061,0.5721533338228861,0,30,2019-10-10,2019-11-08
MA1,15242,0.5513824701309205,0,30,2019-10-10,2019-11-08
MA1,15402,0.5541379054387411,0,30,2019-03-04,2019-04-02
MA1,15609,0.5655228793621063,0,30,2018-08-11,2018-09-09
MA1,15716,0.559853329261144,0,30,2018-10-21,2018-12-22
MA1,15948,0.5634684185187022,0,30,2019-10-10,2019-11-08
MA1,15976,0.5234274605909983,0,30,2019-09-27,2019-10-26
MA1,16233,0.5758925239245097,0,30,2018-02-28,2018-04-28
MA1,16251,0.5876795530319214,0,30,2018-07-12,2018-09-09
MA1,16402,0.5595537682374319,0,30,2018-09-17,2018-10-16
MA1,16549,0.2721157282590866,0,30,2019-01-17,2019-02-15
MA1,16817,0.5623929798603058,0,30,2018-08-30,2019-03-08
MA1,16932,0.539440127213796,0,30,2018-08-17,2018-11-08
MA1,17344,0.5664619068304698,0,30,2018-08-11,2018-09-09
MA1,17482,0.5607326249281566,0,30,2019-04-14,2019-06-12
MA1,17728,0.5587449093659719,0,30,2019-01-02,2019-01-31
MA1,18000,0.5949981053670247,0,30,2019-10-10,2019-11-08
MA1,18069,0.29100843966007234,0,30,2019-09-03,2019-11-08
MA1,18117,0.5510641217231751,0,30,2019-03-14,2019-04-12
MA1,18458,0.5390399058659872,0,30,2019-10-10,2019-11-08
MA1,18493,0.5641645193099976,0,30,2018-07-23,2018-11-08
MA1,18648,0.5698207477728526,0,30,2018-03-20,2018-04-18
MA1,18769,0.5635439634323121,0,30,2019-01-21,2019-02-19
MA1,19406,0.5592214624087016,0,30,2018-07-12,2018-09-09
MA1,19423,0.5248351673285166,0,30,2019-09-27,2019-10-26
MA1,19481,0.5827047487099966,0,30,2019-05-14,2019-06-12
MA1,19551,0.5795178016026815,0,30,2018-06-15,2018-07-14
MA1,19697,0.5331300079822541,0,30,2019-09-27,2019-10-26
MA1,19780,0.6056099394957225,0,30,2019-10-04,2019-11-02
MA1,20003,0.5755377213160197,0,30,2018-09-09,2019-02-02
MA1,20162,0.5995929121971131,0,30,2018-07-12,2018-09-09
MA1,20221,0.538943330446879,0,30,2019-10-10,2019-11-08
MA1,20297,0.5235904633998871,0,30,2019-08-21,2019-09-19
MA1,20472,0.544879025220871,0,30,2018-08-07,2018-09-05
MA1,20514,0.5401993711789449,0,30,2019-09-19,2019-10-18
MA1,20828,0.571312427520752,0,30,2019-10-10,2019-11-08
MA1,21256,0.5356010993321737,0,30,2019-09-27,2019-10-26
MA1,21435,0.5510229786237081,0,30,2018-08-11,2018-09-09
MA1,21469,0.5591305096944174,0,30,2018-08-19,2018-12-13
MA1,21519,0.5369864344596863,0,30,2019-10-10,2019-11-08
MA1,22039,0.5651338537534077,0,30,2018-03-20,2018-04-18
MA1,22473,0.5817105968793234,0,30,2018-04-01,2018-09-18
MA1,22522,0.550231788555781,1,30,2019-01-21,2019-02-19
MA1,22523,0.5352649788061777,0,30,2019-09-27,2019-10-26
MA1,23063,0.564124321937561,0,30,2019-03-28,2019-04-26
MA1,23171,0.5619700610637665,0,30,2018-03-20,2018-04-18
MA1,23665,0.5368896842002868,0,30,2019-10-10,2019-11-08
MA1,23701,0.5431651949882508,0,30,2019-09-18,2019-10-17
MA1,23879,0.5410655995210012,0,30,2019-10-10,2019-11-08
MA1,24031,0.5728916451334953,0,16,2018-02-01,2018-02-16
MA1,24096,0.5323296169439952,0,30,2019-10-10,2019-11-08
MA1,24146,0.5337538401285807,0,30,2019-08-28,2019-10-26
MA1,24317,0.548459364970525,0,30,2019-09-10,2019-11-08
MA1,24466,0.5759108106295268,0,30,2018-03-20,2018-04-18
MA1,24529,0.5905254463354747,0,30,2019-08-29,2019-09-27
MA1,24560,0.5617107272148132,0,30,2018-04-11,2018-06-09
MA1,24629,0.5907100816567739,0,30,2018-08-11,2018-09-09
MA1,24789,0.5615641196568807,0,30,2018-07-12,2018-09-09
MA1,24905,0.5370314637819926,0,30,2019-10-10,2019-11-08
MA1,24911,0.5229813019434612,0,30,2019-09-27,2019-10-26
MA1,24941,0.5433541655540466,0,30,2019-09-27,2019-10-26
MA1,25023,0.5341007928053538,0,30,2019-09-06,2019-11-04
MA1,25420,0.5667131463686625,0,30,2018-07-13,2018-08-11
MA1,25743,0.56316277384758,0,30,2018-08-11,2018-09-09
MA1,25836,0.5626572847366333,0,30,2018-06-28,2018-07-27
MA1,26311,0.5543530344963074,1,30,2018-06-28,2018-07-27
MA1,26472,0.5411688288052877,0,30,2019-08-26,2019-09-24
MA1,26675,0.5425324618816376,0,30,2019-09-10,2019-11-08
MA1,27229,0.5374217569828034,0,30,2019-01-25,2019-02-23
MA1,27350,0.6046336829662323,0,30,2019-05-14,2019-06-12
MA1,27709,0.5816283384958904,0,30,2019-05-14,2019-06-12
MA1,27907,0.5398024777571361,0,30,2019-07-28,2019-08-26
MA1,27954,0.5477602660655976,0,30,2019-10-10,2019-11-08
MA1,28335,0.5428399026393891,0,30,2019-09-27,2019-10-26
MA1,28425,0.5555985848108927,0,30,2019-10-10,2019-11-08
MA1,28458,0.5761910080909729,0,30,2019-09-27,2019-10-26
MA1,28564,0.5386321564515432,0,30,2019-04-02,2019-06-12
MA1,28588,0.5326672732830048,0,30,2019-10-10,2019-11-08
MA1,28595,0.5779759486516317,0,30,2018-03-09,2018-04-07
MA1,28837,0.5793698052565257,0,30,2019-09-18,2019-10-17
MA1,28873,0.5490662932395936,0,30,2019-09-21,2019-10-20
MA1,29029,0.5635721564292908,0,30,2019-01-28,2019-02-26
MA1,29444,0.5683216234048207,0,30,2018-06-28,2018-09-09
MA1,29721,0.5560301125049592,0,30,2019-02-06,2019-04-06
MA1,29847,0.5280425210793813,0,30,2019-01-13,2019-02-11
MA1,29875,0.5469076911608378,0,30,2019-10-04,2019-11-02
MA1,30006,0.537283311287562,0,30,2019-10-10,2019-11-08
MA1,30748,0.5705836037794749,0,30,2019-10-10,2019-11-08
MA1,30813,0.553745041290919,0,30,2019-10-10,2019-11-08
MA1,30863,0.5381524721781413,0,30,2019-10-10,2019-11-08
MA1,30962,0.5743060568968456,0,30,2018-07-01,2018-11-08
MA1,31228,0.5322949647903442,0,30,2019-10-10,2019-11-08
MA1,31297,0.5333277463912964,0,30,2019-03-14,2019-04-12
MA1,31419,0.5565914829572042,0,30,2019-06-06,2019-08-04
MA1,31523,0.2938743402560552,0,30,2019-01-21,2019-02-19
MA1,31712,0.5613383750120798,0,30,2019-05-14,2019-06-12
MA1,31771,0.5400820692380269,0,30,2019-10-10,2019-11-08
MA1,31776,0.5420851687590281,0,30,2019-03-14,2019-04-12
MA1,31999,0.5454180777072907,0,30,2019-10-10,2019-11-08
MA1,32135,0.5660189489523569,0,30,2018-08-11,2018-09-09
MA1,32224,0.552410876750946,0,30,2018-12-27,2019-01-25
MA1,32239,0.5568375289440155,0,30,2019-10-10,2019-11-08
MA1,32265,0.535709406932195,0,30,2019-02-07,2019-03-08
MA1,32480,0.5693395992120107,1,30,2018-07-12,2018-08-10
MA1,32661,0.5693609793980916,0,30,2019-10-10,2019-11-08
MA1,32764,0.5647767166296641,0,30,2019-02-07,2019-03-08
MA1,32999,0.565155690908432,1,30,2018-06-28,2018-07-27
MA1,33000,0.5509985367457072,0,30,2019-03-14,2019-04-12
MA1,33047,0.5533950964609782,0,30,2019-04-14,2019-06-12
MA1,33146,0.5679113944371541,0,30,2019-01-14,2019-02-12
MA1,33186,0.563350909948349,0,30,2018-09-21,2018-12-22
MA1,33280,0.5541458904743195,0,30,2019-03-04,2019-04-02
MA1,33332,0.5630670229593913,0,30,2019-09-10,2019-11-08
MA1,33681,0.5447099188963572,0,30,2019-03-14,2019-04-12
MA1,33735,0.562297523021698,0,30,2018-07-01,2018-09-09
MA1,33990,0.5332334518432618,0,30,2019-09-05,2019-10-04
MA1,34127,0.5699415485064189,0,30,2018-08-11,2018-09-09
MA1,34297,0.5748472889264424,0,30,2018-07-02,2018-09-09
MA1,34303,0.5657789985338847,0,30,2018-07-10,2018-09-09
MA1,34463,0.5265563428401947,0,30,2019-10-10,2019-11-08
MA1,34826,0.5362895687421163,0,30,2019-09-27,2019-10-26
MA1,35122,0.5263125717639923,0,30,2019-09-05,2019-11-03
MA1,35391,0.5463806827863057,0,30,2018-10-06,2018-11-04
MA1,35723,0.5754490236441294,0,30,2018-07-12,2018-09-09
MA1,35748,0.5369625627994538,0,30,2019-02-07,2019-03-08
MA1,35918,0.5649562875429789,0,30,2018-04-17,2018-11-03
MA1,35988,0.5375978847344717,0,30,2019-10-10,2019-11-08
MA1,36312,0.5394864082336426,0,30,2019-09-27,2019-10-26
MA1,37052,0.5365998725096385,0,30,2019-01-17,2019-02-15
MA1,37349,0.5633933166662852,0,30,2018-10-08,2018-11-06
MA1,37713,0.5574084202448527,0,30,2019-10-10,2019-11-08
MA1,37928,0.5402564585208893,0,30,2019-09-27,2019-10-26
MA1,37932,0.5402689973513285,0,30,2019-09-27,2019-10-26
MA1,38397,0.5634087363878886,0,30,2018-07-28,2018-08-26
MA1,38463,0.5604041417439779,0,30,2019-05-31,2019-07-29
MA1,38464,0.5603288610776266,0,30,2019-05-31,2019-07-29
MA1,38704,0.5663602511088054,0,30,2018-08-17,2018-11-08
MA1,39096,0.5780928889910381,0,30,2019-05-14,2019-06-12
MA1,40052,0.5496494889259338,0,30,2019-10-06,2019-11-04
MA1,41003,0.5902060031890869,0,30,2018-08-28,2018-12-22
MA1,41051,0.5312347034613292,0,30,2019-01-13,2019-02-11
MA1,41100,0.5451794644196828,0,30,2018-08-11,2018-09-09
MA1,41167,0.5756077468395233,1,30,2018-09-17,2018-12-20
MA1,41388,0.5588681519031524,0,30,2018-10-10,2018-11-08
MA1,41855,0.5484448194503784,0,30,2018-04-13,2018-10-30
MA1,41878,0.540144286553065,0,30,2019-02-12,2019-04-12
MA1,41925,0.5647613207499186,0,30,2018-07-16,2018-08-14
MA1,41942,0.5395916064580282,0,30,2019-10-06,2019-11-04
MA1,41969,0.561259404818217,0,30,2018-03-29,2018-05-27
MA1,42274,0.5674995144208272,0,30,2018-07-12,2018-09-09
MA1,42290,0.568292248249054,0,30,2019-02-08,2019-03-09
MA1,42386,0.5676107247670491,0,30,2019-10-10,2019-11-08
MA1,42574,0.5608196258544922,0,12,2018-02-01,2018-03-14
MA1,42724,0.5749531944592794,0,30,2018-12-25,2019-01-23
MA1,43119,0.5627542078495026,0,30,2018-03-29,2018-05-27
MA2,151,0.25787569880485534,0,30,2019-09-27,2019-10-26
MA2,510,0.23259029885133106,0,30,2019-04-13,2019-05-12
MA2,694,0.21358012408018112,0,30,2019-10-10,2019-11-08
MA2,748,0.26939844886461894,0,30,2019-08-27,2019-09-25
MA2,997,0.2295426850517591,0,30,2019-10-10,2019-11-08
MA2,1126,0.17362862726052603,0,30,2019-03-28,2019-04-26
MA2,1224,0.2658266087373098,0,30,2019-10-10,2019-11-08
MA2,1276,0.20696165263652802,0,30,2019-02-08,2019-04-08
MA2,1571,0.2408019244670868,0,30,2019-08-22,2019-10-26
MA2,1628,0.25366344054539997,0,30,2019-04-04,2019-05-03
MA2,1681,0.23831329842408497,0,30,2018-06-12,2018-09-09
MA2,1837,0.24004786908626558,0,30,2019-01-19,2019-02-17
MA2,1922,0.2696660856405894,0,30,2019-10-10,2019-11-08
MA2,1950,0.32528334359327954,0,30,2019-09-27,2019-10-26
MA2,1966,0.2437204698721568,0,30,2019-03-18,2019-04-16
MA2,2071,0.20378402769565582,0,30,2019-10-10,2019-11-08
MA2,2094,0.5332210540771485,0,30,2018-08-11,2018-09-09
MA2,2140,0.36076136529445646,0,30,2019-05-06,2019-06-04
MA2,2158,0.24634401500225067,0,30,2019-10-10,2019-11-08
MA2,2277,0.27096671660741173,0,30,2019-08-29,2019-09-27
MA2,2371,0.3114082902669907,0,30,2018-03-08,2018-04-06
MA2,2462,0.2205357347925504,0,30,2018-07-23,2018-12-16
MA2,2582,0.20584959288438162,0,30,2019-09-27,2019-10-26
MA2,2749,0.23210611591736477,0,30,2019-10-10,2019-11-08
MA2,2991,0.20060119032859802,0,30,2019-01-24,2019-03-24
MA2,3115,0.25775717198848724,0,30,2019-09-12,2019-10-11
MA2,3187,0.24803876429796218,0,30,2019-08-29,2019-09-27
MA2,3306,0.19244319349527358,0,30,2019-09-03,2019-11-08
MA2,3368,0.23455250908931097,0,30,2019-02-12,2019-04-12
MA2,3374,0.20719309747219086,0,30,2019-02-15,2019-03-16
MA2,3569,0.1982268532117208,0,30,2019-10-10,2019-11-08
MA2,3684,0.19844740480184556,0,30,2019-09-06,2019-10-05
MA2,3707,0.26885291635990144,0,30,2019-09-12,2019-10-11
MA2,3894,0.3621274252732595,0,30,2019-09-27,2019-10-26
MA2,4139,0.2132221316297849,0,30,2019-09-17,2019-10-16
MA2,4488,0.18808431575695675,0,30,2019-10-10,2019-11-08
MA2,4559,0.23821767965952556,0,30,2019-10-10,2019-11-08
MA2,4629,0.28656110564867654,0,30,2018-07-12,2018-09-09
MA2,4698,0.2864879677693049,0,30,2019-08-28,2019-09-26
MA2,4747,0.24155360261599224,0,30,2019-09-19,2019-10-18
MA2,4963,0.23052217264970143,0,30,2019-10-07,2019-11-05
MA2,5011,0.2191422089934349,0,30,2019-10-10,2019-11-08
MA2,5174,0.22556559046109517,0,30,2018-08-23,2018-12-22
MA2,5238,0.2390808473030726,0,30,2019-10-10,2019-11-08
MA2,5290,0.252496200799942,0,30,2019-09-27,2019-10-26
MA2,5298,0.2435077061255773,0,30,2019-09-27,2019-10-26
MA2,5345,0.21040215343236923,0,30,2019-09-27,2019-10-26
MA2,5576,0.2868626872698466,0,30,2019-10-10,2019-11-08
MA2,5730,0.2537309308846792,0,30,2019-06-08,2019-08-06
MA2,5951,0.2641370683908463,0,30,2018-12-16,2019-01-14
MA2,6052,0.2009176070491473,0,30,2018-12-27,2019-01-25
MA2,6092,0.20997414539257686,0,30,2019-10-10,2019-11-08
MA2,6095,0.21649963359038035,0,30,2018-12-27,2019-01-25
MA2,6138,0.23282060424486797,0,30,2019-09-26,2019-10-25
MA2,6180,0.30550207396348317,0,30,2018-08-11,2018-09-09
MA2,6323,0.21413149933020273,0,30,2019-01-13,2019-02-11
MA2,6409,0.2345747709274292,0,30,2019-10-10,2019-11-08
MA2,6445,0.27082721292972567,0,30,2019-08-30,2019-10-28
MA2,6587,0.24572931577761967,0,30,2018-08-21,2018-12-22
MA2,6647,0.27812163531780243,0,30,2018-10-10,2018-11-08
MA2,6655,0.19252444207668304,1,30,2019-01-26,2019-02-24
MA2,6679,0.278851850827535,0,30,2019-09-28,2019-10-27
MA2,6734,0.17445088674624762,0,30,2019-10-02,2019-10-31
MA2,7247,0.20559182266394296,0,30,2019-10-10,2019-11-08
MA2,7448,0.23157326529423397,0,30,2019-01-13,2019-02-11
MA2,7604,0.25332197546958923,0,30,2019-10-10,2019-11-08
MA2,7605,0.26257124344507854,0,30,2019-10-10,2019-11-08
MA2,7644,0.1988706961274147,0,30,2019-01-24,2019-03-24
MA2,7645,0.20229271252950032,0,30,2019-01-24,2019-03-24
MA2,7781,0.261292243997256,0,30,2018-06-30,2018-11-08
MA2,8159,0.19889934808015824,0,30,2019-01-17,2019-03-23
MA2,8306,0.19797347138325375,0,30,2019-10-10,2019-11-08
MA2,8397,0.18346979369719824,0,30,2019-09-10,2019-11-08
MA2,8515,0.22639801849921545,0,30,2018-09-05,2018-12-30
MA2,8562,0.2794188936551412,0,30,2019-04-16,2019-05-15
MA2,8701,0.2437268778681755,0,30,2019-09-05,2019-11-03
MA2,8721,0.28381675680478413,0,30,2018-04-11,2018-09-09
MA2,8725,0.20512705594301223,0,30,2019-10-10,2019-11-08
MA2,8794,0.25372632245222726,0,30,2019-09-13,2019-10-12
MA2,8847,0.20208715448776882,0,30,2019-04-11,2019-06-12
MA2,9146,0.23160629868507385,0,30,2019-10-10,2019-11-08
MA2,9383,0.21934004773696264,0,30,2019-08-21,2019-09-19
MA2,9482,0.19402311940987904,0,30,2018-08-28,2018-12-31
MA2,9593,0.1955958565076192,0,30,2019-05-17,2019-07-15
MA2,9719,0.2795700579881668,0,30,2019-07-25,2019-10-26
MA2,9937,0.22738139231999716,0,30,2018-06-28,2018-07-27
MA2,10163,0.27425434490044914,0,30,2019-09-27,2019-10-26
MA2,10234,0.23035664707422257,0,30,2019-10-10,2019-11-08
MA2,10251,0.2903740257024765,0,30,2018-07-11,2018-09-09
MA2,10351,0.25822542011737826,0,30,2018-09-02,2018-10-01
MA2,10384,0.22761552184820175,0,30,2019-10-07,2019-11-05
MA2,10421,0.24638325522343318,0,30,2019-10-10,2019-11-08
MA2,10431,0.2066923350095749,0,30,2019-09-17,2019-10-16
MA2,10456,0.272144607702891,0,30,2019-10-10,2019-11-08
MA2,10800,0.1990897501508395,0,30,2019-10-10,2019-11-08
MA2,10896,0.2287264178196589,0,30,2019-02-01,2019-03-02
MA2,10933,0.194008007645607,0,30,2019-10-10,2019-11-08
MA2,10936,0.19758692383766174,0,30,2019-05-30,2019-07-28
MA2,10941,0.21978075007597606,0,30,2019-09-13,2019-10-12
MA2,10948,0.21938087691863378,0,30,2019-09-13,2019-10-12
MA2,11079,0.19516128798325857,0,30,2019-09-10,2019-11-08
MA2,11473,0.19237121790647507,0,30,2019-10-10,2019-11-08
MA2,11475,0.18458917041619619,0,30,2019-10-10,2019-11-08
MA2,11476,0.18457206388314565,0,30,2019-10-10,2019-11-08
MA2,11503,0.3269766330718994,0,30,2019-10-10,2019-11-08
MA2,11653,0.26654628415902454,0,30,2019-09-28,2019-10-27
MA2,11686,0.36350213587284086,0,30,2019-01-29,2019-02-27
MA2,11745,0.23211142818133038,0,30,2019-09-27,2019-10-26
MA2,11840,0.1844597508509954,0,30,2019-10-10,2019-11-08
MA2,11957,0.18903118818998338,0,30,2019-10-02,2019-10-31
MA2,12002,0.2422594780723254,0,30,2019-10-10,2019-11-08
MA2,12044,0.4380936274925868,0,30,2018-07-21,2018-09-18
MA2,12109,0.18438513179620106,0,30,2019-10-10,2019-11-08
MA2,12219,0.19365213314692178,0,30,2019-03-19,2019-04-17
MA2,12243,0.24450087745984395,0,30,2019-09-27,2019-10-26
MA2,12365,0.23425525377194087,0,30,2019-09-27,2019-10-26
MA2,12587,0.21968148201704024,0,30,2019-04-03,2019-05-02
MA2,12817,0.2907736947139104,0,30,2019-09-27,2019-10-26
MA2,13056,0.29252882599830626,0,30,2018-03-23,2018-05-21
MA2,13085,0.19640237192312876,0,30,2019-10-10,2019-11-08
MA2,13167,0.21282581289609273,0,30,2019-10-10,2019-11-08
MA2,13217,0.4785986313453087,1,13,2018-02-01,2018-02-13
MA2,13382,0.23679753243923188,0,30,2019-03-15,2019-04-13
MA2,13447,0.3425607721010844,0,30,2019-10-10,2019-11-08
MA2,13800,0.24717668096224468,0,30,2019-10-10,2019-11-08
MA2,13836,0.20764155089855194,0,30,2019-10-10,2019-11-08
MA2,13967,0.2668041944503784,0,30,2019-09-27,2019-10-26
MA2,13998,0.2651390294233958,0,30,2019-08-28,2019-09-26
MA2,14310,0.1948452487587929,0,30,2019-10-10,2019-11-08
MA2,14419,0.24905714442332585,0,30,2018-12-30,2019-01-28
MA2,14897,0.33702156444390613,0,30,2019-09-20,2019-10-19
MA2,15342,0.21607097884019216,0,30,2019-10-10,2019-11-08
MA2,15764,0.24056775520245235,0,30,2019-09-27,2019-10-26
MA2,15810,0.24654841820398968,0,30,2019-10-10,2019-11-08
MA2,15936,0.18026128262281418,0,30,2019-10-10,2019-11-08
MA2,16034,0.176546440521876,0,30,2019-09-10,2019-11-08
MA2,16330,0.21025988062222797,0,30,2019-05-17,2019-07-15
MA2,16426,0.28470411400000256,0,30,2019-10-10,2019-11-08
MA2,16784,0.16382115632295607,0,30,2019-10-10,2019-11-08
MA2,16852,0.2254067579905192,0,30,2019-09-27,2019-10-26
MA2,17018,0.2341236099600792,0,30,2019-10-10,2019-11-08
MA2,17086,0.25876166522502897,0,30,2018-07-28,2018-08-26
MA2,17122,0.34431947271029156,0,30,2019-03-09,2019-04-07
MA2,17126,0.35048314929008484,0,30,2019-03-09,2019-04-07
MA2,17343,0.20578765670458476,0,30,2019-10-10,2019-11-08
MA2,17422,0.19580825517574946,0,30,2019-03-05,2019-04-03
MA2,17438,0.2759034335613251,0,30,2019-03-17,2019-04-15
MA2,17515,0.174807308614254,0,30,2019-10-10,2019-11-08
MA2,17526,0.27846636772155764,0,30,2019-08-28,2019-10-26
MA2,17739,0.18944088170925777,0,30,2019-09-10,2019-11-08
MA2,17834,0.3927699575821559,0,30,2018-09-10,2018-10-09
MA2,18111,0.2913390060265859,0,30,2019-10-10,2019-11-08
MA2,18304,0.2517691741387049,0,30,2019-09-27,2019-10-26
MA2,18670,0.31277874708175657,0,30,2019-09-19,2019-10-18
MA2,18982,0.1778748219211896,0,30,2019-10-10,2019-11-08
MA2,19256,0.33028590083122256,0,30,2019-03-06,2019-05-04
MA2,19295,0.27165347238381704,0,30,2019-09-27,2019-10-26
MA2,19366,0.2567123740911484,0,30,2019-09-27,2019-10-26
MA2,19627,0.20140230109294255,0,30,2019-03-09,2019-04-07
MA2,19692,0.19394005884726842,0,30,2019-08-12,2019-10-26
MA2,19700,0.22376987487077712,0,30,2019-10-10,2019-11-08
MA2,19945,0.32733268837134044,0,30,2018-09-06,2018-10-05
MA2,20081,0.21843844453493755,0,30,2019-05-23,2019-07-21
MA2,20124,0.2197552631298701,0,30,2019-10-10,2019-11-08
MA2,20164,0.22790230760971705,0,30,2019-10-10,2019-11-08
MA2,20203,0.32207652827103933,0,30,2019-02-12,2019-03-13
MA2,20535,0.23525848239660263,0,30,2019-10-10,2019-11-08
MA2,21117,0.22623183379570644,0,30,2019-04-02,2019-05-01
MA2,21336,0.24397479792435964,0,30,2019-08-10,2019-09-08
MA2,21401,0.24187365521987278,0,30,2019-10-10,2019-11-08
MA2,21714,0.2527750372886658,0,30,2018-12-30,2019-01-28
MA2,21725,0.26234212319056194,0,30,2018-10-10,2018-11-08
MA2,21981,0.2203830972313881,0,30,2019-09-05,2019-11-03
MA2,22163,0.27957978248596194,0,30,2019-10-10,2019-11-08
MA2,22213,0.29186648229757944,0,30,2019-10-10,2019-11-08
MA2,22223,0.26506177385648094,0,30,2019-09-27,2019-10-26
MA2,22355,0.24148143331209818,0,30,2019-10-10,2019-11-08
MA2,22418,0.2191498299439748,0,30,2019-10-10,2019-11-08
MA2,22467,0.2029743845264117,0,30,2019-10-10,2019-11-08
MA2,22605,0.20561672101418177,0,30,2019-09-15,2019-10-14
MA2,22743,0.40751107931137087,0,30,2018-12-31,2019-01-29
MA2,22776,0.20545065701007842,0,30,2019-09-05,2019-10-04
MA2,22852,0.22714331497748694,0,30,2019-04-02,2019-05-01
MA2,22950,0.31627110739549,0,30,2019-05-14,2019-06-12
MA2,22998,0.22867272347211837,0,30,2019-03-05,2019-04-03
MA2,23040,0.27176958123842876,0,30,2019-05-14,2019-06-12
MA2,23062,0.21425046324729918,0,30,2019-04-09,2019-06-12
MA2,23116,0.255275962750117,0,30,2018-07-12,2018-08-10
MA2,23167,0.27285927136739097,0,30,2019-04-25,2019-07-13
MA2,23219,0.21171325147151948,0,30,2019-10-10,2019-11-08
MA2,23258,0.24294116993745168,0,30,2019-09-10,2019-11-08
MA2,23508,0.21629885137081145,0,30,2019-10-04,2019-11-02
MA2,23560,0.20353540629148484,0,30,2018-12-31,2019-01-29
MA2,23565,0.2645302216211955,0,30,2019-10-10,2019-11-08
MA2,23592,0.26127834916114806,0,30,2018-07-04,2018-11-08
MA2,23618,0.24008064866065978,0,30,2018-03-20,2018-04-18
MA2,23782,0.23492830097675324,0,30,2019-10-10,2019-11-08
MA2,24100,0.18778576850891113,0,30,2019-10-01,2019-10-30
MA2,24191,0.19178415685892106,0,30,2019-10-10,2019-11-08
MA2,24559,0.18200572431087494,0,30,2019-09-27,2019-10-26
MA2,24675,0.3522737139747256,0,21,2018-02-01,2018-09-09
MA2,24734,0.23725070357322692,0,30,2019-10-10,2019-11-08
MA2,24790,0.2565988689661026,0,30,2019-10-10,2019-11-08
MA2,24812,0.21634833365678788,0,30,2019-10-10,2019-11-08
MA2,24883,0.2703272591034571,0,30,2019-10-10,2019-11-08
MA2,24955,0.21343808422485988,0,30,2019-09-18,2019-10-17
MA2,25060,0.22090967744588852,0,30,2018-08-11,2018-09-09
MA2,25068,0.23767482886711758,0,30,2019-10-10,2019-11-08
MA2,25090,0.23618044952551523,0,30,2019-10-10,2019-11-08
MA2,25173,0.30152865250905353,0,30,2019-09-10,2019-11-08
MA2,25196,0.2544761349757512,0,30,2019-09-19,2019-10-18
MA2,25404,0.3060737391312917,0,30,2018-06-28,2018-07-27
MA2,25672,0.21667466213305792,0,30,2019-09-27,2019-10-26
MA2,25737,0.20492442498604457,0,30,2019-10-10,2019-11-08
MA2,25781,0.17958734631538392,0,30,2019-09-27,2019-10-26
MA2,25850,0.23667693336804707,0,30,2019-03-16,2019-04-14
MA2,25908,0.21428599556287128,0,30,2019-04-03,2019-05-02
MA2,25946,0.26211444238821663,0,30,2019-07-18,2019-10-15
MA2,26077,0.21232998470465342,0,30,2019-10-03,2019-11-01
MA2,26380,0.28810499608516693,0,30,2019-10-10,2019-11-08
MA2,26634,0.2363618219892184,0,30,2019-09-27,2019-10-26
MA2,26637,0.23587791721026102,0,30,2019-09-27,2019-10-26
MA2,26675,0.2142599791288376,0,30,2019-09-10,2019-11-08
MA2,26681,0.21852424691120784,0,30,2019-09-10,2019-11-08
MA2,26734,0.20079463024934133,0,30,2018-12-29,2019-01-27
MA2,26769,0.2682042747735977,0,30,2018-10-10,2018-11-08
MA2,26848,0.2759277711311976,0,30,2018-04-06,2018-06-04
MA2,26865,0.2577264775832494,0,30,2019-10-10,2019-11-08
MA2,26908,0.21841017951567968,0,30,2019-08-13,2019-09-11
MA2,26911,0.23004241834084194,0,30,2019-03-18,2019-07-15
MA2,26977,0.21750407318274181,0,30,2019-10-10,2019-11-08
MA2,27255,0.2425311694542567,0,30,2019-10-10,2019-11-08
MA2,27267,0.2080957144498825,0,30,2019-10-10,2019-11-08
MA2,27365,0.24210901260375978,0,30,2018-07-13,2018-11-08
MA2,27689,0.24383862614631652,0,30,2019-09-25,2019-10-24
MA2,27708,0.2422762264808019,0,30,2019-04-04,2019-05-03
MA2,27718,0.2332608660062154,0,30,2018-12-29,2019-01-27
MA2,27806,0.23965880076090496,0,30,2019-09-27,2019-10-26
MA2,27989,0.207155042886734,0,30,2019-10-10,2019-11-08
MA2,28229,0.2458489124973615,0,30,2018-10-06,2018-11-04
MA2,28292,0.2058171326915423,0,30,2019-10-10,2019-11-08
MA2,28341,0.207072809835275,0,30,2019-10-10,2019-11-08
MA2,28356,0.20324888825416565,0,30,2018-09-01,2019-01-02
MA2,28492,0.2742793202400208,0,30,2019-10-10,2019-11-08
MA2,28581,0.25721959869066874,0,30,2019-04-04,2019-05-03
MA2,28582,0.2572136253118515,0,30,2019-04-04,2019-05-03
MA2,28626,0.1922550489505132,0,30,2019-03-28,2019-05-26
MA2,28671,0.24250124841928483,0,30,2019-10-10,2019-11-08
MA2,28776,0.23491050402323405,0,30,2019-10-10,2019-11-08
MA2,29104,0.22369509538014729,0,30,2019-09-27,2019-10-26
MA2,29305,0.22466257065534592,0,30,2019-09-27,2019-10-26
MA2,29574,0.2019054924448331,0,30,2019-08-28,2019-10-26
MA2,29761,0.4375039348999659,0,30,2019-10-10,2019-11-08
MA2,29891,0.4755529880523682,0,30,2019-05-18,2019-07-16
MA2,30073,0.31022524734338125,0,30,2019-08-28,2019-10-26
MA2,30229,0.21171493927637736,0,30,2019-10-10,2019-11-08
MA2,30540,0.2345992997288704,0,30,2018-09-29,2018-10-28
MA2,30576,0.2494772101442019,0,30,2019-09-27,2019-10-26
MA2,30980,0.21971405496199925,0,30,2019-04-03,2019-05-02
MA2,31076,0.2220843364795049,0,30,2019-10-10,2019-11-08
MA2,31360,0.20989465018113454,0,30,2019-04-28,2019-05-27
MA2,31435,0.2515349249045054,0,30,2019-10-10,2019-11-08
MA2,31718,0.2543043702840805,0,30,2019-08-16,2019-10-19
MA2,31874,0.22185752143462498,0,30,2019-07-29,2019-09-26
MA2,32025,0.2530546814203262,0,30,2018-12-30,2019-01-28
MA2,32190,0.2541368747750918,0,30,2019-05-04,2019-07-27
MA2,32290,0.0880756807823976,0,30,2019-10-10,2019-11-08
MA2,32450,0.3631201903025309,0,30,2018-02-18,2018-03-19
MA2,32486,0.2364337349931399,0,30,2019-04-13,2019-05-12
MA2,32564,0.25651497145493823,0,30,2019-05-06,2019-06-04
MA2,32717,0.20453903675079346,0,30,2018-12-27,2019-02-24
MA2,32730,0.2266366645693779,0,30,2019-09-27,2019-10-26
MA2,32807,0.24047710945208867,0,30,2018-12-20,2019-02-17
MA2,32813,0.240477787454923,0,30,2018-12-20,2019-02-17
MA2,32868,0.225086206694444,0,30,2019-01-31,2019-03-01
MA2,33002,0.21163248072067897,0,30,2019-10-10,2019-11-08
MA2,33294,0.4569464554389318,0,30,2019-10-10,2019-11-08
MA2,33394,0.19714016566673914,0,30,2019-09-21,2019-10-20
MA2,33714,0.24662139117717743,0,30,2019-10-10,2019-11-08
MA2,33773,0.252625713745753,0,30,2019-09-27,2019-10-26
MA2,33850,0.26794242958227793,0,30,2018-07-12,2018-09-09
MA2,34289,0.2224813222885132,0,30,2018-12-30,2019-01-28
MA2,34356,0.3410652349392573,0,30,2019-10-02,2019-10-31
MA2,34382,0.2565283844868342,0,30,2018-10-10,2018-11-08
MA2,34465,0.22495807309945423,0,30,2019-08-24,2019-09-22
MA2,34473,0.22477590342362722,0,30,2019-08-24,2019-09-22
MA2,34591,0.23877927710612615,0,30,2019-10-10,2019-11-08
MA2,34625,0.23833565811316174,0,30,2019-07-21,2019-08-19
MA2,34657,0.23742069453001022,0,30,2018-06-03,2018-09-09
MA2,34679,0.22040301064650217,0,30,2019-09-27,2019-10-26
MA2,34808,0.20880394876003266,0,30,2018-09-30,2018-10-29
MA2,35096,0.22302621553341548,0,30,2019-10-10,2019-11-08
MA2,35172,0.2045933152238528,0,30,2019-10-10,2019-11-08
MA2,35345,0.2298611973722776,0,30,2018-09-02,2018-12-31
MA2,35670,0.2766197661558787,0,30,2019-09-27,2019-10-26
MA2,35683,0.2881085008382797,0,30,2019-09-27,2019-10-26
MA2,35790,0.23868801097075146,0,30,2019-05-14,2019-06-12
MA2,35892,0.23052229682604472,0,30,2019-08-18,2019-09-16
MA2,35913,0.20830704967180888,0,30,2019-09-11,2019-10-10
MA2,35975,0.21491235345602036,0,30,2019-02-02,2019-04-02
MA2,36029,0.5274371067682903,0,30,2018-08-24,2018-09-22
MA2,36362,0.5913284321626028,0,30,2019-10-02,2019-10-31
MA2,36381,0.33441185355186465,0,30,2018-10-17,2018-12-18
MA2,36697,0.2258134553829829,0,30,2019-10-10,2019-11-08
MA2,36895,0.20589230656623841,0,30,2019-01-19,2019-02-17
MA2,36956,0.33851113319396975,0,30,2019-10-10,2019-11-08
MA2,37043,0.2694961359103521,0,30,2019-05-21,2019-09-24
MA2,37169,0.26244449317455293,0,30,2018-10-10,2018-11-08
MA2,37230,0.18467121024926503,0,30,2019-04-04,2019-07-19
MA2,37251,0.23019894113143285,0,30,2019-09-01,2019-09-30
MA2,37478,0.21171424339214961,0,30,2019-10-10,2019-11-08
MA2,37653,0.3188086142142614,0,30,2019-10-10,2019-11-08
MA2,37654,0.3187944531440735,0,30,2019-10-10,2019-11-08
MA2,37904,0.2480669230222702,0,30,2019-03-05,2019-05-03
MA2,37964,0.2226751188437144,0,30,2019-10-10,2019-11-08
MA2,38070,0.3262977063655853,0,30,2018-06-28,2018-07-27
MA2,38252,0.25113326211770376,0,30,2019-10-10,2019-11-08
MA2,38428,0.247825787961483,0,30,2019-10-10,2019-11-08
MA2,38464,0.23818941016991932,0,30,2018-07-10,2018-11-08
MA2,38466,0.2349884827931722,0,30,2019-10-10,2019-11-08
MA2,38477,0.30550892154375714,0,30,2019-09-28,2019-10-27
MA2,38670,0.24383678634961445,0,30,2019-09-27,2019-10-26
MA2,38759,0.24797531068325043,0,30,2019-05-29,2019-07-27
MA2,38817,0.2767921249071757,0,30,2019-02-08,2019-03-09
MA2,38922,0.24812138775984446,0,30,2019-08-05,2019-10-03
MA2,39084,0.2773735741774241,0,30,2019-09-18,2019-10-17
MA2,39124,0.23908204088608423,0,30,2019-04-04,2019-05-03
MA2,39682,0.21743029703696568,0,30,2019-08-17,2019-10-26
MA2,39735,0.25775022705396017,0,30,2019-10-10,2019-11-08
MA2,39773,0.23388132800658543,0,30,2019-10-10,2019-11-08
MA2,39862,0.5765031993389129,0,30,2018-07-01,2018-09-09
MA2,39890,0.2214333747824033,0,30,2019-07-29,2019-10-26
MA2,39988,0.4022512465715408,0,30,2019-08-31,2019-10-29
MA2,40004,0.2440695563952128,1,30,2018-08-06,2018-10-04
MA2,40301,0.2130614176392555,0,30,2019-10-10,2019-11-08
MA2,40317,0.23824308266242344,0,30,2019-10-10,2019-11-08
MA2,40366,0.296697395046552,0,30,2019-10-10,2019-11-08
MA2,40378,0.2317698508501053,0,30,2018-09-10,2018-11-08
MA2,40419,0.20566139370203018,0,30,2019-05-24,2019-07-22
MA2,40685,0.1896780307094256,0,30,2019-05-14,2019-06-12
MA2,40686,0.21193450589974722,0,30,2018-07-03,2018-11-08
MA2,40811,0.26143814623355865,0,30,2019-10-10,2019-11-08
MA2,40909,0.2497718671957652,0,30,2018-09-03,2018-10-02
MA2,40929,0.23393271366755167,0,30,2019-09-19,2019-10-18
MA2,41086,0.20237618088722228,0,30,2019-10-02,2019-10-31
MA2,41176,0.46214177906513215,0,30,2019-10-10,2019-11-08
MA2,41276,0.18787143776814144,0,30,2019-10-10,2019-11-08
MA2,41366,0.23784397741158803,0,30,2019-09-27,2019-10-26
MA2,41705,0.5012633621692657,0,30,2018-03-29,2018-05-27
MA2,41921,0.26350305676460267,0,30,2019-10-10,2019-11-08
MA2,41947,0.23107314258813857,0,30,2019-10-10,2019-11-08
MA2,41987,0.20808513214190802,0,30,2019-10-10,2019-11-08
MA2,42053,0.19477887401978175,0,30,2019-10-10,2019-11-08
MA2,42054,0.21168857117493947,0,30,2019-09-14,2019-10-13
MA2,42194,0.28276486694812775,0,30,2019-08-26,2019-09-24
MA2,42198,0.28276624381542204,0,30,2019-08-26,2019-09-24
MA2,42535,0.20112461894750594,0,30,2019-08-30,2019-09-28
MA2,42674,0.23075529783964158,0,30,2019-08-20,2019-10-26
MA2,42824,0.21985861013333002,0,30,2019-10-10,2019-11-08
MA2,42829,0.2218690683444341,0,30,2019-10-10,2019-11-08
MA2,43784,0.23337759226560592,0,30,2019-10-10,2019-11-08
MA2,43916,0.2748054315646489,0,30,2018-06-05,2018-07-04
MA2,44259,0.19563743869463604,0,30,2019-10-10,2019-11-08
MA2,44617,0.24115533282359441,0,30,2019-09-20,2019-10-19
MA2,44675,0.20628837595383326,0,30,2019-10-04,2019-11-02
MA2,44848,0.29926918148994447,0,30,2018-09-22,2018-12-23
MA2,44858,0.2822142610947291,0,30,2019-08-12,2019-11-08
MA2,45007,0.23692315071821213,0,30,2019-09-20,2019-10-19
MA2,45232,0.7433706005414327,0,30,2019-05-14,2019-06-12
MA2,45401,0.20952529857556026,0,30,2019-09-27,2019-10-26
MA2,45431,0.20276569227377575,0,30,2019-01-14,2019-02-12
MA2,45443,0.2568496882915497,0,30,2019-01-25,2019-02-23
MA2,45543,0.20335783064365387,0,30,2019-09-17,2019-10-16
MA2,45608,0.23026724457740783,0,30,2019-10-10,2019-11-08
MA2,45633,0.21742150237162908,0,30,2019-09-27,2019-10-26
MA2,45666,0.24054189423720043,0,30,2019-10-10,2019-11-08
MA2,45702,0.18227792878945667,0,30,2019-09-29,2019-10-28
MA2,45718,0.2198513776063919,0,30,2019-04-28,2019-05-27
MA2,45836,0.22633068015178046,0,30,2019-10-10,2019-11-08
MA2,45879,0.2142501398921013,0,30,2019-09-26,2019-10-25
MA2,45899,0.20574820190668106,0,30,2019-10-10,2019-11-08
MA2,46105,0.25837909678618115,0,30,2019-04-18,2019-07-16
MA2,46142,0.19981682201226553,0,30,2019-04-03,2019-05-02
MA2,46208,0.23583382070064546,0,30,2019-05-30,2019-07-28
MA2,46342,0.21060551355282467,0,30,2018-07-18,2018-11-08
MA2,46518,0.24775333950916925,0,30,2019-09-27,2019-10-26
MA2,46706,0.25872547179460526,0,30,2018-07-26,2018-11-08
MA2,46760,0.21217115620772045,0,30,2019-09-22,2019-10-21
MA2,46800,0.2239422639211019,0,30,2019-03-28,2019-04-26
MA2,46832,0.23861543387174605,0,30,2019-10-10,2019-11-08
MA2,47057,0.24393925219774246,0,30,2019-03-26,2019-04-24
MA2,47070,0.24025520533323289,0,30,2019-08-23,2019-09-21
MA2,47257,0.22257159650325775,0,30,2019-10-10,2019-11-08
MA2,47331,0.2052714188893636,0,30,2019-03-14,2019-04-12
MA2,47402,0.2809184859196345,0,30,2019-04-05,2019-05-04
MA2,47531,0.2533213347196579,0,30,2018-09-06,2018-10-05
MA2,47754,0.21843296488126118,0,30,2019-10-10,2019-11-08
MA2,47870,0.22343644897143047,0,30,2019-09-10,2019-11-08
MA2,48096,0.21564734280109404,0,30,2019-10-06,2019-11-04
MA2,48126,0.1855156823992729,0,30,2019-10-10,2019-11-08
MA2,48267,0.24771279990673065,0,30,2019-03-15,2019-05-13
MA2,48274,0.24779727458953857,0,30,2019-03-15,2019-05-13
MA2,48327,0.21027937779823938,0,30,2018-06-28,2018-11-08
MA2,48376,0.24767881780862808,0,30,2019-09-27,2019-10-26
MA2,48578,0.18778704702854157,0,30,2019-10-10,2019-11-08
MA2,48675,0.20612067679564158,0,30,2019-01-24,2019-02-22
MA2,48789,0.2668685674667358,0,30,2019-10-10,2019-11-08
MA2,49073,0.6114202698071798,0,30,2019-09-27,2019-10-26
MA2,49118,0.2391347472866376,0,30,2019-09-27,2019-10-26
MA2,49174,0.29488961696624755,0,30,2019-09-10,2019-10-09
MA2,49275,0.20915808628002802,0,30,2019-09-26,2019-10-25
MA2,49630,0.28443680306275687,0,30,2019-08-18,2019-10-28
MA2,49707,0.21343740075826645,0,30,2019-09-18,2019-10-17
MA2,49745,0.3237342000007629,0,30,2019-10-10,2019-11-08
MA2,49781,0.40937097171942394,0,30,2019-09-27,2019-10-26
MA2,49805,0.24074193437894184,0,30,2019-10-10,2019-11-08
MA2,49835,0.2015098457535108,0,30,2019-09-27,2019-10-26
MA2,49939,0.22789436479409536,0,30,2019-09-27,2019-10-26
MA2,49964,0.40139150818188984,0,30,2018-09-03,2018-10-02
MA2,50253,0.21019655217727026,0,30,2019-09-17,2019-10-16
MA2,50519,0.28205203811327617,0,30,2019-04-29,2019-05-28
MA2,50581,0.23412035554647445,0,30,2019-09-27,2019-10-26
MA2,50715,0.24194821963707605,0,30,2019-09-20,2019-10-19
MA2,51150,0.19710636536280315,0,30,2018-07-13,2018-12-31
MA2,51292,0.23326242168744404,0,30,2019-09-14,2019-10-13
MA2,51336,0.21227987507979076,0,30,2019-10-10,2019-11-08
MA2,51575,0.2040077750881513,0,30,2019-10-10,2019-11-08
MA2,51669,0.24070498049259187,0,30,2019-09-27,2019-10-26
MA2,51725,0.205724069972833,0,30,2019-10-01,2019-10-30
MA2,51743,0.2382135977347692,0,30,2019-10-10,2019-11-08
MA2,51978,0.28464725116888684,0,30,2019-09-30,2019-10-29
MA2,52063,0.2315372387568156,0,30,2019-04-03,2019-05-02
MA2,52066,0.26607071856657666,0,30,2019-10-04,2019-11-02
MA2,52316,0.21341617902119955,0,30,2019-09-18,2019-10-17
MA2,52380,0.21723195811112722,0,30,2019-09-27,2019-10-26
MA2,52396,0.30519684255123136,0,30,2019-10-10,2019-11-08
MA2,52450,0.23535039275884628,0,30,2019-10-10,2019-11-08
MA2,52488,0.3120903263489405,0,30,2018-07-12,2018-09-09
MA2,52499,0.2457737346490224,0,30,2019-10-10,2019-11-08
MA2,52556,0.22467947701613109,0,30,2019-08-26,2019-09-24
MA2,52722,0.3809226632118225,0,30,2019-09-27,2019-10-26
MA2,52792,0.2256761704881986,0,30,2019-10-10,2019-11-08
MA2,52799,0.2175321727991104,0,30,2019-01-07,2019-02-05
MA2,52974,0.25989396274089815,0,30,2019-10-10,2019-11-08
MA2,53169,0.16814260582129162,0,30,2019-10-10,2019-11-08
MA2,53321,0.21995871663093566,0,30,2019-09-10,2019-11-08
MA2,53397,0.2527848412593206,0,30,2018-12-30,2019-01-28
MA2,53425,0.21035946855942408,0,30,2018-07-14,2018-11-04
MA2,53569,0.19939414461453756,0,30,2019-05-31,2019-07-29
MA2,53748,0.22007783651351928,0,30,2019-10-10,2019-11-08
MA2,53853,0.18913463801145552,0,30,2019-10-03,2019-11-01
MA2,53957,0.20161459743976592,0,30,2019-03-10,2019-04-08
MA2,54083,0.2539919962485631,0,30,2019-09-27,2019-10-26
MA2,54553,0.20149179051319757,0,30,2019-09-27,2019-10-26
MA2,54620,0.21899572064479192,0,30,2019-04-04,2019-05-03
MA2,54636,0.22295704632997512,0,30,2019-10-10,2019-11-08
MA2,54709,0.24453807671864827,0,30,2019-09-20,2019-10-19
MA2,54731,0.2533034384250641,0,30,2019-09-12,2019-10-11
MA2,54798,0.20871169964472452,0,30,2019-10-10,2019-11-08
MA2,54870,0.2376554196079572,0,30,2018-06-08,2018-09-09
MA2,55026,0.17612161238988241,0,30,2019-08-13,2019-09-11
MA2,55094,0.7701038837432861,0,30,2018-06-08,2018-07-07
MA2,55190,0.2117211028933525,0,30,2019-10-10,2019-11-08
MA2,55271,0.21284447759389877,0,30,2019-05-31,2019-07-29
MA2,55443,0.18237449179093043,0,30,2019-09-29,2019-10-28
MA2,55554,0.2728446125984192,0,30,2018-10-10,2018-11-08
MA2,55923,0.2848966072003047,0,30,2019-09-11,2019-10-10
MA2,56065,0.1775319203734398,0,30,2019-10-10,2019-11-08
MA2,56140,0.23318894257148107,0,30,2019-10-10,2019-11-08
MA2,56315,0.28365737199783325,0,30,2019-04-05,2019-05-04
MA2,56349,0.20879667103290558,0,30,2018-06-18,2018-11-08
MA2,56350,0.1820639063914617,0,30,2019-09-04,2019-11-08
MA2,56420,0.2522951399286588,0,30,2018-08-10,2018-11-08
MA2,56824,0.2924857497215271,0,30,2019-03-10,2019-04-08
MA2,56905,0.21318432440360388,0,30,2019-01-19,2019-02-17
MA2,57245,0.21028468410174053,0,30,2019-09-16,2019-10-15
MA2,57278,0.24906517416238785,0,30,2019-09-27,2019-10-26
MA2,57408,0.1999495084087054,0,30,2019-10-10,2019-11-08
MA2,57456,0.23504067262013753,0,30,2019-10-04,2019-11-02
MA2,57458,0.23500838726758957,0,30,2019-10-04,2019-11-02
MA2,57560,0.19539931813875835,0,30,2019-09-16,2019-10-15
MA2,57662,0.1950528398156166,0,30,2019-10-05,2019-11-03
MA2,57795,0.297120592991511,0,30,2018-12-30,2019-01-28
MA2,58094,0.3104318410158157,0,30,2018-09-08,2019-03-04
MA2,58204,0.18748843918244043,0,30,2019-10-10,2019-11-08
MA2,59128,0.23106954644123714,0,30,2019-09-27,2019-10-26
MA2,59136,0.20485015511512755,0,30,2019-10-10,2019-11-08
MA2,59441,0.3025126745303472,0,30,2019-10-10,2019-11-08
MA2,59514,0.22478169053792954,0,30,2019-04-02,2019-05-01
MA2,59526,0.2451718603571256,0,30,2019-09-27,2019-10-26
MA2,59690,0.2440686638156573,0,30,2018-07-04,2018-12-22
MA2,59823,0.30343200266361237,0,30,2019-01-14,2019-02-12
MA2,60057,0.22553195705016454,0,30,2019-10-10,2019-11-08
MA2,60148,0.18407000501950582,0,30,2019-10-10,2019-11-08
MA2,60223,0.2580514291922251,0,30,2019-10-10,2019-11-08
MA2,60225,0.24983049978812535,0,30,2019-09-10,2019-11-08
MA2,60343,0.4436910003423691,0,30,2018-08-20,2018-09-18
MA2,60398,0.26763533651828764,0,30,2018-10-10,2018-11-08
MA2,60549,0.17032074580589932,0,30,2019-10-10,2019-11-08
MA2,60590,0.2591883152723312,0,30,2018-08-11,2018-09-09
MA2,60621,0.22054618795712788,0,30,2019-09-10,2019-11-08
MA2,60662,0.22010079969962437,0,30,2019-09-10,2019-11-08
MA2,60667,0.22009851435820263,0,30,2019-09-10,2019-11-08
MA2,61042,0.2712611188491186,0,30,2019-09-08,2019-11-08
MA2,61088,0.20391735881567002,0,30,2019-02-04,2019-04-04
MA2,61162,0.25381115476290383,0,30,2019-05-22,2019-07-20
MA2,61168,0.23609882692495981,0,30,2019-09-27,2019-10-26
MA2,61211,0.25611236194769543,0,30,2019-10-05,2019-11-03
MA2,61217,0.25157692432403567,0,30,2019-09-09,2019-10-08
MA2,61361,0.3446923534075419,0,30,2019-10-10,2019-11-08
MA2,61404,0.21380433738231658,0,30,2019-08-23,2019-10-21
MA2,61715,0.19002826114495594,0,30,2019-07-31,2019-08-29
MA2,62118,0.24036071399847667,0,30,2019-09-27,2019-10-26
MA2,62211,0.25832696358362833,0,30,2018-07-19,2018-08-17
MA2,62310,0.2219455530246099,0,30,2018-09-21,2018-10-20
MA2,62324,0.23129713088274,0,30,2019-09-28,2019-10-27
MA2,62358,0.2341328317920367,0,30,2019-10-10,2019-11-08
MA2,62478,0.18895366539557776,0,30,2019-09-27,2019-10-26
MA2,62596,0.24180128822724026,0,30,2019-10-10,2019-11-08
MA2,62695,0.18805169463157653,0,30,2019-10-10,2019-11-08
MA2,62708,0.257109938065211,0,30,2019-08-13,2019-11-08
MA2,62770,0.2200804829597473,0,30,2019-09-10,2019-11-08
MA2,62844,0.1994402458270391,0,30,2019-01-14,2019-02-12
MA2,62865,0.1856226459145546,0,30,2019-09-27,2019-10-26
MA2,62975,0.2596769054730733,0,30,2019-05-14,2019-06-12
MA2,63002,0.1894409437974294,0,30,2019-09-11,2019-10-10
MA2,63010,0.20889960875113806,0,30,2019-09-27,2019-10-26
MA2,63106,0.40928717056910197,0,30,2019-09-27,2019-10-26
MA2,63341,0.27981442511081694,0,30,2019-09-27,2019-10-26
MA2,63439,0.23723815927902858,0,30,2018-07-12,2018-09-09
MA2,63792,0.24458224475383758,0,30,2019-03-16,2019-04-14
MA2,63876,0.19526298840840658,0,30,2019-09-27,2019-10-26
MA2,64166,0.2233688587943713,0,30,2019-04-03,2019-05-02
MA2,64541,0.2309437021613121,0,30,2019-04-02,2019-05-01
MA2,64596,0.19121996561686197,0,30,2019-10-10,2019-11-08
MA2,64678,0.22318902959426243,0,30,2019-09-18,2019-10-17
MA2,64698,0.20234039276838303,0,30,2019-10-10,2019-11-08
MA2,64804,0.22485893815755845,0,30,2019-08-24,2019-09-22
MA2,65213,0.25204089681307473,0,30,2019-10-10,2019-11-08
MA2,65257,0.2246297334631284,0,30,2019-09-27,2019-10-26
MA2,65343,0.23228933910528818,0,30,2019-09-24,2019-10-23
MA2,65412,0.26239067912101743,0,30,2019-10-10,2019-11-08
MA2,65478,0.26540496150652565,0,30,2019-05-31,2019-07-30
MA2,65565,0.33713726003964745,0,30,2019-09-23,2019-10-22
MA2,65774,0.21636119137207668,0,30,2019-10-10,2019-11-08
MA2,65795,0.2144133562843005,0,30,2019-09-27,2019-10-26
MA2,65979,0.24144674440224964,0,30,2019-09-27,2019-10-26
MA2,65984,0.24144348998864493,0,30,2019-09-27,2019-10-26
MA2,66156,0.2576946750283241,0,30,2018-08-20,2018-11-08
MA2,66306,0.2218250408768654,0,30,2019-04-04,2019-05-03
MA2,66434,0.23459725777308146,0,30,2019-09-10,2019-10-09
MA2,66483,0.5988102316856384,0,30,2018-06-27,2018-07-26
MA2,66893,0.1718024248878161,0,30,2019-09-27,2019-10-26
MA2,66936,0.24452846199274064,0,30,2019-04-21,2019-05-20
MA2,66938,0.2463802178700765,0,30,2019-03-22,2019-05-20
MA2,67142,0.4587689379851023,0,30,2018-03-20,2018-04-18
MA2,67225,0.22920456180969875,0,30,2018-07-03,2018-11-08
MA2,67264,0.21517319132884344,0,30,2019-01-13,2019-02-11
MA2,67299,0.29498547812302905,0,30,2019-09-27,2019-10-26
MA2,67474,0.21344529042641322,0,30,2019-09-18,2019-10-17
MA2,67593,0.21933100024859112,0,30,2019-08-21,2019-09-19
MA2,67655,0.23916823665301004,0,30,2019-09-27,2019-10-26
MA2,67831,0.26664222677548727,0,30,2019-07-30,2019-08-28
MA2,68072,0.18491976211468378,0,30,2019-10-10,2019-11-08
MA2,68099,0.238816998898983,0,30,2019-09-27,2019-10-26
MA2,68384,0.2587069461743037,0,30,2019-10-10,2019-11-08
MA2,68385,0.2587045629819234,0,30,2019-10-10,2019-11-08
MA2,68493,1.0,0,30,2019-10-10,2019-11-08
MA2,68525,0.25305574933687847,0,30,2019-09-20,2019-10-19
MA2,69039,0.2632708728313446,0,30,2019-10-10,2019-11-08
MA2,69189,0.24454819808403652,0,30,2019-10-10,2019-11-08
MA2,69288,0.2408837303519249,0,30,2019-10-10,2019-11-08
MA2,69596,0.43652973175048826,0,30,2018-06-16,2018-07-15
MA2,69599,0.20764131794373195,0,30,2019-04-02,2019-05-01
MA2,69702,0.1737991228699684,0,30,2019-01-19,2019-02-17
MA2,69954,0.25055034309625623,0,30,2018-09-01,2018-12-30
MA2,70220,0.2325281356771787,0,30,2018-06-27,2018-07-26
MA2,70255,0.20398987581332526,0,30,2019-10-10,2019-11-08
MA2,70493,0.21248418639103572,0,30,2019-10-10,2019-11-08
MA2,70571,0.25392737835645673,0,30,2019-03-22,2019-06-02
MA2,71333,0.2431926339864731,0,30,2018-07-21,2018-08-19
MA2,71463,0.2642557988564173,0,30,2019-08-29,2019-09-27
MA2,72243,0.20218781779209774,0,30,2019-10-10,2019-11-08
MA2,72335,0.3711307356754939,0,30,2019-03-17,2019-05-15
MA2,72485,0.18448792745669682,0,30,2019-10-10,2019-11-08
MA2,72583,0.2676406433184942,0,30,2019-04-01,2019-04-30
MA2,72607,0.2210239643851916,0,30,2019-10-10,2019-11-08
MA2,73167,0.2078153113524119,0,30,2019-10-10,2019-11-08
MA2,73301,0.41151604453722634,0,30,2018-08-11,2018-09-09
MA2,73365,0.21285083244244257,0,30,2019-10-10,2019-11-08
MA2,74109,0.19531332204739252,0,30,2019-10-10,2019-11-08
MA2,74362,0.24606350312630335,0,30,2019-09-20,2019-10-19
MA2,74402,0.21760223358869552,0,30,2018-06-27,2018-11-08
MA2,75448,0.17792298793792724,0,30,2019-10-10,2019-11-08
MA2,75485,0.23725644399722418,0,30,2019-09-19,2019-10-18
MA2,75666,0.2349124312400818,0,30,2019-10-10,2019-11-08
MA2,75708,0.2647865702708562,0,30,2019-09-27,2019-10-26
MA2,75878,0.23668124576409658,0,30,2019-09-27,2019-10-26
MA2,75892,0.2273065745830536,0,30,2019-03-11,2019-04-09
MA2,76099,0.26824135382970177,0,30,2019-10-10,2019-11-08
MA2,76119,0.22000959267218909,0,30,2019-09-27,2019-10-26
MA2,76174,0.2117202272017797,0,30,2019-10-10,2019-11-08
MA2,76266,0.23609160333871843,0,30,2019-05-31,2019-07-29
MA2,76281,0.18134664396444958,0,30,2019-10-10,2019-11-08
MA2,76308,0.2191303203503291,0,30,2019-10-10,2019-11-08
MA2,76518,0.2211722920338313,0,30,2018-08-19,2019-05-03
MA2,76983,0.27392168939113615,0,30,2019-09-27,2019-10-26
MA2,77049,0.30392784078915913,0,30,2019-10-10,2019-11-08
MA2,77116,0.21111110597848892,0,30,2019-09-10,2019-11-08
MA2,77135,0.2067229037483533,0,30,2019-01-24,2019-02-22
MA2,77173,0.23288375735282899,0,30,2019-08-28,2019-10-26
MA2,77344,0.24935176918903987,0,30,2019-05-23,2019-10-26
MA2,77384,0.330169810851415,0,30,2019-10-10,2019-11-08
MA2,77474,0.26189201772212983,0,30,2019-08-07,2019-10-05
MA2,77526,0.2220363567272822,0,30,2019-04-02,2019-05-01
MA2,77660,0.3507035662730535,0,30,2019-10-10,2019-11-08
MA2,77695,0.20717128217220307,0,30,2019-03-14,2019-04-12
MA2,77730,0.2187274118264516,0,30,2018-08-28,2018-12-31
MA2,77829,0.2046802987655004,0,30,2019-10-10,2019-11-08
MA2,78311,0.5042592495679855,0,30,2019-06-01,2019-07-30
MA2,78497,0.19530626883109412,0,30,2019-04-02,2019-05-01
MA2,78506,0.5888083795706431,0,30,2018-08-11,2018-09-09
MA2,78557,0.19437084595362344,0,30,2019-09-27,2019-10-26
MA2,78576,0.2500207915902138,0,30,2019-05-14,2019-06-12
MA2,78617,0.21862263878186544,0,30,2019-09-10,2019-10-09
MA2,78625,0.18937756071488063,0,30,2019-09-27,2019-10-26
MA2,78757,0.2401928946375847,0,30,2019-02-02,2019-03-03
MA2,78779,0.5509376029173533,0,30,2019-02-24,2019-03-25
MA2,79108,0.18452386061350504,0,30,2019-08-28,2019-09-26
MA2,79159,0.22376585354407627,0,30,2019-02-17,2019-04-17
MA2,79176,0.4528342445691427,0,30,2018-06-16,2018-07-15
MA2,79224,0.24448038140932718,0,30,2019-08-26,2019-09-24
MA2,79376,0.2307130590081215,0,30,2019-04-05,2019-05-04
MA2,79474,0.31065867642561595,0,30,2019-10-04,2019-11-02
MA2,79557,0.291158390045166,0,30,2018-09-08,2018-10-07
MA2,79563,0.2951695869366328,0,30,2018-09-08,2018-10-07
MA2,79772,0.21695106228192648,0,30,2019-05-14,2019-06-12
MA2,79864,0.2554490486780802,0,30,2018-08-11,2018-09-09
MA2,79913,0.20274249364932379,0,30,2018-07-18,2018-12-22
MA2,80112,0.2818234831094742,0,30,2019-10-10,2019-11-08
MA2,80241,0.23949058055877687,0,30,2019-09-20,2019-10-19
MA2,80243,0.2437560687462489,0,30,2019-09-20,2019-10-19
MA2,80300,0.20518542875846227,0,30,2019-10-10,2019-11-08
MA2,80366,0.2641146411498388,0,30,2018-05-31,2018-09-09
MA2,80492,0.2568627486626307,0,30,2018-09-10,2018-10-09
MA2,80586,0.2747913320859273,0,30,2019-04-20,2019-08-28
MA2,80680,0.25531676212946575,0,30,2019-10-10,2019-11-08
MA2,80729,0.19491449395815533,0,30,2019-09-27,2019-10-26
MA2,80823,0.26528866092363995,0,30,2019-08-24,2019-09-22
MA2,80907,0.2248715028166771,0,30,2019-04-02,2019-05-01
MA2,80912,0.18774506747722625,0,30,2019-10-10,2019-11-08
MA2,81441,0.2196788564324379,0,30,2019-04-03,2019-05-02
MA2,81507,0.24883909424146017,0,30,2019-03-26,2019-04-24
MA2,81551,0.23544769982496896,0,30,2019-09-27,2019-10-26
MA2,81567,0.23416959047317504,0,30,2019-09-13,2019-10-12
MA2,81585,0.2247923786441485,0,30,2019-10-10,2019-11-08
MA2,81592,0.23783494035402933,0,30,2019-09-10,2019-11-08
MA2,81838,0.2873488585154215,0,30,2018-07-13,2018-12-22
MA2,81911,0.268749483426412,0,30,2019-10-10,2019-11-08
MA2,81930,0.22028139183918635,0,30,2019-10-10,2019-11-08
MA2,81932,0.2084571162859599,0,30,2019-10-10,2019-11-08
MA2,81977,0.18977000067631403,0,30,2019-07-20,2019-10-26
MA2,81987,0.4552710672219594,0,30,2018-03-28,2018-05-26
MA2,82148,0.21903771658738455,0,30,2018-12-29,2019-01-27
MA2,82218,0.25908062358697254,0,30,2019-08-21,2019-10-19
MA2,82342,0.27377232213815056,0,30,2019-10-10,2019-11-08
MA2,82698,0.2168208787838618,0,30,2019-10-05,2019-11-03
MA2,82784,0.23883540282646815,0,30,2019-09-10,2019-11-08
MA2,82833,0.22282162557045618,0,30,2019-09-27,2019-10-26
MA2,82902,0.26020413140455884,0,30,2019-10-10,2019-11-08
MA2,82906,0.2602423459291458,0,30,2019-10-10,2019-11-08
MA2,82968,0.22026224980751674,0,30,2019-09-24,2019-10-23
MA2,82977,0.22491633345683415,0,30,2019-09-24,2019-10-23
MA2,83016,0.23735300252834957,0,30,2019-09-20,2019-10-19
MA2,83057,0.25400919119517007,0,30,2019-09-27,2019-10-26
MA2,83148,0.24826241185267767,0,30,2019-05-05,2019-06-03
MA2,83229,0.2169502685467402,0,30,2019-09-18,2019-10-17
MA2,83479,0.231016040345033,0,30,2019-09-08,2019-10-07
MA2,83582,0.18556598623593648,0,30,2019-09-27,2019-10-26
MA2,83921,0.23942346026500066,0,30,2019-10-10,2019-11-08
MA2,84118,0.20336582511663437,0,30,2019-02-08,2019-04-08
MA2,84146,0.23895481824874878,0,30,2019-03-09,2019-04-07
MA2,84246,0.23031533509492874,0,30,2019-10-10,2019-11-08
MA2,84505,0.21949437906344732,0,30,2019-03-10,2019-04-08
MA2,84558,0.24998893489440283,0,30,2019-09-27,2019-10-26
MA2,84561,0.24123115042845408,0,30,2019-09-27,2019-10-26
MA2,84613,0.19950195650259653,0,30,2019-10-10,2019-11-08
MA2,84688,0.2716444959243139,0,30,2019-05-14,2019-06-12
MA2,85206,0.23225550204515458,0,30,2019-06-12,2019-09-27
MA2,85462,0.266362065076828,0,30,2019-10-10,2019-11-08
MA2,85562,0.2946381936470667,0,30,2018-09-10,2018-11-08
MA2,85779,0.2615214765071869,0,30,2019-08-23,2019-10-21
MA2,85952,0.23101362586021423,0,30,2019-10-10,2019-11-08
MA2,86057,0.19914552668730418,0,30,2019-02-28,2019-03-29
MA2,86142,0.2270572264989217,0,30,2019-10-10,2019-11-08
MA2,86290,0.23471723745266596,0,30,2019-04-02,2019-05-01
MA2,86367,0.3545415113369624,0,30,2019-04-13,2019-05-12
MA2,86368,0.3545592904090881,0,30,2019-04-13,2019-05-12
MA2,86520,0.24233705600102742,1,30,2018-07-08,2018-08-06
MA2,86583,0.19033891608317693,0,30,2019-09-10,2019-11-08
MA2,86853,0.18802526245514553,0,30,2019-10-10,2019-11-08
MA2,86889,0.40996420482794443,0,30,2019-09-16,2019-10-15
MA2,87152,0.32758687833944955,0,30,2018-07-12,2018-09-09
MA2,87174,0.21721158971389135,0,30,2019-09-27,2019-10-26
MA2,87237,0.26477718154589336,0,30,2019-05-14,2019-06-12
MA2,87294,0.23914534747600555,0,30,2019-09-27,2019-10-26
MA2,87350,0.18179921905199686,0,30,2019-10-03,2019-11-01
MA2,87380,0.2304948021968206,0,30,2019-07-13,2019-08-11
MA2,87395,0.2842309772968292,0,30,2019-02-11,2019-03-12
MA2,87604,0.6054312487443289,0,30,2019-04-11,2019-05-10
MA2,87646,0.23267170588175456,0,30,2019-03-13,2019-05-11
MA2,88104,0.2377667004863421,0,30,2018-09-10,2018-10-09
MA2,88180,0.2299311319986979,0,30,2019-10-10,2019-11-08
MA2,88214,0.1851571907599767,0,30,2019-10-10,2019-11-08
MA2,88345,0.19010251363118488,0,30,2019-10-10,2019-11-08
MA2,88356,0.2675550272067388,0,30,2018-08-11,2018-09-09
MA2,88580,0.23662910958131153,0,30,2018-07-02,2018-11-08
MA2,88870,0.33936717311541237,0,30,2019-08-26,2019-09-24
MA2,88948,0.21478043794631957,0,30,2019-04-02,2019-05-01
MA2,89113,0.1872610797484716,0,30,2019-09-03,2019-11-08
MA2,89424,0.32582553128401437,0,30,2019-09-27,2019-10-26
MA2,89498,0.21954161872466404,0,30,2019-10-10,2019-11-08
MA2,89508,0.23052639414866766,0,30,2019-08-18,2019-09-16
MA2,89557,0.24800188591082892,0,30,2018-07-18,2018-11-08
MA2,89589,0.24719469994306564,0,30,2019-09-10,2019-11-08
MA2,89622,0.2269882102807363,0,30,2019-01-07,2019-02-05
MA2,89709,0.3441110759973526,0,30,2019-10-10,2019-11-08
MA2,89730,0.21664268424113592,0,30,2019-10-07,2019-11-05
MA2,89872,0.22076397091150285,0,30,2019-10-04,2019-11-02
MA2,89951,0.2260716254512469,0,30,2019-09-27,2019-10-26
MA2,90299,0.22366672803958257,0,30,2019-10-10,2019-11-08
MA2,90459,0.4832267274459203,0,30,2019-03-14,2019-04-12
MA2,90502,0.2476657619078954,0,30,2019-09-10,2019-10-09
MA2,90530,0.32659734090169273,0,30,2018-08-16,2018-10-14
MA2,90560,0.23542888462543488,0,30,2019-03-14,2019-05-12
MA2,90605,0.2559847891330719,0,30,2019-09-18,2019-10-17
MA2,90969,0.2469184736410777,0,30,2019-10-10,2019-11-08
MA2,91153,0.22087329576412837,0,30,2019-09-27,2019-10-26
MA2,91157,0.276386559009552,0,30,2019-09-27,2019-10-26
MA2,91165,0.2763841778039932,0,30,2019-09-27,2019-10-26
MA2,91400,0.23190495620171228,0,30,2019-01-13,2019-02-11
MA2,91412,0.3985766351222992,0,30,2019-04-10,2019-07-23
MA2,91530,0.1886663516362508,0,30,2019-10-10,2019-11-08
MA2,91666,0.2373702531059583,0,30,2019-09-20,2019-10-19
MA2,91723,0.26136838297049203,0,30,2019-10-03,2019-11-01
MA2,91819,0.24734292874733607,0,30,2019-09-27,2019-10-26
MA2,91872,0.23519743829965592,0,30,2019-08-17,2019-11-08
MA2,91913,0.24458968092997868,0,30,2019-07-21,2019-11-08
MA2,91931,0.25871075292428336,0,30,2019-09-11,2019-10-10
MA2,92031,0.22749564896027247,0,30,2019-09-12,2019-10-11
MA2,92131,0.26760799487431847,0,30,2018-07-26,2018-11-08
MA2,92170,0.49140661557515464,0,30,2018-07-23,2018-08-21
MA2,92370,0.2093067412575086,0,30,2019-10-10,2019-11-08
MA2,92478,0.22247607856988907,0,30,2019-10-08,2019-11-06
MA2,92708,0.232277183731397,0,30,2019-09-02,2019-10-01
MA2,92755,0.231162728369236,0,30,2018-08-23,2019-01-21
MA2,92972,0.2170661081870397,0,30,2019-09-27,2019-10-26
MA2,93188,0.2037568509578705,0,30,2018-08-28,2018-12-22
MA2,93361,0.20421800663073858,0,30,2019-07-31,2019-09-28
MA2,93481,0.2615478754043579,0,30,2019-06-03,2019-10-31
MA2,94000,0.19558761219183604,0,30,2019-09-21,2019-10-20
MA2,94041,0.25567177633444466,0,30,2019-09-29,2019-10-28
MA2,94171,0.19221179982026418,0,30,2019-09-23,2019-10-22
MA2,94174,0.22339456925789516,0,30,2019-10-10,2019-11-08
MA2,94413,0.275495966275533,0,30,2019-10-10,2019-11-08
MA2,94614,0.2251835117737452,0,30,2019-08-13,2019-09-11
MA2,94629,0.23717435250679653,0,30,2019-08-26,2019-09-24
MA2,94640,0.22327699959278108,0,30,2019-04-04,2019-05-03
MA2,94792,0.2342437297105789,0,30,2019-09-27,2019-10-26
MA2,95039,0.28425188064575196,0,30,2019-09-19,2019-10-18
MA2,95130,0.22281527519226074,0,30,2019-07-19,2019-10-16
MA2,95217,0.23735625843207042,0,30,2019-09-20,2019-10-19
MA2,95676,0.19132500986258189,0,30,2019-09-10,2019-11-08
MA2,96055,0.18784732272227606,0,30,2019-10-10,2019-11-08
MA2,96108,0.2465133473277092,0,30,2019-09-27,2019-10-26
MA2,96153,0.24640492896238964,0,30,2019-10-10,2019-11-08
MA2,96210,0.2169980342189471,0,30,2019-10-03,2019-11-01
MA2,96329,0.27484676738580066,0,30,2019-10-10,2019-11-08
MA2,96357,0.2320600375533104,0,30,2018-08-28,2018-12-22
MA2,96453,0.20449412564436595,0,30,2019-10-10,2019-11-08
MA2,96506,0.2270029862721761,0,30,2019-08-09,2019-09-07
MA2,96581,0.18841765771309535,0,30,2019-04-03,2019-05-02
MA2,96712,0.2081260825196902,0,30,2019-10-10,2019-11-08
MA2,96772,0.1949787308772405,0,30,2019-10-10,2019-11-08
MA2,96789,0.19752413034439087,0,30,2019-07-13,2019-08-11
MA2,96877,0.2469987248380979,0,30,2019-10-10,2019-11-08
MA2,96957,0.20469106982151666,0,30,2019-10-10,2019-11-08
MA2,97223,0.18756153136491777,0,30,2019-10-10,2019-11-08
MA2,97352,0.2832398662964503,0,30,2019-10-01,2019-10-30
MA2,97405,0.26688128610452017,0,30,2019-08-26,2019-09-24
MA2,97510,0.5504429936408997,0,30,2018-06-06,2018-09-09
MA2,97553,0.18813827981551487,0,30,2019-10-08,2019-11-06
MA2,97557,0.1920560931166013,0,30,2019-10-08,2019-11-06
MA2,98052,0.20017041365305582,0,30,2019-10-03,2019-11-01
MA2,98156,0.2652864436308543,0,30,2019-09-12,2019-10-11
MA2,98171,0.26690789063771564,0,30,2019-09-27,2019-10-26
MA2,98375,0.2161456992228826,0,30,2019-10-02,2019-10-31
MA2,98559,0.33759323954582215,0,30,2019-04-05,2019-05-04
MA2,98626,0.22881102313597998,0,30,2019-10-10,2019-11-08
MA2,98677,0.2918468534946442,0,30,2018-09-15,2018-10-14
MA2,98692,0.2570943236351013,0,30,2019-09-20,2019-10-19
MA2,98936,0.2161484306057294,0,30,2019-10-02,2019-10-31
MA2,99179,0.48092765112717945,0,30,2018-04-05,2018-06-03
MA2,99214,0.23595552742481232,0,30,2018-09-10,2018-11-08
MA2,99363,0.20439443339904148,0,30,2019-10-04,2019-11-02
MA2,99388,0.20603455404440563,0,30,2019-01-19,2019-02-17
MA2,99835,0.24911726514498392,0,30,2018-07-03,2018-11-08
MA2,100017,0.22654480785131453,0,30,2019-10-10,2019-11-08
MA2,100157,0.24043591022491456,0,30,2019-09-16,2019-10-15
MA2,100171,0.19955592453479767,0,30,2018-12-15,2019-02-12
MA2,100289,0.19674086173375446,0,30,2019-02-15,2019-03-16
MA2,100401,0.19409359395503997,0,30,2019-08-16,2019-11-08
MA2,100651,0.20875647515058518,0,30,2019-01-17,2019-02-15
MA2,100826,0.2246393993496895,0,30,2019-09-27,2019-10-26
MA2,101167,0.23322086036205292,0,30,2018-08-28,2018-12-22
MA2,101233,0.23860685726006825,0,30,2019-04-02,2019-05-01
MA2,101376,0.39945637484391533,0,30,2018-08-21,2018-09-19
MA2,101430,0.22105652540922166,0,30,2019-10-10,2019-11-08
MA2,101436,0.23866862704356512,0,30,2019-10-10,2019-11-08
MA2,101480,0.30288437704245247,0,30,2018-09-14,2019-01-01
MA2,101503,0.1780129204193751,0,30,2019-10-10,2019-11-08
MA2,101508,0.181293452779452,0,30,2019-10-10,2019-11-08
MA2,101524,0.22743086268504462,0,30,2018-07-04,2018-12-22
MA2,101532,0.24217930883169175,0,30,2019-08-30,2019-10-28
MA2,101864,0.2696334977944692,0,30,2019-09-27,2019-10-26
MA2,101988,0.2711039364337921,0,30,2019-02-12,2019-04-12
MA2,102758,0.24463000347216923,0,30,2019-04-21,2019-05-20
MA2,102759,0.24463102618853252,0,30,2019-04-21,2019-05-20
MA2,102808,0.2201422706246376,0,30,2019-10-10,2019-11-08
MA2,102852,0.23985143254200617,0,30,2018-07-14,2018-12-23
MA2,103034,0.24813400954008102,0,30,2019-02-01,2019-03-02
MA2,103271,0.21470388919115066,0,30,2019-09-10,2019-11-08
MA2,103340,0.23553687979777654,0,30,2019-10-10,2019-11-08
MA2,103420,0.27111001014709474,0,30,2019-09-20,2019-10-19
MA2,103460,0.2676469792922338,0,30,2019-10-10,2019-11-08
MA2,103721,0.21857029100259145,0,30,2019-09-17,2019-10-16
MA2,103879,0.16622654696305592,0,30,2019-09-30,2019-10-29
MA2,104203,0.18511068324247995,0,30,2019-09-27,2019-10-26
MA2,104250,0.5766778071721395,0,30,2019-10-10,2019-11-08
MA2,104388,0.2634765466054281,0,30,2018-08-08,2018-11-08
MA2,104412,0.28531819184621177,0,30,2019-10-08,2019-11-06
MA2,104427,0.22682515680789947,0,30,2019-09-04,2019-10-03
MA2,104463,0.2271323546767235,0,30,2019-10-10,2019-11-08
MA2,104471,0.23648557662963868,0,30,2019-09-10,2019-11-08
MA2,104505,0.2361702650785446,0,30,2019-09-12,2019-10-11
MA2,104512,0.23616733898719153,0,30,2019-09-12,2019-10-11
MA2,104700,0.3585796664158503,0,30,2019-09-27,2019-10-26
MA2,104712,0.2385003258784612,0,30,2019-03-11,2019-04-09
MA2,104791,0.22065318475166956,0,30,2019-10-10,2019-11-08
MA2,105005,0.22820267329613367,0,30,2019-09-12,2019-10-11
MA2,105047,0.21992910703023275,0,30,2019-10-10,2019-11-08
MA2,105172,0.2905468225479126,0,30,2019-10-10,2019-11-08
MA2,105189,0.2536720335483551,0,30,2019-09-27,2019-10-26
MA2,105297,0.270586159825325,0,30,2019-08-30,2019-09-28
MA2,105394,0.22470299104849498,0,30,2019-10-10,2019-11-08
MA2,105444,0.2608833203713099,0,30,2019-09-27,2019-10-26
MA2,105472,0.21719743311405182,0,30,2019-09-27,2019-10-26
MA2,105509,0.27312948803106946,0,30,2018-09-08,2018-10-07
MA2,105526,0.2633015215396881,0,30,2019-10-10,2019-11-08
MA2,105605,0.24835964292287827,0,30,2019-09-27,2019-10-26
MA2,105907,0.23782158891359964,0,30,2019-10-10,2019-11-08
MA2,105912,0.2378381167848905,0,30,2019-10-10,2019-11-08
MA2,105922,0.27503212889035544,0,30,2019-04-05,2019-05-04
MA2,105955,0.1923668886224429,0,30,2019-09-27,2019-10-26
MA2,106155,0.2367933765053749,0,30,2019-09-10,2019-11-08
MA2,106441,0.24792351027329762,0,30,2019-09-22,2019-10-21
MA2,106851,0.23367995222409566,0,30,2019-09-10,2019-11-08
MA2,106934,0.21143358200788498,0,30,2019-09-19,2019-10-18
MA2,106994,0.19461601575215656,0,30,2019-10-08,2019-11-06
MA2,107077,0.2887653559446335,0,30,2019-10-10,2019-11-08
MA2,107123,0.26379809677600863,0,30,2019-10-10,2019-11-08
MA2,107139,0.2191802129149437,0,30,2019-09-16,2019-10-15
MA2,107169,0.25516540308793384,0,30,2019-10-10,2019-11-08
MA2,107208,0.25052402665217716,0,30,2019-03-07,2019-04-05
MA2,107456,0.2394384801387787,0,30,2019-09-12,2019-10-11
MA2,107457,0.23943742762009304,0,30,2019-09-12,2019-10-11
MA2,107500,0.28722961048285167,0,30,2019-09-27,2019-10-26
MA2,107701,0.20471513519684473,0,30,2019-09-19,2019-10-18
MA2,107733,0.6492870489756266,1,30,2018-06-10,2018-07-09
MA2,107872,0.23764608055353165,0,30,2018-03-20,2018-04-18
MA2,108120,0.2690320243438085,0,30,2019-09-27,2019-10-26
MA2,108123,0.26076294481754303,0,30,2019-09-27,2019-10-26
MA2,108126,0.22594150751829148,0,30,2019-09-17,2019-10-16
MA2,108192,0.20042489419380824,0,30,2019-02-15,2019-03-16
MA2,108314,0.23888993461926777,0,30,2019-09-24,2019-10-23
MA2,108486,0.22163590788841248,0,30,2019-09-10,2019-11-08
MA2,108564,0.22673688381910323,0,30,2019-09-10,2019-11-08
MA2,108601,0.2034477730592092,0,30,2019-10-10,2019-11-08
MA2,108900,0.23906979958216348,0,30,2019-09-27,2019-10-26
MA2,108972,0.23147776524225872,0,30,2019-10-05,2019-11-03
MA2,108976,0.2353003347913424,0,30,2019-08-28,2019-11-08
MA2,108986,0.245054459075133,0,30,2019-09-27,2019-10-26
MA2,109044,0.2598000317811966,0,30,2019-09-27,2019-10-26
MA2,109077,0.2721015294392904,0,30,2019-09-27,2019-10-26
MA2,109140,0.20178246249755225,0,30,2019-05-24,2019-07-22
MA2,109165,0.26268136203289033,0,30,2019-09-27,2019-10-26
MA2,109996,0.2300272504488627,0,30,2019-10-05,2019-11-03
MA2,110174,0.23615343223015467,0,30,2019-01-19,2019-02-17
MA2,110244,0.3048976759115855,0,30,2019-10-10,2019-11-08
MA2,110269,0.3885158121585846,0,30,2019-10-10,2019-11-08
MA2,110503,0.18724694152673085,0,30,2019-05-31,2019-07-29
MA2,110862,0.19332330624262492,0,30,2019-04-04,2019-05-03
MA2,111115,0.2811228225628535,0,30,2019-09-27,2019-10-26
MA2,111161,0.21163137902816137,0,30,2019-10-10,2019-11-08
MA2,111572,0.2612334072589874,0,30,2019-09-10,2019-11-08
MA2,111607,0.22442277918259304,0,30,2019-02-17,2019-03-18
MA2,111672,0.2471346159776052,0,30,2019-03-14,2019-04-12
MA2,111697,0.2127981200814247,0,30,2019-10-10,2019-11-08
MA2,111702,0.24325471222400666,0,30,2019-04-01,2019-04-30
MA2,112047,0.20732657064994175,0,30,2019-10-10,2019-11-08
MA2,112153,0.3884296735127767,1,30,2019-01-07,2019-02-05
MA2,112406,0.2935540546973546,0,30,2019-09-19,2019-10-18
MA2,112411,0.24539624502261478,0,30,2019-09-21,2019-10-20
MA2,112633,0.3764985829591751,0,30,2019-10-10,2019-11-08
MA2,112728,0.212318184475104,0,30,2019-03-14,2019-04-12
MA2,112995,0.24801187018553417,0,30,2019-09-10,2019-10-09
MA2,113340,0.22969600905974705,0,30,2019-01-18,2019-02-16
MA2,113622,0.21467530926068623,0,30,2019-10-10,2019-11-08
MA2,113648,0.20028158922990164,0,30,2019-09-27,2019-10-26
MA2,113695,0.2653263886769613,0,30,2019-09-20,2019-10-19
MA2,113749,0.2259605055054029,0,30,2019-05-04,2019-06-02
MA2,114218,0.2635197033484777,0,30,2019-04-03,2019-05-02
MA2,114290,0.21854898631572722,0,30,2019-08-13,2019-09-11
MA2,114335,0.24268378615379332,0,30,2018-02-24,2018-03-25
MA2,114360,0.23093722611665726,0,30,2019-08-11,2019-11-08
MA2,114374,0.2594461093346278,0,30,2018-08-11,2018-09-09
MA2,114714,0.27280310690402987,0,30,2018-10-21,2018-12-22
MA2,115203,0.21162647356589634,0,30,2019-10-10,2019-11-08
MA2,115326,0.4404594173034032,0,30,2018-07-05,2018-12-12
MA2,115328,0.4056537459294001,0,30,2018-07-05,2018-12-12
MA2,115461,0.2980313579241435,0,30,2018-08-31,2018-12-28
MA2,115543,0.4156619946161906,0,30,2019-09-28,2019-10-27
MA2,115636,0.22853941967089972,0,30,2018-04-05,2018-06-03
MA2,115650,0.28082167307535805,0,30,2019-07-30,2019-11-08
MA2,115955,0.22163718789815903,0,30,2019-09-27,2019-10-26
MA2,116145,0.34845235546429953,0,30,2018-07-19,2018-08-17
MA2,116192,0.2216995452841123,0,30,2019-09-27,2019-10-26
MA2,116323,0.3007179359594981,0,30,2019-05-03,2019-06-01
MA2,116351,0.17938421616951625,0,30,2019-09-27,2019-10-26
MA2,116389,0.21485702842473983,0,30,2019-09-22,2019-10-21
MA2,116560,0.28805914521217346,0,30,2019-10-10,2019-11-08
MA2,116609,0.2863052179416021,0,30,2018-12-30,2019-01-28
MA2,116895,0.2080957144498825,0,30,2019-10-10,2019-11-08
MA2,116950,0.2625588357448578,0,30,2019-05-03,2019-06-01
MA2,116983,0.38573470413684846,0,30,2018-03-21,2018-07-06
MA2,117099,0.236583016316096,0,30,2019-10-10,2019-11-08
MA2,117132,0.218131426970164,0,30,2019-08-28,2019-10-26
MA2,117142,0.27122945586840314,0,30,2019-10-10,2019-11-08
MA2,117299,0.22324208468198775,0,30,2019-10-10,2019-11-08
MA2,117436,0.1950030133128166,0,30,2019-10-10,2019-11-08
MA2,117474,0.2419367069999377,0,30,2019-09-22,2019-10-21
MA2,117566,0.36306547522544863,0,30,2019-05-15,2019-07-13
MA2,117703,0.2018454705675443,0,30,2019-05-24,2019-07-22
MA2,117799,0.25889259080092114,0,30,2019-05-28,2019-07-26
MA2,117955,0.24036207149426142,0,30,2019-09-24,2019-10-23
MA2,118158,0.2283284107844035,0,30,2019-08-26,2019-09-24
MA2,118292,0.22495999882618586,0,30,2019-02-01,2019-03-02
MA2,118396,0.2047910620768865,0,30,2018-07-14,2018-11-08
MA2,118698,0.21356148769458136,0,30,2019-07-30,2019-08-28
MA2,118712,0.4348812888065974,0,30,2018-06-23,2018-07-22
MA2,118844,0.18143564959367117,0,30,2019-10-10,2019-11-08
MA2,118907,0.27827251255512236,0,30,2019-09-16,2019-10-15
MA2,118989,0.23015004992485047,0,30,2019-10-10,2019-11-08
MA2,119510,0.22535545974969864,0,30,2018-07-25,2018-08-23
MA2,119522,0.320519694685936,0,30,2018-07-25,2018-09-22
MA2,119788,0.25397156874338783,0,30,2019-09-27,2019-10-26
MA2,119815,0.2738522926966349,0,30,2019-09-27,2019-10-26
MA2,119879,0.2816342810789744,0,30,2019-08-17,2019-11-08
MA2,119954,0.2159585624933243,0,30,2019-10-10,2019-11-08
MA2,120020,0.2098293329278628,0,30,2019-10-10,2019-11-08
MA2,120034,0.22296087841192883,0,30,2019-10-10,2019-11-08
MA2,120069,0.2440750166773796,0,30,2019-10-10,2019-11-08
MA2,120150,0.24472121944030126,0,30,2018-09-06,2018-10-05
MA2,120169,0.2086498071750005,0,30,2019-10-10,2019-11-08
MA2,120312,0.2698681801557541,0,30,2019-10-10,2019-11-08
MA2,120439,0.22724919617176056,0,30,2019-09-27,2019-10-26
MA2,120770,0.26967850426832835,0,30,2018-04-17,2018-06-15
MB1,70,0.3453207393487295,0,30,2019-09-19,2019-10-18
MB1,237,0.3378399829069773,0,30,2019-10-10,2019-11-08
MB1,302,0.2279772197206815,0,30,2019-10-10,2019-11-08
MB1,435,0.4193417976299922,0,30,2019-09-10,2019-11-08
MB1,536,0.44841349522272744,0,30,2019-08-29,2019-09-27
MB1,702,0.33133662939071656,0,30,2019-09-19,2019-10-18
MB1,704,0.748080829779307,0,30,2019-10-10,2019-11-08
MB1,931,0.45789041618506116,0,30,2019-08-07,2019-10-05
MB1,955,0.39488095939159396,0,30,2019-09-10,2019-11-08
MB1,1103,0.38888801832993825,0,30,2019-09-20,2019-10-19
MB1,1197,0.39109550416469574,0,30,2019-08-18,2019-10-16
MB1,1249,0.5564329047997792,0,30,2019-10-10,2019-11-08
MB1,1307,0.4390948583682378,0,30,2019-10-10,2019-11-08
MB1,1332,0.3928889741500219,0,30,2019-10-10,2019-11-08
MB1,1335,0.31609283487002054,0,30,2019-10-10,2019-11-08
MB1,1358,0.48312411109606423,0,30,2019-09-17,2019-10-16
MB1,1380,0.36452689866224924,0,30,2019-10-10,2019-11-08
MB1,1447,0.5708519399166108,0,30,2019-10-10,2019-11-08
MB1,1448,0.5708519359429677,0,30,2019-10-10,2019-11-08
MB1,1558,0.7133622507254282,0,30,2019-09-29,2019-10-28
MB1,1625,0.4190403312444687,0,30,2019-10-10,2019-11-08
MB1,1647,0.3856670469045639,0,30,2019-10-10,2019-11-08
MB1,1778,0.5126116432641682,0,19,2018-07-20,2018-08-07
MB1,1906,0.7508089184761048,0,30,2019-10-10,2019-11-08
MB1,1911,0.3841051687796911,0,30,2019-10-10,2019-11-08
MB1,2192,0.31610737840334574,0,30,2019-09-19,2019-10-18
MB1,2328,0.4462222506602605,0,30,2019-10-10,2019-11-08
MB1,2369,0.37324980398019153,0,30,2019-10-10,2019-11-08
MB1,2450,0.3914040386676788,0,30,2019-10-03,2019-11-01
MB1,2594,0.2279878740509351,0,30,2019-10-10,2019-11-08
MB1,2632,0.3550479302803675,0,30,2019-10-10,2019-11-08
MB1,2634,0.3974786847829819,0,30,2019-10-10,2019-11-08
MB1,2746,0.4152699967225393,0,30,2019-10-10,2019-11-08
MB1,2749,0.4152699967225393,0,30,2019-10-10,2019-11-08
MB1,2973,0.3692065407832464,0,30,2019-09-18,2019-10-17
MB1,3020,0.8429385821024576,0,30,2019-09-30,2019-10-29
MB1,3027,0.6025057832400004,0,30,2019-10-10,2019-11-08
MB1,3133,0.37017948627471925,0,30,2019-10-10,2019-11-08
MB1,3423,0.4155517816543579,0,30,2019-10-10,2019-11-08
MB1,3429,0.4155517816543579,0,30,2019-10-10,2019-11-08
MB1,3465,0.35535392761230467,0,30,2019-10-10,2019-11-08
MB1,3546,0.3910266449054082,0,30,2019-09-08,2019-11-08
MB1,3668,0.45629546443621316,0,30,2019-08-23,2019-09-21
MB1,4119,0.44624372323354083,0,30,2019-10-10,2019-11-08
MB1,4196,0.3497197578350703,0,30,2019-10-10,2019-11-08
MB1,4526,0.3835467557112376,0,30,2019-10-10,2019-11-08
MB1,4619,0.3927906741698583,0,30,2019-09-10,2019-11-08
MB1,4738,0.23364322582880656,0,30,2019-10-10,2019-11-08
MB1,4867,0.49601144790649415,0,30,2019-10-10,2019-11-08
MB1,4882,0.35876379907131195,0,30,2019-09-10,2019-11-08
MB1,5031,0.8260517219702402,0,30,2019-09-10,2019-11-08
MB1,5079,0.5401455998420716,1,30,2019-04-03,2019-07-21
MB1,5097,0.433895210425059,0,30,2019-09-20,2019-10-19
MB1,5140,0.39683160185813904,0,30,2019-09-15,2019-10-14
MB1,5243,0.6666902740796407,0,30,2019-09-19,2019-10-18
MB1,5283,0.3998789757490158,0,30,2019-08-30,2019-11-08
MB1,5845,0.5485355814297994,0,30,2019-10-10,2019-11-08
MB1,5921,0.5694341162840525,0,30,2019-08-28,2019-11-08
MB1,6021,0.3686899244785309,0,30,2019-05-30,2019-10-17
MB1,6140,0.401488713423411,0,30,2019-10-10,2019-11-08
MB1,6196,0.46303447981675466,0,30,2019-10-10,2019-11-08
MB1,6226,0.4569643050432205,0,30,2019-09-20,2019-10-19
MB1,6241,0.3585742215315501,0,30,2019-10-10,2019-11-08
MB1,6249,0.8187363227208455,0,30,2019-10-07,2019-11-05
MB1,6479,0.3592322111129761,0,30,2019-09-19,2019-10-18
MB1,6589,0.3563842177391052,0,30,2019-09-10,2019-11-08
MB1,6814,0.7760560115178426,0,30,2019-09-29,2019-10-28
MB1,6960,0.3429030785957972,0,30,2019-10-10,2019-11-08
MB1,7007,0.4108444462219874,0,30,2019-09-19,2019-10-18
MB1,7082,0.4158013035853704,0,30,2019-10-10,2019-11-08
MB1,7247,0.47119856675465904,0,30,2019-10-10,2019-11-08
MB1,7376,0.35456351141134895,0,30,2018-06-28,2018-07-27
MB1,7496,0.6653345515330632,0,30,2019-04-12,2019-11-08
MB1,7602,0.4020958205064138,0,30,2019-10-10,2019-11-08
MB1,7680,0.38912512759367623,0,30,2019-10-10,2019-11-08
MB1,7962,0.4338601628939311,0,30,2019-09-20,2019-10-19
MB1,7976,0.370394695798556,0,30,2019-10-10,2019-11-08
MB1,8012,0.4957301994164785,0,30,2019-10-10,2019-11-08
MB1,8075,0.38404910763104755,0,30,2019-09-19,2019-10-18
MB1,8140,0.3821854124466578,0,30,2019-10-10,2019-11-08
MB1,8166,0.34766299823919933,0,30,2019-10-10,2019-11-08
MB1,8393,0.49469192226727804,0,30,2019-10-10,2019-11-08
MB1,8516,0.6247894903024037,0,30,2019-09-15,2019-10-14
MB1,8883,0.38762809534867604,0,30,2019-05-14,2019-06-12
MB1,8928,0.45309945444266003,0,30,2019-09-20,2019-10-19
MB1,8979,0.3496345281600952,0,30,2019-09-19,2019-10-18
MB1,8993,0.44196623961130777,0,30,2019-09-19,2019-10-18
MB1,9086,0.3929262717564901,0,30,2019-10-10,2019-11-08
MB1,9227,0.4332747240861257,0,30,2019-09-21,2019-10-20
MB1,9301,0.7778074045976003,0,30,2019-09-27,2019-10-26
MB1,9781,0.3497197578350703,0,30,2019-10-10,2019-11-08
MB1,9990,0.6878846486409506,0,30,2019-10-10,2019-11-08
MB1,10004,0.43287152647972105,0,30,2019-09-19,2019-10-18
MB1,10021,0.4682482838630676,0,30,2019-09-19,2019-10-18
MB1,10216,0.40321903228759765,0,30,2019-10-10,2019-11-08
MB1,10274,0.4494409124056498,0,30,2019-10-02,2019-10-31
MB1,10460,0.46079896291097006,0,30,2019-09-29,2019-10-28
MB1,10481,0.37323380410671236,0,30,2019-10-10,2019-11-08
MB1,10913,0.35077328979969025,0,30,2019-10-10,2019-11-08
MB1,10949,0.3888729234536489,0,30,2019-05-19,2019-07-17
MB1,11248,0.23835224707921346,0,30,2019-10-10,2019-11-08
MB1,11330,0.36397362550099693,0,30,2019-10-10,2019-11-08
MB1,11404,0.44628625909487407,0,30,2019-10-10,2019-11-08
MB1,11626,0.349333667755127,0,30,2019-09-16,2019-10-15
MB1,11758,0.3491891245047251,0,30,2019-10-10,2019-11-08
MB1,11902,0.30202128092447916,0,30,2019-09-19,2019-10-18
MB1,12002,0.6660387456417084,0,30,2019-10-10,2019-11-08
MB1,12181,0.44195336401462554,0,30,2019-10-10,2019-11-08
MB1,12203,0.349349977572759,0,30,2019-09-16,2019-10-15
MB1,12361,0.3798104554414749,0,30,2019-08-21,2019-10-19
MB1,12651,0.390642981727918,0,30,2019-08-19,2019-10-19
MB1,12817,0.4373082300027212,0,30,2019-09-20,2019-10-19
MB1,12846,0.5123427887757619,0,30,2019-09-17,2019-10-16
MB1,12856,0.5123035828272502,0,30,2019-09-17,2019-10-16
MB1,12966,0.37493488093217214,1,30,2018-07-30,2018-08-28
MB1,12976,0.34977464576562245,0,30,2019-09-19,2019-10-18
MB1,13045,0.28277750412623087,0,30,2019-09-17,2019-10-16
MB1,13177,0.4405298342307409,0,30,2019-09-17,2019-10-16
MB1,13454,0.5325140953063965,0,30,2019-10-10,2019-11-08
MB1,13609,0.6524273534615834,0,30,2019-09-09,2019-11-08
MB1,13636,0.5494582136472066,0,30,2019-06-06,2019-11-08
MB1,13705,0.44183205664157865,0,30,2019-09-29,2019-10-28
MB1,13807,0.413303796450297,0,30,2019-08-14,2019-11-08
MB1,14068,0.38757962783177696,0,30,2019-05-14,2019-06-12
MB1,14135,0.3665848116079966,0,30,2018-03-17,2018-04-15
MB1,14332,0.4351322660843531,0,30,2019-10-10,2019-11-08
MB1,14360,0.4025473862886429,0,30,2019-09-09,2019-11-08
MB1,14420,0.28980463643868765,0,30,2019-08-23,2019-10-21
MB1,14435,0.3478002081314723,0,30,2019-10-10,2019-11-08
MB1,14558,0.4392023553450902,0,30,2019-10-10,2019-11-08
MB1,14628,0.42608647445837655,0,30,2019-09-20,2019-10-19
MB1,14814,0.792207932472229,0,30,2019-10-10,2019-11-08
MB1,14841,0.6386027296384176,0,30,2019-10-04,2019-11-02
MB1,14866,0.46512651244799297,0,30,2019-09-18,2019-10-17
MB1,14882,0.5143267393112183,0,30,2019-09-10,2019-10-09
MB1,15064,0.4176873952150345,0,30,2019-08-28,2019-11-08
MB1,15213,0.3757615238428116,0,30,2019-09-19,2019-10-18
MB1,15242,0.42352967063585917,0,30,2019-10-10,2019-11-08
MB1,15425,0.4495112995306651,0,30,2019-10-10,2019-11-08
MB1,15682,0.3889601061741511,0,30,2019-09-09,2019-11-08
MB1,15703,0.47911122143268586,0,30,2019-10-10,2019-11-08
MB1,15865,0.3809870680173238,0,30,2019-10-10,2019-11-08
MB1,16272,0.5344871401786804,0,30,2019-10-06,2019-11-04
MB1,16396,0.3695716271797816,0,30,2019-10-10,2019-11-08
MB1,16445,0.4109072029590607,0,30,2019-09-19,2019-10-18
MB1,16450,0.3854203422864278,0,30,2019-09-20,2019-10-19
MB1,16627,0.8054483572642008,0,30,2019-09-16,2019-10-15
MB1,16763,0.7276269932587941,0,30,2019-10-10,2019-11-08
MB1,16807,0.46921427845954894,0,30,2019-10-02,2019-10-31
MB1,16946,0.5365589777628581,0,30,2019-09-20,2019-10-19
MB1,16971,0.43533750375111896,0,30,2019-09-17,2019-10-16
MB1,16983,0.24839678754409153,0,30,2019-09-14,2019-10-13
MB1,17134,0.39841106434663137,0,30,2019-09-10,2019-11-08
MB1,17182,0.5232179900010426,0,30,2019-10-10,2019-11-08
MB1,17295,0.43532559672991433,0,30,2019-09-17,2019-10-16
MB1,17344,0.48533208270867667,0,30,2019-10-02,2019-10-31
MB1,17367,0.34647153615951537,0,30,2019-10-02,2019-10-31
MB1,17606,0.4107086847225825,0,30,2019-01-12,2019-02-10
MB1,17614,0.30859114627043405,1,30,2018-10-10,2018-11-08
MB1,17768,0.41089841226736706,0,30,2019-09-19,2019-10-18
MB1,17990,0.42720230519771574,0,30,2019-10-08,2019-11-06
MB1,18139,0.3985537310441335,0,30,2019-09-10,2019-11-08
MB1,18150,0.368829012910525,0,30,2019-09-10,2019-10-09
MB1,18304,0.3704526046911875,0,30,2019-10-10,2019-11-08
MB1,18409,0.7247679531574249,0,30,2019-08-12,2019-11-08
MB1,18410,0.7101993898550669,0,30,2019-08-12,2019-11-08
MB1,18795,0.39155593514442444,0,30,2019-09-10,2019-11-08
MB1,18850,0.7741311550140381,0,30,2019-09-16,2019-10-15
MB1,18943,0.4292526582876841,0,30,2019-09-10,2019-10-09
MB1,18957,0.46004579663276673,0,30,2019-09-16,2019-10-15
MB1,18980,0.7203551093737285,0,30,2019-10-10,2019-11-08
MB1,19260,0.39407986601193745,0,30,2019-09-17,2019-10-16
MB1,19410,0.7121138950188954,0,30,2019-10-10,2019-11-08
MB1,19640,0.3456364224354426,0,30,2019-08-18,2019-10-16
MB1,19743,0.9288233200709025,1,30,2019-05-14,2019-06-12
MB1,19907,0.4391475299994151,0,30,2019-10-10,2019-11-08
MB1,20083,0.35747217734654746,0,30,2019-10-10,2019-11-08
MB1,20138,0.3879657139380773,0,30,2019-08-13,2019-09-11
MB1,20155,0.4476138224204381,0,30,2019-10-02,2019-10-31
MB1,20178,0.8263921697934469,0,30,2019-08-30,2019-09-28
MB1,20194,0.6675210913022359,0,30,2019-10-10,2019-11-08
MB1,20233,0.41219812631607056,0,30,2019-08-26,2019-11-02
MB1,20559,0.4148348977168401,0,30,2019-09-10,2019-11-08
MB1,20565,0.4148348977168401,0,30,2019-09-10,2019-11-08
MB1,20597,0.42345257600148517,0,30,2019-10-10,2019-11-08
MB1,20627,0.42865339716275536,0,30,2019-09-10,2019-11-08
MB1,20665,0.35251118540763854,0,30,2019-10-10,2019-11-08
MB1,20808,0.45417384107907616,0,30,2019-08-27,2019-09-25
MB1,20848,0.41825004716714226,0,30,2019-09-01,2019-09-30
MB1,21305,0.6025511701901753,0,30,2019-10-10,2019-11-08
MB1,21329,0.5380750854810079,0,30,2019-10-10,2019-11-08
MB1,21362,0.3910748620827993,0,30,2019-08-18,2019-10-16
MB1,21520,0.5033297210931778,0,30,2019-10-10,2019-11-08
MB1,21575,0.38939189712206523,0,30,2018-08-17,2018-11-08
MB1,21638,0.3550647040208181,0,30,2019-10-10,2019-11-08
MB1,21648,0.3550647040208181,0,30,2019-10-10,2019-11-08
MB1,21750,0.5388349731763203,0,30,2019-09-22,2019-10-21
MB1,21759,0.33032226165135703,0,30,2019-10-10,2019-11-08
MB1,21773,0.8258588790893555,0,30,2019-10-10,2019-11-08
MB1,21781,0.3850277602672577,0,30,2019-10-10,2019-11-08
MB1,21822,0.39118535617987316,0,30,2019-08-26,2019-09-24
MB1,21993,0.39341114461421967,0,30,2019-10-10,2019-11-08
MB1,22086,0.8493234932422637,0,30,2019-10-04,2019-11-02
MB1,22157,0.464923686782519,0,30,2019-09-16,2019-10-15
MB1,22175,0.5546320497989654,0,30,2019-10-04,2019-11-02
MB1,22444,0.4349776377280553,0,30,2019-09-10,2019-11-08
MB1,22514,0.4392023553450902,0,30,2019-10-10,2019-11-08
MB1,22546,0.794814654191335,0,30,2019-05-31,2019-11-05
MB1,22621,0.684467222293218,0,30,2019-09-22,2019-10-21
MB1,22812,0.6052460670471191,0,30,2019-10-10,2019-11-08
MB1,22827,0.3729158878326416,0,30,2019-10-10,2019-11-08
MB1,22860,0.4278079638878504,1,30,2018-03-25,2018-05-23
MB1,23015,0.364205343524615,0,30,2019-10-10,2019-11-08
MB1,23022,0.3894567400217056,0,30,2019-10-10,2019-11-08
MB1,23158,0.43582367996374766,0,30,2019-08-28,2019-09-26
MB1,23182,0.6504445830980937,0,30,2019-10-10,2019-11-08
MB1,23256,0.460429722070694,0,30,2019-09-19,2019-10-18
MB1,23325,0.33565014203389487,0,30,2019-09-19,2019-10-18
MB1,23376,0.4464590469996134,0,30,2019-10-10,2019-11-08
MB1,23483,0.7257104953130086,0,30,2019-10-10,2019-11-08
MB1,23507,0.4119110514720281,0,30,2019-09-17,2019-10-16
MB1,23537,0.3816060205300649,0,30,2019-08-19,2019-10-17
MB1,23580,0.4067492167154948,0,30,2019-09-30,2019-10-29
MB1,23599,0.43333751360575357,0,30,2019-09-19,2019-10-18
MB1,23790,0.46396446724732715,0,30,2019-09-19,2019-10-18
MB1,23826,0.4114885777235031,0,30,2019-09-18,2019-10-17
MB1,24070,0.39636579950650536,0,30,2019-09-17,2019-10-16
MB1,24075,0.3963700920343399,0,30,2019-09-17,2019-10-16
MB1,24105,0.3912909438212713,0,30,2018-05-28,2018-06-26
MB1,24112,0.46580584247907003,0,30,2019-10-10,2019-11-08
MB1,24244,0.35209381182988486,0,30,2019-10-02,2019-10-31
MB1,24380,0.43324243326981865,0,30,2019-09-21,2019-10-20
MB1,24503,0.3775637298822403,1,30,2018-12-28,2019-01-26
MB1,24578,0.41094324986139935,0,30,2019-09-19,2019-10-18
MB1,24641,0.43924158116181694,0,30,2019-10-10,2019-11-08
MB1,24642,0.43924158116181694,0,30,2019-10-10,2019-11-08
MB1,24647,0.43924158116181694,0,30,2019-10-10,2019-11-08
MB1,24724,0.8641601622104644,0,30,2019-10-10,2019-11-08
MB1,24735,0.4466323465108871,0,30,2019-10-10,2019-11-08
MB1,24886,0.37289437353610994,0,30,2019-09-17,2019-10-16
MB1,24941,0.35168702602386476,0,30,2019-09-20,2019-10-19
MB1,25136,0.3801172842582067,0,30,2019-08-21,2019-10-19
MB1,25310,0.4332568645477295,0,30,2019-09-21,2019-10-20
MB1,25405,0.8081717332204182,0,30,2019-09-19,2019-10-18
MB1,25662,0.42493310272693635,0,30,2019-09-21,2019-10-20
MB1,26356,0.3848492711782455,0,30,2019-10-10,2019-11-08
MB1,26367,0.37142519652843475,0,30,2019-10-01,2019-10-30
MB1,26640,0.391417407989502,0,30,2019-10-03,2019-11-01
MB1,26835,0.3587580233812332,0,30,2019-09-17,2019-10-16
MB1,26948,0.5352202892303467,0,30,2019-08-11,2019-09-09
MB1,26951,0.34940208594004313,0,30,2019-09-10,2019-10-09
MB1,27552,0.3493478447198868,0,30,2019-09-16,2019-10-15
MB1,27577,0.4640208601951599,0,30,2019-09-19,2019-10-18
MB1,27678,0.5437448700269063,0,30,2019-10-10,2019-11-08
MB1,27747,0.4423557629187902,0,30,2019-05-14,2019-06-12
MB1,27795,0.760923320055008,0,30,2019-10-10,2019-11-08
MB1,27969,0.6793371160825094,0,30,2019-10-10,2019-11-08
MB1,27971,0.40394612749417624,0,30,2019-09-19,2019-10-18
MB1,28013,0.48302477846542996,0,12,2019-08-14,2019-08-25
MB1,28641,0.3805495649576187,0,30,2019-10-10,2019-11-08
MB1,28711,0.4168042570352554,0,30,2019-10-10,2019-11-08
MB1,28753,0.5861441969871521,0,30,2019-08-05,2019-09-03
MB1,28772,0.5387431482474009,0,30,2019-10-10,2019-11-08
MB1,29110,0.6537865380446116,0,30,2019-05-14,2019-06-12
MB1,29213,0.39139067828655244,0,30,2019-10-10,2019-11-08
MB1,29272,0.43669071594874065,0,30,2019-09-16,2019-10-15
MB1,29388,0.4128589411576589,0,30,2019-10-10,2019-11-08
MB1,29610,0.7658010383447011,0,30,2019-10-10,2019-11-08
MB1,29796,0.4178522954384486,0,30,2019-10-10,2019-11-08
MB1,29808,0.5427262683709463,0,30,2019-09-19,2019-10-18
MB1,30028,0.40261735816796623,0,30,2019-09-17,2019-10-16
MB1,30134,0.36845502952734627,0,30,2019-10-10,2019-11-08
MB1,30301,0.35740507344404854,0,30,2019-08-28,2019-09-26
MB1,30531,0.5670345624287924,0,30,2019-05-14,2019-06-12
MB1,30539,0.5670345624287924,0,30,2019-05-14,2019-06-12
MB1,30542,0.5660526335239411,0,30,2019-05-14,2019-06-12
MB1,30629,0.46777915557225547,0,30,2019-09-17,2019-10-16
MB1,30673,0.4544548769791921,0,30,2019-05-05,2019-11-04
MB1,30848,0.9892086923122406,1,30,2018-07-09,2018-08-07
MB1,30864,0.48142249286174776,0,30,2019-10-10,2019-11-08
MB1,30946,0.3373623897631963,0,30,2019-06-10,2019-10-18
MB1,31021,0.35427549878756204,0,30,2019-09-10,2019-11-08
MB1,31045,0.7099190771579742,0,30,2019-09-09,2019-11-08
MB1,31124,0.3973801722129186,0,30,2019-10-10,2019-11-08
MB1,31216,0.36414293249448143,0,30,2019-10-10,2019-11-08
MB1,31282,0.7789729317029317,0,30,2019-10-03,2019-11-01
MB1,31371,0.38496328790982565,0,30,2019-10-10,2019-11-08
MB1,31773,0.43835613230864207,0,30,2019-10-03,2019-11-01
MB1,31791,0.6291012207667033,0,30,2019-05-23,2019-07-21
MB1,31865,0.41094129383563993,0,30,2019-09-19,2019-10-18
MB1,31947,0.7629609068234762,0,30,2019-09-12,2019-10-11
MB1,31993,0.34933802286783855,0,30,2019-09-16,2019-10-15
MB1,32017,0.7308453102906545,0,30,2019-10-01,2019-10-30
MB1,32044,0.41083459854125975,0,30,2019-09-19,2019-10-18
MB1,32207,0.3929994165897369,0,30,2019-09-21,2019-10-20
MB1,32441,0.4253624091545741,0,30,2019-07-26,2019-10-31
MB1,32464,0.5376797566811243,0,30,2019-08-27,2019-11-08
MB1,32732,0.36255536576112113,0,30,2019-10-10,2019-11-08
MB1,32915,0.4567603508631388,0,30,2019-09-20,2019-10-19
MB1,33042,0.3130031287670135,0,30,2019-08-22,2019-11-08
MB1,33053,0.37336876392364504,0,30,2019-10-10,2019-11-08
MB1,33308,0.43382881383101146,0,30,2019-09-20,2019-10-19
MB1,33312,0.4338508407274882,0,30,2019-09-20,2019-10-19
MB1,33401,0.5429989834626515,0,30,2019-10-10,2019-11-08
MB1,33411,0.48237711787223814,0,30,2019-09-10,2019-11-08
MB1,33496,0.5429877897103628,0,30,2019-10-10,2019-11-08
MB1,33549,0.4028461704651515,0,30,2019-10-10,2019-11-08
MB1,33627,0.3906903127829234,0,30,2019-10-10,2019-11-08
MB1,33661,0.5459458192189535,0,30,2019-10-10,2019-11-08
MB1,33775,0.5022255371014277,0,30,2019-10-10,2019-11-08
MB1,33782,0.5022303799788157,0,30,2019-10-10,2019-11-08
MB1,33840,0.48140468109737744,0,22,2019-10-18,2019-11-08
MB1,34123,0.22314149836699168,0,30,2019-10-10,2019-11-08
MB1,34178,0.39341484506924945,0,30,2019-10-10,2019-11-08
MB1,34195,0.39294242560863496,0,30,2019-10-10,2019-11-08
MB1,34228,0.5914933760960897,0,30,2019-10-10,2019-11-08
MB1,34241,0.4600682775179545,0,30,2019-09-16,2019-10-15
MB1,34254,0.42297108272711437,0,30,2019-09-21,2019-10-20
MB1,34261,0.42297108272711437,0,30,2019-09-21,2019-10-20
MB1,34383,0.43918870786825814,0,30,2019-10-10,2019-11-08
MB1,34421,0.5102500884156478,0,19,2018-07-20,2018-08-07
MB1,34510,0.37579143544038135,0,30,2019-10-10,2019-11-08
MB1,34545,0.3480185717344284,0,30,2019-10-04,2019-11-02
MB1,34687,0.4231377830108007,0,30,2019-09-20,2019-10-19
MB1,34700,0.34769807358582816,0,30,2019-10-10,2019-11-08
MB1,34891,0.37080066204071044,0,30,2019-09-10,2019-11-08
MB1,35194,0.4391652961572011,0,30,2019-08-22,2019-10-20
MB1,35285,0.42543763717015587,0,30,2019-08-19,2019-10-17
MB1,35286,0.37708931267261503,0,30,2019-09-12,2019-10-11
MB1,35658,0.4136644870042801,0,30,2019-10-10,2019-11-08
MB1,35723,0.36630277931690214,0,30,2019-09-16,2019-10-15
MB1,35812,0.39951793253421786,0,30,2019-10-10,2019-11-08
MB1,35844,0.4407266100247701,0,30,2019-09-02,2019-10-01
MB1,35955,0.35263568063577017,0,30,2019-08-31,2019-11-08
MB1,36154,0.4369173268477122,0,30,2019-09-13,2019-10-12
MB1,36158,0.4369173268477122,0,30,2019-09-13,2019-10-12
MB1,36311,0.44082828760147097,0,30,2019-09-01,2019-09-30
MB1,36498,0.48405584692955017,0,7,2019-08-29,2019-10-04
MB1,36517,0.8633028308550517,0,30,2019-09-25,2019-10-24
MB1,36698,0.3559824854135513,0,30,2019-09-03,2019-10-02
MB1,36751,0.7785137454668681,0,30,2019-10-10,2019-11-08
MB1,36777,0.8638053913911183,0,30,2019-10-10,2019-11-08
MB1,36833,0.41385644574960073,0,30,2019-10-10,2019-11-08
MB1,37028,0.69373952349027,0,30,2019-09-09,2019-11-08
MB1,37270,0.4924495925505956,0,30,2019-10-10,2019-11-08
MB1,37281,0.3821504920721054,0,30,2019-10-10,2019-11-08
MB1,37398,0.4029613067706426,0,30,2019-10-04,2019-11-02
MB1,37406,0.24077798277139664,0,30,2019-09-10,2019-11-08
MB1,37734,0.39535676141579945,0,30,2019-09-20,2019-10-19
MB1,37864,0.4182211409012477,0,30,2019-09-24,2019-10-23
MB1,38095,0.39015205999215447,1,30,2018-03-25,2018-05-23
MB1,38284,0.6877192417780559,0,30,2019-10-10,2019-11-08
MB1,38459,0.41146975954373677,0,30,2019-09-20,2019-10-19
MB1,38619,0.5125286610502946,0,19,2018-07-20,2018-08-07
MB1,38770,0.39300895631313326,0,30,2019-10-10,2019-11-08
MB1,38928,0.3542037586371104,0,30,2019-10-10,2019-11-08
MB1,38986,0.6105640451113383,0,30,2019-10-10,2019-11-08
MB1,39012,0.7441999216874441,0,30,2019-10-10,2019-11-08
MB1,39088,0.3659871816635132,0,30,2019-09-08,2019-10-07
MB1,39251,0.39341114461421967,0,30,2019-10-10,2019-11-08
MB1,39451,0.5705400705337524,0,30,2019-10-10,2019-11-08
MB1,39486,0.4318052222331365,0,30,2019-09-10,2019-11-08
MB1,39544,0.40395735601584115,0,30,2019-09-19,2019-10-18
MB1,39594,0.466792752345403,0,30,2019-08-31,2019-09-29
MB1,39628,0.41578322649002075,0,30,2019-10-10,2019-11-08
MB1,39634,0.6764225165049235,0,30,2019-05-02,2019-07-17
MB1,39748,0.4332152138153712,0,30,2019-09-21,2019-10-20
MB1,39975,0.45648640394210815,0,30,2019-09-29,2019-10-28
MB1,40015,0.4632169137398402,0,30,2019-09-19,2019-10-18
MB1,40026,0.7507782479127248,0,30,2019-09-19,2019-10-18
MB1,40390,0.38486400147279104,0,30,2019-10-10,2019-11-08
MB1,40545,0.3627764453490575,0,30,2019-10-10,2019-11-08
MB1,40785,0.3321723649899165,0,30,2019-09-19,2019-10-18
MB1,40969,0.39347804089387256,0,30,2019-09-18,2019-10-17
MB1,41107,0.44588034649689995,0,30,2019-10-10,2019-11-08
MB1,41349,0.41086242298285164,0,30,2019-09-19,2019-10-18
MB1,41477,0.45594238738218945,0,30,2019-06-05,2019-11-08
MB1,41725,0.46679070591926575,0,30,2019-08-20,2019-10-18
MB1,41802,0.336823516090711,0,30,2019-09-18,2019-10-17
MB1,41919,0.4332747240861257,0,30,2019-09-21,2019-10-20
MB1,41942,0.39300895631313326,0,30,2019-10-10,2019-11-08
MB1,41983,0.39357705612977345,0,30,2019-10-10,2019-11-08
MB1,42365,0.375206384062767,1,30,2018-07-20,2018-08-18
MB1,42458,0.42173444231351215,0,30,2019-10-10,2019-11-08
MB1,42545,0.35127257704734804,0,30,2019-10-10,2019-11-08
MB1,42623,0.3934063225984573,0,30,2019-10-10,2019-11-08
MB1,43085,0.4959881534179052,0,30,2019-10-10,2019-11-08
MB1,43122,0.427122367421786,0,30,2019-08-21,2019-10-28
MB1,43237,0.46008526583512627,0,30,2019-09-16,2019-10-15
MB1,43248,0.37338011860847475,0,30,2019-10-10,2019-11-08
MB1,43353,0.3550647040208181,0,30,2019-10-10,2019-11-08
MB1,43468,0.41085292796293893,0,30,2019-09-19,2019-10-18
MB1,43482,0.4649169921875,0,30,2019-02-03,2019-05-20
MB1,43539,0.39291387498378755,0,30,2019-10-10,2019-11-08
MB1,43577,0.7250681420167288,0,30,2019-04-29,2019-05-28
MB1,43689,0.3463967909415563,0,30,2019-09-23,2019-10-22
MB1,43954,0.4586171984672546,0,30,2019-09-17,2019-10-16
MB1,43965,0.5562073528766632,0,30,2019-10-10,2019-11-08
MB2,217,0.3551024585962296,1,30,2018-07-18,2018-11-08
MB2,361,0.34244532187779747,0,30,2019-08-08,2019-11-08
MB2,476,0.24463401287794112,0,30,2019-08-23,2019-10-26
MB2,482,0.2446364666024844,0,30,2019-08-23,2019-10-26
MB2,503,0.29010081390539805,0,30,2019-09-10,2019-11-08
MB2,523,0.3343451778093974,0,30,2019-10-10,2019-11-08
MB2,563,0.2415421153108279,0,30,2019-08-31,2019-10-29
MB2,1233,0.28918105860551196,0,30,2019-10-10,2019-11-08
MB2,1358,0.5690293937921524,0,30,2018-04-11,2019-11-08
MB2,1413,0.2562708298365275,0,30,2019-09-27,2019-10-26
MB2,1501,0.6690592149893443,1,30,2019-03-20,2019-04-18
MB2,1980,0.29925022423267367,0,30,2019-08-30,2019-11-02
MB2,2240,0.27753350834051765,0,30,2019-10-10,2019-11-08
MB2,2529,0.2886867880821228,0,30,2019-08-21,2019-10-19
MB2,2585,0.2694631357987722,0,30,2019-10-10,2019-11-08
MB2,2745,0.5298906286557515,0,30,2019-06-09,2019-10-08
MB2,2771,0.25188448627789817,0,30,2019-09-19,2019-10-18
MB2,3063,0.27785319884618126,0,30,2019-09-16,2019-10-15
MB2,3100,0.2884518583615621,0,30,2019-10-10,2019-11-08
MB2,3141,0.24875697791576384,0,30,2019-09-15,2019-10-14
MB2,3179,0.2833692600329717,0,30,2019-10-10,2019-11-08
MB2,3528,0.2735273788372676,0,30,2019-10-10,2019-11-08
MB2,3565,0.48098636865615846,0,30,2019-10-10,2019-11-08
MB2,3592,0.27189667721589406,0,30,2019-10-10,2019-11-08
MB2,3608,0.4020903905232747,0,30,2018-03-20,2018-04-18
MB2,3647,0.3327184945344925,0,30,2019-10-10,2019-11-08
MB2,3656,0.7263270358244578,0,30,2019-09-11,2019-10-10
MB2,3663,0.7355052014191945,0,30,2019-09-11,2019-10-10
MB2,3674,0.28887631396452584,0,30,2019-10-10,2019-11-08
MB2,4025,0.2651981780926386,0,30,2019-10-10,2019-11-08
MB2,4115,0.7803948581218719,0,30,2019-09-09,2019-11-08
MB2,4138,0.24438198308149975,0,30,2019-09-16,2019-10-15
MB2,4177,0.2445352519551913,0,30,2019-10-10,2019-11-08
MB2,4235,0.4465388059616089,0,30,2019-09-30,2019-10-29
MB2,4424,0.2759676535924276,0,30,2019-09-27,2019-10-26
MB2,4514,0.36303740243117016,0,30,2019-10-10,2019-11-08
MB2,4554,0.33283723990122477,0,30,2019-10-10,2019-11-08
MB2,4624,0.24782231698433557,0,30,2019-10-10,2019-11-08
MB2,4704,0.339985728263855,0,30,2019-10-10,2019-11-08
MB2,4792,0.3888484865427017,0,30,2019-09-20,2019-10-19
MB2,4950,0.29364660183588664,0,30,2019-10-04,2019-11-02
MB2,5088,0.30822600722312926,0,30,2019-10-10,2019-11-08
MB2,5252,0.25371490319569906,0,30,2019-09-25,2019-10-24
MB2,5442,0.5760441362857819,0,30,2019-10-10,2019-11-08
MB2,5884,0.29032603005568186,0,30,2019-08-27,2019-09-25
MB2,6096,0.2798556645711263,0,30,2019-10-10,2019-11-08
MB2,6226,0.31706616183122,0,30,2019-08-21,2019-10-19
MB2,6298,0.24713045010964077,0,30,2019-08-11,2019-11-08
MB2,6425,0.3374318778514862,0,30,2019-09-04,2019-11-08
MB2,6561,0.4237718145052592,0,30,2019-10-10,2019-11-08
MB2,6730,0.29723695317904153,0,30,2019-10-10,2019-11-08
MB2,7003,0.3212298840284348,0,30,2019-10-04,2019-11-02
MB2,7363,0.25585065484046937,0,30,2019-08-23,2019-10-21
MB2,7476,0.3588233232498169,0,30,2019-06-11,2019-09-05
MB2,7514,0.23402775327364603,0,30,2019-10-10,2019-11-08
MB2,7556,0.24116124163071315,0,30,2019-09-19,2019-10-18
MB2,7597,0.2978332171837489,0,30,2019-10-10,2019-11-08
MB2,7600,0.2713360379139582,0,30,2019-10-10,2019-11-08
MB2,7625,0.3404736836751302,0,30,2019-09-10,2019-11-08
MB2,7687,0.32904321551322935,0,30,2019-10-10,2019-11-08
MB2,7693,0.2699607521295547,0,30,2019-09-10,2019-11-08
MB2,7768,0.3191903303066889,0,30,2019-10-10,2019-11-08
MB2,7968,0.34750181138515474,0,30,2019-09-01,2019-09-30
MB2,8023,0.3348477691411972,0,30,2019-09-16,2019-10-15
MB2,8048,0.28270267844200136,0,30,2019-10-10,2019-11-08
MB2,8078,0.39288358787695565,0,30,2019-09-10,2019-11-08
MB2,8171,0.2794611136118571,0,30,2019-09-19,2019-10-18
MB2,8209,0.5732295513153076,0,30,2019-01-22,2019-02-20
MB2,8332,0.2967157393693924,0,30,2019-10-10,2019-11-08
MB2,8653,0.28007610340913136,0,30,2019-10-02,2019-10-31
MB2,8701,0.44990545908610025,0,30,2018-07-06,2018-09-09
MB2,8734,0.623902428150177,0,30,2018-03-10,2018-04-08
MB2,8934,0.24062039305766422,0,30,2019-09-16,2019-10-15
MB2,8937,0.24062039305766422,0,30,2019-09-16,2019-10-15
MB2,8948,0.25905994574228924,0,30,2019-10-10,2019-11-08
MB2,8993,0.35886784295241037,0,30,2019-08-21,2019-11-08
MB2,9000,0.35886784295241037,0,30,2019-08-21,2019-11-08
MB2,9078,0.7849077999591827,0,30,2019-10-10,2019-11-08
MB2,9144,0.26089179317156475,0,30,2019-10-02,2019-10-31
MB2,9283,0.270888215303421,1,30,2019-01-20,2019-02-18
MB2,9332,0.3046191285053889,0,30,2019-09-16,2019-10-15
MB2,9519,0.5476906180381775,0,30,2019-07-15,2019-11-08
MB2,9989,0.24604907979567844,0,30,2019-08-30,2019-09-28
MB2,10119,0.6062414824962616,0,30,2018-09-02,2018-10-01
MB2,10230,0.2714689860741297,0,30,2018-07-08,2018-09-09
MB2,10312,0.4244103342294693,0,30,2019-10-10,2019-11-08
MB2,10318,0.3176979055007299,0,30,2019-09-11,2019-10-10
MB2,10819,0.3191903303066889,0,30,2019-10-10,2019-11-08
MB2,10960,0.46931720674037936,0,30,2019-08-24,2019-09-22
MB2,11046,0.2605878214041392,0,30,2019-09-19,2019-10-18
MB2,11190,0.6672788560390472,0,30,2018-06-29,2018-09-09
MB2,11196,0.6811624765396118,0,30,2018-06-29,2018-09-09
MB2,11283,0.2880736549695333,0,30,2019-10-10,2019-11-08
MB2,11326,0.24068913012742996,0,30,2019-10-10,2019-11-08
MB2,11401,0.2481180965900421,0,30,2019-09-16,2019-10-15
MB2,11407,0.3086886574824651,0,30,2019-10-10,2019-11-08
MB2,11408,0.679517138004303,0,30,2019-10-03,2019-11-01
MB2,11617,0.4431763102610906,0,30,2019-08-11,2019-11-08
MB2,11777,0.4228334903717041,0,30,2019-10-10,2019-11-08
MB2,11868,0.2676378200451533,0,30,2019-10-10,2019-11-08
MB2,11897,0.2912714143594106,0,30,2019-08-25,2019-09-23
MB2,12023,0.33862015008926394,0,30,2019-10-10,2019-11-08
MB2,12045,0.2923031618197759,0,30,2019-09-16,2019-10-15
MB2,12271,0.32831523219744363,0,30,2019-10-10,2019-11-08
MB2,12295,0.2900915503501892,0,30,2019-10-10,2019-11-08
MB2,12310,0.2694702684879303,0,30,2019-10-10,2019-11-08
MB2,12379,0.2440955733259519,0,30,2019-09-16,2019-10-15
MB2,12443,0.23644919494787853,0,30,2019-10-10,2019-11-08
MB2,12483,0.2664773384730021,0,30,2019-08-21,2019-11-08
MB2,12710,0.310238986214002,0,30,2019-08-11,2019-11-08
MB2,13068,0.33461596568425495,0,30,2019-10-10,2019-11-08
MB2,13088,0.3253538340330124,0,30,2019-09-30,2019-10-29
MB2,13097,0.24488187084595361,0,30,2019-10-10,2019-11-08
MB2,13225,0.25057975500822066,0,30,2019-09-19,2019-10-18
MB2,13356,0.3176619718472163,0,30,2019-09-13,2019-10-12
MB2,13400,0.25003887166579564,0,30,2019-09-10,2019-11-08
MB2,13461,0.35226597885290784,0,30,2019-08-20,2019-09-18
MB2,13515,0.2956665317217509,0,30,2019-10-10,2019-11-08
MB2,13562,0.25385016699632007,0,30,2019-09-19,2019-10-18
MB2,13571,0.2538501660029093,0,30,2019-09-19,2019-10-18
MB2,13755,0.321585147579511,0,30,2019-09-16,2019-10-15
MB2,13760,0.321585147579511,0,30,2019-09-16,2019-10-15
MB2,13762,0.32159155011177065,0,30,2019-09-16,2019-10-15
MB2,13847,0.3370587428410848,0,30,2019-10-10,2019-11-08
MB2,13899,0.282160085439682,0,30,2019-09-19,2019-10-18
MB2,13919,0.45594782729943595,0,30,2019-10-10,2019-11-08
MB2,13920,0.6179884155591329,0,30,2018-12-23,2019-02-20
MB2,14152,0.36932233572006223,0,30,2019-08-22,2019-09-20
MB2,14155,0.36932233572006223,0,30,2019-08-22,2019-09-20
MB2,14162,0.36521660486857094,0,30,2019-10-10,2019-11-08
MB2,14274,0.28061463435490924,0,30,2019-09-29,2019-10-28
MB2,14352,0.3226216365893682,0,30,2019-08-23,2019-10-21
MB2,14700,0.7892033477624257,0,30,2019-10-10,2019-11-08
MB2,14795,0.46427714129288994,0,30,2019-10-10,2019-11-08
MB2,14806,0.28241778115431465,0,30,2019-10-10,2019-11-08
MB2,15025,0.313934925198555,0,30,2019-09-17,2019-10-16
MB2,15335,0.28321075240770976,0,30,2018-02-28,2018-07-26
MB2,15343,0.4370188524325689,0,30,2018-02-28,2018-07-26
MB2,15449,0.2887898047765096,0,30,2019-08-30,2019-09-28
MB2,15696,0.2884224911530813,0,30,2019-09-16,2019-10-15
MB2,15741,0.2865734189748764,0,30,2019-10-10,2019-11-08
MB2,15879,0.3428980439901352,0,30,2019-10-10,2019-11-08
MB2,16139,0.23940323491891224,0,30,2019-09-15,2019-10-14
MB2,16160,0.2543388436237971,0,30,2019-09-15,2019-10-14
MB2,16234,0.24087789952754973,0,30,2019-10-10,2019-11-08
MB2,16326,0.35268608132998147,0,30,2019-10-10,2019-11-08
MB2,16335,0.39555664360523224,0,30,2019-10-10,2019-11-08
MB2,16369,0.33636643588542936,0,30,2019-10-10,2019-11-08
MB2,16613,0.24755814522504807,0,30,2019-09-22,2019-10-21
MB2,16741,0.4950551986694336,0,30,2019-09-05,2019-11-08
MB2,16817,0.3740652898947398,0,30,2019-10-10,2019-11-08
MB2,17288,0.41897612313429516,0,30,2019-01-08,2019-02-06
MB2,17492,0.33635030885537465,0,30,2019-10-10,2019-11-08
MB2,17675,0.3098665376504262,0,30,2019-10-10,2019-11-08
MB2,17741,0.25053870330254235,0,30,2019-08-09,2019-10-31
MB2,17786,0.2445399805903435,0,30,2019-10-10,2019-11-08
MB2,17980,0.3414901614189148,0,30,2019-09-09,2019-10-08
MB2,18035,0.46892754094941275,0,28,2018-06-29,2018-07-26
MB2,18077,0.24257904440164565,0,30,2019-09-28,2019-10-27
MB2,18168,0.2661954621473948,0,30,2019-10-10,2019-11-08
MB2,18325,0.38152848978837334,0,30,2019-10-10,2019-11-08
MB2,18399,0.30638985335826874,0,30,2019-10-10,2019-11-08
MB2,18562,0.5540488511323929,0,30,2018-04-11,2019-11-08
MB2,18788,0.24044606784979503,0,30,2019-10-05,2019-11-03
MB2,18829,0.24840593536694844,0,30,2019-10-10,2019-11-08
MB2,18898,0.31564062436421714,0,30,2019-09-02,2019-10-31
MB2,19009,0.2694339235623678,0,30,2019-10-10,2019-11-08
MB2,19113,0.2888072460889816,0,30,2019-09-10,2019-11-08
MB2,19189,0.29674854278564455,0,30,2019-09-19,2019-10-18
MB2,19227,0.23938044210275014,0,30,2019-09-10,2019-11-08
MB2,19345,0.2478495548168818,0,30,2019-09-29,2019-10-28
MB2,19348,0.2478495548168818,0,30,2019-09-29,2019-10-28
MB2,19372,0.37739865680535634,0,30,2019-10-10,2019-11-08
MB2,19405,0.2993843545516332,0,30,2019-09-10,2019-11-08
MB2,19552,0.26524055302143096,0,30,2019-10-10,2019-11-08
MB2,19720,0.2884224911530813,0,30,2019-09-16,2019-10-15
MB2,19901,0.2815394302209218,0,30,2019-10-10,2019-11-08
MB2,20092,0.2582740883032481,0,30,2019-10-10,2019-11-08
MB2,20157,0.2519763251145681,0,30,2019-09-19,2019-10-18
MB2,20463,0.29109534124533337,0,30,2019-10-02,2019-10-31
MB2,20568,0.3981230099995931,0,30,2018-03-20,2018-04-18
MB2,20835,0.32983402808507284,0,30,2019-10-10,2019-11-08
MB2,21328,0.2800115336974462,0,30,2019-10-10,2019-11-08
MB2,21459,0.24153147985537846,0,30,2019-09-10,2019-11-08
MB2,21472,0.42377579510211943,0,30,2019-10-10,2019-11-08
MB2,21512,0.24600268602371217,0,30,2019-10-10,2019-11-08
MB2,21534,0.3343451778093974,0,30,2019-10-10,2019-11-08
MB2,21540,0.3942921956380208,0,30,2019-10-10,2019-11-08
MB2,21673,0.38102872570355734,0,30,2019-09-26,2019-10-25
MB2,21693,0.3362375597159068,0,30,2019-10-10,2019-11-08
MB2,21762,0.3204261442025503,0,30,2019-10-10,2019-11-08
MB2,21768,0.2691433688004812,0,30,2019-07-24,2019-10-21
MB2,21816,0.32960414290428164,0,30,2018-06-30,2018-09-09
MB2,22054,0.5045896291732788,0,30,2019-08-31,2019-10-30
MB2,22187,0.2597040782372157,0,30,2019-10-10,2019-11-08
MB2,22439,0.2875422924757004,0,30,2019-09-16,2019-10-15
MB2,22488,0.28015761375427245,0,30,2019-10-10,2019-11-08
MB2,22495,0.281952303647995,0,30,2019-10-10,2019-11-08
MB2,22709,0.6224953174591065,0,30,2018-07-12,2018-09-09
MB2,22847,0.2881261815627416,0,30,2019-10-10,2019-11-08
MB2,23015,0.6096821308135987,0,30,2018-06-18,2018-07-17
MB2,23093,0.784897118806839,0,30,2018-08-11,2018-09-09
MB2,23217,0.4183028926452001,0,30,2019-09-09,2019-11-08
MB2,23292,0.308173876007398,0,30,2019-10-10,2019-11-08
MB2,23418,0.2740194926659266,0,30,2019-09-10,2019-11-08
MB2,23524,0.4386003613471985,0,30,2019-10-10,2019-11-08
MB2,23570,0.2802946855624517,0,30,2019-09-28,2019-10-27
MB2,23766,0.2943109114964803,0,30,2019-10-10,2019-11-08
MB2,23880,0.9465544104576111,0,30,2019-09-19,2019-10-18
MB2,24021,0.36297128995259603,0,30,2019-08-31,2019-11-08
MB2,24137,0.5944588243961334,0,30,2019-09-26,2019-10-25
MB2,24373,0.3087112824122111,0,30,2019-10-10,2019-11-08
MB2,24506,0.798383108774821,0,30,2019-10-02,2019-10-31
MB2,24528,0.2855016420284907,0,30,2019-08-30,2019-09-28
MB2,24956,0.3132019321123759,0,30,2019-09-20,2019-10-19
MB2,25011,0.27962886691093447,0,30,2019-10-10,2019-11-08
MB2,25175,0.2836305300394694,0,30,2019-10-10,2019-11-08
MB2,25358,0.3310283084710439,0,30,2019-10-10,2019-11-08
MB2,25399,0.24200430711110432,0,30,2019-10-10,2019-11-08
MB2,25618,0.33392127652963005,0,30,2019-10-08,2019-11-06
MB2,25716,0.553873614470164,0,30,2019-10-10,2019-11-08
MB2,25718,0.2752345750729243,0,30,2019-10-10,2019-11-08
MB2,25989,0.2509076754252116,0,30,2019-09-19,2019-10-18
MB2,25997,0.2509076754252116,0,30,2019-09-19,2019-10-18
MB2,26135,0.27000192503134407,0,30,2019-10-10,2019-11-08
MB2,26247,0.28488919834295906,0,30,2019-10-05,2019-11-03
MB2,26441,0.31193694571654,0,30,2019-09-10,2019-11-08
MB2,26497,0.277483868598938,0,30,2019-09-19,2019-10-18
MB2,26508,0.6950118939081827,0,30,2018-07-12,2018-09-09
MB2,26980,0.24206662674744925,0,30,2019-10-10,2019-11-08
MB2,27201,0.604673312107722,0,30,2019-10-10,2019-11-08
MB2,27400,0.3245042900244395,0,30,2019-06-11,2019-11-08
MB2,27620,0.2697116404771805,0,30,2019-10-02,2019-10-31
MB2,27810,0.281851135691007,0,30,2019-09-19,2019-10-18
MB2,27876,0.260268838206927,0,30,2019-08-25,2019-09-23
MB2,27936,0.31162416040897367,0,30,2019-10-10,2019-11-08
MB2,27939,0.5806236426035564,0,30,2019-08-24,2019-09-22
MB2,28115,0.28685989876588186,0,30,2019-09-09,2019-11-08
MB2,28204,0.6615238984425863,0,30,2019-10-10,2019-11-08
MB2,28219,0.2406156321366628,0,30,2019-09-16,2019-10-15
MB2,28542,0.23659743616978327,0,30,2019-10-10,2019-11-08
MB2,28578,0.3584880451361338,0,30,2019-09-17,2019-10-16
MB2,28717,0.5283972541491191,1,30,2019-07-24,2019-08-22
MB2,28926,0.2899092386166255,0,30,2019-04-06,2019-05-05
MB2,28964,0.32807428340117134,0,30,2019-10-10,2019-11-08
MB2,29002,0.23668091098467509,0,30,2019-10-10,2019-11-08
MB2,29256,0.282342196504275,0,30,2019-08-20,2019-09-18
MB2,29289,0.3234528015057246,0,30,2019-09-10,2019-11-08
MB2,29518,0.30002826352914175,0,30,2019-08-26,2019-09-24
MB2,29732,0.2716517984867096,0,30,2019-09-10,2019-11-08
MB2,29908,0.6028520991404851,0,30,2019-06-02,2019-11-08
MB2,30003,0.5531064679225286,0,30,2019-08-24,2019-10-22
MB2,30192,0.2955262770255407,0,30,2019-10-10,2019-11-08
MB2,30373,0.2698452760775884,0,30,2019-09-14,2019-10-13
MB2,30393,0.33432861665884656,0,30,2019-10-10,2019-11-08
MB2,30597,0.7608327448368073,0,30,2019-10-10,2019-11-08
MB2,30805,0.8563494344552358,0,30,2019-09-09,2019-11-08
MB2,30811,0.29539788564046227,0,30,2019-08-25,2019-09-23
MB2,30831,0.27329346934954324,0,30,2019-04-14,2019-06-12
MB2,31017,0.27552852431933084,0,30,2019-09-10,2019-11-08
MB2,31042,0.294490843017896,0,30,2019-10-10,2019-11-08
MB2,31207,0.28434503376483916,0,30,2019-08-05,2019-11-08
MB2,31217,0.28434503376483916,0,30,2019-08-05,2019-11-08
MB2,31296,0.23723574231068292,0,30,2019-10-06,2019-11-04
MB2,31297,0.23723574231068292,0,30,2019-10-06,2019-11-04
MB2,31305,0.26518396933873495,0,30,2019-10-10,2019-11-08
MB2,31336,0.3415089180072149,0,30,2019-09-20,2019-10-19
MB2,31470,0.6960368474324544,0,30,2019-08-24,2019-10-22
MB2,31486,0.27230996588865913,0,30,2019-10-10,2019-11-08
MB2,31650,0.241216937204202,0,30,2019-10-10,2019-11-08
MB2,31775,0.32042109171549477,0,30,2019-10-10,2019-11-08
MB2,31856,0.26632594764232637,0,30,2019-09-28,2019-10-27
MB2,31883,0.24889525920152664,0,30,2019-10-10,2019-11-08
MB2,31986,0.24462059835592906,0,30,2019-10-10,2019-11-08
MB2,32027,0.27200818856557213,0,30,2019-09-10,2019-11-08
MB2,32047,0.2596118758122126,0,30,2019-10-10,2019-11-08
MB2,32480,0.3447076936562856,0,30,2019-08-26,2019-09-24
MB2,32613,0.3492826908826828,0,30,2019-10-08,2019-11-06
MB2,32911,0.3606843094031016,0,30,2019-09-24,2019-10-23
MB2,33198,0.2581336756547292,0,30,2019-07-31,2019-10-16
MB2,33273,0.4032313694556554,0,30,2019-07-31,2019-08-29
MB2,33289,0.5978439331054688,0,30,2019-10-10,2019-11-08
MB2,33351,0.5069235275189082,0,30,2019-10-10,2019-11-08
MB2,33390,0.8103415846824646,0,30,2018-12-27,2019-01-25
MB2,33518,0.2746136864026388,0,30,2019-09-02,2019-11-08
MB2,33568,0.24608438909053804,0,30,2019-09-02,2019-10-01
MB2,33633,0.32779557903607687,0,30,2019-10-04,2019-11-02
MB2,33833,0.27121421198050183,0,30,2019-09-10,2019-11-08
MB2,33906,0.2798572878042857,0,30,2019-09-29,2019-10-28
MB2,34117,0.25918842256069186,0,30,2019-09-03,2019-10-02
MB2,34275,0.373739496866862,0,30,2019-10-10,2019-11-08
MB2,34287,0.52340869307518,0,30,2019-04-16,2019-05-15
MB2,34306,0.3674209664265315,0,30,2019-10-10,2019-11-08
MB2,34338,0.5441345234711965,0,30,2019-10-02,2019-10-31
MB2,34408,0.2699992060661316,0,30,2019-10-10,2019-11-08
MB2,34521,0.24782215853532155,0,30,2019-10-10,2019-11-08
MB2,34671,0.26154275635878244,0,30,2019-10-10,2019-11-08
MB2,34941,0.24067877729733786,0,30,2019-10-10,2019-11-08
MB2,35257,0.34576408167680106,0,30,2019-10-10,2019-11-08
MB2,35299,0.2910248835881551,0,30,2019-07-14,2019-11-08
MB2,35314,0.31229510804017385,0,30,2019-10-10,2019-11-08
MB2,35374,0.2787268141905467,0,30,2019-10-10,2019-11-08
MB2,35745,0.2880749722321828,0,30,2019-10-10,2019-11-08
MB2,35773,0.29393937488396965,0,30,2019-10-10,2019-11-08
MB2,35782,0.12828074420491856,0,30,2019-10-10,2019-11-08
MB2,36017,0.2929005593061447,0,30,2019-09-16,2019-10-15
MB2,36039,0.2965824107329051,0,30,2019-10-10,2019-11-08
MB2,36069,0.27307190497716266,0,30,2019-09-10,2019-11-08
MB2,36070,0.27307187219460805,0,30,2019-09-10,2019-11-08
MB2,36776,0.36608248551686606,1,30,2018-04-01,2018-05-30
MB2,37024,0.3921043686568737,0,8,2018-02-01,2018-02-08
MB2,37206,0.20962662746508917,0,30,2019-09-16,2019-10-15
MB2,37211,0.2531599978605906,0,30,2019-09-19,2019-10-18
MB2,37313,0.2634321252504985,0,30,2019-10-10,2019-11-08
MB2,37434,0.2826756715774536,0,30,2019-10-10,2019-11-08
MB2,37523,0.2963028719027837,0,30,2019-09-10,2019-10-09
MB2,37652,0.3403204967578252,0,30,2019-10-10,2019-11-08
MB2,37738,0.28918637335300446,0,30,2019-10-10,2019-11-08
MB2,38001,0.2490056092540423,0,30,2019-09-07,2019-10-06
MB2,38048,0.32700625658035276,0,30,2019-09-24,2019-10-23
MB2,38050,0.22889824211597443,0,16,2018-05-19,2019-09-14
MB2,38174,0.2856364061435064,0,30,2019-10-10,2019-11-08
MB2,38240,0.35671489338080087,0,30,2019-10-07,2019-11-05
MB2,38329,0.26994098027547203,0,30,2019-09-09,2019-11-07
MB2,38577,0.32893944581349693,0,30,2019-10-10,2019-11-08
MB2,38617,0.2612412611643473,0,30,2019-09-14,2019-10-13
MB2,38772,0.3245939334233602,0,30,2019-10-10,2019-11-08
MB2,38817,0.33927374382813774,0,30,2019-10-10,2019-11-08
MB2,38861,0.34422793289025627,0,30,2019-10-10,2019-11-08
MB2,38906,0.2650717387596766,0,30,2019-09-30,2019-10-29
MB2,39148,0.31056341230869294,0,30,2019-10-10,2019-11-08
MB2,39168,0.33758766353130343,0,30,2019-10-10,2019-11-08
MB2,39202,0.3240494171778361,0,30,2019-10-10,2019-11-08
MB2,39433,0.2875422924757004,0,30,2019-09-16,2019-10-15
MB2,39457,0.3114778161048889,0,30,2019-08-19,2019-10-26
MB2,39508,0.27890714605649314,0,30,2019-08-16,2019-10-14
MB2,39512,0.27377779384454093,0,30,2019-10-10,2019-11-08
MB2,39520,0.28388033707936605,0,30,2019-10-08,2019-11-06
MB2,39679,0.7362266381581625,0,30,2019-09-19,2019-10-18
MB2,39742,0.2820866942405701,0,30,2019-10-10,2019-11-08
MB2,39907,0.29236699442068736,0,30,2019-09-16,2019-10-15
MB2,39978,0.3174123932917913,0,30,2019-10-10,2019-11-08
MB2,40186,0.25465275247891744,0,30,2019-09-19,2019-10-18
MB2,40389,0.35714786251386005,0,30,2019-10-10,2019-11-08
MB2,40467,0.2887304047743479,0,30,2019-10-10,2019-11-08
MB2,40490,0.28807891805966696,0,30,2019-10-10,2019-11-08
MB2,40522,0.613021566470464,0,30,2019-09-10,2019-11-08
MB2,40805,0.34774381120999653,0,30,2018-12-30,2019-01-28
MB2,40808,0.31073273221651715,0,30,2019-10-10,2019-11-08
MB2,40814,0.2507954070965449,0,30,2019-09-10,2019-11-08
MB2,40939,0.6198262910048167,0,30,2018-07-11,2018-09-09
MB2,40945,0.27689986725648247,0,30,2019-03-19,2019-07-15
MB2,41159,0.8366552054882049,0,30,2019-09-04,2019-11-02
MB2,41208,0.27732487916946413,0,30,2019-10-10,2019-11-08
MB2,41334,0.2511380905906359,0,30,2019-09-19,2019-10-18
MB2,41341,0.2511380905906359,0,30,2019-09-19,2019-10-18
MB2,41404,0.2451570103565852,0,30,2019-09-19,2019-10-18
MB2,41540,0.6237305720647176,0,30,2018-10-31,2019-01-01
MB2,41603,0.34740501443545024,0,30,2019-10-10,2019-11-08
MB2,41615,0.2884649256865183,0,30,2019-10-02,2019-10-31
MB2,41731,0.29132344921429953,0,30,2019-10-10,2019-11-08
MB2,41738,0.29132344921429953,0,30,2019-10-10,2019-11-08
MB2,41930,0.2884623686472575,0,30,2019-10-10,2019-11-08
MB2,42036,0.2533743073542913,0,30,2019-10-10,2019-11-08
MB2,42108,0.39610876540342965,0,30,2019-08-18,2019-10-16
MB2,42116,0.308578767379125,0,30,2019-10-10,2019-11-08
MB2,42224,0.3412439485390981,0,30,2019-10-10,2019-11-08
MB2,42250,0.31756292978922523,0,30,2019-09-20,2019-10-19
MB2,42458,0.2419944941997528,0,30,2019-10-10,2019-11-08
MB2,42491,0.34483310878276824,0,30,2019-09-23,2019-10-22
MB2,42524,0.4846136083205541,0,30,2019-09-19,2019-10-18
MB2,42782,0.24593840688467025,0,30,2019-09-24,2019-10-23
MB2,42794,0.4544829120238622,0,30,2019-09-09,2019-11-08
MB2,42955,0.3069148868322372,0,30,2019-09-04,2019-11-02
MB2,42959,0.3069148868322372,0,30,2019-09-04,2019-11-02
MB2,43083,0.311808051665624,0,30,2019-10-10,2019-11-08
MB2,43143,0.7365033169587453,0,30,2019-10-10,2019-11-08
MB2,43483,0.27981737852096555,0,30,2019-09-14,2019-10-13
MB2,43537,0.26611328025658926,0,30,2019-10-07,2019-11-05
MB2,43898,0.2519059687852859,0,30,2019-09-12,2019-10-11
MB2,43907,0.7220756649971009,0,30,2019-03-01,2019-11-08
MB2,44079,0.29703227877616883,0,30,2019-10-10,2019-11-08
MB2,44127,0.33616692225138345,0,30,2018-08-11,2018-09-09
MB2,44202,0.321703694264094,0,30,2019-10-10,2019-11-08
MB2,44272,0.2873991161584854,0,30,2019-09-19,2019-10-18
MB2,44287,0.2478377322355906,0,30,2019-09-12,2019-10-11
MB2,44495,0.32456615269184114,0,30,2019-09-10,2019-11-08
MB2,44739,0.24479155242443085,0,30,2019-09-10,2019-11-08
MB2,44899,0.3397852589686712,0,30,2019-09-18,2019-10-17
MB2,44970,0.2873702019453049,0,30,2019-10-01,2019-10-30
MB2,44971,0.2873702019453049,0,30,2019-10-01,2019-10-30
MB2,45023,0.40163540045420326,0,30,2018-03-19,2018-04-17
MB2,45175,0.2631689270337423,0,30,2019-09-26,2019-10-25
MB2,45676,0.2928936282793681,0,30,2019-09-16,2019-10-15
MB2,45896,0.240541643400987,0,30,2019-10-10,2019-11-08
MB2,46165,0.7778074045976003,0,30,2019-09-23,2019-10-22
MB2,46191,0.3436865607897441,0,30,2019-10-10,2019-11-08
MB2,46359,0.4393016278743744,0,30,2019-09-23,2019-10-22
MB2,46457,0.3294628322124481,0,30,2019-10-10,2019-11-08
MB2,46475,0.37307806611061095,0,30,2018-07-12,2018-09-09
MB2,46624,0.3593273043632507,0,30,2019-10-10,2019-11-08
MB2,46750,0.32983402808507284,0,30,2019-10-10,2019-11-08
MB2,46824,0.6033706982930501,0,30,2019-09-18,2019-10-17
MB2,46871,0.2693295905987422,0,30,2019-10-10,2019-11-08
MB2,46942,0.4745879660050074,0,30,2019-09-09,2019-11-08
MB2,46985,0.2868276804685593,0,30,2019-10-10,2019-11-08
MB2,47026,0.2837421506643295,0,30,2019-09-10,2019-11-08
MB2,47034,0.3245596498250961,0,30,2019-10-05,2019-11-03
MB2,47043,0.2485639601945877,0,30,2019-10-10,2019-11-08
MB2,47154,0.3160351614157359,0,30,2019-10-10,2019-11-08
MB2,47499,0.29166295429070793,0,30,2019-09-04,2019-11-08
MB2,47597,0.27160060306390127,0,30,2019-10-10,2019-11-08
MB2,47719,0.3519846697648366,0,30,2019-10-10,2019-11-08
MB2,47756,0.31668206850687664,0,30,2019-09-19,2019-10-18
MB2,47790,0.752847675482432,0,30,2019-10-10,2019-11-08
MB2,47840,0.2520047684510549,0,30,2019-08-25,2019-09-23
MB2,48197,0.2805001219113668,0,30,2019-10-10,2019-11-08
MB2,48334,0.29071296950181325,0,30,2019-10-10,2019-11-08
MB2,48484,0.3254982203245163,0,30,2019-10-10,2019-11-08
MB2,48512,0.4797720551490784,0,30,2019-01-21,2019-02-19
MB2,48585,0.30351903637250266,0,30,2019-10-10,2019-11-08
MB2,48728,0.437844388683637,0,30,2019-09-08,2019-10-07
MB2,48786,0.2561316967010498,0,30,2019-10-10,2019-11-08
MB2,49072,0.518809829155604,0,30,2019-08-29,2019-09-27
MB2,49118,0.7057766656080882,0,30,2019-09-23,2019-10-22
MC1,7,0.5682113478581111,0,30,2019-09-10,2019-11-08
MC1,15,0.6196190774440765,0,30,2019-09-19,2019-10-18
MC1,61,0.41573040584723153,0,30,2019-08-16,2019-09-14
MC1,161,0.8472521722316741,0,30,2019-10-10,2019-11-08
MC1,164,0.9135663112004598,0,30,2019-10-10,2019-11-08
MC1,223,0.8170250336329142,0,30,2019-10-03,2019-11-01
MC1,407,0.8335473040739695,0,30,2019-09-17,2019-10-16
MC1,431,0.8223750293254852,0,30,2019-10-10,2019-11-08
MC1,452,0.4917857984701792,0,30,2019-10-02,2019-10-31
MC1,565,0.5091092665990193,0,30,2019-09-04,2019-10-03
MC1,671,0.625448093811671,0,30,2019-10-10,2019-11-08
MC1,703,0.5994236846764882,0,30,2019-09-11,2019-10-10
MC1,731,0.7190070927143097,0,30,2019-10-10,2019-11-08
MC1,770,0.5595609505971273,0,30,2019-09-17,2019-10-16
MC1,890,0.43301046391328174,1,30,2019-05-21,2019-07-19
MC1,1084,0.39482605854670205,0,30,2019-10-10,2019-11-08
MC1,1155,0.5334860801696777,0,30,2019-09-20,2019-10-19
MC1,1230,0.3992544780174891,0,30,2019-09-18,2019-10-17
MC1,1271,0.5875553528467814,0,30,2019-05-14,2019-06-12
MC1,1306,0.44874705175558727,0,30,2019-09-10,2019-11-08
MC1,1406,0.4878225694100062,0,30,2019-10-10,2019-11-08
MC1,1465,0.6457664549350739,0,30,2019-10-10,2019-11-08
MC1,1492,0.909092269341151,0,30,2019-10-10,2019-11-08
MC1,1510,0.6434942742188772,0,30,2019-09-10,2019-11-08
MC1,1637,0.8993854482968648,0,30,2019-09-09,2019-11-08
MC1,1854,0.7173382202784221,0,30,2019-09-19,2019-10-18
MC1,2032,0.8051563461621603,0,30,2019-10-05,2019-11-03
MC1,2624,0.39740372796853385,0,30,2018-12-27,2019-01-25
MC1,2835,0.7823309977849324,0,30,2019-10-02,2019-10-31
MC1,2891,0.8353414098421733,0,30,2019-10-10,2019-11-08
MC1,2925,0.41991960008939105,0,30,2019-09-16,2019-10-15
MC1,2977,0.8377213696638743,0,30,2019-09-21,2019-10-20
MC1,2990,0.7045312960942586,0,30,2019-09-10,2019-11-08
MC1,3188,0.4057435741027196,0,30,2019-05-05,2019-06-03
MC1,3300,0.4085904230674108,0,30,2019-10-10,2019-11-08
MC1,3341,0.8659610311190288,0,30,2019-05-14,2019-06-12
MC1,3510,0.6418328841527303,0,30,2019-10-10,2019-11-08
MC1,3566,0.6841138362884521,0,30,2019-10-10,2019-11-08
MC1,3637,0.41278262734413146,0,30,2019-09-12,2019-10-11
MC1,3717,0.8419300297896067,0,30,2019-10-10,2019-11-08
MC1,3776,0.6408432364463806,0,30,2019-10-08,2019-11-06
MC1,3793,0.3740962117910385,0,30,2019-07-19,2019-08-17
MC1,3879,0.8302131772041321,0,30,2019-10-10,2019-11-08
MC1,3914,0.4687923083702723,0,30,2019-10-02,2019-10-31
MC1,4356,0.8256593346595764,1,30,2019-09-02,2019-10-01
MC1,4373,0.8024604757626851,0,30,2019-09-18,2019-10-17
MC1,4414,0.7634731471538544,0,30,2019-08-14,2019-09-12
MC1,4442,0.6989923973878225,0,30,2019-09-02,2019-11-08
MC1,4500,0.7782362977663676,0,30,2019-08-20,2019-09-18
MC1,4531,0.5740349928538004,0,30,2019-09-02,2019-11-08
MC1,4593,0.49014011522134143,0,30,2019-10-10,2019-11-08
MC1,4624,0.4122358759244283,0,30,2019-10-10,2019-11-08
MC1,4807,0.5026082197825114,0,3,2018-07-24,2018-07-26
MC1,5154,0.4383523543675741,0,30,2019-10-10,2019-11-08
MC1,5386,0.7134837845961253,0,30,2019-10-10,2019-11-08
MC1,5396,0.7329627354939778,1,30,2019-05-03,2019-06-01
MC1,5551,0.45816850165526074,0,30,2019-10-10,2019-11-08
MC1,5968,0.5495642860730489,0,30,2019-09-17,2019-10-16
MC1,6124,0.7919767955938976,0,30,2019-09-13,2019-10-12
MC1,6222,0.3890849014123281,0,30,2019-10-10,2019-11-08
MC1,6242,0.4809986998637517,0,30,2019-09-16,2019-10-15
MC1,6472,0.7207245190938314,0,30,2019-06-03,2019-11-08
MC1,6501,0.4517688343922297,0,30,2019-10-10,2019-11-08
MC1,6512,0.40410812894503273,0,30,2019-09-23,2019-10-22
MC1,6549,0.7920260071754456,0,30,2019-09-17,2019-10-16
MC1,6736,0.6769726475079855,0,30,2019-08-18,2019-11-04
MC1,6789,0.39589931269486744,0,30,2019-09-20,2019-10-19
MC1,6801,0.7656611680984498,0,30,2019-04-30,2019-05-29
MC1,6802,0.6067941129207611,0,30,2019-08-09,2019-09-07
MC1,7112,0.47430324951807656,0,30,2019-10-10,2019-11-08
MC1,7209,0.5181296159823735,0,30,2019-10-10,2019-11-08
MC1,7246,0.7608616630236308,0,30,2019-10-10,2019-11-08
MC1,7251,0.5122426191965739,0,30,2019-10-10,2019-11-08
MC1,7298,0.43348183333873747,0,30,2019-10-10,2019-11-08
MC1,7425,0.5992201487223308,0,30,2019-09-19,2019-10-18
MC1,7447,0.47904428044954933,0,30,2019-09-10,2019-11-08
MC1,7498,0.7145504653453827,0,30,2019-10-10,2019-11-08
MC1,7689,0.3967136691013972,0,30,2019-10-10,2019-11-08
MC1,7715,0.657271432876587,0,30,2019-09-18,2019-10-17
MC1,7800,0.9548477510611216,0,30,2019-09-16,2019-10-15
MC1,7937,0.8821873565514883,0,30,2019-10-10,2019-11-08
MC1,8242,0.36733231842517855,0,30,2018-12-29,2019-01-27
MC1,8394,0.6198706706364949,0,30,2019-10-10,2019-11-08
MC1,8613,0.7274111251036326,0,30,2019-10-10,2019-11-08
MC1,8765,0.9021851042906444,0,30,2019-10-10,2019-11-08
MC1,8923,0.6222108046213786,0,30,2019-10-10,2019-11-08
MC1,9081,0.5046091665824254,0,30,2019-09-10,2019-11-08
MC1,9151,0.7370681921641032,0,30,2019-09-19,2019-10-18
MC1,9296,0.5428903818130493,0,30,2019-09-12,2019-10-11
MC1,9385,0.8505616764227549,0,30,2019-10-10,2019-11-08
MC1,9404,0.5687322318553925,0,30,2019-10-10,2019-11-08
MC1,9408,0.6740974267323812,0,30,2019-10-10,2019-11-08
MC1,9472,0.772660364707311,0,30,2019-09-17,2019-10-16
MC1,9583,0.6566992203394572,0,30,2019-10-10,2019-11-08
MC1,9612,0.3960106323162715,0,30,2019-10-10,2019-11-08
MC1,9628,0.5861060976982116,0,30,2019-09-10,2019-11-08
MC1,9654,0.811093787352244,0,30,2019-09-10,2019-10-09
MC1,10033,0.8307140727837881,0,30,2019-10-10,2019-11-08
MC1,10141,0.5920137127240499,0,30,2019-10-10,2019-11-08
MC1,10271,0.5594381034374237,0,30,2019-09-17,2019-10-16
MC1,10333,0.6288440704345704,0,30,2019-10-10,2019-11-08
MC1,10385,0.45284918546676634,0,30,2019-08-29,2019-11-08
MC1,10596,0.6185568074385325,0,30,2019-09-20,2019-10-19
MC1,10607,0.5346517006556193,0,30,2019-09-17,2019-10-16
MC1,10610,0.4663136521975199,0,30,2019-09-30,2019-10-29
MC1,10719,0.6008411804835002,0,30,2019-10-10,2019-11-08
MC1,10746,0.7724545061588287,0,30,2019-09-22,2019-10-21
MC1,10831,0.9056526521841685,0,30,2019-08-27,2019-10-29
MC1,11218,0.8739937980969746,0,30,2019-09-16,2019-10-15
MC1,11227,0.8739772021770478,0,30,2019-09-16,2019-10-15
MC1,11348,0.9680567959944407,0,30,2019-09-27,2019-10-26
MC1,11394,0.5623885015646617,0,30,2019-10-10,2019-11-08
MC1,11397,0.5086843291918437,0,30,2019-10-10,2019-11-08
MC1,11500,0.6207212547461192,1,30,2019-09-01,2019-09-30
MC1,11615,0.5876102149486542,0,30,2019-08-23,2019-09-21
MC1,11623,0.4015891542037328,0,30,2019-10-10,2019-11-08
MC1,11863,0.871171486377716,0,30,2019-10-01,2019-10-30
MC1,11879,0.3786170075337092,0,30,2019-10-10,2019-11-08
MC1,11948,0.5444846312204997,0,30,2019-10-10,2019-11-08
MC1,11968,0.8047440926233927,0,30,2019-10-10,2019-11-08
MC1,12022,0.7030367434024811,0,30,2019-05-18,2019-07-16
MC1,12045,0.7568164308865865,0,30,2019-10-10,2019-11-08
MC1,12120,0.7225315809249878,0,30,2019-10-10,2019-11-08
MC1,12610,0.8862372656663259,0,30,2019-09-09,2019-11-08
MC1,12779,0.8561830540498098,0,30,2019-10-10,2019-11-08
MC1,12988,0.8669081429640452,1,30,2019-09-19,2019-10-18
MC1,13015,0.5003062188625336,0,9,2018-09-09,2018-09-17
MC1,13138,0.8842460215091705,0,30,2019-09-27,2019-10-26
MC1,13139,0.8842347641785939,0,30,2019-09-27,2019-10-26
MC1,13174,0.7040155371030171,0,30,2019-03-12,2019-04-10
MC1,13400,0.5891973972320557,0,30,2019-10-10,2019-11-08
MC1,13584,0.40425455073515576,0,30,2019-08-12,2019-11-08
MC1,13670,0.389453649520874,0,30,2019-09-16,2019-10-15
MC1,13730,0.8781946778297425,0,30,2019-09-09,2019-11-08
MC1,13773,0.720590881506602,0,30,2019-09-10,2019-11-08
MC1,13915,0.781570287545522,0,30,2019-10-10,2019-11-08
MC1,14238,0.4789208779732386,0,30,2019-09-17,2019-10-16
MC1,14311,0.990535710255305,1,30,2018-05-18,2018-07-16
MC1,14326,0.563049844900767,0,30,2019-08-22,2019-11-08
MC1,14455,0.6858541528383891,0,30,2019-08-04,2019-11-01
MC1,14665,0.4346158355474472,0,30,2019-09-20,2019-10-19
MC1,14738,0.7723319888114929,0,30,2019-10-06,2019-11-04
MC1,14878,0.7710390985012054,0,30,2019-06-11,2019-08-09
MC1,14935,0.4434067596991857,0,30,2019-09-19,2019-10-18
MC1,15011,0.7328856945037842,0,30,2019-09-08,2019-10-07
MC1,15316,0.9074370165665945,0,30,2019-10-10,2019-11-08
MC1,15443,0.42979158262411754,0,30,2019-10-10,2019-11-08
MC1,15604,0.6538927793502808,0,30,2019-10-10,2019-11-08
MC1,15990,0.7611327767372131,0,30,2019-10-10,2019-11-08
MC1,15991,0.7147092878818512,0,30,2019-10-10,2019-11-08
MC1,16194,0.5976481517155965,0,30,2019-10-10,2019-11-08
MC1,16261,0.8909015913804372,0,30,2019-09-09,2019-11-08
MC1,16269,0.699437286456426,0,30,2019-09-19,2019-10-18
MC1,16532,0.8848493417104085,0,30,2019-08-04,2019-10-02
MC1,16571,0.8267259816328685,0,30,2019-10-10,2019-11-08
MC1,16625,0.6187614480654399,0,30,2019-08-18,2019-09-16
MC1,16672,0.5043560266494751,0,2,2019-11-07,2019-11-08
MC1,17713,0.7069454848766327,0,30,2019-10-10,2019-11-08
MC1,17895,0.3630100200573603,0,30,2019-08-11,2019-11-08
MC1,18236,0.7336371580759684,0,30,2019-09-23,2019-10-22
MC1,18245,0.3962198120576364,0,27,2019-06-12,2019-09-16
MC1,18388,0.7902494927247365,0,30,2019-08-11,2019-11-08
MC1,18814,0.46839079558849334,0,30,2019-08-11,2019-11-08
MC1,18855,0.34379787345727286,1,30,2019-10-10,2019-11-08
MC1,18898,0.8985900640487671,0,30,2019-10-10,2019-11-08
MC1,18955,0.7463294168313345,0,30,2019-10-10,2019-11-08
MC1,18970,0.4555699119965235,0,30,2019-09-16,2019-10-15
MC1,18986,0.47589390774567925,0,30,2019-10-10,2019-11-08
MC1,19001,0.38976960082848866,0,30,2019-09-18,2019-10-17
MC1,19026,0.3881370186805725,0,30,2019-10-10,2019-11-08
MC1,19266,0.6818756699562073,0,30,2019-08-30,2019-10-28
MC1,19339,0.7392409443855286,0,30,2019-08-26,2019-11-08
MC1,19469,0.3892086704572042,0,30,2019-10-10,2019-11-08
MC1,19618,0.8665371537208557,1,30,2019-08-12,2019-09-10
MC1,19735,0.49931471844514214,0,30,2019-10-10,2019-11-08
MC1,19744,0.7005433122316996,0,30,2019-10-10,2019-11-08
MC1,19905,0.6030718406041463,0,30,2019-09-13,2019-10-12
MC1,19974,0.6389674067497253,0,30,2019-09-20,2019-10-19
MC1,20071,0.3459583113590876,0,30,2019-10-10,2019-11-08
MC1,20123,0.49967042207717893,0,30,2019-09-20,2019-10-19
MC1,20147,0.5729669650395711,0,30,2019-03-17,2019-05-15
MC1,20151,0.3858725686868032,0,30,2018-09-24,2018-10-23
MC1,20254,0.5825054744879404,0,30,2019-08-19,2019-11-08
MC1,20270,0.400750873486201,0,30,2019-10-10,2019-11-08
MC1,20287,0.8030713756879171,0,30,2019-09-17,2019-10-16
MC1,20330,0.450878115495046,0,30,2019-10-10,2019-11-08
MC1,20409,0.3575538088877996,1,30,2019-09-18,2019-10-17
MC1,20412,0.7873717804749807,0,30,2019-09-19,2019-10-18
MC1,20875,0.8498544156551361,0,30,2019-09-11,2019-10-10
MC1,20881,0.6537188112735748,0,30,2019-10-10,2019-11-08
MC1,20884,0.6537188112735748,0,30,2019-10-10,2019-11-08
MC1,21009,0.5034460643927257,0,30,2019-09-17,2019-10-16
MC1,21054,0.922053211927414,0,30,2019-10-10,2019-11-08
MC1,21508,0.5172244577572264,0,29,2018-07-10,2018-08-07
MC1,21533,0.3806143214305242,0,30,2019-09-16,2019-10-15
MC1,21553,0.8898879031340281,0,30,2019-10-10,2019-11-08
MC1,21629,0.4919149364743914,0,14,2019-09-25,2019-10-08
MC1,21688,0.8036251763502756,0,30,2019-10-10,2019-11-08
MC1,21865,0.44787118434906004,0,30,2019-09-09,2019-11-08
MC1,21902,0.36548293034235635,0,30,2019-09-17,2019-10-16
MC1,22244,0.8722906370957693,0,30,2019-08-09,2019-09-07
MC1,22276,0.9785215973854064,1,30,2019-09-19,2019-10-18
MC1,22407,0.6450836896896363,0,30,2019-09-10,2019-10-09
MC1,22415,0.4045743942260742,0,30,2019-09-17,2019-10-16
MC1,22491,0.3646899272998174,0,30,2019-10-10,2019-11-08
MC1,22561,0.7304688076178233,0,30,2019-09-19,2019-10-18
MC1,22794,0.6152535239855449,0,30,2019-03-12,2019-04-10
MC1,22853,0.5736603538195292,0,30,2019-08-06,2019-09-04
MC1,22952,0.896542364358902,0,30,2019-09-09,2019-11-08
MC1,23142,0.6764871597290039,0,30,2019-06-12,2019-10-19
MC1,23652,0.8234045008818308,0,30,2019-09-19,2019-10-18
MC1,23704,0.8426413277784983,0,30,2019-09-16,2019-10-15
MC1,23760,0.8680003345012665,0,30,2019-08-04,2019-09-02
MC1,23814,0.8667273581027984,0,30,2019-10-10,2019-11-08
MC1,23879,0.6543574432531992,0,30,2019-10-10,2019-11-08
MC1,24005,0.3784748593966166,0,30,2019-10-10,2019-11-08
MC1,24066,0.37112944523493446,0,30,2019-09-14,2019-10-13
MC1,24156,0.7676716327667237,0,30,2019-10-10,2019-11-08
MC1,24441,0.46868783434232075,0,30,2019-10-02,2019-10-31
MC1,24449,0.4687051047881444,0,30,2019-10-02,2019-10-31
MC1,24464,0.4054337610801061,0,30,2019-07-22,2019-10-19
MC1,24486,0.8281241953372955,0,30,2019-09-09,2019-11-08
MC1,24500,0.7965709090232849,0,30,2019-10-10,2019-11-08
MC1,24608,0.8533516168594361,0,30,2019-10-10,2019-11-08
MC1,24622,0.7927735964457194,0,30,2019-09-21,2019-10-20
MC1,24864,0.9688648164272309,0,30,2019-08-23,2019-09-21
MC1,25065,0.7288478096326192,0,30,2019-10-10,2019-11-08
MC1,25115,0.9682822446028392,0,30,2019-10-10,2019-11-08
MC1,25298,0.48306762079397836,0,30,2019-09-17,2019-10-16
MC1,25453,0.5776568512121837,0,30,2019-09-16,2019-10-15
MC1,25542,0.39483737846215566,0,30,2019-10-10,2019-11-08
MC1,25674,0.8069677948951721,0,30,2019-09-19,2019-10-18
MC1,25788,0.589807105064392,0,30,2019-10-10,2019-11-08
MC1,26006,0.2950783352057139,0,30,2019-02-21,2019-03-22
MC1,26050,0.8414993166923523,0,30,2019-10-10,2019-11-08
MC1,26408,0.7737684726715088,0,30,2019-09-08,2019-11-08
MC1,26562,0.5523884177207947,0,30,2019-09-23,2019-10-22
MC1,26603,0.6994489630063375,0,30,2019-10-10,2019-11-08
MC1,26675,0.4846722771724065,0,30,2019-09-09,2019-11-08
MC1,26861,0.6289593776067098,0,30,2019-10-10,2019-11-08
MC1,26939,0.6462758759657542,0,30,2019-05-14,2019-06-12
MC1,27259,0.4679467846949895,0,30,2019-09-09,2019-11-08
MC1,27270,0.6663249174753825,0,30,2019-10-10,2019-11-08
MC1,27362,0.6842505653699239,0,30,2019-10-10,2019-11-08
MC1,27567,0.7789805392424266,0,30,2019-08-31,2019-10-30
MC1,28010,0.9111211478710175,1,30,2019-08-18,2019-10-16
MC1,28134,0.39061399002869923,0,30,2019-08-31,2019-09-29
MC1,28395,0.8027939140796662,0,30,2019-09-22,2019-10-21
MC1,28567,0.42325701713562014,0,30,2019-10-10,2019-11-08
MC1,28602,0.7425242642561595,0,30,2019-09-17,2019-10-16
MC1,28786,0.5921335736910502,0,30,2019-10-10,2019-11-08
MC1,28805,0.8007899800936381,0,30,2019-09-16,2019-10-15
MC1,28827,0.4985487033923467,0,30,2019-09-17,2019-10-16
MC1,28894,0.3879827747742335,0,30,2019-09-18,2019-10-17
MC1,29237,0.6379974563916524,0,30,2019-04-26,2019-10-31
MC1,29284,0.8242327213287354,0,30,2019-10-10,2019-11-08
MC1,29310,0.5550670981407165,0,30,2019-10-10,2019-11-08
MC1,29397,0.8786496142546336,0,30,2019-09-27,2019-10-26
MC1,29517,0.4854326109091441,0,30,2019-09-02,2019-11-01
MC1,29533,0.45711075762907666,0,30,2019-10-06,2019-11-04
MC1,29595,0.8845045407613118,0,30,2019-10-10,2019-11-08
MC1,29704,0.5001768628756206,0,30,2019-09-23,2019-10-22
MC1,29725,0.7758813182512919,0,30,2019-09-19,2019-10-18
MC1,29738,0.7660954217116038,0,30,2019-10-10,2019-11-08
MC1,29780,0.5438700040181478,1,30,2019-05-14,2019-06-12
MC1,29823,0.3691053291161855,0,30,2019-09-14,2019-10-13
MC1,29955,0.40983172953128816,0,30,2019-10-10,2019-11-08
MC1,29990,0.5493328809738159,0,30,2019-10-10,2019-11-08
MC1,30167,0.7366568565368652,0,30,2019-09-13,2019-10-12
MC1,30494,0.8133355855941773,0,30,2019-09-24,2019-10-23
MC1,30578,0.44622198641300204,0,30,2019-10-10,2019-11-08
MC1,30688,0.4372067779302597,0,30,2019-09-17,2019-10-16
MC1,30860,0.4313808570305506,0,30,2019-07-15,2019-10-09
MC1,31067,0.8415274818738302,0,30,2019-10-10,2019-11-08
MC1,31192,0.4228396087884903,0,30,2019-02-23,2019-06-08
MC1,31334,0.7621609250704448,0,30,2019-10-04,2019-11-02
MC1,31576,0.5822242856025696,0,30,2019-09-17,2019-10-16
MC1,32070,0.7409863809744517,0,30,2019-10-10,2019-11-08
MC1,32081,0.7158134678999583,0,30,2019-09-09,2019-11-08
MC1,32083,0.641848643620809,0,30,2019-10-02,2019-10-31
MC1,32090,0.641798859834671,0,30,2019-10-02,2019-10-31
MC1,32183,0.5332497288783391,0,30,2019-07-24,2019-10-18
MC1,32231,0.55461505651474,0,30,2019-09-17,2019-10-16
MC1,32330,0.6543918927510579,0,30,2019-08-24,2019-09-22
MC1,32442,0.9126170953114827,0,30,2019-08-23,2019-09-21
MC1,33062,0.8727670292059581,0,30,2019-10-02,2019-10-31
MC1,33112,0.4702825089295705,0,30,2019-10-01,2019-10-30
MC1,33114,0.4702883154153824,0,30,2019-10-01,2019-10-30
MC1,33250,0.38383507629235586,0,30,2019-10-10,2019-11-08
MC1,33306,0.6963936150074005,0,30,2019-08-30,2019-09-28
MC1,33502,0.6388469318548838,0,30,2019-09-04,2019-11-03
MC1,33649,0.9084349513053894,0,30,2019-09-17,2019-10-16
MC1,33766,0.46394041875998177,0,30,2019-10-10,2019-11-08
MC1,33821,0.4392957816521327,0,30,2019-04-18,2019-10-21
MC1,33927,0.7891884167989095,0,30,2019-10-10,2019-11-08
MC1,33960,0.751605631907781,0,30,2019-10-06,2019-11-04
MC1,34115,0.6104445636272431,0,30,2019-09-20,2019-10-19
MC1,34298,0.4030691554148992,0,30,2018-07-08,2019-03-08
MC1,34393,0.7703571657339732,0,30,2019-08-13,2019-09-11
MC1,34484,0.40581951340039574,0,30,2019-10-10,2019-11-08
MC1,34611,0.49090235233306884,0,15,2019-10-25,2019-11-08
MC1,35048,0.4614599645137787,0,30,2019-10-10,2019-11-08
MC1,35196,0.5449945012728373,0,30,2019-08-25,2019-09-23
MC1,35403,0.6816737651824951,0,30,2019-09-10,2019-11-08
MC1,35487,0.43368870913982394,0,30,2018-03-20,2018-04-18
MC1,35590,0.6268149892489115,0,30,2019-09-09,2019-11-08
MC1,35629,0.9576997478802999,0,30,2019-10-10,2019-11-08
MC1,35679,0.4233505497376124,0,30,2019-09-17,2019-10-16
MC1,35682,0.42335007588068646,0,30,2019-09-17,2019-10-16
MC1,36019,0.46263292034467063,0,30,2019-08-12,2019-11-08
MC1,36256,0.6958844025929769,0,30,2019-09-10,2019-11-08
MC1,36288,0.7345327576001485,0,30,2019-09-16,2019-10-15
MC1,36332,0.5147777030865351,0,30,2019-09-29,2019-10-28
MC1,36392,0.7670112272103627,0,30,2019-09-16,2019-10-15
MC1,36474,0.557500672340393,0,30,2019-10-10,2019-11-08
MC1,36562,0.502357816696167,0,30,2019-09-17,2019-10-16
MC1,36576,0.46953024963537854,0,30,2019-08-30,2019-09-28
MC1,36833,0.5534058670202892,0,30,2019-10-02,2019-10-31
MC1,36912,0.5409609297911326,0,30,2019-09-17,2019-10-16
MC1,36924,0.7719222962856293,0,30,2019-05-03,2019-09-16
MC1,36943,0.49350573420524596,0,30,2019-10-10,2019-11-08
MC1,36996,0.6679785529772441,0,30,2019-09-19,2019-10-18
MC1,37117,0.3807230601708094,0,30,2019-10-10,2019-11-08
MC1,37217,0.6289541721343994,0,30,2019-10-10,2019-11-08
MC1,37272,0.9455143729845683,0,30,2019-09-18,2019-10-17
MC1,37432,0.42271135648091634,0,30,2019-10-10,2019-11-08
MC1,37443,0.42271135648091634,0,30,2019-10-10,2019-11-08
MC1,37552,0.4236856470505396,0,30,2019-10-10,2019-11-08
MC1,37567,0.3857524077097575,0,30,2019-10-05,2019-11-03
MC1,37617,0.5554331560929616,0,30,2019-09-19,2019-10-18
MC1,37626,0.7440705875555674,0,30,2019-10-05,2019-11-03
MC1,37686,0.4114303300778071,0,30,2019-10-10,2019-11-08
MC1,37757,0.8966805855433146,0,30,2019-10-10,2019-11-08
MC1,37792,0.6299697279930114,0,30,2019-09-23,2019-10-22
MC1,37817,0.362186066309611,0,30,2019-10-10,2019-11-08
MC1,37818,0.3621860682964325,0,30,2019-10-10,2019-11-08
MC1,37844,0.8282102247079214,0,30,2019-10-10,2019-11-08
MC1,37951,0.5513997326294581,0,30,2019-06-10,2019-10-27
MC1,38078,0.7085430244604747,0,30,2019-10-10,2019-11-08
MC1,38154,0.8340285142262777,0,30,2019-10-10,2019-11-08
MC1,38413,0.43693794409434,0,30,2019-10-10,2019-11-08
MC1,38424,0.5385129590829213,0,30,2019-09-20,2019-10-19
MC1,38459,0.5621860325336456,0,30,2019-08-06,2019-09-04
MC1,38613,0.8027719477812449,0,30,2019-10-10,2019-11-08
MC1,38672,0.803554215033849,0,30,2019-04-30,2019-08-22
MC1,38754,0.6266156494617462,0,30,2019-09-09,2019-11-08
MC1,38856,0.4257148265838623,0,30,2019-10-10,2019-11-08
MC1,38882,0.8374702254931132,0,30,2019-10-10,2019-11-08
MC1,39085,0.7129090269406636,0,30,2019-09-18,2019-10-17
MC1,39090,0.3947547455628713,0,30,2019-10-10,2019-11-08
MC1,39109,0.5808003644148508,0,30,2019-09-16,2019-10-15
MC1,39159,0.9023049811522166,0,30,2019-10-10,2019-11-08
MC1,39299,0.8519479711850484,0,30,2019-10-08,2019-11-06
MC1,39349,0.6763189256191253,0,30,2019-08-15,2019-09-13
MC1,39381,0.8842406630516052,0,30,2019-10-07,2019-11-05
MC1,39514,0.7531772712866466,0,30,2019-09-10,2019-10-09
MC1,39659,0.660994420448939,0,30,2019-10-10,2019-11-08
MC1,39662,0.3879867265621821,0,30,2019-09-18,2019-10-17
MC1,39712,0.3812314202388128,0,30,2019-08-25,2019-11-08
MC1,39771,0.45617315570513406,0,30,2019-10-10,2019-11-08
MC1,39823,0.7283404211203257,0,30,2019-10-10,2019-11-08
MC1,39898,0.363474495212237,1,30,2018-03-15,2018-04-13
MC1,40011,0.38633752167224883,0,30,2019-09-10,2019-11-08
MC1,40387,0.7040903011957804,0,30,2019-09-17,2019-10-16
MC1,40475,0.5938683966795604,0,30,2019-10-10,2019-11-08
MC1,40748,0.7144649982452392,0,30,2019-10-10,2019-11-08
MC1,40819,0.8432969152927399,0,30,2019-09-21,2019-10-20
MC1,41055,0.5028477102518082,0,30,2019-10-10,2019-11-08
MC1,41083,0.8390615661938985,0,30,2019-10-10,2019-11-08
MC1,41145,0.8334525644779205,1,30,2019-08-21,2019-09-19
MC1,41274,0.6404617408911387,0,30,2019-05-14,2019-06-12
MC1,41434,0.607930988073349,0,30,2019-09-07,2019-11-08
MC1,41704,0.5260875513156255,0,30,2019-08-21,2019-10-19
MC1,41723,0.6323253591855367,0,30,2019-09-10,2019-11-08
MC1,42036,0.9269648194313049,0,30,2019-09-18,2019-10-17
MC1,42093,0.8630468388398488,0,30,2019-08-27,2019-09-25
MC1,42416,0.3971599340438843,0,30,2019-10-10,2019-11-08
MC1,42619,0.7091330210367839,0,30,2019-10-10,2019-11-08
MC1,42812,0.42589634160200757,0,30,2019-10-10,2019-11-08
MC1,42880,0.621959904829661,0,30,2019-06-01,2019-07-30
MC1,42907,0.7279183685779571,0,30,2019-09-17,2019-10-16
MC1,43585,0.7738249679406484,0,30,2019-09-16,2019-10-15
MC1,43640,0.7049305876096089,0,30,2019-10-05,2019-11-03
MC1,43734,0.6347104489803315,0,30,2019-10-10,2019-11-08
MC1,43761,0.40235444605350495,0,30,2019-09-17,2019-10-16
MC1,43865,0.4935896595319112,0,30,2019-09-16,2019-10-15
MC1,44028,0.6841854254404703,0,30,2019-08-13,2019-09-11
MC1,44075,0.5870161294937134,1,30,2019-08-21,2019-09-19
MC1,44347,0.842873615026474,0,30,2019-09-08,2019-10-07
MC1,44477,0.6521750926971436,0,30,2019-10-10,2019-11-08
MC1,44532,0.7785689989725749,0,30,2019-10-08,2019-11-06
MC1,44545,0.8253384550412496,0,30,2019-10-10,2019-11-08
MC1,44554,0.49448555409908296,0,30,2019-10-10,2019-11-08
MC1,44636,0.5314187228679657,0,30,2019-08-18,2019-09-16
MC1,44640,0.811581281820933,0,30,2019-10-10,2019-11-08
MC1,44662,0.8198741197586059,0,30,2019-08-09,2019-11-08
MC1,44755,0.4385749677817027,0,30,2019-10-10,2019-11-08
MC1,45052,0.34649110039075215,0,30,2019-10-10,2019-11-08
MC1,45121,0.817828893661499,0,30,2019-10-10,2019-11-08
MC1,45151,0.8712122797966003,1,30,2019-05-14,2019-06-12
MC1,45332,0.648526672522227,0,30,2019-09-02,2019-11-08
MC1,45435,0.402767676115036,0,30,2019-09-22,2019-10-21
MC1,45447,0.701350607474645,0,30,2019-09-16,2019-10-15
MC1,45570,0.8877078135808308,0,30,2019-10-10,2019-11-08
MC1,45590,0.6424595375855764,0,30,2019-09-20,2019-10-19
MC1,45885,0.7916386485099792,0,30,2019-10-01,2019-10-30
MC1,45930,0.4214921643336614,0,30,2019-08-01,2019-11-08
MC1,46013,0.7643495539824168,0,30,2019-10-10,2019-11-08
MC1,46050,0.6389179090658824,0,30,2019-09-19,2019-10-18
MC1,46320,0.40746566355228425,0,30,2019-10-05,2019-11-03
MC1,46618,0.5048907379309336,0,30,2019-10-10,2019-11-08
MC1,46750,0.8027931253115336,0,30,2019-09-28,2019-10-27
MC1,46776,0.8948716839154561,0,30,2019-10-10,2019-11-08
MC1,46806,0.8483385225137074,0,30,2019-09-29,2019-10-28
MC1,46899,0.8719577630360921,0,30,2019-09-09,2019-11-08
MC1,47080,0.40169153014818826,0,30,2019-10-10,2019-11-08
MC1,47118,0.3480673889319102,1,30,2018-10-10,2018-11-08
MC1,47131,0.780785208940506,0,30,2019-10-04,2019-11-02
MC1,47217,0.4145461877187093,0,30,2019-06-03,2019-11-08
MC1,47321,0.6492640852928162,0,30,2019-09-17,2019-10-16
MC1,47403,0.8315299292405446,0,30,2019-10-08,2019-11-06
MC1,47519,0.8336888869603475,0,30,2019-09-16,2019-10-15
MC1,47705,0.3900747170050939,0,30,2019-02-09,2019-03-10
MC1,47914,0.9051703055699666,0,30,2019-10-10,2019-11-08
MC1,47961,0.5488933732112249,0,30,2019-03-29,2019-09-11
MC1,48028,0.8513927578926086,0,30,2019-09-01,2019-11-08
MC1,48376,0.6586069126923879,0,30,2019-10-10,2019-11-08
MC1,48460,0.9806420743465424,1,30,2019-02-20,2019-05-26
MC1,48846,0.4891835033893585,0,30,2019-09-17,2019-10-16
MC1,48924,0.8975386599699656,0,30,2019-10-10,2019-11-08
MC1,49247,0.37836590309937795,0,30,2019-10-10,2019-11-08
MC1,49359,0.8158344268798828,0,30,2019-10-09,2019-11-07
MC1,49445,0.8003248492876689,0,30,2019-10-10,2019-11-08
MC1,49560,0.413063046336174,0,30,2019-08-01,2019-10-10
MC1,49824,0.3746760527292887,0,30,2019-10-08,2019-11-06
MC1,49840,0.6870763977368672,0,30,2019-08-20,2019-09-18
MC1,50153,0.39155396024386085,0,30,2019-08-21,2019-09-19
MC1,50184,0.7287299513816834,0,30,2019-10-10,2019-11-08
MC1,50204,0.6964306056499481,0,30,2019-10-10,2019-11-08
MC1,50382,0.39558216532071433,0,30,2019-10-10,2019-11-08
MC1,50481,0.745734699567159,0,30,2019-10-10,2019-11-08
MC1,50547,0.40473693907260894,0,30,2019-10-02,2019-10-31
MC1,50698,0.3994134306907654,0,30,2019-09-10,2019-11-08
MC1,50774,0.5990637342135111,0,30,2019-10-01,2019-10-30
MC1,50881,0.7943534314632416,0,30,2019-10-10,2019-11-08
MC1,51044,0.9164107302824657,0,30,2019-10-10,2019-11-08
MC1,51262,0.7197071850299835,0,30,2019-08-28,2019-11-08
MC1,51275,0.5114158093929291,0,30,2019-09-17,2019-10-16
MC1,51764,0.8517737050851186,0,30,2019-10-10,2019-11-08
MC1,51839,0.7989269773165385,0,30,2019-10-10,2019-11-08
MC1,51880,0.45557692845662434,0,30,2019-10-10,2019-11-08
MC1,52183,0.5619044701258341,0,30,2019-08-29,2019-10-27
MC1,52253,0.9230480492115021,1,30,2018-10-29,2018-12-30
MC1,52381,0.8557921707630157,0,30,2019-08-26,2019-10-26
MC1,52637,0.7376372516155243,0,30,2019-10-02,2019-10-31
MC1,52697,0.7498919506867726,0,30,2019-09-17,2019-10-16
MC1,52757,0.3670561820268631,0,30,2019-10-10,2019-11-08
MC1,52760,0.5105053206284841,0,30,2019-09-29,2019-10-28
MC1,52895,0.6462963422139486,0,30,2019-10-10,2019-11-08
MC1,53012,0.8017341732978821,0,30,2019-09-19,2019-10-18
MC1,53032,0.433231845498085,0,30,2019-10-10,2019-11-08
MC1,53585,0.4542081872622172,0,30,2019-10-10,2019-11-08
MC1,53710,0.7418663322925567,0,30,2019-10-10,2019-11-08
MC1,53755,0.7209954043229421,0,30,2019-09-20,2019-10-19
MC1,53872,0.7249628881613414,0,30,2019-09-10,2019-10-09
MC1,54097,0.8376437385876974,0,30,2019-09-04,2019-10-03
MC1,54274,0.820439358552297,0,30,2019-10-10,2019-11-08
MC1,54311,0.7822225749492645,0,30,2019-09-23,2019-10-22
MC1,54429,0.8002712210019429,0,30,2019-08-20,2019-10-18
MC1,54575,0.5938440422217052,0,30,2019-10-10,2019-11-08
MC1,54771,0.709358541170756,0,30,2019-09-10,2019-10-09
MC1,55120,0.43546812733014423,0,30,2018-07-12,2018-09-09
MC1,55253,0.47571631769339245,0,30,2019-09-01,2019-10-30
MC1,55451,0.7390476147333781,0,30,2019-10-10,2019-11-08
MC1,55617,0.8738502244154612,0,30,2019-10-10,2019-11-08
MC1,56022,0.45311858256657916,0,30,2019-10-10,2019-11-08
MC1,56093,0.6298790236314138,1,30,2019-08-31,2019-09-29
MC1,56521,0.8851998229821523,0,30,2019-10-10,2019-11-08
MC1,56924,0.38762155870596565,0,30,2019-09-07,2019-11-08
MC1,57025,0.8287220815817515,0,30,2019-10-10,2019-11-08
MC1,57068,0.5417391002178192,0,30,2019-10-05,2019-11-03
MC1,57174,0.35441227157910665,0,30,2019-10-10,2019-11-08
MC1,57377,0.9774439056714376,0,30,2019-09-12,2019-10-11
MC1,57424,0.8834427734216054,0,30,2019-10-10,2019-11-08
MC1,57434,0.4245959351460139,0,30,2019-10-03,2019-11-01
MC1,57600,0.7934260964393616,0,30,2019-09-17,2019-10-16
MC1,57878,0.6323505163192749,0,30,2019-10-10,2019-11-08
MC1,57953,0.6310555617014567,0,30,2019-09-08,2019-10-07
MC1,58013,0.3901045342286428,0,30,2019-06-10,2019-09-13
MC1,58321,0.4827294548352559,0,30,2019-08-23,2019-09-21
MC1,58323,0.8944731950759888,0,30,2019-08-23,2019-09-21
MC1,59010,0.3570244527525372,0,18,2018-02-01,2018-02-18
MC1,59127,0.9551201283931732,0,30,2019-09-10,2019-11-08
MC1,59393,0.729520732164383,0,30,2019-08-24,2019-11-08
MC1,59576,0.41542828977108004,0,30,2019-09-15,2019-10-14
MC1,59636,0.5937705636024475,0,30,2019-10-10,2019-11-08
MC1,59665,0.6591545104980469,0,30,2019-10-10,2019-11-08
MC1,59670,0.6591610809167227,0,30,2019-10-10,2019-11-08
MC1,59846,0.5785389383633931,0,30,2019-10-10,2019-11-08
MC1,59963,0.8601615746815999,0,30,2019-10-10,2019-11-08
MC1,60156,0.8271634101867675,0,30,2019-08-06,2019-11-03
MC1,60264,0.7010795136292776,0,30,2019-10-10,2019-11-08
MC1,60319,0.5010545800129572,0,30,2019-10-01,2019-10-30
MC1,60533,0.7132663408915202,0,30,2019-08-18,2019-10-16
MC1,60595,0.7675239205360412,0,30,2019-09-16,2019-10-15
MC1,60693,0.6461686034997304,1,30,2019-05-18,2019-07-16
MC1,61157,0.5600702643394471,0,30,2019-09-04,2019-10-03
MC1,61201,0.7589179913202921,0,30,2019-08-11,2019-10-09
MC1,61229,0.8092525442441304,0,30,2019-09-13,2019-10-12
MC1,61400,0.9175141612688701,0,30,2019-09-10,2019-11-08
MC1,61485,0.47739394108454386,0,30,2019-09-07,2019-11-06
MC1,61565,0.5800506969292959,0,30,2019-10-10,2019-11-08
MC1,61667,0.6904243091742198,0,30,2019-10-02,2019-10-31
MC1,61671,0.6904243091742198,1,30,2019-10-02,2019-10-31
MC1,61729,0.7427366058031718,0,30,2019-09-16,2019-10-15
MC1,61902,0.5903392970561981,0,30,2019-10-10,2019-11-08
MC1,61926,0.9698543568452199,0,30,2019-10-10,2019-11-08
MC1,62491,0.5870140353838603,0,30,2019-09-23,2019-10-22
MC1,62564,0.8117729087670644,0,30,2019-03-14,2019-10-20
MC1,62812,0.37825888295968374,0,30,2019-09-09,2019-11-08
MC1,63232,0.24534988055626553,0,30,2019-08-25,2019-09-23
MC1,63322,0.7241806288560232,0,30,2019-09-13,2019-10-12
MC1,63385,0.6589910904566447,0,30,2019-10-10,2019-11-08
MC1,63553,0.44132063786188763,0,30,2019-09-09,2019-11-08
MC1,63770,0.6534076074759165,0,30,2019-05-18,2019-07-16
MC1,63847,0.5444838921229045,0,30,2019-10-10,2019-11-08
MC1,63892,0.8125050306320191,0,30,2019-10-10,2019-11-08
MC1,63999,0.6238835473855336,0,30,2019-08-02,2019-10-03
MC1,64172,0.7253939469655355,0,30,2019-07-20,2019-08-18
MC1,64592,0.4283883899450302,0,30,2019-09-20,2019-10-19
MC1,64640,0.8224927922089894,0,30,2019-09-26,2019-10-25
MC1,64665,0.43296521008014677,0,30,2019-05-29,2019-10-31
MC1,64853,0.6087605694929759,0,30,2019-08-15,2019-09-13
MC1,64960,0.46511708398660023,0,30,2019-10-10,2019-11-08
MC1,64973,0.7500172317028045,0,30,2019-10-10,2019-11-08
MC1,65040,0.7258941511313121,0,30,2019-09-10,2019-11-08
MC1,65052,0.41464487512906395,0,30,2019-08-02,2019-10-12
MC1,65218,0.4996372044086456,0,30,2019-02-23,2019-10-28
MC1,65391,0.5659357190132142,0,30,2019-05-30,2019-07-28
MC1,65401,0.8666163464387258,0,30,2019-08-02,2019-11-08
MC1,65467,0.8994038542111714,0,30,2019-10-01,2019-10-30
MC1,65500,0.7172583758831024,0,30,2019-09-10,2019-11-08
MC1,65762,0.42115699748198193,0,30,2019-05-31,2019-09-22
MC1,65813,0.41617502868175504,0,30,2019-09-20,2019-10-19
MC1,65814,0.41617502868175504,0,30,2019-09-20,2019-10-19
MC1,65844,0.4942670894993676,0,9,2018-09-09,2018-09-17
MC1,66140,0.3664280911286672,0,30,2019-10-04,2019-11-02
MC1,66341,0.42563944856325786,0,30,2019-09-02,2019-11-08
MC1,66357,0.5674691180388133,0,30,2019-05-14,2019-06-12
MC1,66380,0.5056075483560563,0,30,2019-10-10,2019-11-08
MC1,66391,0.4919726649920146,0,30,2019-10-10,2019-11-08
MC1,66523,0.7213212112585704,0,30,2019-10-10,2019-11-08
MC1,66651,0.6415766338507335,0,30,2019-10-10,2019-11-08
MC1,66681,0.6722748517990113,0,30,2019-10-10,2019-11-08
MC1,66824,0.898173044125239,0,30,2019-10-10,2019-11-08
MC1,66852,0.4290719012419383,0,30,2019-10-10,2019-11-08
MC1,66884,0.8631596604983012,0,30,2019-10-10,2019-11-08
MC1,66922,0.7753754655520121,0,30,2019-05-25,2019-08-22
MC1,67079,0.7273707628250122,0,30,2019-09-21,2019-10-20
MC1,67277,0.4099970579147339,0,30,2018-05-28,2018-07-26
MC1,67544,0.9001050472259522,0,30,2019-10-10,2019-11-08
MC1,67690,0.8930944283803304,0,30,2019-09-09,2019-11-08
MC1,67698,0.6458470722039541,0,30,2019-09-20,2019-10-19
MC1,67727,0.5728848616282145,0,30,2019-09-30,2019-10-29
MC1,67958,0.7209563632806142,0,30,2019-09-10,2019-10-09
MC1,68012,0.7867640535036723,0,30,2019-09-18,2019-10-17
MC1,68020,0.5523038645585377,0,30,2019-08-25,2019-10-23
MC1,68064,0.684139225880305,0,30,2019-10-02,2019-10-31
MC1,68248,0.4399540682633718,0,30,2019-10-10,2019-11-08
MC1,68728,0.45227535665035246,0,30,2019-10-10,2019-11-08
MC1,68742,0.745731379588445,0,30,2019-08-24,2019-09-22
MC1,68791,0.69750417470932,0,30,2019-03-17,2019-04-15
MC1,68835,0.5202463418245316,0,30,2019-02-10,2019-10-18
MC1,68968,0.5762748539447784,0,30,2019-09-19,2019-10-18
MC1,69245,0.8533316095670064,0,30,2019-09-16,2019-10-15
MC1,69640,0.4126326044400533,0,30,2019-07-17,2019-10-18
MC1,69917,0.5446203211943309,0,30,2019-10-10,2019-11-08
MC1,70008,0.8399207532405853,0,30,2019-09-20,2019-10-19
MC1,70054,0.9064113736152649,0,30,2019-10-02,2019-10-31
MC1,70106,0.4627127746740977,0,30,2019-10-10,2019-11-08
MC1,70351,0.43285350998242694,0,30,2019-03-30,2019-10-21
MC1,70383,0.7840837419033051,0,30,2019-10-10,2019-11-08
MC1,70567,0.49799946943918866,0,30,2019-10-10,2019-11-08
MC1,70634,0.6235139409701029,0,30,2019-09-09,2019-11-08
MC1,70636,0.6235139409701029,0,30,2019-09-09,2019-11-08
MC1,70772,0.9039508958657583,0,30,2019-10-10,2019-11-08
MC1,70848,0.42274042069911955,0,30,2019-10-10,2019-11-08
MC1,70874,0.6495946288108826,0,30,2019-10-10,2019-11-08
MC1,70944,0.7776689608891805,0,30,2019-09-19,2019-10-18
MC1,71054,0.9601106484731038,0,30,2019-10-10,2019-11-08
MC1,71104,0.7954226136207581,0,30,2019-09-20,2019-10-19
MC1,71233,0.705801663796107,0,30,2019-10-02,2019-10-31
MC1,71554,0.6400281329949696,1,30,2019-05-14,2019-06-12
MC1,71700,0.800153382619222,0,30,2019-07-24,2019-08-22
MC1,71849,0.6626818756262461,0,30,2019-07-20,2019-08-18
MC1,71909,0.42705327371756235,0,30,2019-09-10,2019-11-08
MC1,71948,0.5008019963900249,0,30,2019-10-05,2019-11-03
MC1,71991,0.7061342298984528,0,30,2019-09-23,2019-10-22
MC1,72052,0.8344015677769979,0,30,2019-08-31,2019-09-29
MC1,72058,0.5135309010744095,0,30,2019-10-10,2019-11-08
MC1,72157,0.736242538690567,0,30,2019-06-10,2019-09-13
MC1,72295,0.3751054614782333,0,30,2019-10-10,2019-11-08
MC1,72362,0.6667663911978404,0,30,2019-08-25,2019-09-23
MC1,72383,0.6465850154558818,0,30,2019-09-16,2019-10-15
MC1,72704,0.4695024957259496,0,30,2019-10-10,2019-11-08
MC1,72743,0.43908926943937937,0,30,2019-10-10,2019-11-08
MC1,72776,0.3751054614782333,0,30,2019-10-10,2019-11-08
MC1,72865,0.8270809968312581,0,30,2019-09-30,2019-10-29
MC1,73120,0.7869467238585154,0,30,2019-07-24,2019-11-07
MC1,73178,0.36784854729970295,0,30,2019-10-10,2019-11-08
MC1,73323,0.8502399623394012,0,30,2019-04-22,2019-11-08
MC1,73495,0.7548393865426382,0,30,2019-09-04,2019-10-03
MC1,73505,0.8933444440364837,1,30,2018-05-26,2018-06-24
MC1,73575,0.5955814162890116,1,30,2019-06-02,2019-07-31
MC1,73673,0.6386090536912282,0,30,2019-10-10,2019-11-08
MC1,73677,0.6386090536912282,0,30,2019-10-10,2019-11-08
MC1,73700,0.846628479162852,0,30,2019-10-10,2019-11-08
MC1,73778,0.7541025678316752,0,30,2019-10-10,2019-11-08
MC1,73866,0.6439208149909973,0,30,2019-10-10,2019-11-08
MC1,73881,0.9786528746287028,0,30,2019-10-01,2019-10-30
MC1,73917,0.42960025866826373,0,30,2019-10-10,2019-11-08
MC1,74367,0.8981986522674561,0,30,2019-10-10,2019-11-08
MC1,74428,0.6591388414303462,0,30,2019-03-13,2019-10-28
MC1,74579,0.8345387021700541,0,30,2019-10-10,2019-11-08
MC1,74617,0.8073023140430451,0,30,2019-10-10,2019-11-08
MC1,74843,0.796077142159144,0,30,2019-09-19,2019-10-18
MC1,74878,0.544436534245809,0,30,2019-09-17,2019-10-16
MC1,74900,0.6885339379310608,0,30,2019-10-10,2019-11-08
MC1,74993,0.3958454509576162,0,30,2019-08-11,2019-11-08
MC1,75068,0.6322090288003286,0,30,2019-09-20,2019-10-19
MC1,75082,0.3609907229741414,0,30,2019-09-20,2019-10-19
MC1,75120,0.670380300283432,0,30,2019-07-16,2019-08-14
MC1,75135,0.8702758610248565,0,30,2019-10-10,2019-11-08
MC1,75158,0.402059002717336,0,30,2019-10-10,2019-11-08
MC1,75237,0.8377157052357992,0,30,2019-10-10,2019-11-08
MC1,75275,0.8906615436077118,1,30,2019-09-02,2019-10-01
MC1,75363,0.813185715675354,0,30,2019-10-10,2019-11-08
MC1,75504,0.6032412846883138,0,30,2019-09-08,2019-10-07
MC1,75526,0.449521337946256,0,30,2019-06-12,2019-09-16
MC1,75709,0.42607639729976654,0,30,2019-09-29,2019-10-28
MC1,75781,0.631033476193746,0,30,2019-09-08,2019-10-07
MC1,76072,0.43895304799079893,0,30,2019-08-19,2019-10-17
MC1,76168,0.43336384296417235,0,30,2019-10-10,2019-11-08
MC1,76237,0.6139071524143219,0,30,2019-10-10,2019-11-08
MC1,76690,0.7838234424591064,0,30,2019-10-10,2019-11-08
MC1,77004,0.706232221921285,0,30,2019-08-13,2019-09-11
MC1,77006,0.706232221921285,0,30,2019-08-13,2019-09-11
MC1,77016,0.8434453388055165,0,30,2019-10-10,2019-11-08
MC1,77037,0.8450474560260772,0,30,2019-07-28,2019-11-07
MC1,77203,0.8095512906710307,0,30,2019-08-15,2019-10-18
MC1,77522,0.4667710840702057,0,30,2019-08-26,2019-11-08
MC1,77550,0.4133312275012334,0,30,2019-10-10,2019-11-08
MC1,77568,0.8140668074289957,0,30,2019-10-10,2019-11-08
MC1,77571,0.5360103150208791,1,30,2019-01-21,2019-02-19
MC1,77574,0.4450858811537425,0,30,2019-09-18,2019-10-17
MC1,77676,0.6012625793615977,0,30,2019-10-10,2019-11-08
MC1,77719,0.633464515209198,0,30,2019-09-10,2019-11-08
MC1,77781,0.48909485240777334,0,30,2019-09-17,2019-10-16
MC1,77988,0.7677881181240082,0,30,2019-10-08,2019-11-06
MC1,78105,0.8736968715985616,0,30,2019-08-19,2019-10-18
MC1,78130,0.3915846933921178,0,30,2018-07-19,2018-08-17
MC1,78203,0.9081303755442302,0,30,2019-09-10,2019-11-08
MC1,78358,0.611038867632548,0,30,2019-08-20,2019-11-08
MC1,78754,0.8545871376991272,0,30,2019-10-10,2019-11-08
MC1,79150,0.8297046244144439,0,30,2019-10-10,2019-11-08
MC1,79523,0.4667540540297826,0,30,2019-09-17,2019-10-16
MC1,79540,0.38965608974297844,0,30,2019-10-10,2019-11-08
MC1,79581,0.8120373149712881,0,30,2019-10-02,2019-10-31
MC1,79704,0.4326411883036296,0,30,2019-10-03,2019-11-01
MC1,80012,0.5548852692047755,0,30,2019-04-28,2019-10-27
MC1,80036,0.6094585915406545,0,30,2019-09-19,2019-10-18
MC1,80111,0.4351278026898702,0,30,2019-04-13,2019-06-12
MC1,80270,0.7690953354040782,0,30,2019-08-19,2019-11-08
MC1,80625,0.3998287449280421,0,30,2018-08-11,2018-09-09
MC1,80870,0.4501541276772817,0,30,2019-10-01,2019-10-30
MC1,80984,0.7886342068513235,0,30,2019-10-10,2019-11-08
MC1,80994,0.8632790505886078,0,30,2019-10-10,2019-11-08
MC1,81235,0.5959125995635987,0,30,2019-09-16,2019-10-15
MC1,81241,0.5959125995635987,0,30,2019-09-16,2019-10-15
MC1,81394,0.3929060012102127,1,30,2018-09-18,2019-01-18
MC1,81452,0.7507396936416626,0,30,2019-10-10,2019-11-08
MC1,81729,0.6608502248922984,0,30,2019-05-14,2019-06-12
MC1,81863,0.6548157771428426,0,30,2019-06-12,2019-11-03
MC1,82300,0.5835640112559001,0,30,2019-05-18,2019-07-16
MC1,82347,0.7612318992614746,0,30,2019-08-29,2019-10-27
MC1,82543,0.7570261279741923,0,30,2019-10-10,2019-11-08
MC1,82650,0.6990584075450897,0,30,2019-09-19,2019-10-18
MC1,82687,0.7684002101421357,0,30,2019-09-10,2019-11-08
MC1,82836,0.5840967416763305,0,30,2019-10-10,2019-11-08
MC1,82995,0.8262511829535166,0,30,2019-10-02,2019-10-31
MC1,83074,0.7653227726618449,0,30,2019-10-01,2019-10-30
MC1,83121,0.3358597159385681,0,30,2019-08-19,2019-10-17
MC1,83267,0.5017846872409185,0,24,2019-01-26,2019-02-18
MC1,83355,0.6811182757218679,0,30,2019-09-10,2019-10-09
MC1,83677,0.5362548510233561,0,30,2018-03-20,2018-04-18
MC1,83786,0.598888506491979,0,30,2019-09-03,2019-10-02
MC1,83967,0.7574757913748423,0,30,2019-09-14,2019-10-13
MC1,83988,0.6068761646747589,0,30,2019-04-14,2019-06-12
MC1,84197,0.6651026606559753,0,30,2019-09-08,2019-10-07
MC1,84299,0.7392951587835948,0,30,2019-10-10,2019-11-08
MC1,84457,0.7458982626597087,0,30,2019-09-14,2019-10-13
MC1,84532,0.41145721077919006,0,30,2019-08-20,2019-11-01
MC1,84667,0.38515814741452536,0,30,2019-09-18,2019-10-17
MC1,84710,0.7313096225261688,0,30,2019-10-04,2019-11-02
MC1,84803,0.655529522895813,0,30,2019-10-10,2019-11-08
MC1,84831,0.6414876401424408,0,30,2019-10-10,2019-11-08
MC1,84838,0.6899247546990712,0,30,2019-10-10,2019-11-08
MC1,85186,0.3866729557514191,0,30,2019-09-10,2019-11-08
MC1,85448,0.6010957638422648,0,30,2019-10-10,2019-11-08
MC1,85460,0.3953339507182439,0,30,2019-09-14,2019-10-13
MC1,85622,0.7746615052223206,0,30,2019-10-10,2019-11-08
MC1,86059,0.37578213413556416,0,30,2019-05-27,2019-08-08
MC1,86076,0.5990684807300568,0,30,2019-09-19,2019-10-18
MC1,86148,0.85470183690389,0,30,2019-10-10,2019-11-08
MC1,86150,0.8374858339627583,0,30,2019-10-10,2019-11-08
MC1,86194,0.36565337181091306,0,30,2019-10-10,2019-11-08
MC1,86631,0.8580644885698955,0,30,2019-10-10,2019-11-08
MC1,86755,0.712340650955836,0,30,2019-10-10,2019-11-08
MC1,86802,0.3829384336868922,0,30,2019-05-31,2019-07-29
MC1,87135,0.5992526233196258,0,30,2019-01-03,2019-04-10
MC1,87150,0.7683477481206258,0,30,2019-08-27,2019-09-25
MC1,87353,0.7769902348518372,0,30,2019-10-10,2019-11-08
MC1,87359,0.3959837188323339,0,30,2018-08-11,2018-09-09
MC1,87471,0.7167536238829295,0,30,2019-10-10,2019-11-08
MC1,87503,0.7427173356215159,0,30,2019-09-19,2019-10-18
MC1,87625,0.6351566592852275,0,30,2019-09-16,2019-10-15
MC1,87695,0.6530398666858673,0,30,2019-09-17,2019-10-16
MC1,87807,0.8356902221838634,0,30,2019-10-02,2019-10-31
MC1,88005,0.6093867917855581,0,30,2019-09-05,2019-11-03
MC1,88006,0.4257591555515925,0,30,2019-10-10,2019-11-08
MC1,88040,0.8850495894749959,0,30,2019-07-18,2019-11-02
MC1,88131,0.8076300203800202,0,30,2019-10-10,2019-11-08
MC1,88141,0.5935269157091777,0,30,2019-10-10,2019-11-08
MC1,88440,0.38347491025924685,0,30,2019-08-23,2019-09-21
MC1,88567,0.7777285635471344,0,30,2019-09-21,2019-10-20
MC1,88572,0.9114030440648396,0,30,2019-10-10,2019-11-08
MC1,88602,0.7019345144430796,0,30,2019-10-10,2019-11-08
MC1,88691,0.7854418476422628,0,30,2019-08-11,2019-10-21
MC1,88786,0.8724539935588836,0,30,2019-08-12,2019-09-10
MC1,88888,0.8511205971240997,0,30,2019-09-10,2019-10-09
MC1,89023,0.7863332410653432,0,30,2019-10-10,2019-11-08
MC1,89100,0.7314450879891713,0,30,2019-08-31,2019-09-29
MC1,89164,0.6011921127637228,0,30,2019-06-12,2019-09-09
MC1,89387,0.86352366010348,0,30,2019-10-10,2019-11-08
MC1,89454,0.41658723254998525,0,30,2019-03-24,2019-04-22
MC1,89491,0.71469952861468,0,30,2019-10-10,2019-11-08
MC1,89578,0.7664990564187367,0,30,2019-10-10,2019-11-08
MC1,89756,0.37601423064867656,0,30,2018-09-24,2018-10-23
MC1,89785,0.7209738353888194,0,30,2019-10-10,2019-11-08
MC1,89850,0.4492720643679301,0,30,2019-10-10,2019-11-08
MC1,90005,0.6084347585837047,0,30,2019-09-02,2019-10-31
MC1,90062,0.8803396999835968,0,30,2019-09-10,2019-10-09
MC1,90473,0.5375044723351796,0,30,2019-08-14,2019-09-12
MC1,90498,0.7456100821495056,0,30,2019-10-10,2019-11-08
MC1,90574,0.6417253017425537,0,30,2019-08-25,2019-09-23
MC1,90593,0.5240800529718399,0,8,2018-06-13,2018-07-26
MC1,90603,0.46244340340296425,0,30,2019-10-10,2019-11-08
MC1,91051,0.38135220408439635,0,30,2019-08-11,2019-11-08
MC1,91118,0.8902402142683665,0,30,2019-10-10,2019-11-08
MC1,91132,0.5562616070111592,0,30,2019-09-09,2019-11-08
MC1,91151,0.7311852097511291,0,30,2019-10-10,2019-11-08
MC1,91538,0.48874515692392984,0,30,2019-10-10,2019-11-08
MC1,91574,0.873978481690089,0,30,2019-10-10,2019-11-08
MC1,91723,0.6302305738131205,0,30,2019-09-01,2019-11-08
MC1,91767,0.6400480806827545,0,30,2019-09-09,2019-11-08
MC1,91818,0.6734065959850947,0,30,2019-03-10,2019-11-08
MC1,91907,0.4773144910732905,0,30,2019-10-10,2019-11-08
MC1,91979,0.8770068248112997,0,30,2019-09-09,2019-11-08
MC1,92091,0.5621181607246399,0,30,2019-09-19,2019-10-18
MC1,92388,0.736545326312383,0,30,2019-10-04,2019-11-02
MC1,92599,0.8546703577041626,0,30,2019-10-03,2019-11-01
MC1,92731,0.4628269076347351,0,30,2019-10-10,2019-11-08
MC1,92750,0.6091732561588288,0,30,2019-08-20,2019-09-18
MC1,92958,0.8766019225120545,0,30,2019-10-10,2019-11-08
MC1,93073,0.9022843062877655,0,30,2019-08-17,2019-10-16
MC1,93173,0.6643649697303772,0,30,2019-09-19,2019-10-18
MC1,93220,0.6586095949014028,0,30,2019-10-10,2019-11-08
MC1,93507,0.5263680775960287,0,30,2019-10-05,2019-11-03
MC1,93726,0.682430104414622,1,30,2019-07-26,2019-08-24
MC1,93727,0.49033801372234637,0,13,2019-10-04,2019-10-16
MC1,93916,0.7738374829292297,0,30,2019-09-17,2019-10-16
MC1,94112,0.7030370136102041,0,30,2019-10-10,2019-11-08
MC1,94190,0.5909252285957336,0,30,2019-10-10,2019-11-08
MC1,94445,0.6397455751895904,0,30,2019-10-10,2019-11-08
MC1,94532,0.851691989103953,0,30,2019-10-10,2019-11-08
MC1,94608,0.6840227742989858,0,30,2019-09-16,2019-10-15
MC1,94623,0.9765831013520558,0,30,2019-09-18,2019-10-17
MC1,95081,0.3789671669403712,0,30,2019-04-01,2019-04-30
MC1,95090,0.7877586642901103,0,30,2019-10-10,2019-11-08
MC1,95146,0.7577209214369456,0,30,2019-09-05,2019-11-08
MC1,95148,0.7577189048131306,0,30,2019-09-05,2019-11-08
MC1,95360,0.8302470544974009,0,30,2019-09-19,2019-10-18
MC1,95587,0.8558459917704264,0,30,2019-10-05,2019-11-03
MC1,95605,0.7909942666689554,0,30,2019-10-10,2019-11-08
MC1,95608,0.7909942666689554,0,30,2019-10-10,2019-11-08
MC1,95672,0.7658053775628407,1,30,2019-09-07,2019-10-06
MC1,95716,0.8089619298775991,0,30,2019-10-10,2019-11-08
MC1,95718,0.7142558832963307,0,30,2019-10-10,2019-11-08
MC1,95852,0.7516815841197968,0,30,2019-10-10,2019-11-08
MC1,95897,0.6604519824186961,0,30,2019-10-10,2019-11-08
MC1,95958,0.9045959492524465,0,30,2019-10-10,2019-11-08
MC1,96232,0.7543252567450206,0,30,2019-07-25,2019-08-23
MC1,96277,0.7450750430425008,0,30,2019-09-20,2019-10-19
MC1,96686,0.37800999780495964,0,30,2019-08-16,2019-11-08
MC1,96755,0.5043337017297744,0,30,2019-09-19,2019-10-18
MC1,96779,0.623354971408844,0,30,2019-10-02,2019-10-31
MC1,97006,0.7542885720729828,0,30,2019-10-10,2019-11-08
MC1,97044,0.6356103301048279,0,30,2019-09-02,2019-10-31
MC1,97096,0.48351084093252816,0,30,2019-09-09,2019-10-08
MC1,97535,0.6524861693382263,0,30,2019-06-04,2019-08-02
MC1,97557,0.720554522673289,0,30,2019-10-10,2019-11-08
MC1,97661,0.6763451397418976,1,30,2019-05-14,2019-09-09
MC1,97673,0.4624472826719284,0,30,2019-03-16,2019-05-14
MC1,97757,0.8172889629999797,0,30,2019-08-29,2019-11-08
MC1,97826,0.8831050614515941,0,30,2019-09-10,2019-11-08
MC1,97967,0.4542081872622172,0,30,2019-10-10,2019-11-08
MC1,97977,0.8645576814810435,0,30,2019-10-10,2019-11-08
MC1,98009,0.40455268919467924,0,30,2019-09-18,2019-10-17
MC1,98029,0.40192207296689353,0,30,2019-06-01,2019-09-21
MC1,98108,0.4302868435780207,0,30,2019-10-10,2019-11-08
MC1,98153,0.9101278742154439,0,30,2019-09-10,2019-11-08
MC1,98303,0.7596089919408162,0,30,2019-10-10,2019-11-08
MC1,98363,0.40630022684733075,0,30,2019-09-27,2019-10-26
MC1,98447,0.6771217226982117,0,30,2019-10-10,2019-11-08
MC1,98702,0.5588776965936025,0,30,2019-09-10,2019-11-08
MC1,98852,0.4248988687992096,0,30,2019-08-25,2019-11-01
MC1,99021,0.9039508958657583,0,30,2019-10-10,2019-11-08
MC1,99161,0.6453762610753377,0,30,2019-09-02,2019-10-01
MC1,99209,0.6504600743452708,0,30,2019-09-18,2019-10-17
MC1,99371,0.6329179147879282,0,30,2019-07-19,2019-08-17
MC1,99390,0.6572361509005229,0,30,2019-08-20,2019-09-18
MC1,99396,0.6572361509005229,0,30,2019-08-20,2019-09-18
MC1,99513,0.6402655800183614,0,30,2019-10-10,2019-11-08
MC1,99520,0.8995887239774069,0,30,2019-09-09,2019-11-08
MC1,100030,0.7586511532465617,0,30,2019-09-09,2019-11-08
MC1,100103,0.9201269765694936,0,30,2019-09-10,2019-11-08
MC1,100124,0.681758177280426,0,30,2019-08-18,2019-11-08
MC1,100154,0.5889111280441284,0,30,2019-09-09,2019-11-08
MC1,100163,0.6186386942863464,0,30,2019-05-22,2019-08-30
MC1,100249,0.7580042620499928,1,30,2019-06-12,2019-09-13
MC1,100376,0.8965353687604268,0,30,2019-10-10,2019-11-08
MC1,100470,0.4535940398772558,0,30,2019-09-09,2019-11-08
MC1,100595,0.5912247955799103,0,30,2019-10-10,2019-11-08
MC1,100643,0.5636178771654765,0,30,2019-10-10,2019-11-08
MC1,100921,0.6512586196263631,0,30,2019-10-10,2019-11-08
MC1,101310,0.4968278626600901,0,30,2019-09-17,2019-10-16
MC1,101457,0.7201693952083588,0,30,2019-09-10,2019-11-08
MC1,101486,0.40885979334513345,0,30,2019-06-03,2019-11-08
MC1,101552,0.38346939980983735,0,30,2018-07-23,2018-08-21
MC1,101665,0.596095718940099,0,30,2019-10-10,2019-11-08
MC1,101789,0.4266044994195302,0,30,2019-09-09,2019-11-08
MC1,101877,0.7078966279824574,0,30,2019-09-09,2019-11-08
MC1,102106,0.8600689729054769,0,30,2019-06-07,2019-08-31
MC1,102129,0.6944457570711772,0,30,2019-04-21,2019-05-20
MC1,102327,0.5939720491568248,0,30,2019-03-03,2019-04-01
MC1,102330,0.7545518775780996,0,30,2019-08-26,2019-09-24
MC1,102465,0.5900681734085083,0,30,2019-10-10,2019-11-08
MC1,102576,0.4886146088441213,0,30,2019-10-10,2019-11-08
MC1,102721,0.5575181841850281,0,30,2019-10-10,2019-11-08
MC1,102907,0.6188436865806579,0,30,2019-10-01,2019-10-30
MC1,102980,0.8649599134922028,0,30,2019-04-22,2019-11-08
MC1,103019,0.6094308495521545,0,30,2019-10-10,2019-11-08
MC1,103151,0.5713067909081777,0,30,2019-10-05,2019-11-03
MC1,103409,0.4808699329694112,0,30,2019-09-17,2019-10-16
MC1,103741,0.8819680253664652,0,30,2019-08-05,2019-10-18
MC1,103766,0.7197437425454457,0,30,2019-10-10,2019-11-08
MC1,103810,0.7919735213120779,0,30,2019-09-23,2019-10-22
MC1,104182,0.47894319097201027,0,30,2019-09-17,2019-10-16
MC1,104235,0.7465172151724497,0,30,2019-10-10,2019-11-08
MC1,104337,0.6948216795921326,0,30,2019-09-10,2019-10-09
MC1,104606,0.5409229516983032,0,30,2019-09-10,2019-11-08
MC1,104651,0.42971107363700867,0,30,2019-10-10,2019-11-08
MC1,104837,0.591853791475296,0,30,2019-07-27,2019-08-25
MC1,104892,0.38448139329751335,0,30,2019-09-08,2019-11-08
MC1,105051,0.597210035721461,0,30,2019-05-25,2019-08-22
MC1,105263,0.853332503636678,0,30,2019-10-10,2019-11-08
MC1,105580,0.8678726196289063,0,30,2019-09-19,2019-10-18
MC1,105685,0.5304583132266998,0,30,2019-10-10,2019-11-08
MC1,105857,0.3815266231695811,0,30,2019-10-10,2019-11-08
MC1,105863,0.3815369298060735,0,30,2019-10-10,2019-11-08
MC1,105873,0.8077614684899648,0,30,2019-09-13,2019-10-12
MC1,105962,0.3972590199925683,0,22,2019-10-18,2019-11-08
MC1,105976,0.8433716237545014,0,30,2019-09-21,2019-10-20
MC1,105983,0.6336111823717753,0,30,2019-05-14,2019-06-12
MC1,106059,0.4632244437932968,0,30,2019-09-13,2019-10-12
MC1,106090,0.8270042896270752,0,30,2019-10-10,2019-11-08
MC1,106218,0.900997527440389,0,30,2019-10-03,2019-11-01
MC1,106670,0.7986531615257263,1,30,2019-03-07,2019-04-05
MC1,107096,0.5523835559686024,0,30,2019-10-02,2019-10-31
MC1,107109,0.4786526381969452,0,30,2019-10-10,2019-11-08
MC1,107260,0.7743434965610504,0,30,2019-10-10,2019-11-08
MC1,107312,0.39204334119955697,0,30,2019-09-22,2019-10-21
MC1,107379,0.39024781982103984,0,30,2019-10-10,2019-11-08
MC1,107397,0.5148936241865159,0,30,2019-09-16,2019-10-15
MC1,107453,0.5550648232301076,0,30,2019-09-20,2019-10-19
MC1,107542,0.585454668601354,0,30,2019-09-10,2019-11-08
MC1,107564,0.6558859487374623,0,30,2019-10-10,2019-11-08
MC1,107690,0.5843779524167378,0,30,2019-08-21,2019-09-19
MC1,107796,0.5530428310235341,0,30,2019-10-10,2019-11-08
MC1,107820,0.7162737429141999,0,30,2019-06-08,2019-08-06
MC1,107824,0.6364063839117686,0,30,2019-08-29,2019-10-29
MC1,107910,0.4745856503645579,0,30,2019-09-21,2019-10-20
MC1,108218,0.4417036950588226,0,30,2019-09-06,2019-11-08
MC1,108375,0.7069662133852641,0,30,2019-10-10,2019-11-08
MC1,108572,0.6806940356890361,1,30,2019-03-28,2019-05-26
MC1,108691,0.9212924400965373,0,30,2019-08-06,2019-10-16
MC1,108791,0.7977098882198334,0,30,2019-10-02,2019-10-31
MC1,108834,0.6281922777493795,0,30,2019-10-10,2019-11-08
MC1,109123,0.745221346616745,0,30,2019-10-10,2019-11-08
MC1,109316,0.5959691524505615,0,30,2019-09-16,2019-10-15
MC1,109385,0.5707044680913289,0,30,2019-09-20,2019-10-19
MC1,109538,0.695943417151769,0,30,2019-09-29,2019-10-28
MC1,109584,0.4372356245915095,0,30,2019-09-17,2019-10-16
MC1,109587,0.4178755889336268,0,30,2019-09-17,2019-10-16
MC1,109628,0.8657776852448781,0,30,2019-09-19,2019-10-18
MC1,109639,0.8055643379688263,0,30,2019-10-10,2019-11-08
MC1,109640,0.7225304901599884,0,30,2019-01-30,2019-02-28
MC1,109680,0.8371758580207824,0,30,2019-08-14,2019-10-19
MC1,110058,0.6121417125066121,0,30,2019-10-10,2019-11-08
MC1,110074,0.4581405927737554,0,30,2019-09-20,2019-10-19
MC1,110084,0.9842593053976695,1,30,2018-02-07,2018-03-08
MC1,110101,0.4007976988951365,0,30,2019-07-29,2019-10-27
MC1,110468,0.752103312810262,0,30,2019-10-10,2019-11-08
MC1,110516,0.36173111498355864,0,30,2019-08-08,2019-11-08
MC1,110617,0.6351211071014404,0,30,2019-04-27,2019-05-26
MC1,110697,0.7140012621879578,0,30,2019-10-03,2019-11-01
MC1,110730,0.7650157352288564,0,30,2019-10-10,2019-11-08
MC1,111035,0.885879381497701,0,30,2019-09-06,2019-11-08
MC1,111064,0.864760160446167,0,30,2019-10-04,2019-11-02
MC1,111143,0.4518688132365545,0,30,2019-08-20,2019-09-18
MC1,111518,0.7321360230445861,1,30,2019-05-04,2019-06-02
MC1,111821,0.671119769414266,0,30,2019-10-06,2019-11-04
MC1,111967,0.7931044856707256,0,30,2019-09-17,2019-10-16
MC1,112337,0.8699855585892995,0,30,2019-09-09,2019-11-08
MC1,112583,0.5525193711121877,0,30,2019-10-10,2019-11-08
MC1,112587,0.5299821645021439,0,30,2019-09-10,2019-11-08
MC1,112834,0.5704099516073863,0,30,2019-09-10,2019-11-08
MC1,112922,0.7220713158448537,0,30,2019-10-10,2019-11-08
MC1,113023,0.4197110692660014,0,30,2019-08-29,2019-10-28
MC1,113391,0.8168510417143504,0,30,2019-09-13,2019-10-12
MC1,113604,0.8990500787893931,0,30,2019-10-10,2019-11-08
MC1,113758,0.7620142002900442,0,30,2019-10-10,2019-11-08
MC1,114142,0.7023566583792369,0,30,2019-06-01,2019-07-30
MC1,114496,0.6794674893220266,0,30,2019-06-04,2019-08-02
MC1,114616,0.8545204540093739,0,30,2019-10-10,2019-11-08
MC1,114847,0.7917197148005167,0,30,2019-09-10,2019-11-08
MC1,114936,0.7501882712046305,0,30,2019-10-10,2019-11-08
MC1,115035,0.8356269101301829,0,30,2019-09-10,2019-11-08
MC1,115181,0.6143270909786225,0,30,2019-10-10,2019-11-08
MC1,115315,0.5624598622322082,0,30,2019-10-10,2019-11-08
MC1,115339,0.42190245489279427,0,30,2019-10-10,2019-11-08
MC1,115411,0.7756435215473175,0,30,2019-10-10,2019-11-08
MC1,115414,0.7480961581071218,0,30,2019-10-10,2019-11-08
MC1,115526,0.9045959492524465,0,30,2019-10-10,2019-11-08
MC1,115630,0.9325422247250875,0,30,2019-10-10,2019-11-08
MC1,115743,0.6842067937056223,0,30,2019-09-30,2019-10-29
MC1,115779,0.7875523130098979,0,30,2019-08-01,2019-08-30
MC1,115859,0.4660359978675842,0,30,2019-08-11,2019-11-08
MC1,115932,0.7261462966601054,0,30,2019-08-15,2019-09-13
MC1,115974,0.6064726670583089,0,30,2019-10-10,2019-11-08
MC1,116044,0.7810766379038493,0,30,2019-09-12,2019-10-11
MC1,116170,0.35127611458301544,0,30,2019-10-10,2019-11-08
MC1,116208,0.8182775636514028,0,30,2019-08-26,2019-11-08
MC1,116282,0.7851779520511627,0,30,2019-10-10,2019-11-08
MC1,116291,0.5870216151078542,0,30,2019-10-10,2019-11-08
MC1,116537,0.846015199025472,0,30,2019-10-10,2019-11-08
MC1,116709,0.7589116136233012,0,30,2019-09-17,2019-10-16
MC1,116744,0.425079337755839,0,30,2019-09-17,2019-10-16
MC1,116768,0.746520851055781,0,30,2019-09-13,2019-10-12
MC1,117013,0.8974648793538411,0,30,2019-10-10,2019-11-08
MC1,117125,0.545904004573822,0,30,2019-08-15,2019-09-13
MC1,117225,0.8884937286376953,0,30,2019-09-14,2019-10-13
MC1,117409,0.5406787812709808,0,30,2019-09-04,2019-10-03
MC1,117413,0.5406787812709808,0,30,2019-09-04,2019-10-03
MC1,117425,0.7210610330104827,0,30,2019-09-09,2019-11-08
MC1,117615,0.7972779015700022,0,30,2019-08-19,2019-10-17
MC1,117807,0.5685845851898194,0,30,2019-10-10,2019-11-08
MC1,117827,0.6079115947087605,0,30,2019-10-10,2019-11-08
MC1,118255,0.558606747786204,0,30,2019-09-17,2019-10-16
MC1,118328,0.7035033067067464,0,30,2019-10-10,2019-11-08
MC1,118431,0.7346423546473185,0,30,2019-10-10,2019-11-08
MC1,118512,0.3976491133371989,0,30,2019-09-09,2019-11-08
MC1,118527,0.39855933785438535,0,30,2019-09-19,2019-10-18
MC1,118835,0.6599157969156901,0,30,2019-09-09,2019-11-08
MC1,118923,0.46082555850346885,0,30,2019-09-26,2019-10-25
MC1,119036,0.7832980851332346,0,30,2019-09-01,2019-11-08
MC1,119096,0.6942040205001831,0,30,2019-10-10,2019-11-08
MC1,119317,0.5842924237251281,0,30,2019-10-06,2019-11-04
MC1,119336,0.3955116758743922,0,30,2019-07-31,2019-11-08
MC1,119361,0.8528656681378682,0,30,2019-09-09,2019-11-08
MC1,119468,0.46564190089702606,0,30,2019-10-10,2019-11-08
MC1,119554,0.6837627867857615,0,30,2019-05-14,2019-06-12
MC1,119985,0.803516165415446,0,30,2019-10-10,2019-11-08
MC1,120203,0.44267145693302157,0,30,2019-09-17,2019-10-16
MC1,120464,0.7900152424971263,0,30,2019-05-07,2019-10-31
MC1,120689,0.6511618137359619,0,30,2019-10-10,2019-11-08
MC1,120814,0.8706526676813762,0,30,2019-10-10,2019-11-08
MC1,121008,0.47894319097201027,0,30,2019-09-17,2019-10-16
MC1,121051,0.44590840439001717,0,30,2019-08-05,2019-10-31
MC1,121170,0.512162588040034,0,30,2019-09-28,2019-10-27
MC1,121281,0.582600349187851,0,30,2019-10-10,2019-11-08
MC1,121355,0.6306796789169311,0,30,2019-10-10,2019-11-08
MC1,121452,0.6381550967693329,0,30,2019-10-10,2019-11-08
MC1,121462,0.3482882002989451,0,30,2019-09-15,2019-10-14
MC1,121489,0.7478677650292714,0,30,2019-08-26,2019-10-31
MC1,121781,0.6018150726954142,0,30,2019-07-17,2019-08-15
MC1,121911,0.3778543452421824,0,30,2019-09-24,2019-10-23
MC1,121926,0.5337751229604085,0,30,2019-10-10,2019-11-08
MC1,122072,0.8735214432080587,0,30,2019-10-10,2019-11-08
MC1,122086,0.7603324751059214,0,30,2019-10-10,2019-11-08
MC1,122124,0.777974683046341,0,30,2019-09-19,2019-10-18
MC1,122154,0.7883594791094463,0,30,2019-10-10,2019-11-08
MC1,122179,0.722776840130488,0,30,2019-10-10,2019-11-08
MC1,122188,0.5886763274669647,0,30,2019-09-04,2019-10-03
MC1,122381,0.5904680927594502,0,30,2019-10-10,2019-11-08
MC1,122737,0.8912964204947154,0,30,2019-09-19,2019-10-18
MC1,122934,0.8777907868226369,0,30,2019-10-10,2019-11-08
MC1,122940,0.4852273166179657,0,1,2019-11-08,2019-11-08
MC1,123030,0.5770062347253163,0,30,2019-09-22,2019-10-21
MC1,123281,0.7287264009316762,0,30,2019-09-10,2019-11-08
MC1,123403,0.6510326166947683,0,30,2019-09-13,2019-10-12
MC1,123545,0.5925021509329478,0,30,2019-04-19,2019-07-17
MC1,123826,0.9111069798469543,0,30,2019-10-10,2019-11-08
MC1,123834,0.8779107451438903,0,30,2019-09-18,2019-10-17
MC1,123923,0.593934150536855,0,30,2019-10-10,2019-11-08
MC1,124033,0.4621013939380646,1,30,2018-09-22,2018-12-23
MC1,124041,0.6108456671237945,0,30,2019-10-10,2019-11-08
MC1,124321,0.39598841965198517,0,30,2019-10-10,2019-11-08
MC1,124367,0.682177847623825,0,30,2019-10-10,2019-11-08
MC1,124415,0.4257146795590719,0,30,2019-10-10,2019-11-08
MC1,124625,0.3952954133351644,0,30,2019-09-20,2019-10-19
MC1,124849,0.9705616811911265,0,30,2019-10-10,2019-11-08
MC1,124953,0.6711146275202433,0,30,2019-10-10,2019-11-08
MC1,125438,0.48414866824944813,0,30,2019-10-10,2019-11-08
MC1,125473,0.7393891533215841,0,30,2019-10-10,2019-11-08
MC1,125588,0.5321595390637716,0,30,2019-10-10,2019-11-08
MC1,125602,0.543243016799291,0,30,2019-10-10,2019-11-08
MC1,125636,0.8184474766254425,0,30,2019-09-17,2019-10-16
MC1,125869,0.7004546542962392,0,30,2019-06-12,2019-11-08
MC1,125925,0.7971976657708486,0,30,2019-08-14,2019-09-12
MC1,126038,0.4143595685561498,0,30,2019-04-20,2019-11-08
MC1,126069,0.7881409108638764,0,30,2019-10-10,2019-11-08
MC1,126116,0.6551054875055949,0,30,2019-10-10,2019-11-08
MC1,126125,0.8128515561421712,1,30,2019-09-15,2019-10-14
MC1,126254,0.829071682691574,0,30,2019-08-23,2019-09-21
MC1,126644,0.3835743765036265,0,30,2019-09-10,2019-11-08
MC1,126955,0.7410904844601949,0,30,2019-10-10,2019-11-08
MC1,126972,0.3889124164978663,0,30,2019-09-10,2019-11-08
MC1,126974,0.3889125098784765,0,30,2019-09-10,2019-11-08
MC1,127075,0.7870631019274393,0,30,2019-10-10,2019-11-08
MC1,127186,0.40517064531644187,0,30,2019-10-10,2019-11-08
MC1,127198,0.8774065415064494,0,30,2019-10-10,2019-11-08
MC1,127342,0.37522333562374116,0,30,2019-10-10,2019-11-08
MC1,127493,0.4767795572678248,0,30,2018-03-24,2018-05-30
MC1,127655,0.694960876305898,0,30,2019-09-10,2019-10-09
MC1,127740,0.7485752900441488,0,30,2019-09-11,2019-10-10
MC1,127835,0.3780219634373983,1,30,2019-04-20,2019-08-20
MC1,128003,0.7418381075064341,0,30,2019-09-16,2019-10-15
MC1,128037,0.5003821512063344,0,30,2019-08-18,2019-10-16
MC1,128121,0.3848274330298106,0,30,2019-10-10,2019-11-08
MC1,128150,0.7914341747760772,0,30,2019-10-10,2019-11-08
MC1,128276,0.7529964168866475,0,30,2019-10-10,2019-11-08
MC1,128278,0.7754781126976014,0,30,2019-10-10,2019-11-08
MC1,128447,0.9010932008425395,0,30,2019-10-10,2019-11-08
MC1,128517,0.7982118050257365,0,30,2019-09-17,2019-10-16
MC1,128590,0.41392668982346853,0,30,2019-08-28,2019-11-08
MC1,129240,0.8129423936208089,0,30,2019-09-20,2019-10-19
MC1,129390,0.362978274623553,0,30,2018-06-26,2018-07-25
MC1,129444,0.8770281215508778,0,30,2019-09-06,2019-11-05
MC1,129774,0.8770157635211945,0,30,2019-09-09,2019-11-08
MC1,129821,0.5268046995004018,0,30,2019-10-10,2019-11-08
MC1,129906,0.7259320974349975,0,30,2019-10-10,2019-11-08
MC1,129913,0.37593480944633484,0,30,2019-10-08,2019-11-06
MC1,129940,0.8251935601234436,0,30,2019-09-06,2019-11-08
MC1,129961,0.41449966927369436,0,30,2019-10-02,2019-10-31
MC1,130000,0.8937607546647389,0,30,2019-10-10,2019-11-08
MC1,130025,0.8377327203750611,0,30,2019-08-14,2019-10-12
MC1,130186,0.45772794882456463,0,30,2019-10-10,2019-11-08
MC1,130233,0.5288727502028148,0,30,2019-10-10,2019-11-08
MC1,130425,0.642412002881368,0,30,2019-09-13,2019-10-12
MC1,130438,0.7407455225785573,0,30,2019-09-09,2019-11-08
MC1,130497,0.4835644006729126,1,30,2019-10-10,2019-11-08
MC1,130543,0.5990680456161499,0,30,2019-08-18,2019-09-16
MC1,130668,0.809060295422872,0,30,2019-10-09,2019-11-07
MC1,130674,0.30573048690954846,1,30,2019-10-09,2019-11-07
MC1,130701,0.8736963212490082,0,30,2019-09-17,2019-10-16
MC1,130748,0.5620030403137207,0,30,2019-09-01,2019-10-31
MC1,130769,0.4628151138623556,0,30,2019-10-10,2019-11-08
MC1,131105,0.8348874111970266,0,30,2019-10-10,2019-11-08
MC1,131227,0.8464770833651225,0,30,2019-02-12,2019-11-08
MC1,131280,0.8004928867022196,0,30,2019-10-10,2019-11-08
MC1,131302,0.4236511647701263,0,30,2019-09-17,2019-10-16
MC1,131621,0.5501840740442276,1,30,2019-02-10,2019-04-12
MC1,131735,0.886068997780482,0,30,2019-09-06,2019-10-05
MC1,131928,0.5602420012156168,0,30,2019-10-10,2019-11-08
MC1,131984,0.5869327505429586,0,30,2019-06-06,2019-09-23
MC1,132006,0.39164095421632134,0,30,2019-09-10,2019-11-08
MC1,132025,0.6791497031847636,1,30,2019-04-16,2019-05-15
MC1,132054,0.3870478947957357,0,30,2019-08-04,2019-11-08
MC1,132070,0.8729931195576985,0,30,2019-10-10,2019-11-08
MC1,132096,0.4817158530155818,0,30,2019-09-17,2019-10-16
MC1,132426,0.7903210779031118,0,30,2019-09-18,2019-10-17
MC1,132446,0.8755069553852082,0,30,2019-10-10,2019-11-08
MC1,132481,0.6760273734728496,0,30,2019-09-20,2019-10-19
MC1,132936,0.6480023086071014,0,30,2019-10-10,2019-11-08
MC1,132963,0.8239251037438711,0,30,2019-10-10,2019-11-08
MC1,132988,0.44284047683080036,0,30,2018-08-11,2018-09-09
MC1,133007,0.7183322827021281,0,30,2019-05-01,2019-11-08
MC1,133044,0.3919406076272329,1,30,2018-09-12,2018-12-31
MC1,133323,0.589621078968048,0,30,2019-10-10,2019-11-08
MC1,133340,0.9187789758046468,0,30,2019-09-23,2019-10-22
MC1,133403,0.6417999962965647,0,30,2019-10-10,2019-11-08
MC1,133413,0.5870416243871053,0,30,2019-10-10,2019-11-08
MC1,133552,0.7203379293282827,0,30,2019-08-18,2019-11-08
MC1,133902,0.7091601272424062,0,30,2019-10-10,2019-11-08
MC1,133912,0.5526108741760254,0,30,2019-08-17,2019-09-15
MC1,134063,0.9387246708075205,0,30,2019-10-04,2019-11-02
MC1,134232,0.7138090610504151,0,30,2019-09-16,2019-10-15
MC1,134437,0.42827843825022377,0,30,2019-09-18,2019-10-17
MC1,134501,0.7054072161515553,0,30,2019-09-09,2019-11-08
MC1,134520,0.4034563819567362,0,30,2019-08-30,2019-09-28
MC1,134554,0.5505033910274506,0,30,2019-09-17,2019-10-16
MC1,134628,0.7714215815067291,0,30,2019-09-19,2019-10-18
MC1,134634,0.5012427081664403,0,30,2018-03-20,2018-04-18
MC1,134668,0.8378658354282379,0,30,2019-10-09,2019-11-07
MC1,134684,0.7867763499418895,0,30,2019-09-18,2019-10-17
MC1,134687,0.7572513461112976,0,30,2019-09-18,2019-10-17
MC1,134941,0.41147069334983827,0,30,2019-10-10,2019-11-08
MC1,135059,0.2515350177884102,0,30,2019-09-10,2019-11-08
MC1,135144,0.8239103019237518,0,30,2019-10-10,2019-11-08
MC1,135185,0.758377981185913,0,30,2019-10-10,2019-11-08
MC1,135355,0.6048916101455688,0,30,2019-10-10,2019-11-08
MC1,135388,0.8782956004142761,0,30,2019-10-02,2019-10-31
MC1,135423,0.5966227769851684,0,30,2019-09-06,2019-11-04
MC1,135427,0.3620765457550685,0,30,2019-09-10,2019-11-08
MC1,135532,0.6085897048314413,0,30,2019-10-10,2019-11-08
MC1,135637,0.8429498910903931,0,30,2019-10-10,2019-11-08
MC1,135733,0.7816314101219177,0,30,2019-09-20,2019-10-19
MC1,135819,0.7576975425084432,0,30,2019-09-20,2019-10-19
MC1,135986,0.360306112964948,0,30,2019-09-17,2019-10-16
MC1,136091,0.39274485409259796,0,30,2019-08-15,2019-11-08
MC1,136228,0.41300005714098614,0,30,2019-09-12,2019-10-11
MC1,136625,0.44300016363461814,0,30,2019-09-09,2019-11-08
MC1,136682,0.3713107357422511,0,30,2019-08-17,2019-09-15
MC1,136859,0.46584370533625286,0,30,2019-10-10,2019-11-08
MC1,137196,0.6962765435377757,0,30,2019-10-10,2019-11-08
MC1,137394,0.8641438086827596,0,30,2019-09-25,2019-10-24
MC1,137514,0.6421351969242096,0,30,2019-09-10,2019-11-08
MC1,137564,0.5650501549243927,0,30,2019-06-06,2019-08-28
MC1,137866,0.7425803105036418,0,30,2019-09-17,2019-10-16
MC1,137945,0.4914311190446218,0,30,2019-10-10,2019-11-08
MC1,137956,0.8723157167434692,0,30,2019-10-04,2019-11-02
MC1,138052,0.8654689172903697,1,30,2019-10-10,2019-11-08
MC1,138053,0.5007408261299133,0,30,2019-09-09,2019-11-08
MC1,138066,0.38161334693431853,0,30,2019-07-17,2019-08-15
MC1,138101,0.8081152677536011,1,30,2019-06-08,2019-09-04
MC1,138365,0.7612458447615306,0,30,2019-10-05,2019-11-03
MC1,138398,0.39452596406141915,0,30,2018-07-09,2018-09-06
MC1,138465,0.5067188938458761,0,30,2019-09-06,2019-11-08
MC1,138494,0.7069662133852641,0,30,2019-10-10,2019-11-08
MC1,138828,0.7847589949766794,0,30,2019-09-29,2019-10-28
MC1,138983,0.5304328779379527,0,30,2018-09-30,2019-10-18
MC1,139008,0.41476090252399445,0,30,2019-09-10,2019-11-08
MC1,139198,0.417231477300326,0,30,2019-09-09,2019-11-08
MC1,139238,0.4010966310898463,0,30,2019-08-18,2019-09-16
MC1,139622,0.6825463990370433,0,30,2019-09-19,2019-10-18
MC1,139634,0.9731634775797526,0,30,2019-10-10,2019-11-08
MC1,139776,0.5875598351160686,0,30,2019-05-14,2019-06-12
MC1,140030,0.8668771843115489,0,30,2019-10-03,2019-11-01
MC1,140265,0.7225662906964619,0,30,2019-09-16,2019-10-15
MC1,140276,0.7970349490642548,0,30,2019-10-10,2019-11-08
MC1,140350,0.37137850125630695,0,30,2019-08-11,2019-11-08
MC1,140511,0.6788720905780792,0,30,2019-09-06,2019-11-08
MC1,140520,0.7001934826374054,0,30,2019-09-09,2019-11-08
MC1,140665,0.7938985407352448,0,30,2019-08-30,2019-10-29
MC1,140695,0.4345485597848892,0,30,2019-06-06,2019-11-08
MC1,140815,0.8101407865683238,0,30,2019-09-13,2019-10-12
MC1,140867,0.37299109995365143,1,30,2018-06-10,2018-07-09
MC1,141039,0.49301593218530926,0,21,2019-08-30,2019-09-19
MC1,141073,0.5226471424102783,0,30,2019-10-10,2019-11-08
MC1,141130,0.7501983960469564,0,30,2019-09-16,2019-10-15
MC1,141155,0.6590802391370137,0,30,2019-08-28,2019-10-27
MC1,141205,0.4744051625331243,0,30,2019-10-10,2019-11-08
MC1,141250,0.6266531904538473,0,30,2019-09-03,2019-10-02
MC1,141330,0.8131234129269918,0,30,2019-10-10,2019-11-08
MC1,141443,0.4576015462478002,0,30,2019-07-30,2019-10-19
MC1,141603,0.37337313691775004,0,30,2019-10-03,2019-11-01
MC1,142045,0.5958734333515168,0,30,2019-08-21,2019-10-19
MC1,142161,0.4957929452260335,1,30,2019-02-05,2019-03-06
MC1,142577,0.3993493398030599,0,30,2019-09-17,2019-10-16
MC1,142753,0.8955463568369547,0,30,2019-10-10,2019-11-08
MC1,142801,0.6790230721235275,0,30,2019-04-16,2019-11-08
MC1,142821,0.42000149687131244,0,30,2019-09-17,2019-10-16
MC1,143158,0.9906116127967834,1,30,2018-05-26,2018-06-24
MC1,143343,0.4525663803021113,0,30,2019-09-07,2019-11-08
MC1,143359,0.8081564287344615,0,30,2019-10-10,2019-11-08
MC1,143459,0.5695095578829448,0,30,2019-09-20,2019-10-19
MC1,143800,0.918857459227244,0,30,2019-10-10,2019-11-08
MC1,143862,0.7869396646817525,0,30,2019-09-30,2019-10-29
MC1,143877,0.6751468678315481,0,30,2019-09-02,2019-11-03
MC1,143945,0.8029117306073507,0,30,2019-09-28,2019-10-27
MC1,144154,0.7010326464970906,0,30,2019-10-10,2019-11-08
MC1,144541,0.8050696432590485,0,30,2019-09-21,2019-10-20
MC1,144589,0.5937734007835388,0,30,2019-03-13,2019-10-28
MC1,144662,0.696989103158315,1,30,2018-02-18,2018-03-19
MC1,144932,0.7294175068537394,0,30,2019-08-31,2019-09-29
MC1,144960,0.6626164058844248,0,30,2019-08-25,2019-11-05
MC1,145009,0.7036687791347503,0,30,2019-07-24,2019-08-22
MC1,145013,0.6819281776746114,0,30,2019-09-10,2019-11-08
MC1,145182,0.6136733154455821,1,30,2019-02-14,2019-03-15
MC1,145423,0.6537927190462748,0,30,2019-10-10,2019-11-08
MC1,145434,0.42071130375067395,0,30,2019-10-10,2019-11-08
MC1,145526,0.47613659004370373,0,30,2019-09-09,2019-11-08
MC1,145563,0.5092075298229853,0,30,2019-10-10,2019-11-08
MC1,146045,0.2878856788078944,0,30,2019-10-10,2019-11-08
MC1,146153,0.42480559448401134,0,30,2019-10-10,2019-11-08
MC1,146177,0.3751054614782333,0,30,2019-10-10,2019-11-08
MC1,146280,0.581649802128474,0,30,2019-08-20,2019-10-18
MC1,146373,0.4011356602112452,0,30,2019-08-24,2019-09-22
MC1,146377,0.39324087897936505,0,30,2019-08-24,2019-09-22
MC1,146386,0.762081648906072,0,30,2019-10-10,2019-11-08
MC1,146617,0.36096663077672325,1,30,2018-07-02,2018-08-31
MC1,146732,0.4442239493131638,0,30,2019-09-18,2019-10-17
MC1,146750,0.4436323364575704,0,30,2019-10-10,2019-11-08
MC1,146870,0.8903014103571574,0,30,2019-09-14,2019-10-13
MC1,147177,0.5191837231318156,0,30,2019-10-10,2019-11-08
MC1,147780,0.4249354670445124,0,30,2019-03-29,2019-06-12
MC1,147986,0.3879138936599096,0,30,2019-08-18,2019-10-16
MC1,147989,0.3879138936599096,0,30,2019-08-18,2019-10-16
MC1,148177,0.45244113107522327,0,30,2019-06-09,2019-11-08
MC1,148212,0.6148740331331889,0,30,2019-09-23,2019-10-22
MC1,148393,0.7657302737236023,0,30,2019-10-10,2019-11-08
MC1,148765,0.8572350581487019,0,30,2019-10-10,2019-11-08
MC1,149043,0.7963325540224712,0,30,2019-08-18,2019-10-16
MC1,149159,0.4861405779918035,0,30,2019-09-09,2019-11-08
MC1,149286,0.5511779765288035,0,30,2019-10-10,2019-11-08
MC1,149397,0.4849307825167974,0,30,2019-10-10,2019-11-08
MC1,149521,0.42790379921595256,0,30,2019-03-05,2019-04-03
MC1,149640,0.847339928150177,0,30,2019-10-03,2019-11-01
MC1,149677,0.8892365515232086,0,30,2019-09-09,2019-11-08
MC1,149697,0.6842471679051717,0,30,2019-08-18,2019-09-16
MC1,149717,0.701817911863327,0,30,2019-09-20,2019-10-19
MC1,149899,0.7877008895079295,0,30,2019-09-16,2019-10-15
MC1,149900,0.7877008895079295,0,30,2019-09-16,2019-10-15
MC1,149940,0.36565337181091306,0,30,2019-10-10,2019-11-08
MC1,150127,0.43160392343997955,0,30,2019-07-25,2019-08-23
MC1,150264,0.6987556695938111,0,30,2019-09-24,2019-10-23
MC1,150534,0.46231154501438143,0,30,2019-07-24,2019-10-31
MC1,150569,0.3991481433312098,0,30,2019-09-18,2019-10-17
MC1,150591,0.8618552406628927,0,30,2019-09-21,2019-10-20
MC1,150620,0.8748565991719564,0,30,2019-09-28,2019-10-27
MC1,150691,0.8771918733914693,0,30,2019-10-10,2019-11-08
MC1,150787,0.757451997200648,0,30,2019-08-25,2019-11-08
MC1,151007,0.3897305508454641,0,30,2019-10-10,2019-11-08
MC1,151075,0.4294227063655853,0,30,2019-09-09,2019-11-08
MC1,151102,0.7050500651200612,0,30,2019-08-29,2019-11-08
MC1,151302,0.8143128256003062,0,30,2019-09-28,2019-10-27
MC1,151526,0.838199629386266,0,30,2019-09-10,2019-11-08
MC1,151893,0.4223786681890488,0,30,2019-08-18,2019-09-16
MC1,151980,0.7010245800018311,0,30,2019-10-10,2019-11-08
MC1,151991,0.4689826586029746,0,11,2019-10-29,2019-11-08
MC1,152046,0.6934281885623932,0,30,2019-10-10,2019-11-08
MC1,152165,0.33997841278711954,0,30,2019-10-10,2019-11-08
MC1,152405,0.4708783864974976,0,30,2019-10-10,2019-11-08
MC1,152648,0.7650677541891734,0,30,2019-10-10,2019-11-08
MC1,152967,0.4287831515073776,0,30,2019-09-19,2019-10-18
MC1,153370,0.38746617436409,0,30,2019-09-10,2019-11-08
MC1,153457,0.569411963224411,0,30,2019-10-10,2019-11-08
MC1,153883,0.6488369743029276,0,30,2019-10-10,2019-11-08
MC1,154030,0.6543574432531992,0,30,2019-10-10,2019-11-08
MC1,154289,0.7706947127978007,1,30,2019-05-14,2019-06-12
MC1,154311,0.3332108010848363,0,30,2019-10-10,2019-11-08
MC1,154461,0.6583525657653808,0,30,2019-08-22,2019-10-20
MC1,154470,0.6540186762809753,0,30,2019-07-31,2019-08-29
MC1,154555,0.43828680912653606,0,30,2019-10-10,2019-11-08
MC1,154574,0.8391692658265432,0,30,2019-09-16,2019-10-15
MC1,154848,0.8385796705881755,0,30,2019-09-14,2019-10-13
MC1,154916,0.6401907920837402,0,30,2019-09-19,2019-10-18
MC1,154933,0.6131406287352245,0,30,2019-10-10,2019-11-08
MC1,155119,0.8810224493344625,1,30,2019-05-14,2019-06-12
MC1,155177,0.657090433438619,0,30,2019-09-21,2019-10-20
MC1,155254,0.8155668636163076,0,30,2019-10-10,2019-11-08
MC1,155301,0.65389138062795,0,30,2019-10-10,2019-11-08
MC1,155385,0.7507846713066101,0,30,2019-10-10,2019-11-08
MC1,155673,0.42400135497252145,0,30,2019-10-09,2019-11-07
MC1,155731,0.853534859418869,0,30,2019-04-22,2019-11-08
MC1,155755,0.604642919699351,0,30,2019-10-10,2019-11-08
MC1,155789,0.8431828697522481,0,30,2019-09-10,2019-11-08
MC1,155919,0.6329706648985545,0,30,2019-09-19,2019-10-18
MC1,155925,0.6329706648985545,0,30,2019-09-19,2019-10-18
MC1,155973,0.46870532631874084,0,30,2019-10-10,2019-11-08
MC1,155977,0.5415234247843425,0,30,2019-08-28,2019-09-26
MC1,156551,0.47787247200806937,0,30,2019-10-10,2019-11-08
MC1,156780,0.43118240932623547,0,30,2019-09-03,2019-11-01
MC1,156967,0.7930076022942861,0,30,2019-09-06,2019-11-08
MC1,157034,0.7717875003814697,0,30,2019-09-10,2019-10-09
MC1,157042,0.7717875003814697,0,30,2019-09-10,2019-10-09
MC1,157210,0.775219734509786,0,30,2019-09-13,2019-10-12
MC1,157242,0.7447648068269094,0,30,2019-10-10,2019-11-08
MC1,157254,0.5158050328493118,0,30,2019-10-10,2019-11-08
MC1,157296,0.373719518383344,1,30,2018-03-31,2018-05-29
MC1,157458,0.509445595741272,0,30,2019-09-10,2019-10-09
MC1,157738,0.5110715727011362,0,30,2019-08-21,2019-09-19
MC1,157877,0.5662262916564942,0,30,2019-09-21,2019-10-20
MC1,157885,0.8653721849123637,0,30,2019-10-10,2019-11-08
MC1,158001,0.8636884748935699,0,30,2019-09-01,2019-11-08
MC1,158155,0.7855845153331756,0,30,2019-10-08,2019-11-06
MC1,158389,0.37062185605367026,0,30,2019-04-30,2019-05-29
MC1,158416,0.48825798531373343,0,30,2019-10-03,2019-11-01
MC1,158710,0.43600581884384154,0,30,2019-09-09,2019-11-08
MC1,158826,0.5027759323517481,0,30,2019-03-09,2019-06-12
MC1,159152,0.44864329099655154,0,30,2019-09-20,2019-10-19
MC1,159189,0.8411920686562856,0,30,2019-10-10,2019-11-08
MC1,159233,0.753010094165802,0,30,2019-09-16,2019-10-15
MC1,159240,0.8415723423163096,0,30,2019-10-10,2019-11-08
MC1,159252,0.9858940303325653,1,30,2018-10-10,2018-11-08
MC1,159408,0.8144360780715942,0,30,2019-08-14,2019-10-12
MC1,159549,0.9034288823604584,1,30,2019-07-30,2019-08-28
MC1,159682,0.4927234301964442,0,30,2019-10-02,2019-10-31
MC1,159744,0.40412639478842416,0,30,2019-02-09,2019-09-13
MC1,159762,0.6605514427026112,0,30,2019-09-20,2019-10-19
MC1,159898,0.4646861761808395,0,30,2019-09-10,2019-11-08
MC1,159933,0.6746825416882832,0,30,2019-05-08,2019-08-31
MC1,159993,0.8182700594266256,0,30,2018-03-20,2018-04-18
MC1,159994,0.5930583397547404,0,30,2019-05-24,2019-07-22
MC1,160142,0.48907185991605123,0,30,2019-09-17,2019-10-16
MC1,160443,0.6732635418574016,0,30,2019-08-21,2019-10-19
MC1,160495,0.7247833291689555,0,30,2019-09-17,2019-10-16
MC1,160577,0.749044809738795,0,30,2019-09-20,2019-10-19
MC1,160622,0.5837601721286774,0,30,2019-09-19,2019-10-18
MC1,160860,0.3842000444730123,0,30,2019-02-19,2019-03-20
MC1,160897,0.4407882928848267,0,30,2019-08-10,2019-09-08
MC1,160979,0.4379685034354528,0,30,2019-10-10,2019-11-08
MC1,161129,0.6803212145964305,0,30,2019-09-20,2019-10-19
MC1,161184,0.41271165013313293,0,30,2019-08-31,2019-09-29
MC1,161267,0.413918932278951,0,30,2019-04-27,2019-05-26
MC1,161577,0.9012731969356537,0,30,2019-09-18,2019-10-17
MC1,161609,0.8062521000703176,0,30,2019-09-29,2019-10-28
MC1,161641,0.6685652494430542,0,30,2019-10-05,2019-11-03
MC1,161693,0.45015388329823813,0,30,2019-10-10,2019-11-08
MC1,161723,0.8148568352063497,0,30,2019-08-15,2019-10-13
MC1,161730,0.8796527504920959,0,30,2019-10-10,2019-11-08
MC1,162099,0.8090175728003184,0,30,2019-10-10,2019-11-08
MC1,162149,0.6723219811916351,0,30,2019-10-10,2019-11-08
MC1,162184,0.7438652674357097,0,30,2019-09-08,2019-11-08
MC1,162370,0.6321500877539317,0,30,2019-09-09,2019-11-08
MC1,162395,0.4050884485244751,1,30,2019-04-28,2019-07-26
MC1,162645,0.49931471844514214,0,30,2019-10-10,2019-11-08
MC1,162949,0.6041506111621857,0,30,2019-08-18,2019-09-16
MC1,163030,0.4422094186147054,0,30,2019-09-16,2019-10-15
MC1,163170,0.8437116722265879,0,30,2019-08-05,2019-10-15
MC1,163337,0.3762217034896215,0,30,2019-08-11,2019-11-08
MC1,163398,0.7200045168399811,0,30,2019-09-14,2019-10-13
MC1,163409,0.97031622727712,1,30,2019-03-28,2019-05-26
MC1,163472,0.47481464097897214,1,12,2019-08-02,2019-08-13
MC1,163703,0.7820069491863251,0,30,2019-10-10,2019-11-08
MC1,163798,0.6064851065476735,0,30,2019-09-17,2019-10-16
MC1,163942,0.6539522558450699,0,30,2019-03-19,2019-10-29
MC1,164018,0.8881513396898906,0,30,2019-09-18,2019-10-17
MC1,164046,0.8828499952952067,0,30,2019-09-06,2019-11-05
MC1,164179,0.7356809278329214,0,30,2019-10-10,2019-11-08
MC1,164464,0.8687101701895396,0,30,2019-09-10,2019-10-09
MC1,164778,0.8043399095535279,0,30,2019-10-10,2019-11-08
MC1,164781,0.8043414692083994,0,30,2019-10-10,2019-11-08
MC1,164925,0.5104959368705749,0,30,2019-09-28,2019-10-27
MC1,164995,0.5529568314552307,0,30,2019-10-10,2019-11-08
MC1,164998,0.9458196441332499,1,30,2019-10-10,2019-11-08
MC1,165026,0.7308465838432312,1,30,2019-09-11,2019-10-10
MC1,165239,0.47989421486854555,0,30,2019-10-10,2019-11-08
MC1,165297,0.8531192163626353,0,30,2019-10-10,2019-11-08
MC1,165307,0.499824325243632,0,30,2018-08-11,2018-09-09
MC1,165373,0.7984526137510936,0,30,2019-09-13,2019-10-12
MC1,165682,0.7777208904425303,0,30,2019-10-10,2019-11-08
MC1,165686,0.43549532095591226,0,30,2019-10-10,2019-11-08
MC1,165875,0.7631949623425801,0,30,2019-08-29,2019-10-27
MC1,166549,0.8072629491488139,0,30,2019-05-12,2019-09-16
MC1,166587,0.6347645123799642,0,30,2019-10-10,2019-11-08
MC1,166623,0.658106905221939,0,30,2019-07-30,2019-11-08
MC1,166831,0.651917697985967,0,30,2019-10-10,2019-11-08
MC1,166854,0.7061626652876536,0,30,2019-10-10,2019-11-08
MC1,167118,0.7838234424591064,0,30,2019-10-10,2019-11-08
MC1,167297,0.5999361395835876,0,30,2019-09-17,2019-10-16
MC1,167346,0.8264237622419993,0,30,2019-10-10,2019-11-08
MC1,167367,0.42563999990622203,0,30,2019-10-10,2019-11-08
MC1,167427,0.8642516454060872,1,30,2019-07-15,2019-08-13
MC1,167547,0.8946379542350769,0,30,2019-10-10,2019-11-08
MC1,167553,0.8884520570437113,0,30,2019-10-10,2019-11-08
MC1,167828,0.7087180932362874,0,30,2019-10-10,2019-11-08
MC1,167857,0.7326379557450612,0,30,2019-03-26,2019-04-24
MC1,167913,0.8034672319889069,0,30,2019-10-10,2019-11-08
MC1,168345,0.7456437170505523,0,30,2019-09-16,2019-10-15
MC1,168363,0.37826052606105803,0,30,2019-10-10,2019-11-08
MC1,168388,0.8114936212698619,0,30,2019-10-10,2019-11-08
MC1,168467,0.8955795844395955,0,30,2019-10-10,2019-11-08
MC1,168701,0.8454698761304219,1,30,2019-09-24,2019-10-23
MC1,168846,0.748058146238327,0,30,2019-10-10,2019-11-08
MC1,168938,0.49536963005860646,1,30,2018-10-02,2018-10-31
MC1,169011,0.871979292233785,0,30,2019-08-28,2019-09-26
MC1,169035,0.8964495440324147,0,30,2019-08-21,2019-09-19
MC1,169155,0.7606298844019572,0,30,2019-10-10,2019-11-08
MC1,169178,0.3433956325054169,0,30,2019-10-10,2019-11-08
MC1,169402,0.838083396355311,0,30,2019-10-10,2019-11-08
MC1,169544,0.4616013377904892,0,30,2019-09-10,2019-11-08
MC1,169550,0.3897041271130244,1,30,2018-04-08,2018-06-06
MC1,169560,0.7151781419912974,0,30,2019-09-12,2019-10-11
MC1,169663,0.39298714299996695,0,30,2019-04-23,2019-05-22
MC1,169751,0.8986163278420766,0,30,2019-10-10,2019-11-08
MC1,169792,0.4445756842692693,0,30,2019-04-06,2019-06-12
MC1,169887,0.8480864981810252,0,30,2019-09-09,2019-11-08
MC1,169904,0.5349827786286672,1,30,2019-05-16,2019-07-14
MC1,169955,0.8170007447401683,0,30,2019-10-03,2019-11-01
MC1,170070,0.5332691729068756,0,30,2019-03-07,2019-09-16
MC1,170131,0.8232998549938202,0,30,2019-09-07,2019-10-06
MC1,170149,0.5746813277403514,0,30,2019-09-13,2019-10-12
MC1,170365,0.3931638578573863,0,30,2019-09-12,2019-10-11
MC1,170422,0.4877009371916453,0,30,2019-09-17,2019-10-16
MC1,170567,0.36597695052623747,0,30,2019-09-16,2019-10-15
MC1,170708,0.8249211768309276,0,30,2019-10-10,2019-11-08
MC1,170802,0.8787986993789673,0,30,2019-08-25,2019-09-23
MC1,170818,0.8259857853253683,0,30,2019-08-11,2019-10-16
MC1,170879,0.8312905947367351,0,30,2019-09-17,2019-10-16
MC1,171038,0.5913600385189056,0,30,2019-10-10,2019-11-08
MC1,171266,0.8723371982574463,0,30,2019-10-04,2019-11-02
MC1,171271,0.9614447136720021,0,30,2019-10-04,2019-11-02
MC1,171280,0.42048221826553345,0,30,2019-09-01,2019-10-31
MC1,171823,0.7776857415835062,0,30,2019-10-10,2019-11-08
MC1,171890,0.673770562807719,0,30,2019-09-09,2019-11-08
MC1,171918,0.5595755080382029,0,30,2019-09-17,2019-10-16
MC1,171929,0.682703290383021,0,30,2019-08-19,2019-11-08
MC1,172096,0.7025360723336538,1,30,2019-07-16,2019-08-14
MC1,172315,0.7505778888861339,0,30,2019-04-23,2019-09-16
MC1,172453,0.7620720903078715,0,30,2019-10-10,2019-11-08
MC1,172557,0.5040477514266968,0,1,2019-10-18,2019-10-18
MC1,172689,0.665044754743576,0,30,2019-10-10,2019-11-08
MC1,172859,0.8884139597415924,0,30,2019-10-10,2019-11-08
MC1,172955,0.870500918229421,0,30,2019-10-10,2019-11-08
MC1,173065,0.4792154421408971,0,30,2019-07-19,2019-11-08
MC1,173218,0.8699385742346446,0,30,2019-08-18,2019-10-16
MC1,173431,0.3803427129983902,0,30,2018-06-12,2018-07-11
MC1,173647,0.5620398839314779,0,30,2019-09-20,2019-10-19
MC1,173748,0.7464960952599843,0,30,2019-10-10,2019-11-08
MC1,173778,0.6672601501146952,0,30,2019-07-16,2019-09-13
MC1,173897,0.3854751730406726,0,27,2018-09-07,2018-10-03
MC1,173908,0.5037965089082718,0,30,2019-10-10,2019-11-08
MC1,173950,0.6516857822736104,0,30,2019-10-10,2019-11-08
MC1,173977,0.7017957945664723,0,30,2019-10-10,2019-11-08
MC1,174169,0.6766458829243978,0,30,2019-10-04,2019-11-02
MC1,174250,0.8479234397411346,0,30,2019-09-13,2019-10-12
MC1,174258,0.8479234397411346,0,30,2019-09-13,2019-10-12
MC1,174497,0.8872608502705892,0,30,2019-09-10,2019-10-09
MC1,174536,0.4489643186330795,0,30,2019-10-10,2019-11-08
MC1,174570,0.7241176823774974,0,30,2019-02-19,2019-11-08
MC1,174593,0.6253517548243205,0,30,2019-08-31,2019-09-29
MC1,174664,0.6091003914674123,0,30,2019-09-19,2019-10-18
MC1,174665,0.581256792942683,0,30,2019-08-20,2019-10-18
MC1,174745,0.9297289371490478,1,30,2019-10-10,2019-11-08
MC1,174785,0.5223637700080872,0,30,2019-08-21,2019-10-19
MC1,174805,0.8214606920878093,0,30,2019-10-10,2019-11-08
MC1,174841,0.5531653622786205,0,30,2019-10-10,2019-11-08
MC1,174997,0.7616372108459473,0,30,2019-10-10,2019-11-08
MC1,175055,0.85405579606692,0,30,2019-10-10,2019-11-08
MC1,175468,0.5833564122517904,0,30,2019-08-15,2019-09-13
MC1,175591,0.4324875702460607,0,30,2019-10-10,2019-11-08
MC1,175789,0.9011452039082845,0,30,2019-10-10,2019-11-08
MC1,176194,0.7452623466650645,1,30,2019-09-09,2019-10-08
MC1,176406,0.37594555219014486,0,30,2019-03-28,2019-04-26
MC1,176450,0.5761272331078847,0,30,2019-10-10,2019-11-08
MC1,176635,0.397985103726387,0,30,2019-09-21,2019-10-20
MC1,176717,0.5582631468772888,0,30,2019-09-17,2019-10-16
MC1,176740,0.8612379292647044,0,30,2019-09-17,2019-10-16
MC1,176823,0.8976339360078176,0,30,2019-08-19,2019-10-17
MC1,177031,0.7389294564723968,0,30,2019-10-10,2019-11-08
MC1,177042,0.8802400290966034,0,30,2019-09-12,2019-10-11
MC1,177432,0.7751904229323069,0,30,2019-09-20,2019-10-19
MC1,177674,0.4732913533846537,0,30,2019-09-10,2019-11-08
MC1,177965,0.5114286035299301,0,30,2019-10-10,2019-11-08
MC1,178030,0.8540237307548523,0,30,2019-10-10,2019-11-08
MC1,178142,0.4703644275665283,0,30,2019-10-10,2019-11-08
MC1,178150,0.45429958403110504,0,30,2019-10-10,2019-11-08
MC1,178361,0.4771545886993408,0,30,2019-10-10,2019-11-08
MC1,178384,0.6036403258641561,0,30,2019-09-09,2019-11-08
MC1,178394,0.3989739199479421,0,30,2019-09-09,2019-11-08
MC1,178480,0.6574462056159973,0,30,2019-10-10,2019-11-08
MC1,178482,0.8597282449404399,0,30,2019-09-23,2019-10-22
MC1,178635,0.3521529624859492,0,30,2019-10-10,2019-11-08
MC1,178766,0.8041357119878133,0,30,2019-05-19,2019-07-17
MC1,178913,0.8499074300130208,0,30,2019-10-10,2019-11-08
MC1,179018,0.8903191924095154,0,30,2019-09-14,2019-10-13
MC1,179174,0.40584255357583365,0,30,2019-04-09,2019-06-12
MC1,179249,0.568963634967804,0,30,2019-10-10,2019-11-08
MC1,179509,0.6294742882251739,0,30,2019-10-10,2019-11-08
MC1,179539,0.8085410336653391,0,30,2019-08-13,2019-11-08
MC1,179720,0.6591620306173961,0,30,2019-10-10,2019-11-08
MC1,179999,0.4030183186133703,0,30,2019-09-13,2019-10-12
MC1,180030,0.36214036742846173,0,30,2019-09-07,2019-11-08
MC1,180148,0.559815526008606,0,30,2019-09-19,2019-10-18
MC1,180260,0.8713156521320343,0,30,2019-10-04,2019-11-02
MC1,180582,0.42718644440174103,0,30,2019-05-29,2019-11-08
MC1,180607,0.6908973197142283,0,30,2019-10-01,2019-10-30
MC1,180665,0.4707881102959315,1,30,2019-04-01,2019-06-04
MC1,180811,0.6633930921554565,0,30,2019-10-10,2019-11-08
MC1,180833,0.8284278253714243,0,30,2019-09-28,2019-10-27
MC1,180915,0.7978168527285258,0,30,2019-09-22,2019-10-21
MC1,181539,0.6680794099966685,0,30,2019-09-19,2019-10-18
MC1,181571,0.7510649641354878,0,30,2019-09-10,2019-10-09
MC1,181584,0.5527649223804474,0,30,2019-08-18,2019-09-16
MC1,181729,0.8809341271718343,1,30,2019-10-10,2019-11-08
MC1,182577,0.7334409753481547,0,30,2019-10-02,2019-10-31
MC1,182639,0.7270437240600586,0,30,2019-08-31,2019-09-29
MC1,182718,0.7789425651232401,1,30,2019-10-03,2019-11-01
MC1,182723,0.78771071434021,1,30,2019-10-10,2019-11-08
MC1,182878,0.8067191084225972,0,30,2019-09-08,2019-11-08
MC1,183209,0.418193240960439,0,30,2019-09-24,2019-10-23
MC1,183225,0.7374740322430928,0,30,2019-09-28,2019-10-27
MC1,183676,0.5656486729780833,0,30,2019-10-08,2019-11-06
MC1,183685,0.39697904139757156,0,4,2019-06-12,2019-10-20
MC1,183776,0.6583452304204305,0,30,2019-07-25,2019-08-23
MC1,183933,0.787023268143336,0,30,2019-09-16,2019-10-15
MC1,184010,0.9039949794610341,0,30,2019-10-10,2019-11-08
MC1,184051,0.6064088940620422,0,30,2019-09-08,2019-11-08
MC1,184115,0.49617740641469543,0,23,2019-09-26,2019-10-18
MC1,184119,0.821340811252594,0,30,2019-06-10,2019-10-18
MC1,184316,0.46340471804141997,0,30,2019-08-18,2019-10-16
MC1,184442,0.8889181117216746,0,30,2019-09-10,2019-10-09
MC1,184625,0.4031285176674525,0,30,2019-04-12,2019-10-19
MC1,184703,0.8569912195205689,1,30,2019-04-10,2019-05-09
MC1,184826,0.5487863739331563,0,30,2019-10-10,2019-11-08
MC1,184856,0.7002248684565227,0,30,2019-09-30,2019-10-29
MC1,184924,0.803619400660197,0,30,2019-10-02,2019-10-31
MC1,184941,0.8474456012248993,0,30,2019-09-14,2019-10-13
MC1,184991,0.5630819976329804,0,30,2019-08-25,2019-11-08
MC1,185035,0.9018901844819387,0,30,2019-09-29,2019-10-28
MC1,185095,0.5875277936458587,0,30,2019-08-23,2019-09-21
MC1,185338,0.5154779841502507,0,30,2019-08-18,2019-10-16
MC1,185532,0.7568488995234172,0,30,2019-10-10,2019-11-08
MC1,185711,0.7842492520809173,0,30,2019-09-05,2019-11-08
MC1,185916,0.6570382555325825,0,30,2019-09-09,2019-11-08
MC1,186002,0.6375380297501881,0,30,2019-10-10,2019-11-08
MC1,186017,0.5150984982649486,0,30,2019-10-10,2019-11-08
MC1,186038,0.4035918951034546,0,30,2019-09-18,2019-10-17
MC1,186122,0.5367543319861094,0,30,2019-10-10,2019-11-08
MC1,186183,0.6518205563227336,0,30,2019-10-10,2019-11-08
MC1,186256,0.7751899838447571,0,30,2019-10-10,2019-11-08
MC1,186307,0.5691365162531535,0,30,2019-10-10,2019-11-08
MC1,186405,0.564472770690918,0,30,2019-10-10,2019-11-08
MC1,186865,0.7627293745676677,0,30,2019-09-18,2019-10-17
MC1,186901,0.4698297202587128,0,30,2019-09-20,2019-10-19
MC1,187018,0.5903671423594157,0,30,2019-10-10,2019-11-08
MC1,187094,0.4236274351676305,0,30,2018-09-24,2018-10-23
MC1,187178,0.5650075952212016,0,30,2019-08-31,2019-09-29
MC1,187487,0.3698503166437149,0,30,2019-05-21,2019-08-01
MC1,187769,0.9621801753838857,0,30,2019-10-10,2019-11-08
MC1,187917,0.9430385410785675,1,30,2019-04-14,2019-05-13
MC1,187961,0.6103790680567424,0,30,2019-10-02,2019-10-31
MC1,187979,0.4065707633892695,0,30,2019-08-20,2019-11-05
MC1,187985,0.8174980441729228,0,30,2019-09-18,2019-10-17
MC1,188077,0.8293909351030986,0,30,2019-08-23,2019-11-08
MC1,188331,0.7749654829502106,0,30,2019-09-22,2019-10-21
MC1,188534,0.527619594335556,1,30,2019-05-02,2019-05-31
MC1,188562,0.6345691919326782,0,30,2019-10-10,2019-11-08
MC1,189154,0.6480103472868601,0,30,2019-10-10,2019-11-08
MC1,189273,0.4386550466219584,0,30,2019-10-10,2019-11-08
MC1,189295,0.4761943290630976,0,30,2019-08-24,2019-10-22
MC1,189319,0.7576834122339885,0,30,2019-10-10,2019-11-08
MC1,189362,0.8704158524672191,0,30,2019-09-18,2019-10-17
MC1,189456,0.5999559024969737,0,30,2019-09-17,2019-10-16
MC1,189529,0.9231556614240011,0,30,2019-09-10,2019-11-08
MC1,189553,0.8954787393411,0,30,2019-10-10,2019-11-08
MC1,189558,0.4266233821709951,0,30,2019-01-28,2019-02-26
MC1,189573,0.40670586824417115,0,30,2019-10-10,2019-11-08
MC1,189607,0.8310868144035339,0,30,2019-10-10,2019-11-08
MC1,189771,0.8070548951625824,0,30,2019-09-13,2019-10-12
MC1,189822,0.7633935213088989,0,30,2019-08-23,2019-10-21
MC1,189841,0.6662810126940409,0,30,2019-09-10,2019-10-09
MC1,190006,0.7891408403714498,0,30,2019-10-10,2019-11-08
MC1,190353,0.8710718115170797,0,30,2019-09-17,2019-10-16
MC1,190487,0.8809729933738708,0,30,2019-09-28,2019-10-27
MC1,191157,0.7007995049158732,0,30,2019-09-09,2019-11-08
MC1,191184,0.7139729340871175,0,30,2019-10-10,2019-11-08
MC1,191232,0.7906554241975149,0,30,2019-10-10,2019-11-08
MC1,191368,0.3804699738820394,0,30,2019-10-10,2019-11-08
MC1,191412,0.7302206973234813,0,30,2019-09-20,2019-10-19
MC1,191577,0.8595151444276173,0,30,2019-08-22,2019-09-20
MC1,191586,0.5246899445851644,0,15,2018-06-06,2018-07-26
MC1,191611,0.6252771735191345,0,30,2019-09-17,2019-10-16
MC1,191780,0.9767862141132355,0,30,2019-10-01,2019-10-30
MC1,191990,0.8403235932191213,0,30,2019-08-21,2019-09-19
MC1,192051,0.45267871816953026,0,30,2019-08-20,2019-10-18
MC1,192184,0.5436737020810445,0,30,2019-10-10,2019-11-08
MC1,192271,0.4123890161514282,0,30,2019-10-10,2019-11-08
MC1,192310,0.36812980473041534,0,30,2018-08-05,2018-10-03
MC1,192352,0.6332227448622386,0,30,2019-09-26,2019-10-25
MC1,192353,0.45723491807778677,0,30,2019-09-26,2019-10-25
MC1,192382,0.7522113064924876,0,30,2019-10-10,2019-11-08
MC1,192392,0.7053548256556194,0,30,2019-10-10,2019-11-08
MC1,192439,0.8197337448596954,0,30,2019-09-10,2019-11-08
MC1,192447,0.6245927393436432,0,30,2019-09-30,2019-10-29
MC1,192547,0.8758198479811351,0,30,2019-09-18,2019-10-17
MC1,192620,0.5328510562578838,0,30,2019-10-10,2019-11-08
MC1,192749,0.8087168872356415,0,30,2019-09-23,2019-10-22
MC1,192870,0.5270127137502034,0,15,2018-06-06,2018-07-26
MC1,192883,0.9266995966434479,0,30,2019-09-19,2019-10-18
MC1,193490,0.7479914446671804,0,30,2019-10-10,2019-11-08
MC1,193492,0.8527068058649699,0,30,2019-10-10,2019-11-08
MC1,193703,0.38403756618499757,0,30,2019-08-18,2019-10-16
MC1,193810,0.7601491908232371,0,30,2019-09-03,2019-11-06
MC1,194004,0.774974811077118,0,30,2019-08-30,2019-10-29
MC1,194037,0.6840068976084391,0,30,2019-08-31,2019-09-29
MC1,194235,0.4389929344256719,0,30,2019-04-16,2019-10-19
MC1,194252,0.7272080600261688,0,30,2019-07-26,2019-08-24
MC1,194513,0.7132937292257945,0,30,2019-09-13,2019-10-12
MC1,194600,0.4862578918536504,0,30,2019-09-10,2019-11-08
MC1,194700,0.9020441730817159,0,30,2019-10-07,2019-11-05
MC1,194747,0.6149549543857574,0,30,2019-09-20,2019-10-19
MC1,194815,0.39936578571796416,0,30,2019-10-10,2019-11-08
MC1,194860,0.8755295157432557,0,30,2019-09-09,2019-11-08
MC1,195076,0.8669627070426941,0,30,2019-10-10,2019-11-08
MC1,195196,0.45159901678562164,0,30,2019-09-22,2019-10-21
MC1,195268,0.39856526255607605,0,30,2019-09-18,2019-10-17
MC1,195425,0.9044072548548381,0,30,2019-10-10,2019-11-08
MC1,195577,0.5151700258255005,0,30,2019-10-10,2019-11-08
MC1,195606,0.594443267583847,0,30,2019-09-10,2019-10-09
MC1,195820,0.7062878648440043,0,30,2019-09-23,2019-10-22
MC1,195933,0.8142238676548004,0,30,2019-10-10,2019-11-08
MC1,196035,0.9081518630186717,0,30,2019-09-17,2019-10-16
MC1,196109,0.43719341258207955,0,30,2019-10-08,2019-11-06
MC1,196161,0.3720141629378001,0,30,2019-10-10,2019-11-08
MC1,196429,0.7185591161251068,0,30,2019-10-05,2019-11-03
MC1,196586,0.7378398140271505,0,30,2019-09-19,2019-10-18
MC1,196684,0.7761321544647217,0,30,2019-10-10,2019-11-08
MC1,196893,0.5095909555753072,0,30,2019-10-10,2019-11-08
MC1,196955,0.9129859149456024,0,30,2019-08-03,2019-10-01
MC1,197165,0.5916515231132508,0,30,2019-07-28,2019-09-25
MC1,197248,0.6164244552453358,0,30,2019-09-03,2019-10-02
MC1,197498,0.7912355224291484,0,30,2019-08-18,2019-09-16
MC1,197556,0.7542885720729828,0,30,2019-10-10,2019-11-08
MC1,197662,0.8037724792957306,1,30,2019-10-10,2019-11-08
MC1,197677,0.7631367683410645,0,30,2019-09-17,2019-10-16
MC1,197820,0.7704936683177948,0,30,2019-10-10,2019-11-08
MC1,197897,0.4851754526297251,0,30,2018-03-20,2018-04-18
MC1,198093,0.44133785665035247,0,30,2019-09-09,2019-11-08
MC1,198116,0.914440929889679,0,30,2019-08-29,2019-11-08
MC1,198225,0.5379544456799825,0,30,2019-10-10,2019-11-08
MC1,198365,0.817449955145518,0,30,2019-10-08,2019-11-06
MC1,198409,0.487822159131368,0,30,2019-09-17,2019-10-16
MC1,198422,0.6453909715016682,0,30,2019-09-19,2019-10-18
MC1,198727,0.46462209820747374,0,30,2019-10-10,2019-11-08
MC1,198787,0.719152053197225,0,30,2019-10-10,2019-11-08
MC1,199209,0.7754351238409678,0,30,2019-09-16,2019-10-15
MC1,199428,0.6912955462932586,0,30,2019-09-17,2019-10-16
MC1,199468,0.5845888177553813,0,30,2019-10-06,2019-11-04
MC1,199547,0.41594811379909513,0,30,2019-09-11,2019-10-10
MC1,199561,0.6432138641675313,0,30,2019-10-10,2019-11-08
MC1,199651,0.6705970247586568,0,30,2019-09-05,2019-11-04
MC1,199706,0.5830318530400594,0,30,2019-09-09,2019-11-08
MC1,199840,0.8194461683432261,0,30,2019-10-10,2019-11-08
MC1,199924,0.45634594559669495,0,30,2019-09-17,2019-10-16
MC1,200029,0.4383352557818095,0,30,2019-10-10,2019-11-08
MC1,200210,0.8051814516385396,0,30,2019-10-10,2019-11-08
MC2,106,0.39521699051062265,0,30,2019-09-22,2019-10-21
MC2,168,0.3715544025103251,0,30,2019-10-04,2019-11-02
MC2,249,0.5394493818283081,0,30,2019-10-10,2019-11-08
MC2,473,0.39667554895083107,0,30,2019-09-17,2019-10-16
MC2,655,0.3759515802065531,0,30,2019-10-10,2019-11-08
MC2,695,0.4898827403783798,0,30,2019-09-10,2019-11-08
MC2,1260,0.44503666659196217,0,30,2019-10-10,2019-11-08
MC2,1272,0.41243586043516794,0,30,2019-09-10,2019-11-08
MC2,1553,0.6527560075124105,0,30,2019-09-17,2019-10-16
MC2,2001,0.8290614187717438,0,30,2018-07-08,2018-10-03
MC2,2003,0.3572340647379557,0,30,2019-09-08,2019-10-07
MC2,2037,0.4844710816939672,0,30,2019-10-02,2019-10-31
MC2,2169,0.6800195237000783,0,30,2019-08-20,2019-10-18
MC2,2376,0.3428855737050374,0,30,2019-08-12,2019-11-08
MC2,2565,0.5902036925156912,0,30,2019-09-22,2019-10-21
MC2,2584,0.6597418824831645,0,30,2019-09-16,2019-10-15
MC2,2602,0.529479851325353,0,30,2019-10-10,2019-11-08
MC2,2824,0.36599012116591134,0,30,2019-08-26,2019-09-24
MC2,2853,0.4016994833946228,0,30,2019-09-11,2019-10-10
MC2,2914,0.3723710695902506,0,30,2019-09-16,2019-10-15
MC2,3116,0.391565736134847,0,30,2019-10-10,2019-11-08
MC2,3181,0.3737152258555094,0,30,2019-10-10,2019-11-08
MC2,3204,0.39799446165561675,0,30,2019-08-31,2019-11-08
MC2,3267,0.35115327338377633,0,30,2019-08-13,2019-09-11
MC2,3693,0.7061803301175436,0,30,2019-09-16,2019-10-15
MC2,3933,0.37659028073151907,0,30,2019-10-10,2019-11-08
MC2,3934,0.42907446225484214,0,30,2019-09-19,2019-10-18
MC2,4021,0.46116975049177805,0,30,2019-10-10,2019-11-08
MC2,4131,0.4149259090423584,0,30,2019-10-01,2019-10-30
MC2,4707,0.3566138019164403,0,30,2019-08-09,2019-10-07
MC2,4807,0.3399698277314504,0,30,2019-10-10,2019-11-08
MC2,4832,0.4783043086528778,0,30,2019-10-10,2019-11-08
MC2,4867,0.5178956528504689,0,30,2019-10-10,2019-11-08
MC2,5026,0.9088977793852488,1,30,2018-10-10,2018-11-08
MC2,5097,0.4484367032845815,0,30,2019-10-10,2019-11-08
MC2,5144,0.3543563316265742,0,30,2019-10-02,2019-10-31
MC2,5446,0.4164186010758082,0,30,2019-10-10,2019-11-08
MC2,5597,0.3518662452697754,0,30,2019-06-05,2019-10-01
MC2,5669,0.8935156643390656,0,30,2019-10-10,2019-11-08
MC2,5705,0.44717438419659933,0,30,2019-10-10,2019-11-08
MC2,5804,0.3996957172950109,0,30,2019-09-17,2019-10-16
MC2,6136,0.3426195571819941,0,30,2019-08-20,2019-09-18
MC2,6301,0.5244344890117645,0,30,2019-10-10,2019-11-08
MC2,6380,0.40051480531692507,0,30,2019-05-14,2019-06-12
MC2,6421,0.49935468037923175,0,30,2019-10-10,2019-11-08
MC2,6428,0.3630367934703827,0,30,2019-03-08,2019-04-06
MC2,6649,0.39150491257508596,0,30,2019-09-10,2019-11-08
MC2,6666,0.6255679706732432,0,30,2019-10-10,2019-11-08
MC2,6870,0.34021547238032024,0,30,2019-09-05,2019-10-04
MC2,6950,0.3769927511612574,0,30,2019-09-20,2019-10-19
MC2,6951,0.46969710290431976,0,30,2019-10-10,2019-11-08
MC2,7237,0.5413346946239471,0,30,2019-10-10,2019-11-08
MC2,7329,0.3920104165871938,0,30,2019-09-19,2019-10-18
MC2,7330,0.39998262127240497,0,30,2019-10-10,2019-11-08
MC2,7606,0.47229213813940685,0,30,2019-10-09,2019-11-07
MC2,7682,0.390663022796313,0,30,2019-10-10,2019-11-08
MC2,7968,0.38816373447577157,0,30,2019-06-01,2019-10-18
MC2,7973,0.3783221503098806,0,30,2019-09-05,2019-11-03
MC2,7996,0.5089042544364929,0,30,2019-09-02,2019-11-08
MC2,8026,0.6325644930203755,0,30,2019-10-10,2019-11-08
MC2,8085,0.4910332942008972,0,25,2018-12-18,2019-01-11
MC2,8287,0.4468015362819036,0,30,2019-10-10,2019-11-08
MC2,8784,0.6481969892978668,0,30,2019-08-30,2019-09-28
MC2,9057,0.5406983097394308,0,30,2019-08-21,2019-10-19
MC2,9100,0.36830149392286937,0,30,2019-08-07,2019-10-27
MC2,9260,0.37798269987106325,0,30,2019-10-10,2019-11-08
MC2,9269,0.43740425606568656,0,30,2019-09-20,2019-10-19
MC2,9401,0.399099396665891,0,30,2019-10-10,2019-11-08
MC2,9542,0.4852066864569982,0,30,2019-10-04,2019-11-02
MC2,10074,0.4290365407864253,0,30,2019-10-10,2019-11-08
MC2,10296,0.362247371673584,0,30,2019-09-19,2019-10-18
MC2,10368,0.4407754282156626,0,30,2019-07-31,2019-08-29
MC2,10384,0.5235467831293742,0,30,2019-10-10,2019-11-08
MC2,10490,0.390659694870313,0,30,2019-09-21,2019-10-20
MC2,10516,0.43184469838937123,0,30,2019-08-22,2019-11-08
MC2,10903,0.6688462654749553,0,30,2019-08-13,2019-11-08
MC2,10923,0.3956506947676341,0,30,2019-09-17,2019-10-16
MC2,10955,0.46664260228474935,0,30,2019-02-12,2019-03-13
MC2,11042,0.5831673165162404,0,30,2019-10-10,2019-11-08
MC2,11431,0.40344657699267067,0,30,2019-10-10,2019-11-08
MC2,11599,0.5317200064659119,0,30,2019-10-10,2019-11-08
MC2,11691,0.36872781813144684,0,30,2019-09-22,2019-10-21
MC2,11772,0.6251164893309276,0,30,2019-10-10,2019-11-08
MC2,11930,0.6563177088896434,0,30,2019-08-16,2019-10-14
MC2,12038,0.4821009258429209,0,30,2019-09-19,2019-10-18
MC2,12172,0.4093918552001317,0,30,2019-09-20,2019-10-19
MC2,12178,0.5811142742633819,0,30,2019-10-10,2019-11-08
MC2,12255,0.6142461081345876,0,30,2019-08-26,2019-09-24
MC2,12263,0.4536836832761765,1,30,2019-05-14,2019-06-12
MC2,12312,0.35483516852060953,0,30,2019-09-02,2019-10-01
MC2,12331,0.5245960017045339,0,30,2019-09-17,2019-10-16
MC2,12399,0.3849734594424566,0,30,2019-09-06,2019-10-05
MC2,12531,0.4187032878398895,0,30,2019-10-10,2019-11-08
MC2,12533,0.37957997421423595,0,30,2019-05-01,2019-05-30
MC2,12568,0.6886635879675548,0,30,2019-09-21,2019-10-20
MC2,12660,0.4220902889966965,0,30,2019-10-10,2019-11-08
MC2,12833,0.42892215549945834,0,30,2019-09-22,2019-10-21
MC2,13031,0.3692863275607427,0,30,2019-03-03,2019-08-17
MC2,13119,0.4457227687040965,0,30,2019-10-10,2019-11-08
MC2,13180,0.5653915107250214,0,30,2019-09-20,2019-10-19
MC2,13239,0.5771424849828084,0,30,2019-09-17,2019-10-16
MC2,13466,0.38558069467544553,0,30,2019-08-25,2019-10-24
MC2,13478,0.5709203958511353,0,30,2019-09-20,2019-10-19
MC2,13536,0.4104748139778773,0,30,2019-09-19,2019-10-18
MC2,13576,0.4672052164872487,0,30,2019-08-27,2019-10-25
MC2,13878,0.47658477822939554,0,30,2019-09-20,2019-10-19
MC2,13895,0.36689752638339995,0,30,2019-09-07,2019-10-06
MC2,14080,0.5812547008196512,0,30,2019-09-16,2019-10-15
MC2,14501,0.4489875793457031,0,30,2019-10-10,2019-11-08
MC2,14724,0.49829608102639517,0,30,2019-10-10,2019-11-08
MC2,14803,0.40792954762776695,0,30,2019-09-19,2019-10-18
MC2,14812,0.5377384463946024,0,30,2019-09-18,2019-10-17
MC2,14863,0.4229895999034246,0,30,2019-08-07,2019-10-16
MC2,14902,0.6272812267144521,0,30,2019-10-10,2019-11-08
MC2,15088,0.4132783393065135,1,30,2019-07-19,2019-08-17
MC2,15107,0.3883193572362264,0,30,2019-08-18,2019-09-16
MC2,15129,0.4146705389022827,1,30,2019-04-08,2019-06-12
MC2,15199,0.381867586572965,0,30,2019-06-08,2019-10-26
MC2,15412,0.8770723342895508,0,30,2019-09-17,2019-10-16
MC2,15498,0.39034628371397656,0,30,2019-09-19,2019-10-18
MC2,15705,0.5077024668455123,0,30,2018-10-10,2018-11-08
MC2,15786,0.42056622306505836,0,30,2019-10-10,2019-11-08
MC2,15800,0.5277104198932647,0,30,2019-09-18,2019-10-17
MC2,15885,0.6155195852120717,0,30,2019-10-10,2019-11-08
MC2,16096,0.6362272262573242,0,30,2019-09-17,2019-10-16
MC2,16196,0.3578261246283849,0,30,2019-08-10,2019-11-02
MC2,16433,0.3907534261544546,0,30,2019-10-10,2019-11-08
MC2,16517,0.43352675139904023,0,30,2019-09-17,2019-10-16
MC2,16604,0.6025838454564413,0,30,2019-10-08,2019-11-06
MC2,16623,0.3795661141475042,0,30,2019-09-21,2019-10-20
MC2,16739,0.36217233041922253,0,30,2019-09-20,2019-10-19
MC2,16767,0.378971857825915,0,30,2019-09-09,2019-11-08
MC2,16857,0.40561780631542205,0,30,2019-09-20,2019-10-19
MC2,17024,0.4029986004034678,0,30,2019-10-10,2019-11-08
MC2,17047,0.5343392233053843,0,30,2019-10-02,2019-10-31
MC2,17058,0.5435528298219044,0,30,2019-09-10,2019-10-09
MC2,17306,0.37644739747047423,0,30,2019-09-11,2019-10-10
MC2,17445,0.3820470213890076,0,30,2019-10-10,2019-11-08
MC2,17549,0.3759487956762314,0,30,2019-10-10,2019-11-08
MC2,17788,0.6277769804000854,0,30,2019-10-04,2019-11-02
MC2,17864,0.40000330805778506,0,30,2019-10-04,2019-11-02
MC2,18444,0.5306516885757446,0,30,2019-09-22,2019-10-21
MC2,18466,0.4304069072008133,0,30,2019-09-17,2019-10-16
MC2,18478,0.47419307231903074,0,30,2019-09-22,2019-10-21
MC2,18517,0.6790581663449605,0,30,2019-09-09,2019-10-08
MC2,18938,0.40197471777598065,0,30,2019-09-17,2019-10-16
MC2,18947,0.4755076060692469,0,30,2019-10-10,2019-11-08
MC2,18971,0.4471906214952469,0,30,2019-09-10,2019-11-08
MC2,19195,0.4287503629922867,0,30,2019-10-10,2019-11-08
MC2,19373,0.4001356293757757,0,30,2019-09-17,2019-10-16
MC2,19481,0.5773377895355225,0,30,2019-10-10,2019-11-08
MC2,19563,0.3962471455335617,0,30,2019-03-30,2019-04-28
MC2,19613,0.7145205934842428,0,30,2019-07-22,2019-10-18
MC2,19656,0.6663573424021403,0,30,2019-09-08,2019-10-07
MC2,19671,0.40258884529272715,0,30,2019-09-09,2019-11-08
MC2,19932,0.4390273461739222,0,30,2019-09-19,2019-10-18
MC2,19973,0.6005281647046407,0,30,2019-09-30,2019-10-29
MC2,19975,0.41795857548713683,0,30,2019-10-10,2019-11-08
MC2,20008,0.4610889305671056,0,30,2019-10-10,2019-11-08
MC2,20141,0.4829668700695038,1,1,2018-10-09,2018-10-09
MC2,20387,0.44737574259440105,0,30,2019-10-10,2019-11-08
MC2,20525,0.3844192941983541,0,30,2019-09-05,2019-10-04
MC2,20554,0.6716200788815816,0,30,2019-09-19,2019-10-18
MC2,20579,0.36623237033685047,1,30,2019-08-02,2019-08-31
MC2,20744,0.4213331490755081,0,30,2019-10-10,2019-11-08
MC2,20875,0.3602020452419917,0,30,2019-09-08,2019-10-07
MC2,20935,0.44395275513331095,0,30,2019-09-27,2019-10-26
MC2,20963,0.38491754134496053,0,30,2019-09-10,2019-10-09
MC2,21238,0.5070242216189702,0,30,2019-08-20,2019-10-22
MC2,21382,0.3647129664818446,0,30,2019-09-16,2019-10-15
MC2,21477,0.4842001567284266,0,30,2019-10-10,2019-11-08
MC2,21663,0.5330821533997854,0,30,2019-09-10,2019-11-08
MC2,21930,0.5037794202566147,0,30,2019-09-17,2019-10-16
MC2,21941,0.3746860533952713,0,30,2019-04-09,2019-05-08
MC2,22065,0.7833329359690349,0,30,2019-09-16,2019-10-15
MC2,22159,0.3953036139408747,0,30,2019-10-10,2019-11-08
MC2,22492,0.37766040066878,0,30,2019-05-04,2019-06-02
MC2,22499,0.5239436030387878,0,30,2019-10-10,2019-11-08
MC2,22506,0.40989192525545753,0,30,2019-10-10,2019-11-08
MC2,22563,0.3889547755320867,1,30,2019-03-25,2019-05-23
MC2,22603,0.4630488966192518,0,7,2018-07-21,2018-07-27
MC2,22644,0.4151053170363108,0,30,2019-08-11,2019-10-09
MC2,22845,0.5762770434220632,0,30,2019-09-09,2019-11-08
MC2,23050,0.39731365442276,0,30,2019-09-20,2019-10-19
MC2,23352,0.6315705358982087,0,30,2019-09-15,2019-10-14
MC2,23481,0.3915969630082448,0,30,2019-08-27,2019-11-07
MC2,23530,0.3673568775256475,0,30,2019-09-05,2019-10-04
MC2,23656,0.4090834379196167,0,30,2019-09-20,2019-10-19
MC2,23725,0.4323879023392995,0,30,2019-09-03,2019-11-08
