model,disk_id,drive_score,drive_label,n_final_windows,final_window_start,final_window_end
MA1,448,0.5376203060150146,0,30,2019-05-14,2019-06-12
MA1,527,0.5387553572654724,0,30,2019-10-10,2019-11-08
MA1,747,0.5465983748435974,0,30,2019-10-10,2019-11-08
MA1,839,0.5806025862693787,0,30,2019-09-27,2019-10-26
MA1,960,0.517566978931427,0,30,2019-10-10,2019-11-08
MA1,977,0.5483566522598267,0,30,2019-10-10,2019-11-08
MA1,2078,0.5698179006576538,0,27,2018-02-01,2018-02-27
MA1,2154,0.527617335319519,0,30,2018-08-17,2018-11-08
MA1,2192,0.5370888113975525,0,30,2019-10-06,2019-11-04
MA1,2278,0.5497547388076782,0,30,2019-10-10,2019-11-08
MA1,2412,0.5787336826324463,0,30,2019-10-10,2019-11-08
MA1,2564,0.5230271220207214,0,30,2019-10-10,2019-11-08
MA1,2859,0.5702778697013855,0,4,2018-02-01,2018-02-04
MA1,2869,0.5696265697479248,0,4,2018-02-01,2018-02-04
MA1,3341,0.5240722894668579,0,30,2019-08-19,2019-10-17
MA1,3449,0.5558871030807495,0,30,2019-02-07,2019-03-08
MA1,3583,0.5647895336151123,0,30,2018-08-11,2018-09-09
MA1,3729,0.5534436702728271,0,30,2019-10-10,2019-11-08
MA1,3798,0.5709912776947021,0,30,2018-09-02,2019-01-02
MA1,4374,0.5375490784645081,0,30,2019-09-22,2019-10-21
MA1,5048,0.5459982752799988,0,30,2019-10-10,2019-11-08
MA1,5085,0.5694718956947327,0,30,2019-09-27,2019-10-26
MA1,5249,0.5491999983787537,0,30,2019-10-10,2019-11-08
MA1,5328,0.5738956928253174,0,30,2019-09-10,2019-11-08
MA1,5474,0.5729095339775085,0,30,2019-01-28,2019-02-26
MA1,5666,0.5614631175994873,0,30,2018-03-23,2018-11-08
MA1,6095,0.5679485201835632,0,30,2018-08-04,2018-09-02
MA1,6099,0.5680485367774963,0,30,2018-08-04,2018-09-02
MA1,6177,0.5428578853607178,0,30,2019-09-10,2019-11-08
MA1,6199,0.5161817669868469,0,30,2019-09-16,2019-10-15
MA1,6465,0.5397390127182007,0,30,2019-08-21,2019-09-19
MA1,6553,0.5447145104408264,0,30,2018-03-28,2018-10-13
MA1,6691,0.5642650723457336,0,30,2018-09-20,2018-10-19
MA1,6714,0.5480908155441284,0,30,2019-10-10,2019-11-08
MA1,6741,0.5506800413131714,0,30,2019-10-10,2019-11-08
MA1,6790,0.5205258131027222,0,30,2019-09-17,2019-10-16
MA1,6794,0.5204960703849792,0,30,2019-09-17,2019-10-16
MA1,7191,0.5430174469947815,0,30,2019-10-10,2019-11-08
MA1,7399,0.5665672421455383,0,30,2018-07-12,2018-09-09
MA1,7529,0.5452287793159485,0,30,2019-06-06,2019-08-04
MA1,7652,0.5762308239936829,0,30,2018-07-13,2018-11-07
MA1,7657,0.5754081010818481,0,30,2018-07-13,2018-11-07
MA1,7788,0.5658034086227417,0,30,2019-10-10,2019-11-08
MA1,8496,0.5712815523147583,0,30,2019-10-10,2019-11-08
MA1,8586,0.5346970558166504,0,30,2019-09-10,2019-11-08
MA1,8635,0.5385097861289978,0,30,2019-10-10,2019-11-08
MA1,8867,0.5422812700271606,0,30,2019-10-10,2019-11-08
MA1,8878,0.5587626695632935,0,30,2019-10-10,2019-11-08
MA1,8956,0.5650525689125061,1,30,2018-08-30,2018-09-28
MA1,9186,0.6084874272346497,0,30,2018-12-12,2019-02-09
MA1,9559,0.5580315589904785,0,30,2018-03-25,2018-05-23
MA1,9584,0.5700881481170654,0,30,2018-11-04,2019-03-08
MA1,9836,0.5562328696250916,0,30,2019-06-08,2019-09-06
MA1,9841,0.567634105682373,0,30,2018-08-11,2018-09-09
MA1,10021,0.561165988445282,0,30,2018-03-21,2018-10-05
MA1,10091,0.5813114047050476,0,30,2018-12-25,2019-01-23
MA1,10094,0.5699787735939026,0,30,2018-12-25,2019-01-23
MA1,10111,0.5522880554199219,0,30,2019-09-20,2019-10-19
MA1,10288,0.5449745059013367,0,30,2019-09-27,2019-10-26
MA1,10601,0.563928484916687,0,30,2019-01-14,2019-02-12
MA1,10633,0.5242997407913208,0,30,2019-10-10,2019-11-08
MA1,10662,0.5516903400421143,0,30,2019-09-10,2019-11-08
MA1,10890,0.28802773356437683,0,30,2018-06-12,2018-09-09
MA1,11096,0.5572766661643982,0,30,2018-10-10,2018-11-08
MA1,11218,0.5315738916397095,0,30,2019-09-10,2019-11-08
MA1,11226,0.5304773449897766,0,30,2019-09-10,2019-11-08
MA1,11227,0.5304809212684631,0,30,2019-09-10,2019-11-08
MA1,11276,0.5707373023033142,0,30,2018-08-08,2018-09-06
MA1,11348,0.5407994985580444,0,30,2019-05-14,2019-06-12
MA1,11505,0.5381218791007996,0,30,2019-05-14,2019-06-12
MA1,11561,0.5985790491104126,0,30,2018-08-11,2018-09-09
MA1,12240,0.5852695107460022,1,30,2018-12-18,2019-01-16
MA1,12576,0.5376664996147156,0,30,2019-09-27,2019-10-26
MA1,12831,0.5622759461402893,0,30,2018-08-17,2018-11-08
MA1,13503,0.5376739501953125,0,30,2018-08-11,2018-09-09
MA1,13822,0.5675866007804871,0,30,2019-03-25,2019-06-12
MA1,14013,0.5377788543701172,0,30,2019-01-17,2019-02-15
MA1,14546,0.5514708161354065,0,30,2019-09-24,2019-10-23
MA1,14850,0.5544352531433105,0,30,2019-08-22,2019-09-20
MA1,15010,0.5395833253860474,0,30,2019-09-27,2019-10-26
MA1,15025,0.5708302855491638,0,30,2018-07-12,2018-09-09
MA1,15061,0.5708475708961487,0,30,2019-10-10,2019-11-08
MA1,15242,0.5511806607246399,0,30,2019-10-10,2019-11-08
MA1,15402,0.553457498550415,0,30,2019-03-04,2019-04-02
MA1,15609,0.563895046710968,0,30,2018-08-11,2018-09-09
MA1,15716,0.5590165257453918,0,30,2018-10-21,2018-12-22
MA1,15948,0.5618830919265747,0,30,2019-10-10,2019-11-08
MA1,15976,0.5227076411247253,0,30,2019-09-27,2019-10-26
MA1,16233,0.5710365772247314,0,30,2018-02-28,2018-04-28
MA1,16251,0.5866912603378296,0,30,2018-07-12,2018-09-09
MA1,16402,0.5597668886184692,0,30,2018-09-17,2018-10-16
MA1,16549,0.2715984880924225,0,30,2019-01-17,2019-02-15
MA1,16817,0.5627810955047607,0,30,2018-08-30,2019-03-08
MA1,16932,0.5354393720626831,0,30,2018-08-17,2018-11-08
MA1,17344,0.5670967102050781,0,30,2018-08-11,2018-09-09
MA1,17482,0.5592972636222839,0,30,2019-04-14,2019-06-12
MA1,17728,0.5589009523391724,0,30,2019-01-02,2019-01-31
MA1,18000,0.5934699177742004,0,30,2019-10-10,2019-11-08
MA1,18069,0.2896760106086731,0,30,2019-09-03,2019-11-08
MA1,18117,0.5505998730659485,0,30,2019-03-14,2019-04-12
MA1,18458,0.5383058190345764,0,30,2019-10-10,2019-11-08
MA1,18493,0.565470278263092,0,30,2018-07-23,2018-11-08
MA1,18648,0.5686811804771423,0,30,2018-03-20,2018-04-18
MA1,18769,0.5637015700340271,0,30,2019-01-21,2019-02-19
MA1,19406,0.558635413646698,0,30,2018-07-12,2018-09-09
MA1,19423,0.5241153836250305,0,30,2019-09-27,2019-10-26
MA1,19481,0.5825002193450928,0,30,2019-05-14,2019-06-12
MA1,19551,0.579739511013031,0,30,2018-06-15,2018-07-14
MA1,19697,0.5323826670646667,0,30,2019-09-27,2019-10-26
MA1,19780,0.606303870677948,0,30,2019-10-04,2019-11-02
MA1,20003,0.5764031410217285,0,30,2018-09-09,2019-02-02
MA1,20162,0.600147008895874,0,30,2018-07-12,2018-09-09
MA1,20221,0.538758397102356,0,30,2019-10-10,2019-11-08
MA1,20297,0.5228713154792786,0,30,2019-08-21,2019-09-19
MA1,20472,0.5433062314987183,0,30,2018-08-07,2018-09-05
MA1,20514,0.5394632816314697,0,30,2019-09-19,2019-10-18
MA1,20828,0.5702941417694092,0,30,2019-10-10,2019-11-08
MA1,21256,0.5348697900772095,0,30,2019-09-27,2019-10-26
MA1,21435,0.5494555234909058,0,30,2018-08-11,2018-09-09
MA1,21469,0.5602391958236694,0,30,2018-08-19,2018-12-13
MA1,21519,0.5362465381622314,0,30,2019-10-10,2019-11-08
MA1,22039,0.565216064453125,0,30,2018-03-20,2018-04-18
MA1,22473,0.5620083212852478,0,30,2018-04-01,2018-09-18
MA1,22522,0.5486622452735901,1,30,2019-01-21,2019-02-19
MA1,22523,0.53452467918396,0,30,2019-09-27,2019-10-26
MA1,23063,0.5629324913024902,0,30,2019-03-28,2019-04-26
MA1,23171,0.5616389513015747,0,30,2018-03-20,2018-04-18
MA1,23665,0.5361558794975281,0,30,2019-10-10,2019-11-08
MA1,23701,0.5424554944038391,0,30,2019-09-18,2019-10-17
MA1,23879,0.5403128266334534,0,30,2019-10-10,2019-11-08
MA1,24031,0.5729348659515381,0,16,2018-02-01,2018-02-16
MA1,24096,0.531587541103363,0,30,2019-10-10,2019-11-08
MA1,24146,0.5327255129814148,0,30,2019-08-28,2019-10-26
MA1,24317,0.5468518137931824,0,30,2019-09-10,2019-11-08
MA1,24466,0.5736985802650452,0,30,2018-03-20,2018-04-18
MA1,24529,0.5905572175979614,0,30,2019-08-29,2019-09-27
MA1,24560,0.5604514479637146,0,30,2018-04-11,2018-06-09
MA1,24629,0.5864323377609253,0,30,2018-08-11,2018-09-09
MA1,24789,0.5619035959243774,0,30,2018-07-12,2018-09-09
MA1,24905,0.5362842679023743,0,30,2019-10-10,2019-11-08
MA1,24911,0.522261381149292,0,30,2019-09-27,2019-10-26
MA1,24941,0.5426054000854492,0,30,2019-09-27,2019-10-26
MA1,25023,0.5323220491409302,0,30,2019-09-06,2019-11-04
MA1,25420,0.567245364189148,0,30,2018-07-13,2018-08-11
MA1,25743,0.5633231997489929,0,30,2018-08-11,2018-09-09
MA1,25836,0.5633074045181274,0,30,2018-06-28,2018-07-27
MA1,26311,0.552781343460083,1,30,2018-06-28,2018-07-27
MA1,26472,0.5404292345046997,0,30,2019-08-26,2019-09-24
MA1,26675,0.5409603118896484,0,30,2019-09-10,2019-11-08
MA1,27229,0.5366716384887695,0,30,2019-01-25,2019-02-23
MA1,27350,0.6082420945167542,0,30,2019-05-14,2019-06-12
MA1,27709,0.5816442370414734,0,30,2019-05-14,2019-06-12
MA1,27907,0.5386021733283997,0,30,2019-07-28,2019-08-26
MA1,27954,0.5461891889572144,0,30,2019-10-10,2019-11-08
MA1,28335,0.5420910716056824,0,30,2019-09-27,2019-10-26
MA1,28425,0.5540327429771423,0,30,2019-10-10,2019-11-08
MA1,28458,0.5748906135559082,0,30,2019-09-27,2019-10-26
MA1,28564,0.5354902148246765,0,30,2019-04-02,2019-06-12
MA1,28588,0.5319461226463318,0,30,2019-10-10,2019-11-08
MA1,28595,0.5753153562545776,0,30,2018-03-09,2018-04-07
MA1,28837,0.5800244212150574,0,30,2019-09-18,2019-10-17
MA1,28873,0.5474972724914551,0,30,2019-09-21,2019-10-20
MA1,29029,0.5642183423042297,0,30,2019-01-28,2019-02-26
MA1,29444,0.5627928376197815,0,30,2018-06-28,2018-09-09
MA1,29721,0.5534279346466064,0,30,2019-02-06,2019-04-06
MA1,29847,0.5272948145866394,0,30,2019-01-13,2019-02-11
MA1,29875,0.5461682677268982,0,30,2019-10-04,2019-11-02
MA1,30006,0.5365402102470398,0,30,2019-10-10,2019-11-08
MA1,30748,0.5712435245513916,0,30,2019-10-10,2019-11-08
MA1,30813,0.5535452961921692,0,30,2019-10-10,2019-11-08
MA1,30863,0.5374047756195068,0,30,2019-10-10,2019-11-08
MA1,30962,0.562924325466156,0,30,2018-07-01,2018-11-08
MA1,31228,0.5315524339675903,0,30,2019-10-10,2019-11-08
MA1,31297,0.5325770974159241,0,30,2019-03-14,2019-04-12
MA1,31419,0.5542634129524231,0,30,2019-06-06,2019-08-04
MA1,31523,0.29330959916114807,0,30,2019-01-21,2019-02-19
MA1,31712,0.5597460865974426,0,30,2019-05-14,2019-06-12
MA1,31771,0.538838267326355,0,30,2019-10-10,2019-11-08
MA1,31776,0.5413393974304199,0,30,2019-03-14,2019-04-12
MA1,31999,0.5446705222129822,0,30,2019-10-10,2019-11-08
MA1,32135,0.5659314393997192,0,30,2018-08-11,2018-09-09
MA1,32224,0.5508427619934082,0,30,2018-12-27,2019-01-25
MA1,32239,0.5552735924720764,0,30,2019-10-10,2019-11-08
MA1,32265,0.5349588394165039,0,30,2019-02-07,2019-03-08
MA1,32480,0.5689406394958496,1,30,2018-07-12,2018-08-10
MA1,32661,0.5683671832084656,0,30,2019-10-10,2019-11-08
MA1,32764,0.563183069229126,0,30,2019-02-07,2019-03-08
MA1,32999,0.5647619366645813,1,30,2018-06-28,2018-07-27
MA1,33000,0.550786018371582,0,30,2019-03-14,2019-04-12
MA1,33047,0.5493283867835999,0,30,2019-04-14,2019-06-12
MA1,33146,0.5675402283668518,0,30,2019-01-14,2019-02-12
MA1,33186,0.5633432269096375,0,30,2018-09-21,2018-12-22
MA1,33280,0.5534675121307373,0,30,2019-03-04,2019-04-02
MA1,33332,0.5610873699188232,0,30,2019-09-10,2019-11-08
MA1,33681,0.5439650416374207,0,30,2019-03-14,2019-04-12
MA1,33735,0.5631136894226074,0,30,2018-07-01,2018-09-09
MA1,33990,0.5324931144714355,0,30,2019-09-05,2019-10-04
MA1,34127,0.5703710317611694,0,30,2018-08-11,2018-09-09
MA1,34297,0.5764095783233643,0,30,2018-07-02,2018-09-09
MA1,34303,0.5668238997459412,0,30,2018-07-10,2018-09-09
MA1,34463,0.5258171558380127,0,30,2019-10-10,2019-11-08
MA1,34826,0.5355390906333923,0,30,2019-09-27,2019-10-26
MA1,35122,0.5255433320999146,0,30,2019-09-05,2019-11-03
MA1,35391,0.5448075532913208,0,30,2018-10-06,2018-11-04
MA1,35723,0.5751762390136719,0,30,2018-07-12,2018-09-09
MA1,35748,0.5362117290496826,0,30,2019-02-07,2019-03-08
MA1,35918,0.5655665397644043,0,30,2018-04-17,2018-11-03
MA1,35988,0.5368599891662598,0,30,2019-10-10,2019-11-08
MA1,36312,0.5387513637542725,0,30,2019-09-27,2019-10-26
MA1,37052,0.5358501672744751,0,30,2019-01-17,2019-02-15
MA1,37349,0.5635526776313782,0,30,2018-10-08,2018-11-06
MA1,37713,0.5566447377204895,0,30,2019-10-10,2019-11-08
MA1,37928,0.5393459796905518,0,30,2019-09-27,2019-10-26
MA1,37932,0.5393542647361755,0,30,2019-09-27,2019-10-26
MA1,38397,0.5635790228843689,0,30,2018-07-28,2018-08-26
MA1,38463,0.5577818751335144,0,30,2019-05-31,2019-07-29
MA1,38464,0.557683527469635,0,30,2019-05-31,2019-07-29
MA1,38704,0.5622791051864624,0,30,2018-08-17,2018-11-08
MA1,39096,0.5781084299087524,0,30,2019-05-14,2019-06-12
MA1,40052,0.5480806827545166,0,30,2019-10-06,2019-11-04
MA1,41003,0.5898662209510803,0,30,2018-08-28,2018-12-22
MA1,41051,0.5304862856864929,0,30,2019-01-13,2019-02-11
MA1,41100,0.5436476469039917,0,30,2018-08-11,2018-09-09
MA1,41167,0.5772679448127747,1,30,2018-09-17,2018-12-20
MA1,41388,0.5585398077964783,0,30,2018-10-10,2018-11-08
MA1,41855,0.543097198009491,0,30,2018-04-13,2018-10-30
MA1,41878,0.5387786626815796,0,30,2019-02-12,2019-04-12
MA1,41925,0.5642388463020325,0,30,2018-07-16,2018-08-14
MA1,41942,0.538841962814331,0,30,2019-10-06,2019-11-04
MA1,41969,0.5591782927513123,0,30,2018-03-29,2018-05-27
MA1,42274,0.5624520182609558,0,30,2018-07-12,2018-09-09
MA1,42290,0.5684025287628174,0,30,2019-02-08,2019-03-09
MA1,42386,0.5660223960876465,0,30,2019-10-10,2019-11-08
MA1,42574,0.5601438879966736,0,12,2018-02-01,2018-03-14
MA1,42724,0.575107753276825,0,30,2018-12-25,2019-01-23
MA1,43119,0.5637344121932983,0,30,2018-03-29,2018-05-27
MA2,151,0.2563490569591522,0,30,2019-09-27,2019-10-26
MA2,510,0.23110796511173248,0,30,2019-04-13,2019-05-12
MA2,694,0.21228106319904327,0,30,2019-10-10,2019-11-08
MA2,748,0.2676989734172821,0,30,2019-08-27,2019-09-25
MA2,997,0.2280462384223938,0,30,2019-10-10,2019-11-08
MA2,1126,0.17302042245864868,0,30,2019-03-28,2019-04-26
MA2,1224,0.2641388773918152,0,30,2019-10-10,2019-11-08
MA2,1276,0.20443683862686157,0,30,2019-02-08,2019-04-08
MA2,1571,0.23822836577892303,0,30,2019-08-22,2019-10-26
MA2,1628,0.25228771567344666,0,30,2019-04-04,2019-05-03
MA2,1681,0.23406408727169037,0,30,2018-06-12,2018-09-09
MA2,1837,0.23853543400764465,0,30,2019-01-19,2019-02-17
MA2,1922,0.2681998312473297,0,30,2019-10-10,2019-11-08
MA2,1950,0.32370102405548096,0,30,2019-09-27,2019-10-26
MA2,1966,0.24232910573482513,0,30,2019-03-18,2019-04-16
MA2,2071,0.202495276927948,0,30,2019-10-10,2019-11-08
MA2,2094,0.5081865787506104,0,30,2018-08-11,2018-09-09
MA2,2140,0.34755435585975647,0,30,2019-05-06,2019-06-04
MA2,2158,0.244752436876297,0,30,2019-10-10,2019-11-08
MA2,2277,0.26939165592193604,0,30,2019-08-29,2019-09-27
MA2,2371,0.30098628997802734,0,30,2018-03-08,2018-04-06
MA2,2462,0.21328285336494446,0,30,2018-07-23,2018-12-16
MA2,2582,0.204619362950325,0,30,2019-09-27,2019-10-26
MA2,2749,0.23069444298744202,0,30,2019-10-10,2019-11-08
MA2,2991,0.19829843938350677,0,30,2019-01-24,2019-03-24
MA2,3115,0.2562369406223297,0,30,2019-09-12,2019-10-11
MA2,3187,0.24654874205589294,0,30,2019-08-29,2019-09-27
MA2,3306,0.1895824670791626,0,30,2019-09-03,2019-11-08
MA2,3368,0.23152634501457214,0,30,2019-02-12,2019-04-12
MA2,3374,0.20594848692417145,0,30,2019-02-15,2019-03-16
MA2,3569,0.197029247879982,0,30,2019-10-10,2019-11-08
MA2,3684,0.19721746444702148,0,30,2019-09-06,2019-10-05
MA2,3707,0.2671702206134796,0,30,2019-09-12,2019-10-11
MA2,3894,0.36066940426826477,0,30,2019-09-27,2019-10-26
MA2,4139,0.21189641952514648,0,30,2019-09-17,2019-10-16
MA2,4488,0.18691138923168182,0,30,2019-10-10,2019-11-08
MA2,4559,0.23680908977985382,0,30,2019-10-10,2019-11-08
MA2,4629,0.2804158926010132,0,30,2018-07-12,2018-09-09
MA2,4698,0.2848752439022064,0,30,2019-08-28,2019-09-26
MA2,4747,0.24012212455272675,0,30,2019-09-19,2019-10-18
MA2,4963,0.22913308441638947,0,30,2019-10-07,2019-11-05
MA2,5011,0.21782630681991577,0,30,2019-10-10,2019-11-08
MA2,5174,0.22001446783542633,0,30,2018-08-23,2018-12-22
MA2,5238,0.2376876026391983,0,30,2019-10-10,2019-11-08
MA2,5290,0.2509908676147461,0,30,2019-09-27,2019-10-26
MA2,5298,0.24203288555145264,0,30,2019-09-27,2019-10-26
MA2,5345,0.20914685726165771,0,30,2019-09-27,2019-10-26
MA2,5576,0.28563299775123596,0,30,2019-10-10,2019-11-08
MA2,5730,0.25154930353164673,0,30,2019-06-08,2019-08-06
MA2,5951,0.26248928904533386,0,30,2018-12-16,2019-01-14
MA2,6052,0.1997140347957611,0,30,2018-12-27,2019-01-25
MA2,6092,0.20871824026107788,0,30,2019-10-10,2019-11-08
MA2,6095,0.2152162790298462,0,30,2018-12-27,2019-01-25
MA2,6138,0.23142527043819427,0,30,2019-09-26,2019-10-25
MA2,6180,0.303120881319046,0,30,2018-08-11,2018-09-09
MA2,6323,0.21285493671894073,0,30,2019-01-13,2019-02-11
MA2,6409,0.23321476578712463,0,30,2019-10-10,2019-11-08
MA2,6445,0.2674301266670227,0,30,2019-08-30,2019-10-28
MA2,6587,0.2379094660282135,0,30,2018-08-21,2018-12-22
MA2,6647,0.27237653732299805,0,30,2018-10-10,2018-11-08
MA2,6655,0.19132797420024872,1,30,2019-01-26,2019-02-24
MA2,6679,0.2773508131504059,0,30,2019-09-28,2019-10-27
MA2,6734,0.17334161698818207,0,30,2019-10-02,2019-10-31
MA2,7247,0.2042989283800125,0,30,2019-10-10,2019-11-08
MA2,7448,0.23024193942546844,0,30,2019-01-13,2019-02-11
MA2,7604,0.2518211305141449,0,30,2019-10-10,2019-11-08
MA2,7605,0.2610347867012024,0,30,2019-10-10,2019-11-08
MA2,7644,0.19657635688781738,0,30,2019-01-24,2019-03-24
MA2,7645,0.1999717503786087,0,30,2019-01-24,2019-03-24
MA2,7781,0.25203725695610046,0,30,2018-06-30,2018-11-08
MA2,8159,0.19498038291931152,0,30,2019-01-17,2019-03-23
MA2,8306,0.19677414000034332,0,30,2019-10-10,2019-11-08
MA2,8397,0.18003611266613007,0,30,2019-09-10,2019-11-08
MA2,8515,0.22310706973075867,0,30,2018-09-05,2018-12-30
MA2,8562,0.27574339509010315,0,30,2019-04-16,2019-05-15
MA2,8701,0.23942692577838898,0,30,2019-09-05,2019-11-03
MA2,8721,0.2751692831516266,0,30,2018-04-11,2018-09-09
MA2,8725,0.20388363301753998,0,30,2019-10-10,2019-11-08
MA2,8794,0.2522522807121277,0,30,2019-09-13,2019-10-12
MA2,8847,0.20151756703853607,0,30,2019-04-11,2019-06-12
MA2,9146,0.23008358478546143,0,30,2019-10-10,2019-11-08
MA2,9383,0.218037411570549,0,30,2019-08-21,2019-09-19
MA2,9482,0.1903170943260193,0,30,2018-08-28,2018-12-31
MA2,9593,0.19222110509872437,0,30,2019-05-17,2019-07-15
MA2,9719,0.27374106645584106,0,30,2019-07-25,2019-10-26
MA2,9937,0.2260071337223053,0,30,2018-06-28,2018-07-27
MA2,10163,0.27268433570861816,0,30,2019-09-27,2019-10-26
MA2,10234,0.22898362576961517,0,30,2019-10-10,2019-11-08
MA2,10251,0.27260133624076843,0,30,2018-07-11,2018-09-09
MA2,10351,0.2565459609031677,0,30,2018-09-02,2018-10-01
MA2,10384,0.22611556947231293,0,30,2019-10-07,2019-11-05
MA2,10421,0.24478869140148163,0,30,2019-10-10,2019-11-08
MA2,10431,0.20544111728668213,0,30,2019-09-17,2019-10-16
MA2,10456,0.27070191502571106,0,30,2019-10-10,2019-11-08
MA2,10800,0.19788289070129395,0,30,2019-10-10,2019-11-08
MA2,10896,0.2272336184978485,0,30,2019-02-01,2019-03-02
MA2,10933,0.19281181693077087,0,30,2019-10-10,2019-11-08
MA2,10936,0.19518277049064636,0,30,2019-05-30,2019-07-28
MA2,10941,0.21844518184661865,0,30,2019-09-13,2019-10-12
MA2,10948,0.2180505245923996,0,30,2019-09-13,2019-10-12
MA2,11079,0.19162455201148987,0,30,2019-09-10,2019-11-08
MA2,11473,0.19118940830230713,0,30,2019-10-10,2019-11-08
MA2,11475,0.1834338754415512,0,30,2019-10-10,2019-11-08
MA2,11476,0.18341849744319916,0,30,2019-10-10,2019-11-08
MA2,11503,0.32520368695259094,0,30,2019-10-10,2019-11-08
MA2,11653,0.26502716541290283,0,30,2019-09-28,2019-10-27
MA2,11686,0.3616839051246643,0,30,2019-01-29,2019-02-27
MA2,11745,0.23069101572036743,0,30,2019-09-27,2019-10-26
MA2,11840,0.1833062767982483,0,30,2019-10-10,2019-11-08
MA2,11957,0.187874898314476,0,30,2019-10-02,2019-10-31
MA2,12002,0.24065454304218292,0,30,2019-10-10,2019-11-08
MA2,12044,0.4102664291858673,0,30,2018-07-21,2018-09-18
MA2,12109,0.18323038518428802,0,30,2019-10-10,2019-11-08
MA2,12219,0.19244754314422607,0,30,2019-03-19,2019-04-17
MA2,12243,0.24303433299064636,0,30,2019-09-27,2019-10-26
MA2,12365,0.23289428651332855,0,30,2019-09-27,2019-10-26
MA2,12587,0.21839232742786407,0,30,2019-04-03,2019-05-02
MA2,12817,0.2891876697540283,0,30,2019-09-27,2019-10-26
MA2,13056,0.28181740641593933,0,30,2018-03-23,2018-05-21
MA2,13085,0.19517987966537476,0,30,2019-10-10,2019-11-08
MA2,13167,0.21152284741401672,0,30,2019-10-10,2019-11-08
MA2,13217,0.4827895760536194,1,13,2018-02-01,2018-02-13
MA2,13382,0.23524494469165802,0,30,2019-03-15,2019-04-13
MA2,13447,0.34066370129585266,0,30,2019-10-10,2019-11-08
MA2,13800,0.24576640129089355,0,30,2019-10-10,2019-11-08
MA2,13836,0.20639334619045258,0,30,2019-10-10,2019-11-08
MA2,13967,0.2652914226055145,0,30,2019-09-27,2019-10-26
MA2,13998,0.2635921537876129,0,30,2019-08-28,2019-09-26
MA2,14310,0.19366130232810974,0,30,2019-10-10,2019-11-08
MA2,14419,0.24744056165218353,0,30,2018-12-30,2019-01-28
MA2,14897,0.3315034806728363,0,30,2019-09-20,2019-10-19
MA2,15342,0.21478953957557678,0,30,2019-10-10,2019-11-08
MA2,15764,0.23915007710456848,0,30,2019-09-27,2019-10-26
MA2,15810,0.24512837827205658,0,30,2019-10-10,2019-11-08
MA2,15936,0.17912821471691132,0,30,2019-10-10,2019-11-08
MA2,16034,0.1738227903842926,0,30,2019-09-10,2019-11-08
MA2,16330,0.2066889852285385,0,30,2019-05-17,2019-07-15
MA2,16426,0.28300175070762634,0,30,2019-10-10,2019-11-08
MA2,16784,0.16275739669799805,0,30,2019-10-10,2019-11-08
MA2,16852,0.22405168414115906,0,30,2019-09-27,2019-10-26
MA2,17018,0.232583686709404,0,30,2019-10-10,2019-11-08
MA2,17086,0.257097452878952,0,30,2018-07-28,2018-08-26
MA2,17122,0.3426375389099121,0,30,2019-03-09,2019-04-07
MA2,17126,0.34916236996650696,0,30,2019-03-09,2019-04-07
MA2,17343,0.204558864235878,0,30,2019-10-10,2019-11-08
MA2,17422,0.1946236938238144,0,30,2019-03-05,2019-04-03
MA2,17438,0.2743690609931946,0,30,2019-03-17,2019-04-15
MA2,17515,0.17369867861270905,0,30,2019-10-10,2019-11-08
MA2,17526,0.2745509445667267,0,30,2019-08-28,2019-10-26
MA2,17739,0.18625648319721222,0,30,2019-09-10,2019-11-08
MA2,17834,0.3826138973236084,0,30,2018-09-10,2018-10-09
MA2,18111,0.2897220253944397,0,30,2019-10-10,2019-11-08
MA2,18304,0.25029778480529785,0,30,2019-09-27,2019-10-26
MA2,18670,0.31102851033210754,0,30,2019-09-19,2019-10-18
MA2,18982,0.1767556220293045,0,30,2019-10-10,2019-11-08
MA2,19256,0.32352063059806824,0,30,2019-03-06,2019-05-04
MA2,19295,0.2701520621776581,0,30,2019-09-27,2019-10-26
MA2,19366,0.2552264630794525,0,30,2019-09-27,2019-10-26
MA2,19627,0.20017777383327484,0,30,2019-03-09,2019-04-07
MA2,19692,0.1906476467847824,0,30,2019-08-12,2019-10-26
MA2,19700,0.22245341539382935,0,30,2019-10-10,2019-11-08
MA2,19945,0.315396785736084,0,30,2018-09-06,2018-10-05
MA2,20081,0.21530520915985107,0,30,2019-05-23,2019-07-21
MA2,20124,0.21845722198486328,0,30,2019-10-10,2019-11-08
MA2,20164,0.22650538384914398,0,30,2019-10-10,2019-11-08
MA2,20203,0.320421427488327,0,30,2019-02-12,2019-03-13
MA2,20535,0.23385398089885712,0,30,2019-10-10,2019-11-08
MA2,21117,0.22491833567619324,0,30,2019-04-02,2019-05-01
MA2,21336,0.24256224930286407,0,30,2019-08-10,2019-09-08
MA2,21401,0.24023543298244476,0,30,2019-10-10,2019-11-08
MA2,21714,0.2511465847492218,0,30,2018-12-30,2019-01-28
MA2,21725,0.2603616714477539,0,30,2018-10-10,2018-11-08
MA2,21981,0.21880492568016052,0,30,2019-09-05,2019-11-03
MA2,22163,0.2715297043323517,0,30,2019-10-10,2019-11-08
MA2,22213,0.29024001955986023,0,30,2019-10-10,2019-11-08
MA2,22223,0.26350533962249756,0,30,2019-09-27,2019-10-26
MA2,22355,0.24009570479393005,0,30,2019-10-10,2019-11-08
MA2,22418,0.21785178780555725,0,30,2019-10-10,2019-11-08
MA2,22467,0.2017468512058258,0,30,2019-10-10,2019-11-08
MA2,22605,0.20436035096645355,0,30,2019-09-15,2019-10-14
MA2,22743,0.3899989724159241,0,30,2018-12-31,2019-01-29
MA2,22776,0.20421496033668518,0,30,2019-09-05,2019-10-04
MA2,22852,0.225823312997818,0,30,2019-04-02,2019-05-01
MA2,22950,0.3149917423725128,0,30,2019-05-14,2019-06-12
MA2,22998,0.22733478248119354,0,30,2019-03-05,2019-04-03
MA2,23040,0.2660828232765198,0,30,2019-05-14,2019-06-12
MA2,23062,0.2122686505317688,0,30,2019-04-09,2019-06-12
MA2,23116,0.2537933886051178,0,30,2018-07-12,2018-08-10
MA2,23167,0.27867719531059265,0,30,2019-04-25,2019-07-13
MA2,23219,0.2104523926973343,0,30,2019-10-10,2019-11-08
MA2,23258,0.24093176424503326,0,30,2019-09-10,2019-11-08
MA2,23508,0.21485702693462372,0,30,2019-10-04,2019-11-02
MA2,23560,0.20230935513973236,0,30,2018-12-31,2019-01-29
MA2,23565,0.2630594074726105,0,30,2019-10-10,2019-11-08
MA2,23592,0.25071439146995544,0,30,2018-07-04,2018-11-08
MA2,23618,0.2385125309228897,0,30,2018-03-20,2018-04-18
MA2,23782,0.23338496685028076,0,30,2019-10-10,2019-11-08
MA2,24100,0.18661604821681976,0,30,2019-10-01,2019-10-30
MA2,24191,0.19061337411403656,0,30,2019-10-10,2019-11-08
MA2,24559,0.18086399137973785,0,30,2019-09-27,2019-10-26
MA2,24675,0.3021008372306824,0,21,2018-02-01,2018-09-09
MA2,24734,0.2358129471540451,0,30,2019-10-10,2019-11-08
MA2,24790,0.2550864815711975,0,30,2019-10-10,2019-11-08
MA2,24812,0.21504086256027222,0,30,2019-10-10,2019-11-08
MA2,24883,0.2688562273979187,0,30,2019-10-10,2019-11-08
MA2,24955,0.21216489374637604,0,30,2019-09-18,2019-10-17
MA2,25060,0.21956735849380493,0,30,2018-08-11,2018-09-09
MA2,25068,0.23626649379730225,0,30,2019-10-10,2019-11-08
MA2,25090,0.23478837311267853,0,30,2019-10-10,2019-11-08
MA2,25173,0.298928439617157,0,30,2019-09-10,2019-11-08
MA2,25196,0.2530025541782379,0,30,2019-09-19,2019-10-18
MA2,25404,0.30319923162460327,0,30,2018-06-28,2018-07-27
MA2,25672,0.2153460532426834,0,30,2019-09-27,2019-10-26
MA2,25737,0.20369911193847656,0,30,2019-10-10,2019-11-08
MA2,25781,0.178456112742424,0,30,2019-09-27,2019-10-26
MA2,25850,0.2351251244544983,0,30,2019-03-16,2019-04-14
MA2,25908,0.213009774684906,0,30,2019-04-03,2019-05-02
MA2,25946,0.2591438889503479,0,30,2019-07-18,2019-10-15
MA2,26077,0.21106094121932983,0,30,2019-10-03,2019-11-01
MA2,26380,0.28653600811958313,0,30,2019-10-10,2019-11-08
MA2,26634,0.23495323956012726,0,30,2019-09-27,2019-10-26
MA2,26637,0.2344708889722824,0,30,2019-09-27,2019-10-26
MA2,26675,0.21044164896011353,0,30,2019-09-10,2019-11-08
MA2,26681,0.21465598046779633,0,30,2019-09-10,2019-11-08
MA2,26734,0.19957970082759857,0,30,2018-12-29,2019-01-27
MA2,26769,0.2666919529438019,0,30,2018-10-10,2018-11-08
MA2,26848,0.267206072807312,0,30,2018-04-06,2018-06-04
MA2,26865,0.2566711902618408,0,30,2019-10-10,2019-11-08
MA2,26908,0.2170758992433548,0,30,2019-08-13,2019-09-11
MA2,26911,0.22244171798229218,0,30,2019-03-18,2019-07-15
MA2,26977,0.21620890498161316,0,30,2019-10-10,2019-11-08
MA2,27255,0.2409491240978241,0,30,2019-10-10,2019-11-08
MA2,27267,0.20684532821178436,0,30,2019-10-10,2019-11-08
MA2,27365,0.2355506271123886,0,30,2018-07-13,2018-11-08
MA2,27689,0.24221982061862946,0,30,2019-09-25,2019-10-24
MA2,27708,0.24089059233665466,0,30,2019-04-04,2019-05-03
MA2,27718,0.23191946744918823,0,30,2018-12-29,2019-01-27
MA2,27806,0.23821495473384857,0,30,2019-09-27,2019-10-26
MA2,27989,0.20591036975383759,0,30,2019-10-10,2019-11-08
MA2,28229,0.24440963566303253,0,30,2018-10-06,2018-11-04
MA2,28292,0.2045496702194214,0,30,2019-10-10,2019-11-08
MA2,28341,0.2058398276567459,0,30,2019-10-10,2019-11-08
MA2,28356,0.200413316488266,0,30,2018-09-01,2019-01-02
MA2,28492,0.27279895544052124,0,30,2019-10-10,2019-11-08
MA2,28581,0.25430434942245483,0,30,2019-04-04,2019-05-03
MA2,28582,0.25430023670196533,0,30,2019-04-04,2019-05-03
MA2,28626,0.18974581360816956,0,30,2019-03-28,2019-05-26
MA2,28671,0.24088820815086365,0,30,2019-10-10,2019-11-08
MA2,28776,0.23333384096622467,0,30,2019-10-10,2019-11-08
MA2,29104,0.22234231233596802,0,30,2019-09-27,2019-10-26
MA2,29305,0.22330205142498016,0,30,2019-09-27,2019-10-26
MA2,29574,0.19835592806339264,0,30,2019-08-28,2019-10-26
MA2,29761,0.4330345690250397,0,30,2019-10-10,2019-11-08
MA2,29891,0.42396289110183716,0,30,2019-05-18,2019-07-16
MA2,30073,0.30653268098831177,0,30,2019-08-28,2019-10-26
MA2,30229,0.2104484885931015,0,30,2019-10-10,2019-11-08
MA2,30540,0.23320871591567993,0,30,2018-09-29,2018-10-28
MA2,30576,0.24805356562137604,0,30,2019-09-27,2019-10-26
MA2,30980,0.21842464804649353,0,30,2019-04-03,2019-05-02
MA2,31076,0.2207440882921219,0,30,2019-10-10,2019-11-08
MA2,31360,0.20864759385585785,0,30,2019-04-28,2019-05-27
MA2,31435,0.2500738501548767,0,30,2019-10-10,2019-11-08
MA2,31718,0.25027504563331604,0,30,2019-08-16,2019-10-19
MA2,31874,0.2182377129793167,0,30,2019-07-29,2019-09-26
MA2,32025,0.25142231583595276,0,30,2018-12-30,2019-01-28
MA2,32190,0.24805110692977905,0,30,2019-05-04,2019-07-27
MA2,32290,0.08720830082893372,0,30,2019-10-10,2019-11-08
MA2,32450,0.3653623163700104,0,30,2018-02-18,2018-03-19
MA2,32486,0.2349078208208084,0,30,2019-04-13,2019-05-12
MA2,32564,0.25463998317718506,0,30,2019-05-06,2019-06-04
MA2,32717,0.2012757807970047,0,30,2018-12-27,2019-02-24
MA2,32730,0.22530168294906616,0,30,2019-09-27,2019-10-26
MA2,32807,0.23853136599063873,0,30,2018-12-20,2019-02-17
MA2,32813,0.23853176832199097,0,30,2018-12-20,2019-02-17
MA2,32868,0.22360801696777344,0,30,2019-01-31,2019-03-01
MA2,33002,0.2103690207004547,0,30,2019-10-10,2019-11-08
MA2,33294,0.45087194442749023,0,30,2019-10-10,2019-11-08
MA2,33394,0.19594910740852356,0,30,2019-09-21,2019-10-20
MA2,33714,0.24517308175563812,0,30,2019-10-10,2019-11-08
MA2,33773,0.25115305185317993,0,30,2019-09-27,2019-10-26
MA2,33850,0.26308855414390564,0,30,2018-07-12,2018-09-09
MA2,34289,0.22116892039775848,0,30,2018-12-30,2019-01-28
MA2,34356,0.3391075134277344,0,30,2019-10-02,2019-10-31
MA2,34382,0.2548397183418274,0,30,2018-10-10,2018-11-08
MA2,34465,0.2236059606075287,0,30,2019-08-24,2019-09-22
MA2,34473,0.22342786192893982,0,30,2019-08-24,2019-09-22
MA2,34591,0.2371865212917328,0,30,2019-10-10,2019-11-08
MA2,34625,0.23696841299533844,0,30,2019-07-21,2019-08-19
MA2,34657,0.23516836762428284,0,30,2018-06-03,2018-09-09
MA2,34679,0.21905989944934845,0,30,2019-09-27,2019-10-26
MA2,34808,0.20753991603851318,0,30,2018-09-30,2018-10-29
MA2,35096,0.22171428799629211,0,30,2019-10-10,2019-11-08
MA2,35172,0.20335936546325684,0,30,2019-10-10,2019-11-08
MA2,35345,0.22675326466560364,0,30,2018-09-02,2018-12-31
MA2,35670,0.27538594603538513,0,30,2019-09-27,2019-10-26
MA2,35683,0.28653833270072937,0,30,2019-09-27,2019-10-26
MA2,35790,0.23724667727947235,0,30,2019-05-14,2019-06-12
MA2,35892,0.2291853129863739,0,30,2019-08-18,2019-09-16
MA2,35913,0.20701882243156433,0,30,2019-09-11,2019-10-10
MA2,35975,0.21178869903087616,0,30,2019-02-02,2019-04-02
MA2,36029,0.514428973197937,0,30,2018-08-24,2018-09-22
MA2,36362,0.5941044092178345,0,30,2019-10-02,2019-10-31
MA2,36381,0.32843339443206787,0,30,2018-10-17,2018-12-18
MA2,36697,0.22445659339427948,0,30,2019-10-10,2019-11-08
MA2,36895,0.20464804768562317,0,30,2019-01-19,2019-02-17
MA2,36956,0.33673518896102905,0,30,2019-10-10,2019-11-08
MA2,37043,0.2641872763633728,0,30,2019-05-21,2019-09-24
MA2,37169,0.2604474723339081,0,30,2018-10-10,2018-11-08
MA2,37230,0.18156854808330536,0,30,2019-04-04,2019-07-19
MA2,37251,0.22881437838077545,0,30,2019-09-01,2019-09-30
MA2,37478,0.21045076847076416,0,30,2019-10-10,2019-11-08
MA2,37653,0.3111158311367035,0,30,2019-10-10,2019-11-08
MA2,37654,0.31109318137168884,0,30,2019-10-10,2019-11-08
MA2,37904,0.24462853372097015,0,30,2019-03-05,2019-05-03
MA2,37964,0.22137343883514404,0,30,2019-10-10,2019-11-08
MA2,38070,0.3211458921432495,0,30,2018-06-28,2018-07-27
MA2,38252,0.24966385960578918,0,30,2019-10-10,2019-11-08
MA2,38428,0.24626733362674713,0,30,2019-10-10,2019-11-08
MA2,38464,0.23001179099082947,0,30,2018-07-10,2018-11-08
MA2,38466,0.23358957469463348,0,30,2019-10-10,2019-11-08
MA2,38477,0.3037368953227997,0,30,2019-09-28,2019-10-27
MA2,38670,0.24237319827079773,0,30,2019-09-27,2019-10-26
MA2,38759,0.24445830285549164,0,30,2019-05-29,2019-07-27
MA2,38817,0.27515867352485657,0,30,2019-02-08,2019-03-09
MA2,38922,0.24495258927345276,0,30,2019-08-05,2019-10-03
MA2,39084,0.2758663296699524,0,30,2019-09-18,2019-10-17
MA2,39124,0.2377091944217682,0,30,2019-04-04,2019-05-03
MA2,39682,0.21397724747657776,0,30,2019-08-17,2019-10-26
MA2,39735,0.25626587867736816,0,30,2019-10-10,2019-11-08
MA2,39773,0.23246952891349792,0,30,2019-10-10,2019-11-08
MA2,39862,0.494863897562027,0,30,2018-07-01,2018-09-09
MA2,39890,0.21669651567935944,0,30,2019-07-29,2019-10-26
MA2,39988,0.39155805110931396,0,30,2019-08-31,2019-10-29
MA2,40004,0.2422056347131729,1,30,2018-08-06,2018-10-04
MA2,40301,0.21180221438407898,0,30,2019-10-10,2019-11-08
MA2,40317,0.23668695986270905,0,30,2019-10-10,2019-11-08
MA2,40366,0.2950919270515442,0,30,2019-10-10,2019-11-08
MA2,40378,0.22857531905174255,0,30,2018-09-10,2018-11-08
MA2,40419,0.2027454525232315,0,30,2019-05-24,2019-07-22
MA2,40685,0.18849802017211914,0,30,2019-05-14,2019-06-12
MA2,40686,0.20498673617839813,0,30,2018-07-03,2018-11-08
MA2,40811,0.2599072754383087,0,30,2019-10-10,2019-11-08
MA2,40909,0.24729441106319427,0,30,2018-09-03,2018-10-02
MA2,40929,0.23253554105758667,0,30,2019-09-19,2019-10-18
MA2,41086,0.20115280151367188,0,30,2019-10-02,2019-10-31
MA2,41176,0.4392847418785095,0,30,2019-10-10,2019-11-08
MA2,41276,0.18670029938220978,0,30,2019-10-10,2019-11-08
MA2,41366,0.23650170862674713,0,30,2019-09-27,2019-10-26
MA2,41705,0.4500657916069031,0,30,2018-03-29,2018-05-27
MA2,41921,0.2618381083011627,0,30,2019-10-10,2019-11-08
MA2,41947,0.22954924404621124,0,30,2019-10-10,2019-11-08
MA2,41987,0.20683489739894867,0,30,2019-10-10,2019-11-08
MA2,42053,0.19359555840492249,0,30,2019-10-10,2019-11-08
MA2,42054,0.2104298621416092,0,30,2019-09-14,2019-10-13
MA2,42194,0.28124991059303284,0,30,2019-08-26,2019-09-24
MA2,42198,0.2812489867210388,0,30,2019-08-26,2019-09-24
MA2,42535,0.1999141275882721,0,30,2019-08-30,2019-09-28
MA2,42674,0.22798946499824524,0,30,2019-08-20,2019-10-26
MA2,42824,0.21856151521205902,0,30,2019-10-10,2019-11-08
MA2,42829,0.22051973640918732,0,30,2019-10-10,2019-11-08
MA2,43784,0.2320256233215332,0,30,2019-10-10,2019-11-08
MA2,43916,0.27234798669815063,0,30,2018-06-05,2018-07-04
MA2,44259,0.1944492906332016,0,30,2019-10-10,2019-11-08
MA2,44617,0.2397339940071106,0,30,2019-09-20,2019-10-19
MA2,44675,0.20501591265201569,0,30,2019-10-04,2019-11-02
MA2,44848,0.2938307821750641,0,30,2018-09-22,2018-12-23
MA2,44858,0.27841952443122864,0,30,2019-08-12,2019-11-08
MA2,45007,0.2354898452758789,0,30,2019-09-20,2019-10-19
MA2,45232,0.7451782822608948,0,30,2019-05-14,2019-06-12
MA2,45401,0.20827649533748627,0,30,2019-09-27,2019-10-26
MA2,45431,0.2015422135591507,0,30,2019-01-14,2019-02-12
MA2,45443,0.2554622292518616,0,30,2019-01-25,2019-02-23
MA2,45543,0.20205652713775635,0,30,2019-09-17,2019-10-16
MA2,45608,0.22892537713050842,0,30,2019-10-10,2019-11-08
MA2,45633,0.21613650023937225,0,30,2019-09-27,2019-10-26
MA2,45666,0.23900841176509857,0,30,2019-10-10,2019-11-08
MA2,45702,0.1811344027519226,0,30,2019-09-29,2019-10-28
MA2,45718,0.21851196885108948,0,30,2019-04-28,2019-05-27
MA2,45836,0.22496537864208221,0,30,2019-10-10,2019-11-08
MA2,45879,0.21291224658489227,0,30,2019-09-26,2019-10-25
MA2,45899,0.20448316633701324,0,30,2019-10-10,2019-11-08
MA2,46105,0.2511254549026489,0,30,2019-04-18,2019-07-16
MA2,46142,0.19861356914043427,0,30,2019-04-03,2019-05-02
MA2,46208,0.23306775093078613,0,30,2019-05-30,2019-07-28
MA2,46342,0.20462922751903534,0,30,2018-07-18,2018-11-08
MA2,46518,0.24629677832126617,0,30,2019-09-27,2019-10-26
MA2,46706,0.248300239443779,0,30,2018-07-26,2018-11-08
MA2,46760,0.21090580523014069,0,30,2019-09-22,2019-10-21
MA2,46800,0.22264057397842407,0,30,2019-03-28,2019-04-26
MA2,46832,0.2370191365480423,0,30,2019-10-10,2019-11-08
MA2,47057,0.24237492680549622,0,30,2019-03-26,2019-04-24
MA2,47070,0.23879800736904144,0,30,2019-08-23,2019-09-21
MA2,47257,0.22125867009162903,0,30,2019-10-10,2019-11-08
MA2,47331,0.20404262840747833,0,30,2019-03-14,2019-04-12
MA2,47402,0.2791900038719177,0,30,2019-04-05,2019-05-04
MA2,47531,0.25045138597488403,0,30,2018-09-06,2018-10-05
MA2,47754,0.21711169183254242,0,30,2019-10-10,2019-11-08
MA2,47870,0.22049283981323242,0,30,2019-09-10,2019-11-08
MA2,48096,0.21436382830142975,0,30,2019-10-06,2019-11-04
MA2,48126,0.18435463309288025,0,30,2019-10-10,2019-11-08
MA2,48267,0.24485446512699127,0,30,2019-03-15,2019-05-13
MA2,48274,0.2449410855770111,0,30,2019-03-15,2019-05-13
MA2,48327,0.20157907903194427,0,30,2018-06-28,2018-11-08
MA2,48376,0.24622583389282227,0,30,2019-09-27,2019-10-26
MA2,48578,0.18661510944366455,0,30,2019-10-10,2019-11-08
MA2,48675,0.2048913985490799,0,30,2019-01-24,2019-02-22
MA2,48789,0.26518309116363525,0,30,2019-10-10,2019-11-08
MA2,49073,0.6150926947593689,0,30,2019-09-27,2019-10-26
MA2,49118,0.23771539330482483,0,30,2019-09-27,2019-10-26
MA2,49174,0.2932741343975067,0,30,2019-09-10,2019-10-09
MA2,49275,0.20790328085422516,0,30,2019-09-26,2019-10-25
MA2,49630,0.27774420380592346,0,30,2019-08-18,2019-10-28
MA2,49707,0.2121647298336029,0,30,2019-09-18,2019-10-17
MA2,49745,0.323281854391098,0,30,2019-10-10,2019-11-08
MA2,49781,0.407796174287796,0,30,2019-09-27,2019-10-26
MA2,49805,0.2393721640110016,0,30,2019-10-10,2019-11-08
MA2,49835,0.2002941220998764,0,30,2019-09-27,2019-10-26
MA2,49939,0.22651632130146027,0,30,2019-09-27,2019-10-26
MA2,49964,0.3830726742744446,0,30,2018-09-03,2018-10-02
MA2,50253,0.20892786979675293,0,30,2019-09-17,2019-10-16
MA2,50519,0.2803861200809479,0,30,2019-04-29,2019-05-28
MA2,50581,0.23276017606258392,0,30,2019-09-27,2019-10-26
MA2,50715,0.24052584171295166,0,30,2019-09-20,2019-10-19
MA2,51150,0.19375021755695343,0,30,2018-07-13,2018-12-31
MA2,51292,0.23186467587947845,0,30,2019-09-14,2019-10-13
MA2,51336,0.21097393333911896,0,30,2019-10-10,2019-11-08
MA2,51575,0.20277971029281616,0,30,2019-10-10,2019-11-08
MA2,51669,0.23924526572227478,0,30,2019-09-27,2019-10-26
MA2,51725,0.20449198782444,0,30,2019-10-01,2019-10-30
MA2,51743,0.23680514097213745,0,30,2019-10-10,2019-11-08
MA2,51978,0.2831209897994995,0,30,2019-09-30,2019-10-29
MA2,52063,0.23019695281982422,0,30,2019-04-03,2019-05-02
MA2,52066,0.26440322399139404,0,30,2019-10-04,2019-11-02
MA2,52316,0.21214023232460022,0,30,2019-09-18,2019-10-17
MA2,52380,0.21590612828731537,0,30,2019-09-27,2019-10-26
MA2,52396,0.3035734295845032,0,30,2019-10-10,2019-11-08
MA2,52450,0.23395395278930664,0,30,2019-10-10,2019-11-08
MA2,52488,0.3052904009819031,0,30,2018-07-12,2018-09-09
MA2,52499,0.24431385099887848,0,30,2019-10-10,2019-11-08
MA2,52556,0.2233288586139679,0,30,2019-08-26,2019-09-24
MA2,52722,0.38601571321487427,0,30,2019-09-27,2019-10-26
MA2,52792,0.22419647872447968,0,30,2019-10-10,2019-11-08
MA2,52799,0.21624352037906647,0,30,2019-01-07,2019-02-05
MA2,52974,0.25824907422065735,0,30,2019-10-10,2019-11-08
MA2,53169,0.16706965863704681,0,30,2019-10-10,2019-11-08
MA2,53321,0.21785853803157806,0,30,2019-09-10,2019-11-08
MA2,53397,0.25115966796875,0,30,2018-12-30,2019-01-28
MA2,53425,0.20345363020896912,0,30,2018-07-14,2018-11-04
MA2,53569,0.19711428880691528,0,30,2019-05-31,2019-07-29
MA2,53748,0.21874064207077026,0,30,2019-10-10,2019-11-08
MA2,53853,0.1879683881998062,0,30,2019-10-03,2019-11-01
MA2,53957,0.20039919018745422,0,30,2019-03-10,2019-04-08
MA2,54083,0.2525077760219574,0,30,2019-09-27,2019-10-26
MA2,54553,0.20027732849121094,0,30,2019-09-27,2019-10-26
MA2,54620,0.217711940407753,0,30,2019-04-04,2019-05-03
MA2,54636,0.22164228558540344,0,30,2019-10-10,2019-11-08
MA2,54709,0.24307239055633545,0,30,2019-09-20,2019-10-19
MA2,54731,0.25179412961006165,0,30,2019-09-12,2019-10-11
MA2,54798,0.2074228674173355,0,30,2019-10-10,2019-11-08
MA2,54870,0.234934002161026,0,30,2018-06-08,2018-09-09
MA2,55026,0.1750084012746811,0,30,2019-08-13,2019-09-11
MA2,55094,0.7503924369812012,0,30,2018-06-08,2018-07-07
MA2,55190,0.2104521244764328,0,30,2019-10-10,2019-11-08
MA2,55271,0.21045131981372833,0,30,2019-05-31,2019-07-29
MA2,55443,0.18123099207878113,0,30,2019-09-29,2019-10-28
MA2,55554,0.27000755071640015,0,30,2018-10-10,2018-11-08
MA2,55923,0.28326866030693054,0,30,2019-09-11,2019-10-10
MA2,56065,0.17641212046146393,0,30,2019-10-10,2019-11-08
MA2,56140,0.23183879256248474,0,30,2019-10-10,2019-11-08
MA2,56315,0.28188854455947876,0,30,2019-04-05,2019-05-04
MA2,56349,0.19819504022598267,0,30,2018-06-18,2018-11-08
MA2,56350,0.17829100787639618,0,30,2019-09-04,2019-11-08
MA2,56420,0.24529266357421875,0,30,2018-08-10,2018-11-08
MA2,56824,0.290296345949173,0,30,2019-03-10,2019-04-08
MA2,56905,0.211905837059021,0,30,2019-01-19,2019-02-17
MA2,57245,0.2090175449848175,0,30,2019-09-16,2019-10-15
MA2,57278,0.24757325649261475,0,30,2019-09-27,2019-10-26
MA2,57408,0.19874288141727448,0,30,2019-10-10,2019-11-08
MA2,57456,0.23346321284770966,0,30,2019-10-04,2019-11-02
MA2,57458,0.23343215882778168,0,30,2019-10-04,2019-11-02
MA2,57560,0.19421327114105225,0,30,2019-09-16,2019-10-15
MA2,57662,0.19387014210224152,0,30,2019-10-05,2019-11-03
MA2,57795,0.29420965909957886,0,30,2018-12-30,2019-01-28
MA2,58094,0.30731287598609924,0,30,2018-09-08,2019-03-04
MA2,58204,0.18631893396377563,0,30,2019-10-10,2019-11-08
MA2,59128,0.2296571582555771,0,30,2019-09-27,2019-10-26
MA2,59136,0.20361019670963287,0,30,2019-10-10,2019-11-08
MA2,59441,0.30083736777305603,0,30,2019-10-10,2019-11-08
MA2,59514,0.22346793115139008,0,30,2019-04-02,2019-05-01
MA2,59526,0.2440960854291916,0,30,2019-09-27,2019-10-26
MA2,59690,0.23599562048912048,0,30,2018-07-04,2018-12-22
MA2,59823,0.3017488718032837,0,30,2019-01-14,2019-02-12
MA2,60057,0.22420771420001984,0,30,2019-10-10,2019-11-08
MA2,60148,0.18291279673576355,0,30,2019-10-10,2019-11-08
MA2,60223,0.2565861642360687,0,30,2019-10-10,2019-11-08
MA2,60225,0.24558134377002716,0,30,2019-09-10,2019-11-08
MA2,60343,0.4246586561203003,0,30,2018-08-20,2018-09-18
MA2,60398,0.2648581862449646,0,30,2018-10-10,2018-11-08
MA2,60549,0.1692415326833725,0,30,2019-10-10,2019-11-08
MA2,60590,0.257485568523407,0,30,2018-08-11,2018-09-09
MA2,60621,0.2187460958957672,0,30,2019-09-10,2019-11-08
MA2,60662,0.21674323081970215,0,30,2019-09-10,2019-11-08
MA2,60667,0.21674464643001556,0,30,2019-09-10,2019-11-08
MA2,61042,0.26650652289390564,0,30,2019-09-08,2019-11-08
MA2,61088,0.20108242332935333,0,30,2019-02-04,2019-04-04
MA2,61162,0.24985334277153015,0,30,2019-05-22,2019-07-20
MA2,61168,0.23469065129756927,0,30,2019-09-27,2019-10-26
MA2,61211,0.2546301484107971,0,30,2019-10-05,2019-11-03
MA2,61217,0.2500956058502197,0,30,2019-09-09,2019-10-08
MA2,61361,0.3309817612171173,0,30,2019-10-10,2019-11-08
MA2,61404,0.20980647206306458,0,30,2019-08-23,2019-10-21
MA2,61715,0.18884819746017456,0,30,2019-07-31,2019-08-29
MA2,62118,0.23890206217765808,0,30,2019-09-27,2019-10-26
MA2,62211,0.2543957531452179,0,30,2018-07-19,2018-08-17
MA2,62310,0.2206091433763504,0,30,2018-09-21,2018-10-20
MA2,62324,0.2299599051475525,0,30,2019-09-28,2019-10-27
MA2,62358,0.23277229070663452,0,30,2019-10-10,2019-11-08
MA2,62478,0.18778373301029205,0,30,2019-09-27,2019-10-26
MA2,62596,0.24041050672531128,0,30,2019-10-10,2019-11-08
MA2,62695,0.18687784671783447,0,30,2019-10-10,2019-11-08
MA2,62708,0.2537094056606293,0,30,2019-08-13,2019-11-08
MA2,62770,0.21649004518985748,0,30,2019-09-10,2019-11-08
MA2,62844,0.1982296109199524,0,30,2019-01-14,2019-02-12
MA2,62865,0.18446078896522522,0,30,2019-09-27,2019-10-26
MA2,62975,0.25817394256591797,0,30,2019-05-14,2019-06-12
MA2,63002,0.18825726211071014,0,30,2019-09-11,2019-10-10
MA2,63010,0.2076561599969864,0,30,2019-09-27,2019-10-26
MA2,63106,0.40765008330345154,0,30,2019-09-27,2019-10-26
MA2,63341,0.27826058864593506,0,30,2019-09-27,2019-10-26
MA2,63439,0.23415948450565338,0,30,2018-07-12,2018-09-09
MA2,63792,0.24299530684947968,0,30,2019-03-16,2019-04-14
MA2,63876,0.19407860934734344,0,30,2019-09-27,2019-10-26
MA2,64166,0.22206959128379822,0,30,2019-04-03,2019-05-02
MA2,64541,0.22960586845874786,0,30,2019-04-02,2019-05-01
MA2,64596,0.19003263115882874,0,30,2019-10-10,2019-11-08
MA2,64678,0.22180940210819244,0,30,2019-09-18,2019-10-17
MA2,64698,0.20111611485481262,0,30,2019-10-10,2019-11-08
MA2,64804,0.22350209951400757,0,30,2019-08-24,2019-09-22
MA2,65213,0.25056785345077515,0,30,2019-10-10,2019-11-08
MA2,65257,0.22326821088790894,0,30,2019-09-27,2019-10-26
MA2,65343,0.23089613020420074,0,30,2019-09-24,2019-10-23
MA2,65412,0.2608570158481598,0,30,2019-10-10,2019-11-08
MA2,65478,0.26231637597084045,0,30,2019-05-31,2019-07-30
MA2,65565,0.3345610797405243,0,30,2019-09-23,2019-10-22
MA2,65774,0.2150595635175705,0,30,2019-10-10,2019-11-08
MA2,65795,0.2131115198135376,0,30,2019-09-27,2019-10-26
MA2,65979,0.23999229073524475,0,30,2019-09-27,2019-10-26
MA2,65984,0.23998574912548065,0,30,2019-09-27,2019-10-26
MA2,66156,0.24833428859710693,0,30,2018-08-20,2018-11-08
MA2,66306,0.2205270230770111,0,30,2019-04-04,2019-05-03
MA2,66434,0.23319406807422638,0,30,2019-09-10,2019-10-09
MA2,66483,0.5741938948631287,0,30,2018-06-27,2018-07-26
MA2,66893,0.17071093618869781,0,30,2019-09-27,2019-10-26
MA2,66936,0.24295465648174286,0,30,2019-04-21,2019-05-20
MA2,66938,0.24294525384902954,0,30,2019-03-22,2019-05-20
MA2,67142,0.4385564625263214,0,30,2018-03-20,2018-04-18
MA2,67225,0.2217446267604828,0,30,2018-07-03,2018-11-08
MA2,67264,0.21390578150749207,0,30,2019-01-13,2019-02-11
MA2,67299,0.29343530535697937,0,30,2019-09-27,2019-10-26
MA2,67474,0.21217219531536102,0,30,2019-09-18,2019-10-17
MA2,67593,0.21803443133831024,0,30,2019-08-21,2019-09-19
MA2,67655,0.23774686455726624,0,30,2019-09-27,2019-10-26
MA2,67831,0.2650276720523834,0,30,2019-07-30,2019-08-28
MA2,68072,0.1837581843137741,0,30,2019-10-10,2019-11-08
MA2,68099,0.23737476766109467,0,30,2019-09-27,2019-10-26
MA2,68384,0.2572218179702759,0,30,2019-10-10,2019-11-08
MA2,68385,0.25721606612205505,0,30,2019-10-10,2019-11-08
MA2,68493,1.0,0,30,2019-10-10,2019-11-08
MA2,68525,0.25158828496932983,0,30,2019-09-20,2019-10-19
MA2,69039,0.2617305815219879,0,30,2019-10-10,2019-11-08
MA2,69189,0.2431461364030838,0,30,2019-10-10,2019-11-08
MA2,69288,0.23946398496627808,0,30,2019-10-10,2019-11-08
MA2,69596,0.41524556279182434,0,30,2018-06-16,2018-07-15
MA2,69599,0.20640398561954498,0,30,2019-04-02,2019-05-01
MA2,69702,0.1731899082660675,0,30,2019-01-19,2019-02-17
MA2,69954,0.24696305394172668,0,30,2018-09-01,2018-12-30
MA2,70220,0.2311413586139679,0,30,2018-06-27,2018-07-26
MA2,70255,0.20275957882404327,0,30,2019-10-10,2019-11-08
MA2,70493,0.21122244000434875,0,30,2019-10-10,2019-11-08
MA2,70571,0.2495863139629364,0,30,2019-03-22,2019-06-02
MA2,71333,0.24175554513931274,0,30,2018-07-21,2018-08-19
MA2,71463,0.2626091241836548,0,30,2019-08-29,2019-09-27
MA2,72243,0.20091462135314941,0,30,2019-10-10,2019-11-08
MA2,72335,0.3550577759742737,0,30,2019-03-17,2019-05-15
MA2,72485,0.1833314299583435,0,30,2019-10-10,2019-11-08
MA2,72583,0.26610666513442993,0,30,2019-04-01,2019-04-30
MA2,72607,0.21971498429775238,0,30,2019-10-10,2019-11-08
MA2,73167,0.20656606554985046,0,30,2019-10-10,2019-11-08
MA2,73301,0.39102157950401306,0,30,2018-08-11,2018-09-09
MA2,73365,0.2115849405527115,0,30,2019-10-10,2019-11-08
MA2,74109,0.19412581622600555,0,30,2019-10-10,2019-11-08
MA2,74362,0.24459201097488403,0,30,2019-09-20,2019-10-19
MA2,74402,0.20849692821502686,0,30,2018-06-27,2018-11-08
MA2,75448,0.17680059373378754,0,30,2019-10-10,2019-11-08
MA2,75485,0.23584699630737305,0,30,2019-09-19,2019-10-18
MA2,75666,0.23337556421756744,0,30,2019-10-10,2019-11-08
MA2,75708,0.2631303668022156,0,30,2019-09-27,2019-10-26
MA2,75878,0.23523570597171783,0,30,2019-09-27,2019-10-26
MA2,75892,0.22582294046878815,0,30,2019-03-11,2019-04-09
MA2,76099,0.26662659645080566,0,30,2019-10-10,2019-11-08
MA2,76119,0.21867847442626953,0,30,2019-09-27,2019-10-26
MA2,76174,0.21045511960983276,0,30,2019-10-10,2019-11-08
MA2,76266,0.23330774903297424,0,30,2019-05-31,2019-07-29
MA2,76281,0.18020831048488617,0,30,2019-10-10,2019-11-08
MA2,76308,0.2178168147802353,0,30,2019-10-10,2019-11-08
MA2,76518,0.21942132711410522,0,30,2018-08-19,2019-05-03
MA2,76983,0.27233389019966125,0,30,2019-09-27,2019-10-26
MA2,77049,0.3023102581501007,0,30,2019-10-10,2019-11-08
MA2,77116,0.20737455785274506,0,30,2019-09-10,2019-11-08
MA2,77135,0.20548216998577118,0,30,2019-01-24,2019-02-22
MA2,77173,0.22950470447540283,0,30,2019-08-28,2019-10-26
MA2,77344,0.2481634020805359,0,30,2019-05-23,2019-10-26
MA2,77384,0.32833945751190186,0,30,2019-10-10,2019-11-08
MA2,77474,0.25772228837013245,0,30,2019-08-07,2019-10-05
MA2,77526,0.2207375019788742,0,30,2019-04-02,2019-05-01
MA2,77660,0.3485996425151825,0,30,2019-10-10,2019-11-08
MA2,77695,0.20594117045402527,0,30,2019-03-14,2019-04-12
MA2,77730,0.2160029411315918,0,30,2018-08-28,2018-12-31
MA2,77829,0.2034410536289215,0,30,2019-10-10,2019-11-08
MA2,78311,0.497156023979187,0,30,2019-06-01,2019-07-30
MA2,78497,0.19409728050231934,0,30,2019-04-02,2019-05-01
MA2,78506,0.5669310688972473,0,30,2018-08-11,2018-09-09
MA2,78557,0.19318751990795135,0,30,2019-09-27,2019-10-26
MA2,78576,0.24852442741394043,0,30,2019-05-14,2019-06-12
MA2,78617,0.21728798747062683,0,30,2019-09-10,2019-10-09
MA2,78625,0.18821272253990173,0,30,2019-09-27,2019-10-26
MA2,78757,0.23864547908306122,0,30,2019-02-02,2019-03-03
MA2,78779,0.5495821833610535,0,30,2019-02-24,2019-03-25
MA2,79108,0.18336953222751617,0,30,2019-08-28,2019-09-26
MA2,79159,0.22173497080802917,0,30,2019-02-17,2019-04-17
MA2,79176,0.4312092661857605,0,30,2018-06-16,2018-07-15
MA2,79224,0.2430506944656372,0,30,2019-08-26,2019-09-24
MA2,79376,0.229191854596138,0,30,2019-04-05,2019-05-04
MA2,79474,0.30908364057540894,0,30,2019-10-04,2019-11-02
MA2,79557,0.2892612814903259,0,30,2018-09-08,2018-10-07
MA2,79563,0.2932698130607605,0,30,2018-09-08,2018-10-07
MA2,79772,0.215511754155159,0,30,2019-05-14,2019-06-12
MA2,79864,0.2537788152694702,0,30,2018-08-11,2018-09-09
MA2,79913,0.19672876596450806,0,30,2018-07-18,2018-12-22
MA2,80112,0.2803013324737549,0,30,2019-10-10,2019-11-08
MA2,80241,0.23804663121700287,0,30,2019-09-20,2019-10-19
MA2,80243,0.2422950118780136,0,30,2019-09-20,2019-10-19
MA2,80300,0.20394133031368256,0,30,2019-10-10,2019-11-08
MA2,80366,0.2606239318847656,0,30,2018-05-31,2018-09-09
MA2,80492,0.2547782361507416,0,30,2018-09-10,2018-10-09
MA2,80586,0.2786403000354767,0,30,2019-04-20,2019-08-28
MA2,80680,0.25372520089149475,0,30,2019-10-10,2019-11-08
MA2,80729,0.19372937083244324,0,30,2019-09-27,2019-10-26
MA2,80823,0.26367875933647156,0,30,2019-08-24,2019-09-22
MA2,80907,0.22355635464191437,0,30,2019-04-02,2019-05-01
MA2,80912,0.1865689754486084,0,30,2019-10-10,2019-11-08
MA2,81441,0.21839232742786407,0,30,2019-04-03,2019-05-02
MA2,81507,0.24738013744354248,0,30,2019-03-26,2019-04-24
MA2,81551,0.23404225707054138,0,30,2019-09-27,2019-10-26
MA2,81567,0.2327696830034256,0,30,2019-09-13,2019-10-12
MA2,81585,0.22346216440200806,0,30,2019-10-10,2019-11-08
MA2,81592,0.23429198563098907,0,30,2019-09-10,2019-11-08
MA2,81838,0.2802763283252716,0,30,2018-07-13,2018-12-22
MA2,81911,0.2672198414802551,0,30,2019-10-10,2019-11-08
MA2,81930,0.21891647577285767,0,30,2019-10-10,2019-11-08
MA2,81932,0.2072131484746933,0,30,2019-10-10,2019-11-08
MA2,81977,0.1861601620912552,0,30,2019-07-20,2019-10-26
MA2,81987,0.39919328689575195,0,30,2018-03-28,2018-05-26
MA2,82148,0.21774309873580933,0,30,2018-12-29,2019-01-27
MA2,82218,0.2560925781726837,0,30,2019-08-21,2019-10-19
MA2,82342,0.27227604389190674,0,30,2019-10-10,2019-11-08
MA2,82698,0.21551412343978882,0,30,2019-10-05,2019-11-03
MA2,82784,0.23667921125888824,0,30,2019-09-10,2019-11-08
MA2,82833,0.22144369781017303,0,30,2019-09-27,2019-10-26
MA2,82902,0.25871384143829346,0,30,2019-10-10,2019-11-08
MA2,82906,0.2587498128414154,0,30,2019-10-10,2019-11-08
MA2,82968,0.2189260721206665,0,30,2019-09-24,2019-10-23
MA2,82977,0.22353221476078033,0,30,2019-09-24,2019-10-23
MA2,83016,0.2359474152326584,0,30,2019-09-20,2019-10-19
MA2,83057,0.25250381231307983,0,30,2019-09-27,2019-10-26
MA2,83148,0.24676789343357086,0,30,2019-05-05,2019-06-03
MA2,83229,0.2156589925289154,0,30,2019-09-18,2019-10-17
MA2,83479,0.22963839769363403,0,30,2019-09-08,2019-10-07
MA2,83582,0.18440434336662292,0,30,2019-09-27,2019-10-26
MA2,83921,0.23801659047603607,0,30,2019-10-10,2019-11-08
MA2,84118,0.20087316632270813,0,30,2019-02-08,2019-04-08
MA2,84146,0.23765511810779572,0,30,2019-03-09,2019-04-07
MA2,84246,0.2289404720067978,0,30,2019-10-10,2019-11-08
MA2,84505,0.2182067185640335,0,30,2019-03-10,2019-04-08
MA2,84558,0.24852077662944794,0,30,2019-09-27,2019-10-26
MA2,84561,0.2397764027118683,0,30,2019-09-27,2019-10-26
MA2,84613,0.19826680421829224,0,30,2019-10-10,2019-11-08
MA2,84688,0.27041369676589966,0,30,2019-05-14,2019-06-12
MA2,85206,0.23029489815235138,0,30,2019-06-12,2019-09-27
MA2,85462,0.26465606689453125,0,30,2019-10-10,2019-11-08
MA2,85562,0.2897741198539734,0,30,2018-09-10,2018-11-08
MA2,85779,0.2575514316558838,0,30,2019-08-23,2019-10-21
MA2,85952,0.22960631549358368,0,30,2019-10-10,2019-11-08
MA2,86057,0.19794493913650513,0,30,2019-02-28,2019-03-29
MA2,86142,0.22572554647922516,0,30,2019-10-10,2019-11-08
MA2,86290,0.23336507380008698,0,30,2019-04-02,2019-05-01
MA2,86367,0.3466782569885254,0,30,2019-04-13,2019-05-12
MA2,86368,0.3466832935810089,0,30,2019-04-13,2019-05-12
MA2,86520,0.24090154469013214,1,30,2018-07-08,2018-08-06
MA2,86583,0.18777891993522644,0,30,2019-09-10,2019-11-08
MA2,86853,0.18685024976730347,0,30,2019-10-10,2019-11-08
MA2,86889,0.40852633118629456,0,30,2019-09-16,2019-10-15
MA2,87152,0.3202134072780609,0,30,2018-07-12,2018-09-09
MA2,87174,0.21588550508022308,0,30,2019-09-27,2019-10-26
MA2,87237,0.2631109058856964,0,30,2019-05-14,2019-06-12
MA2,87294,0.23772656917572021,0,30,2019-09-27,2019-10-26
MA2,87350,0.18065589666366577,0,30,2019-10-03,2019-11-01
MA2,87380,0.2291061282157898,0,30,2019-07-13,2019-08-11
MA2,87395,0.2826801836490631,0,30,2019-02-11,2019-03-12
MA2,87604,0.5883057117462158,0,30,2019-04-11,2019-05-10
MA2,87646,0.2286585122346878,0,30,2019-03-13,2019-05-11
MA2,88104,0.23636963963508606,0,30,2018-09-10,2018-10-09
MA2,88180,0.2285885214805603,0,30,2019-10-10,2019-11-08
MA2,88214,0.18399332463741302,0,30,2019-10-10,2019-11-08
MA2,88345,0.1889209896326065,0,30,2019-10-10,2019-11-08
MA2,88356,0.2648090720176697,0,30,2018-08-11,2018-09-09
MA2,88580,0.22880959510803223,0,30,2018-07-02,2018-11-08
MA2,88870,0.33627527952194214,0,30,2019-08-26,2019-09-24
MA2,88948,0.21351200342178345,0,30,2019-04-02,2019-05-01
MA2,89113,0.184394970536232,0,30,2019-09-03,2019-11-08
MA2,89424,0.3241901397705078,0,30,2019-09-27,2019-10-26
MA2,89498,0.2182469516992569,0,30,2019-10-10,2019-11-08
MA2,89508,0.229189932346344,0,30,2019-08-18,2019-09-16
MA2,89557,0.2402353137731552,0,30,2018-07-18,2018-11-08
MA2,89589,0.2438654899597168,0,30,2019-09-10,2019-11-08
MA2,89622,0.22565975785255432,0,30,2019-01-07,2019-02-05
MA2,89709,0.34214749932289124,0,30,2019-10-10,2019-11-08
MA2,89730,0.21533839404582977,0,30,2019-10-07,2019-11-05
MA2,89872,0.21945783495903015,0,30,2019-10-04,2019-11-02
MA2,89951,0.22468237578868866,0,30,2019-09-27,2019-10-26
MA2,90299,0.22232773900032043,0,30,2019-10-10,2019-11-08
MA2,90459,0.48056885600090027,0,30,2019-03-14,2019-04-12
MA2,90502,0.24621470272541046,0,30,2019-09-10,2019-10-09
MA2,90530,0.2985195517539978,0,30,2018-08-16,2018-10-14
MA2,90560,0.2310807704925537,0,30,2019-03-14,2019-05-12
MA2,90605,0.25446975231170654,0,30,2019-09-18,2019-10-17
MA2,90969,0.2454780638217926,0,30,2019-10-10,2019-11-08
MA2,91153,0.21953389048576355,0,30,2019-09-27,2019-10-26
MA2,91157,0.27515631914138794,0,30,2019-09-27,2019-10-26
MA2,91165,0.27515122294425964,0,30,2019-09-27,2019-10-26
MA2,91400,0.23052267730236053,0,30,2019-01-13,2019-02-11
MA2,91412,0.3937540054321289,0,30,2019-04-10,2019-07-23
MA2,91530,0.1874915510416031,0,30,2019-10-10,2019-11-08
MA2,91666,0.2359643429517746,0,30,2019-09-20,2019-10-19
MA2,91723,0.25986459851264954,0,30,2019-10-03,2019-11-01
MA2,91819,0.24586635828018188,0,30,2019-09-27,2019-10-26
MA2,91872,0.2311905026435852,0,30,2019-08-17,2019-11-08
MA2,91913,0.24075479805469513,0,30,2019-07-21,2019-11-08
MA2,91931,0.25721463561058044,0,30,2019-09-11,2019-10-10
MA2,92031,0.22613286972045898,0,30,2019-09-12,2019-10-11
MA2,92131,0.25887060165405273,0,30,2018-07-26,2018-11-08
MA2,92170,0.46958720684051514,0,30,2018-07-23,2018-08-21
MA2,92370,0.208039790391922,0,30,2019-10-10,2019-11-08
MA2,92478,0.22101032733917236,0,30,2019-10-08,2019-11-06
MA2,92708,0.23092414438724518,0,30,2019-09-02,2019-10-01
MA2,92755,0.2216329127550125,0,30,2018-08-23,2019-01-21
MA2,92972,0.2157418578863144,0,30,2019-09-27,2019-10-26
MA2,93188,0.19877886772155762,0,30,2018-08-28,2018-12-22
MA2,93361,0.20182913541793823,0,30,2019-07-31,2019-09-28
MA2,93481,0.2579087018966675,0,30,2019-06-03,2019-10-31
MA2,94000,0.1944054812192917,0,30,2019-09-21,2019-10-20
MA2,94041,0.25416651368141174,0,30,2019-09-29,2019-10-28
MA2,94171,0.1910196840763092,0,30,2019-09-23,2019-10-22
MA2,94174,0.222052201628685,0,30,2019-10-10,2019-11-08
MA2,94413,0.2739948034286499,0,30,2019-10-10,2019-11-08
MA2,94614,0.22381947934627533,0,30,2019-08-13,2019-09-11
MA2,94629,0.2358035296201706,0,30,2019-08-26,2019-09-24
MA2,94640,0.22197261452674866,0,30,2019-04-04,2019-05-03
MA2,94792,0.2328123301267624,0,30,2019-09-27,2019-10-26
MA2,95039,0.2825733721256256,0,30,2019-09-19,2019-10-18
MA2,95130,0.22081901133060455,0,30,2019-07-19,2019-10-16
MA2,95217,0.23595388233661652,0,30,2019-09-20,2019-10-19
MA2,95676,0.18975548446178436,0,30,2019-09-10,2019-11-08
MA2,96055,0.18667447566986084,0,30,2019-10-10,2019-11-08
MA2,96108,0.24503767490386963,0,30,2019-09-27,2019-10-26
MA2,96153,0.2448158711194992,0,30,2019-10-10,2019-11-08
MA2,96210,0.2157115787267685,0,30,2019-10-03,2019-11-01
MA2,96329,0.27335086464881897,0,30,2019-10-10,2019-11-08
MA2,96357,0.22819599509239197,0,30,2018-08-28,2018-12-22
MA2,96453,0.20327159762382507,0,30,2019-10-10,2019-11-08
MA2,96506,0.22563809156417847,0,30,2019-08-09,2019-09-07
MA2,96581,0.18724402785301208,0,30,2019-04-03,2019-05-02
MA2,96712,0.206878200173378,0,30,2019-10-10,2019-11-08
MA2,96772,0.19379357993602753,0,30,2019-10-10,2019-11-08
MA2,96789,0.19629648327827454,0,30,2019-07-13,2019-08-11
MA2,96877,0.24555742740631104,0,30,2019-10-10,2019-11-08
MA2,96957,0.20345789194107056,0,30,2019-10-10,2019-11-08
MA2,97223,0.18638691306114197,0,30,2019-10-10,2019-11-08
MA2,97352,0.2816937267780304,0,30,2019-10-01,2019-10-30
MA2,97405,0.2652096152305603,0,30,2019-08-26,2019-09-24
MA2,97510,0.4708145260810852,0,30,2018-06-06,2018-09-09
MA2,97553,0.18696501851081848,0,30,2019-10-08,2019-11-06
MA2,97557,0.19088385999202728,0,30,2019-10-08,2019-11-06
MA2,98052,0.19892999529838562,0,30,2019-10-03,2019-11-01
MA2,98156,0.26373955607414246,0,30,2019-09-12,2019-10-11
MA2,98171,0.2653455138206482,0,30,2019-09-27,2019-10-26
MA2,98375,0.21483151614665985,0,30,2019-10-02,2019-10-31
MA2,98559,0.3372318744659424,0,30,2019-04-05,2019-05-04
MA2,98626,0.22731228172779083,0,30,2019-10-10,2019-11-08
MA2,98677,0.28995221853256226,0,30,2018-09-15,2018-10-14
MA2,98692,0.2556098997592926,0,30,2019-09-20,2019-10-19
MA2,98936,0.21482929587364197,0,30,2019-10-02,2019-10-31
MA2,99179,0.437343955039978,0,30,2018-04-05,2018-06-03
MA2,99214,0.23329803347587585,0,30,2018-09-10,2018-11-08
MA2,99363,0.20316606760025024,0,30,2019-10-04,2019-11-02
MA2,99388,0.20479145646095276,0,30,2019-01-19,2019-02-17
MA2,99835,0.23879356682300568,0,30,2018-07-03,2018-11-08
MA2,100017,0.22505177557468414,0,30,2019-10-10,2019-11-08
MA2,100157,0.23884905874729156,0,30,2019-09-16,2019-10-15
MA2,100171,0.19809304177761078,0,30,2018-12-15,2019-02-12
MA2,100289,0.19552674889564514,0,30,2019-02-15,2019-03-16
MA2,100401,0.18937130272388458,0,30,2019-08-16,2019-11-08
MA2,100651,0.2075043022632599,0,30,2019-01-17,2019-02-15
MA2,100826,0.22328060865402222,0,30,2019-09-27,2019-10-26
MA2,101167,0.2275809347629547,0,30,2018-08-28,2018-12-22
MA2,101233,0.23723755776882172,0,30,2019-04-02,2019-05-01
MA2,101376,0.38091838359832764,0,30,2018-08-21,2018-09-19
MA2,101430,0.21971596777439117,0,30,2019-10-10,2019-11-08
MA2,101436,0.23718826472759247,0,30,2019-10-10,2019-11-08
MA2,101480,0.2980523109436035,0,30,2018-09-14,2019-01-01
MA2,101503,0.17688830196857452,0,30,2019-10-10,2019-11-08
MA2,101508,0.18015483021736145,0,30,2019-10-10,2019-11-08
MA2,101524,0.2197359949350357,0,30,2018-07-04,2018-12-22
MA2,101532,0.23791362345218658,0,30,2019-08-30,2019-10-28
MA2,101864,0.268415242433548,0,30,2019-09-27,2019-10-26
MA2,101988,0.2688417434692383,0,30,2019-02-12,2019-04-12
MA2,102758,0.24305565655231476,0,30,2019-04-21,2019-05-20
MA2,102759,0.24305979907512665,0,30,2019-04-21,2019-05-20
MA2,102808,0.21883898973464966,0,30,2019-10-10,2019-11-08
MA2,102852,0.22802229225635529,0,30,2018-07-14,2018-12-23
MA2,103034,0.2465427666902542,0,30,2019-02-01,2019-03-02
MA2,103271,0.21270257234573364,0,30,2019-09-10,2019-11-08
MA2,103340,0.23411017656326294,0,30,2019-10-10,2019-11-08
MA2,103420,0.2695566415786743,0,30,2019-09-20,2019-10-19
MA2,103460,0.2661181688308716,0,30,2019-10-10,2019-11-08
MA2,103721,0.21725252270698547,0,30,2019-09-17,2019-10-16
MA2,103879,0.1651613414287567,0,30,2019-09-30,2019-10-29
MA2,104203,0.18395207822322845,0,30,2019-09-27,2019-10-26
MA2,104250,0.5840460062026978,0,30,2019-10-10,2019-11-08
MA2,104388,0.2523558437824249,0,30,2018-08-08,2018-11-08
MA2,104412,0.2838328778743744,0,30,2019-10-08,2019-11-06
MA2,104427,0.22545580565929413,0,30,2019-09-04,2019-10-03
MA2,104463,0.22577913105487823,0,30,2019-10-10,2019-11-08
MA2,104471,0.23230451345443726,0,30,2019-09-10,2019-11-08
MA2,104505,0.2348012775182724,0,30,2019-09-12,2019-10-11
MA2,104512,0.234804168343544,0,30,2019-09-12,2019-10-11
MA2,104700,0.3571261763572693,0,30,2019-09-27,2019-10-26
MA2,104712,0.23696504533290863,0,30,2019-03-11,2019-04-09
MA2,104791,0.21934451162815094,0,30,2019-10-10,2019-11-08
MA2,105005,0.22684010863304138,0,30,2019-09-12,2019-10-11
MA2,105047,0.21859458088874817,0,30,2019-10-10,2019-11-08
MA2,105172,0.2876041829586029,0,30,2019-10-10,2019-11-08
MA2,105189,0.25214558839797974,0,30,2019-09-27,2019-10-26
MA2,105297,0.269023060798645,0,30,2019-08-30,2019-09-28
MA2,105394,0.22337381541728973,0,30,2019-10-10,2019-11-08
MA2,105444,0.2593671679496765,0,30,2019-09-27,2019-10-26
MA2,105472,0.21586944162845612,0,30,2019-09-27,2019-10-26
MA2,105509,0.27014604210853577,0,30,2018-09-08,2018-10-07
MA2,105526,0.2617620527744293,0,30,2019-10-10,2019-11-08
MA2,105605,0.2468777596950531,0,30,2019-09-27,2019-10-26
MA2,105907,0.2364397943019867,0,30,2019-10-10,2019-11-08
MA2,105912,0.23645584285259247,0,30,2019-10-10,2019-11-08
MA2,105922,0.27329984307289124,0,30,2019-04-05,2019-05-04
MA2,105955,0.19119568169116974,0,30,2019-09-27,2019-10-26
MA2,106155,0.23411551117897034,0,30,2019-09-10,2019-11-08
MA2,106441,0.24646686017513275,0,30,2019-09-22,2019-10-21
MA2,106851,0.23190467059612274,0,30,2019-09-10,2019-11-08
MA2,106934,0.210174098610878,0,30,2019-09-19,2019-10-18
MA2,106994,0.19343201816082,0,30,2019-10-08,2019-11-06
MA2,107077,0.28721150755882263,0,30,2019-10-10,2019-11-08
MA2,107123,0.26237305998802185,0,30,2019-10-10,2019-11-08
MA2,107139,0.21785596013069153,0,30,2019-09-16,2019-10-15
MA2,107169,0.25368210673332214,0,30,2019-10-10,2019-11-08
MA2,107208,0.2489224225282669,0,30,2019-03-07,2019-04-05
MA2,107456,0.2380572259426117,0,30,2019-09-12,2019-10-11
MA2,107457,0.23805508017539978,0,30,2019-09-12,2019-10-11
MA2,107500,0.28565987944602966,0,30,2019-09-27,2019-10-26
MA2,107701,0.20348133146762848,0,30,2019-09-19,2019-10-18
MA2,107733,0.6469194889068604,1,30,2018-06-10,2018-07-09
MA2,107872,0.23610727488994598,0,30,2018-03-20,2018-04-18
MA2,108120,0.2675468325614929,0,30,2019-09-27,2019-10-26
MA2,108123,0.2592695951461792,0,30,2019-09-27,2019-10-26
MA2,108126,0.22460505366325378,0,30,2019-09-17,2019-10-16
MA2,108192,0.199209526181221,0,30,2019-02-15,2019-03-16
MA2,108314,0.23747891187667847,0,30,2019-09-24,2019-10-23
MA2,108486,0.21789517998695374,0,30,2019-09-10,2019-11-08
MA2,108564,0.2228144109249115,0,30,2019-09-10,2019-11-08
MA2,108601,0.20222395658493042,0,30,2019-10-10,2019-11-08
MA2,108900,0.2376580834388733,0,30,2019-09-27,2019-10-26
MA2,108972,0.2299180030822754,0,30,2019-10-05,2019-11-03
MA2,108976,0.23325137794017792,0,30,2019-08-28,2019-11-08
MA2,108986,0.24358439445495605,0,30,2019-09-27,2019-10-26
MA2,109044,0.25825539231300354,0,30,2019-09-27,2019-10-26
MA2,109077,0.27051061391830444,0,30,2019-09-27,2019-10-26
MA2,109140,0.19890359044075012,0,30,2019-05-24,2019-07-22
MA2,109165,0.26118171215057373,0,30,2019-09-27,2019-10-26
MA2,109996,0.2286524772644043,0,30,2019-10-05,2019-11-03
MA2,110174,0.23467037081718445,0,30,2019-01-19,2019-02-17
MA2,110244,0.30311861634254456,0,30,2019-10-10,2019-11-08
MA2,110269,0.38702380657196045,0,30,2019-10-10,2019-11-08
MA2,110503,0.18502812087535858,0,30,2019-05-31,2019-07-29
MA2,110862,0.19212397933006287,0,30,2019-04-04,2019-05-03
MA2,111115,0.27948498725891113,0,30,2019-09-27,2019-10-26
MA2,111161,0.2103654444217682,0,30,2019-10-10,2019-11-08
MA2,111572,0.25763458013534546,0,30,2019-09-10,2019-11-08
MA2,111607,0.22311682999134064,0,30,2019-02-17,2019-03-18
MA2,111672,0.245723158121109,0,30,2019-03-14,2019-04-12
MA2,111697,0.21147027611732483,0,30,2019-10-10,2019-11-08
MA2,111702,0.24181675910949707,0,30,2019-04-01,2019-04-30
MA2,112047,0.20604479312896729,0,30,2019-10-10,2019-11-08
MA2,112153,0.37222835421562195,1,30,2019-01-07,2019-02-05
MA2,112406,0.2918652892112732,0,30,2019-09-19,2019-10-18
MA2,112411,0.24379019439220428,0,30,2019-09-21,2019-10-20
MA2,112633,0.3750441372394562,0,30,2019-10-10,2019-11-08
MA2,112728,0.21106074750423431,0,30,2019-03-14,2019-04-12
MA2,112995,0.2465590387582779,0,30,2019-09-10,2019-10-09
MA2,113340,0.2283681184053421,0,30,2019-01-18,2019-02-16
MA2,113622,0.21337348222732544,0,30,2019-10-10,2019-11-08
MA2,113648,0.1990717053413391,0,30,2019-09-27,2019-10-26
MA2,113695,0.26381590962409973,0,30,2019-09-20,2019-10-19
MA2,113749,0.22465026378631592,0,30,2019-05-04,2019-06-02
MA2,114218,0.26203566789627075,0,30,2019-04-03,2019-05-02
MA2,114290,0.2172139436006546,0,30,2019-08-13,2019-09-11
MA2,114335,0.24111780524253845,0,30,2018-02-24,2018-03-25
MA2,114360,0.22521796822547913,0,30,2019-08-11,2019-11-08
MA2,114374,0.25793972611427307,0,30,2018-08-11,2018-09-09
MA2,114714,0.2691895067691803,0,30,2018-10-21,2018-12-22
MA2,115203,0.21036338806152344,0,30,2019-10-10,2019-11-08
MA2,115326,0.3285515308380127,0,30,2018-07-05,2018-12-12
MA2,115328,0.3053165376186371,0,30,2018-07-05,2018-12-12
MA2,115461,0.28224945068359375,0,30,2018-08-31,2018-12-28
MA2,115543,0.4155443012714386,0,30,2019-09-28,2019-10-27
MA2,115636,0.22561238706111908,0,30,2018-04-05,2018-06-03
MA2,115650,0.27586743235588074,0,30,2019-07-30,2019-11-08
MA2,115955,0.2202974110841751,0,30,2019-09-27,2019-10-26
MA2,116145,0.33434394001960754,0,30,2018-07-19,2018-08-17
MA2,116192,0.22036045789718628,0,30,2019-09-27,2019-10-26
MA2,116323,0.2991352379322052,0,30,2019-05-03,2019-06-01
MA2,116351,0.17825517058372498,0,30,2019-09-27,2019-10-26
MA2,116389,0.21355652809143066,0,30,2019-09-22,2019-10-21
MA2,116560,0.28633445501327515,0,30,2019-10-10,2019-11-08
MA2,116609,0.2836807668209076,0,30,2018-12-30,2019-01-28
MA2,116895,0.20684532821178436,0,30,2019-10-10,2019-11-08
MA2,116950,0.2610490024089813,0,30,2019-05-03,2019-06-01
MA2,116983,0.34477823972702026,0,30,2018-03-21,2018-07-06
MA2,117099,0.23517416417598724,0,30,2019-10-10,2019-11-08
MA2,117132,0.2143334597349167,0,30,2019-08-28,2019-10-26
MA2,117142,0.26965948939323425,0,30,2019-10-10,2019-11-08
MA2,117299,0.2219022959470749,0,30,2019-10-10,2019-11-08
MA2,117436,0.19381724298000336,0,30,2019-10-10,2019-11-08
MA2,117474,0.24054796993732452,0,30,2019-09-22,2019-10-21
MA2,117566,0.35769903659820557,0,30,2019-05-15,2019-07-13
MA2,117703,0.19896602630615234,0,30,2019-05-24,2019-07-22
MA2,117799,0.2529113292694092,0,30,2019-05-28,2019-07-26
MA2,117955,0.23893582820892334,0,30,2019-09-24,2019-10-23
MA2,118158,0.2269611656665802,0,30,2019-08-26,2019-09-24
MA2,118292,0.22348815202713013,0,30,2019-02-01,2019-03-02
MA2,118396,0.20155780017375946,0,30,2018-07-14,2018-11-08
MA2,118698,0.21229282021522522,0,30,2019-07-30,2019-08-28
MA2,118712,0.4133048355579376,0,30,2018-06-23,2018-07-22
MA2,118844,0.18029701709747314,0,30,2019-10-10,2019-11-08
MA2,118907,0.2767103314399719,0,30,2019-09-16,2019-10-15
MA2,118989,0.22874535620212555,0,30,2019-10-10,2019-11-08
MA2,119510,0.22399571537971497,0,30,2018-07-25,2018-08-23
MA2,119522,0.31813374161720276,0,30,2018-07-25,2018-09-22
MA2,119788,0.2524690628051758,0,30,2019-09-27,2019-10-26
MA2,119815,0.2723543047904968,0,30,2019-09-27,2019-10-26
MA2,119879,0.27741938829421997,0,30,2019-08-17,2019-11-08
MA2,119954,0.21465495228767395,0,30,2019-10-10,2019-11-08
MA2,120020,0.20857670903205872,0,30,2019-10-10,2019-11-08
MA2,120034,0.2216142863035202,0,30,2019-10-10,2019-11-08
MA2,120069,0.24267806112766266,0,30,2019-10-10,2019-11-08
MA2,120150,0.24253277480602264,0,30,2018-09-06,2018-10-05
MA2,120169,0.20739014446735382,0,30,2019-10-10,2019-11-08
MA2,120312,0.2683970332145691,0,30,2019-10-10,2019-11-08
MA2,120439,0.22584858536720276,0,30,2019-09-27,2019-10-26
MA2,120770,0.265316903591156,0,30,2018-04-17,2018-06-15
MB1,70,0.3465052843093872,0,30,2019-09-19,2019-10-18
MB1,237,0.3370373547077179,0,30,2019-10-10,2019-11-08
MB1,302,0.22795869410037994,0,30,2019-10-10,2019-11-08
MB1,435,0.4413191080093384,0,30,2019-09-10,2019-11-08
MB1,536,0.43123698234558105,0,30,2019-08-29,2019-09-27
MB1,702,0.33055248856544495,0,30,2019-09-19,2019-10-18
MB1,704,0.745435357093811,0,30,2019-10-10,2019-11-08
MB1,931,0.4021969735622406,0,30,2019-08-07,2019-10-05
MB1,955,0.39500096440315247,0,30,2019-09-10,2019-11-08
MB1,1103,0.37495166063308716,0,30,2019-09-20,2019-10-19
MB1,1197,0.3947465121746063,0,30,2019-08-18,2019-10-16
MB1,1249,0.5352502465248108,0,30,2019-10-10,2019-11-08
MB1,1307,0.4435133635997772,0,30,2019-10-10,2019-11-08
MB1,1332,0.39694520831108093,0,30,2019-10-10,2019-11-08
MB1,1335,0.3113684356212616,0,30,2019-10-10,2019-11-08
MB1,1358,0.4752233922481537,0,30,2019-09-17,2019-10-16
MB1,1380,0.36804112792015076,0,30,2019-10-10,2019-11-08
MB1,1447,0.5445740818977356,0,30,2019-10-10,2019-11-08
MB1,1448,0.5445740818977356,0,30,2019-10-10,2019-11-08
MB1,1558,0.716058611869812,0,30,2019-09-29,2019-10-28
MB1,1625,0.4277338981628418,0,30,2019-10-10,2019-11-08
MB1,1647,0.3910151422023773,0,30,2019-10-10,2019-11-08
MB1,1778,0.5030138492584229,0,19,2018-07-20,2018-08-07
MB1,1906,0.7501398921012878,0,30,2019-10-10,2019-11-08
MB1,1911,0.38339942693710327,0,30,2019-10-10,2019-11-08
MB1,2192,0.3084775507450104,0,30,2019-09-19,2019-10-18
MB1,2328,0.42387574911117554,0,30,2019-10-10,2019-11-08
MB1,2369,0.3757103979587555,0,30,2019-10-10,2019-11-08
MB1,2450,0.3901417553424835,0,30,2019-10-03,2019-11-01
MB1,2594,0.22794890403747559,0,30,2019-10-10,2019-11-08
MB1,2632,0.3566182255744934,0,30,2019-10-10,2019-11-08
MB1,2634,0.3798198401927948,0,30,2019-10-10,2019-11-08
MB1,2746,0.3897942006587982,0,30,2019-10-10,2019-11-08
MB1,2749,0.3897942006587982,0,30,2019-10-10,2019-11-08
MB1,2973,0.3653782308101654,0,30,2019-09-18,2019-10-17
MB1,3020,0.8330636024475098,0,30,2019-09-30,2019-10-29
MB1,3027,0.5902450084686279,0,30,2019-10-10,2019-11-08
MB1,3133,0.37282928824424744,0,30,2019-10-10,2019-11-08
MB1,3423,0.41951704025268555,0,30,2019-10-10,2019-11-08
MB1,3429,0.41951704025268555,0,30,2019-10-10,2019-11-08
MB1,3465,0.3568929135799408,0,30,2019-10-10,2019-11-08
MB1,3546,0.3905685842037201,0,30,2019-09-08,2019-11-08
MB1,3668,0.4339638352394104,0,30,2019-08-23,2019-09-21
MB1,4119,0.4238991439342499,0,30,2019-10-10,2019-11-08
MB1,4196,0.3516193628311157,0,30,2019-10-10,2019-11-08
MB1,4526,0.38753923773765564,0,30,2019-10-10,2019-11-08
MB1,4619,0.3651566803455353,0,30,2019-09-10,2019-11-08
MB1,4738,0.23334060609340668,0,30,2019-10-10,2019-11-08
MB1,4867,0.4715583324432373,0,30,2019-10-10,2019-11-08
MB1,4882,0.36105024814605713,0,30,2019-09-10,2019-11-08
MB1,5031,0.8329697847366333,0,30,2019-09-10,2019-11-08
MB1,5079,0.5801927447319031,1,30,2019-04-03,2019-07-21
MB1,5097,0.42351964116096497,0,30,2019-09-20,2019-10-19
MB1,5140,0.3925873935222626,0,30,2019-09-15,2019-10-14
MB1,5243,0.6619928479194641,0,30,2019-09-19,2019-10-18
MB1,5283,0.4022197127342224,0,30,2019-08-30,2019-11-08
MB1,5845,0.5219687223434448,0,30,2019-10-10,2019-11-08
MB1,5921,0.5583417415618896,0,30,2019-08-28,2019-11-08
MB1,6021,0.3737635016441345,0,30,2019-05-30,2019-10-17
MB1,6140,0.40521278977394104,0,30,2019-10-10,2019-11-08
MB1,6196,0.4678214192390442,0,30,2019-10-10,2019-11-08
MB1,6226,0.44620752334594727,0,30,2019-09-20,2019-10-19
MB1,6241,0.3604090213775635,0,30,2019-10-10,2019-11-08
MB1,6249,0.8065935969352722,0,30,2019-10-07,2019-11-05
MB1,6479,0.3629837930202484,0,30,2019-09-19,2019-10-18
MB1,6589,0.34306156635284424,0,30,2019-09-10,2019-11-08
MB1,6814,0.7733402252197266,0,30,2019-09-29,2019-10-28
MB1,6960,0.3282829523086548,0,30,2019-10-10,2019-11-08
MB1,7007,0.39912739396095276,0,30,2019-09-19,2019-10-18
MB1,7082,0.41966405510902405,0,30,2019-10-10,2019-11-08
MB1,7247,0.448618084192276,0,30,2019-10-10,2019-11-08
MB1,7376,0.357730895280838,0,30,2018-06-28,2018-07-27
MB1,7496,0.7201101779937744,0,30,2019-04-12,2019-11-08
MB1,7602,0.4038814604282379,0,30,2019-10-10,2019-11-08
MB1,7680,0.3906063437461853,0,30,2019-10-10,2019-11-08
MB1,7962,0.4234755337238312,0,30,2019-09-20,2019-10-19
MB1,7976,0.36008456349372864,0,30,2019-10-10,2019-11-08
MB1,8012,0.47127434611320496,0,30,2019-10-10,2019-11-08
MB1,8075,0.3721630871295929,0,30,2019-09-19,2019-10-18
MB1,8140,0.37021511793136597,0,30,2019-10-10,2019-11-08
MB1,8166,0.350630521774292,0,30,2019-10-10,2019-11-08
MB1,8393,0.4696182608604431,0,30,2019-10-10,2019-11-08
MB1,8516,0.6052514910697937,0,30,2019-09-15,2019-10-14
MB1,8883,0.39296889305114746,0,30,2019-05-14,2019-06-12
MB1,8928,0.4316905438899994,0,30,2019-09-20,2019-10-19
MB1,8979,0.3498358726501465,0,30,2019-09-19,2019-10-18
MB1,8993,0.4377909004688263,0,30,2019-09-19,2019-10-18
MB1,9086,0.39697209000587463,0,30,2019-10-10,2019-11-08
MB1,9227,0.42160966992378235,0,30,2019-09-21,2019-10-20
MB1,9301,0.7759137153625488,0,30,2019-09-27,2019-10-26
MB1,9781,0.3516193628311157,0,30,2019-10-10,2019-11-08
MB1,9990,0.6867877244949341,0,30,2019-10-10,2019-11-08
MB1,10004,0.42002859711647034,0,30,2019-09-19,2019-10-18
MB1,10021,0.4675617814064026,0,30,2019-09-19,2019-10-18
MB1,10216,0.3882291316986084,0,30,2019-10-10,2019-11-08
MB1,10274,0.4637985825538635,0,30,2019-10-02,2019-10-31
MB1,10460,0.4542870819568634,0,30,2019-09-29,2019-10-28
MB1,10481,0.3756929039955139,0,30,2019-10-10,2019-11-08
MB1,10913,0.3529956638813019,0,30,2019-10-10,2019-11-08
MB1,10949,0.4027397334575653,0,30,2019-05-19,2019-07-17
MB1,11248,0.23784460127353668,0,30,2019-10-10,2019-11-08
MB1,11330,0.3662835359573364,0,30,2019-10-10,2019-11-08
MB1,11404,0.42394593358039856,0,30,2019-10-10,2019-11-08
MB1,11626,0.3484901487827301,0,30,2019-09-16,2019-10-15
MB1,11758,0.343062162399292,0,30,2019-10-10,2019-11-08
MB1,11902,0.2968129515647888,0,30,2019-09-19,2019-10-18
MB1,12002,0.661101758480072,0,30,2019-10-10,2019-11-08
MB1,12181,0.4176633358001709,0,30,2019-10-10,2019-11-08
MB1,12203,0.3485165536403656,0,30,2019-09-16,2019-10-15
MB1,12361,0.33566853404045105,0,30,2019-08-21,2019-10-19
MB1,12651,0.4180026650428772,0,30,2019-08-19,2019-10-19
MB1,12817,0.41719067096710205,0,30,2019-09-20,2019-10-19
MB1,12846,0.5069275498390198,0,30,2019-09-17,2019-10-16
MB1,12856,0.5069245100021362,0,30,2019-09-17,2019-10-16
MB1,12966,0.37297797203063965,1,30,2018-07-30,2018-08-28
MB1,12976,0.3494413495063782,0,30,2019-09-19,2019-10-18
MB1,13045,0.27805960178375244,0,30,2019-09-17,2019-10-16
MB1,13177,0.4406859576702118,0,30,2019-09-17,2019-10-16
MB1,13454,0.5187559127807617,0,30,2019-10-10,2019-11-08
MB1,13609,0.6657359004020691,0,30,2019-09-09,2019-11-08
MB1,13636,0.5618111491203308,0,30,2019-06-06,2019-11-08
MB1,13705,0.44655776023864746,0,30,2019-09-29,2019-10-28
MB1,13807,0.43553975224494934,0,30,2019-08-14,2019-11-08
MB1,14068,0.39278802275657654,0,30,2019-05-14,2019-06-12
MB1,14135,0.3674606680870056,0,30,2018-03-17,2018-04-15
MB1,14332,0.427243709564209,0,30,2019-10-10,2019-11-08
MB1,14360,0.40659311413764954,0,30,2019-09-09,2019-11-08
MB1,14420,0.28631073236465454,0,30,2019-08-23,2019-10-21
MB1,14435,0.3496954143047333,0,30,2019-10-10,2019-11-08
MB1,14558,0.43404620885849,0,30,2019-10-10,2019-11-08
MB1,14628,0.4264116883277893,0,30,2019-09-20,2019-10-19
MB1,14814,0.797102689743042,0,30,2019-10-10,2019-11-08
MB1,14841,0.6216216683387756,0,30,2019-10-04,2019-11-02
MB1,14866,0.44307687878608704,0,30,2019-09-18,2019-10-17
MB1,14882,0.48943886160850525,0,30,2019-09-10,2019-10-09
MB1,15064,0.39193466305732727,0,30,2019-08-28,2019-11-08
MB1,15213,0.3718034029006958,0,30,2019-09-19,2019-10-18
MB1,15242,0.40145498514175415,0,30,2019-10-10,2019-11-08
MB1,15425,0.4559212327003479,0,30,2019-10-10,2019-11-08
MB1,15682,0.3956855535507202,0,30,2019-09-09,2019-11-08
MB1,15703,0.4635734260082245,0,30,2019-10-10,2019-11-08
MB1,15865,0.3846130967140198,0,30,2019-10-10,2019-11-08
MB1,16272,0.5537265539169312,0,30,2019-10-06,2019-11-04
MB1,16396,0.34468933939933777,0,30,2019-10-10,2019-11-08
MB1,16445,0.3991921544075012,0,30,2019-09-19,2019-10-18
MB1,16450,0.36629772186279297,0,30,2019-09-20,2019-10-19
MB1,16627,0.8132537007331848,0,30,2019-09-16,2019-10-15
MB1,16763,0.7044267654418945,0,30,2019-10-10,2019-11-08
MB1,16807,0.4525994062423706,0,30,2019-10-02,2019-10-31
MB1,16946,0.5303345918655396,0,30,2019-09-20,2019-10-19
MB1,16971,0.4284387528896332,0,30,2019-09-17,2019-10-16
MB1,16983,0.24585998058319092,0,30,2019-09-14,2019-10-13
MB1,17134,0.3999543786048889,0,30,2019-09-10,2019-11-08
MB1,17182,0.4978427290916443,0,30,2019-10-10,2019-11-08
MB1,17295,0.4284387528896332,0,30,2019-09-17,2019-10-16
MB1,17344,0.4787251055240631,0,30,2019-10-02,2019-10-31
MB1,17367,0.3487616181373596,0,30,2019-10-02,2019-10-31
MB1,17606,0.3878915309906006,0,30,2019-01-12,2019-02-10
MB1,17614,0.3054143190383911,1,30,2018-10-10,2018-11-08
MB1,17768,0.3992137610912323,0,30,2019-09-19,2019-10-18
MB1,17990,0.4110053777694702,0,30,2019-10-08,2019-11-06
MB1,18139,0.36973947286605835,0,30,2019-09-10,2019-11-08
MB1,18150,0.3526100218296051,0,30,2019-09-10,2019-10-09
MB1,18304,0.36874234676361084,0,30,2019-10-10,2019-11-08
MB1,18409,0.7489621043205261,0,30,2019-08-12,2019-11-08
MB1,18410,0.7306252717971802,0,30,2019-08-12,2019-11-08
MB1,18795,0.39696311950683594,0,30,2019-09-10,2019-11-08
MB1,18850,0.778523862361908,0,30,2019-09-16,2019-10-15
MB1,18943,0.4117157459259033,0,30,2019-09-10,2019-10-09
MB1,18957,0.4533758759498596,0,30,2019-09-16,2019-10-15
MB1,18980,0.6987144351005554,0,30,2019-10-10,2019-11-08
MB1,19260,0.39474228024482727,0,30,2019-09-17,2019-10-16
MB1,19410,0.7179041504859924,0,30,2019-10-10,2019-11-08
MB1,19640,0.3462982177734375,0,30,2019-08-18,2019-10-16
MB1,19743,0.9259438514709473,1,30,2019-05-14,2019-06-12
MB1,19907,0.433973103761673,0,30,2019-10-10,2019-11-08
MB1,20083,0.3591182827949524,0,30,2019-10-10,2019-11-08
MB1,20138,0.3915719985961914,0,30,2019-08-13,2019-09-11
MB1,20155,0.4319833517074585,0,30,2019-10-02,2019-10-31
MB1,20178,0.8405033946037292,0,30,2019-08-30,2019-09-28
MB1,20194,0.6450380682945251,0,30,2019-10-10,2019-11-08
MB1,20233,0.41415736079216003,0,30,2019-08-26,2019-11-02
MB1,20559,0.388102650642395,0,30,2019-09-10,2019-11-08
MB1,20565,0.388102650642395,0,30,2019-09-10,2019-11-08
MB1,20597,0.40748339891433716,0,30,2019-10-10,2019-11-08
MB1,20627,0.4413191080093384,0,30,2019-09-10,2019-11-08
MB1,20665,0.35481366515159607,0,30,2019-10-10,2019-11-08
MB1,20808,0.4395063519477844,0,30,2019-08-27,2019-09-25
MB1,20848,0.4139099717140198,0,30,2019-09-01,2019-09-30
MB1,21305,0.6098966598510742,0,30,2019-10-10,2019-11-08
MB1,21329,0.5172238349914551,0,30,2019-10-10,2019-11-08
MB1,21362,0.39445388317108154,0,30,2019-08-18,2019-10-16
MB1,21520,0.523249626159668,0,30,2019-10-10,2019-11-08
MB1,21575,0.38843268156051636,0,30,2018-08-17,2018-11-08
MB1,21638,0.35663291811943054,0,30,2019-10-10,2019-11-08
MB1,21648,0.35663291811943054,0,30,2019-10-10,2019-11-08
MB1,21750,0.5337997674942017,0,30,2019-09-22,2019-10-21
MB1,21759,0.32838261127471924,0,30,2019-10-10,2019-11-08
MB1,21773,0.8401751518249512,0,30,2019-10-10,2019-11-08
MB1,21781,0.3898829519748688,0,30,2019-10-10,2019-11-08
MB1,21822,0.39480650424957275,0,30,2019-08-26,2019-09-24
MB1,21993,0.39503344893455505,0,30,2019-10-10,2019-11-08
MB1,22086,0.8474065661430359,0,30,2019-10-04,2019-11-02
MB1,22157,0.45983901619911194,0,30,2019-09-16,2019-10-15
MB1,22175,0.533626139163971,0,30,2019-10-04,2019-11-02
MB1,22444,0.3894444704055786,0,30,2019-09-10,2019-11-08
MB1,22514,0.43404620885849,0,30,2019-10-10,2019-11-08
MB1,22546,0.8293596506118774,0,30,2019-05-31,2019-11-05
MB1,22621,0.6804522275924683,0,30,2019-09-22,2019-10-21
MB1,22812,0.6060752868652344,0,30,2019-10-10,2019-11-08
MB1,22827,0.37537044286727905,0,30,2019-10-10,2019-11-08
MB1,22860,0.5677444934844971,1,30,2018-03-25,2018-05-23
MB1,23015,0.36714816093444824,0,30,2019-10-10,2019-11-08
MB1,23022,0.3910985589027405,0,30,2019-10-10,2019-11-08
MB1,23158,0.43766847252845764,0,30,2019-08-28,2019-09-26
MB1,23182,0.6492401957511902,0,30,2019-10-10,2019-11-08
MB1,23256,0.4538533091545105,0,30,2019-09-19,2019-10-18
MB1,23325,0.335625559091568,0,30,2019-09-19,2019-10-18
MB1,23376,0.42555689811706543,0,30,2019-10-10,2019-11-08
MB1,23483,0.7103461027145386,0,30,2019-10-10,2019-11-08
MB1,23507,0.3967302143573761,0,30,2019-09-17,2019-10-16
MB1,23537,0.3780074119567871,0,30,2019-08-19,2019-10-17
MB1,23580,0.40885815024375916,0,30,2019-09-30,2019-10-29
MB1,23599,0.4216144382953644,0,30,2019-09-19,2019-10-18
MB1,23790,0.4583653211593628,0,30,2019-09-19,2019-10-18
MB1,23826,0.40101322531700134,0,30,2019-09-18,2019-10-17
MB1,24070,0.3977167308330536,0,30,2019-09-17,2019-10-16
MB1,24075,0.3977167308330536,0,30,2019-09-17,2019-10-16
MB1,24105,0.39107269048690796,0,30,2018-05-28,2018-06-26
MB1,24112,0.4725477993488312,0,30,2019-10-10,2019-11-08
MB1,24244,0.34669777750968933,0,30,2019-10-02,2019-10-31
MB1,24380,0.42155635356903076,0,30,2019-09-21,2019-10-20
MB1,24503,0.3817608952522278,1,30,2018-12-28,2019-01-26
MB1,24578,0.39923539757728577,0,30,2019-09-19,2019-10-18
MB1,24641,0.4340618848800659,0,30,2019-10-10,2019-11-08
MB1,24642,0.4340618848800659,0,30,2019-10-10,2019-11-08
MB1,24647,0.4340618848800659,0,30,2019-10-10,2019-11-08
MB1,24724,0.8624199628829956,0,30,2019-10-10,2019-11-08
MB1,24735,0.4281090795993805,0,30,2019-10-10,2019-11-08
MB1,24886,0.3604007959365845,0,30,2019-09-17,2019-10-16
MB1,24941,0.33590424060821533,0,30,2019-09-20,2019-10-19
MB1,25136,0.33597978949546814,0,30,2019-08-21,2019-10-19
MB1,25310,0.421587735414505,0,30,2019-09-21,2019-10-20
MB1,25405,0.815872073173523,0,30,2019-09-19,2019-10-18
MB1,25662,0.43214061856269836,0,30,2019-09-21,2019-10-20
MB1,26356,0.36801275610923767,0,30,2019-10-10,2019-11-08
MB1,26367,0.37442123889923096,0,30,2019-10-01,2019-10-30
MB1,26640,0.390143483877182,0,30,2019-10-03,2019-11-01
MB1,26835,0.36252376437187195,0,30,2019-09-17,2019-10-16
MB1,26948,0.542008101940155,0,30,2019-08-11,2019-09-09
MB1,26951,0.35254615545272827,0,30,2019-09-10,2019-10-09
MB1,27552,0.3485230803489685,0,30,2019-09-16,2019-10-15
MB1,27577,0.4584483504295349,0,30,2019-09-19,2019-10-18
MB1,27678,0.52519291639328,0,30,2019-10-10,2019-11-08
MB1,27747,0.45058295130729675,0,30,2019-05-14,2019-06-12
MB1,27795,0.7571960091590881,0,30,2019-10-10,2019-11-08
MB1,27969,0.6706670522689819,0,30,2019-10-10,2019-11-08
MB1,27971,0.40353983640670776,0,30,2019-09-19,2019-10-18
MB1,28013,0.47291937470436096,0,12,2019-08-14,2019-08-25
MB1,28641,0.3844674527645111,0,30,2019-10-10,2019-11-08
MB1,28711,0.4116066098213196,0,30,2019-10-10,2019-11-08
MB1,28753,0.591144859790802,0,30,2019-08-05,2019-09-03
MB1,28772,0.5336070656776428,0,30,2019-10-10,2019-11-08
MB1,29110,0.6763461828231812,0,30,2019-05-14,2019-06-12
MB1,29213,0.3901400566101074,0,30,2019-10-10,2019-11-08
MB1,29272,0.4305991530418396,0,30,2019-09-16,2019-10-15
MB1,29388,0.40586525201797485,0,30,2019-10-10,2019-11-08
MB1,29610,0.7749335765838623,0,30,2019-10-10,2019-11-08
MB1,29796,0.4027388393878937,0,30,2019-10-10,2019-11-08
MB1,29808,0.542718768119812,0,30,2019-09-19,2019-10-18
MB1,30028,0.4047730565071106,0,30,2019-09-17,2019-10-16
MB1,30134,0.35934150218963623,0,30,2019-10-10,2019-11-08
MB1,30301,0.3569253385066986,0,30,2019-08-28,2019-09-26
MB1,30531,0.5906527638435364,0,30,2019-05-14,2019-06-12
MB1,30539,0.5906527638435364,0,30,2019-05-14,2019-06-12
MB1,30542,0.5899308323860168,0,30,2019-05-14,2019-06-12
MB1,30629,0.4483712911605835,0,30,2019-09-17,2019-10-16
MB1,30673,0.5177838206291199,0,30,2019-05-05,2019-11-04
MB1,30848,0.987794041633606,1,30,2018-07-09,2018-08-07
MB1,30864,0.4696478843688965,0,30,2019-10-10,2019-11-08
MB1,30946,0.33683115243911743,0,30,2019-06-10,2019-10-18
MB1,31021,0.35554519295692444,0,30,2019-09-10,2019-11-08
MB1,31045,0.7201193571090698,0,30,2019-09-09,2019-11-08
MB1,31124,0.38375070691108704,0,30,2019-10-10,2019-11-08
MB1,31216,0.3670751452445984,0,30,2019-10-10,2019-11-08
MB1,31282,0.7913663387298584,0,30,2019-10-03,2019-11-01
MB1,31371,0.389761745929718,0,30,2019-10-10,2019-11-08
MB1,31773,0.4508669674396515,0,30,2019-10-03,2019-11-01
MB1,31791,0.6615595817565918,0,30,2019-05-23,2019-07-21
MB1,31865,0.39923471212387085,0,30,2019-09-19,2019-10-18
MB1,31947,0.7611371278762817,0,30,2019-09-12,2019-10-11
MB1,31993,0.3484930098056793,0,30,2019-09-16,2019-10-15
MB1,32017,0.7384867072105408,0,30,2019-10-01,2019-10-30
MB1,32044,0.3991056978702545,0,30,2019-09-19,2019-10-18
MB1,32207,0.39664873480796814,0,30,2019-09-21,2019-10-20
MB1,32441,0.45427146553993225,0,30,2019-07-26,2019-10-31
MB1,32464,0.4721957743167877,0,30,2019-08-27,2019-11-08
MB1,32732,0.34531497955322266,0,30,2019-10-10,2019-11-08
MB1,32915,0.4349254071712494,0,30,2019-09-20,2019-10-19
MB1,33042,0.28026899695396423,0,30,2019-08-22,2019-11-08
MB1,33053,0.3758421242237091,0,30,2019-10-10,2019-11-08
MB1,33308,0.4234635829925537,0,30,2019-09-20,2019-10-19
MB1,33312,0.4234441816806793,0,30,2019-09-20,2019-10-19
MB1,33401,0.5425114631652832,0,30,2019-10-10,2019-11-08
MB1,33411,0.4695814251899719,0,30,2019-09-10,2019-11-08
MB1,33496,0.5425409078598022,0,30,2019-10-10,2019-11-08
MB1,33549,0.3894048035144806,0,30,2019-10-10,2019-11-08
MB1,33627,0.3826119303703308,0,30,2019-10-10,2019-11-08
MB1,33661,0.5435736775398254,0,30,2019-10-10,2019-11-08
MB1,33775,0.5221097469329834,0,30,2019-10-10,2019-11-08
MB1,33782,0.5220954418182373,0,30,2019-10-10,2019-11-08
MB1,33840,0.4662870764732361,0,22,2019-10-18,2019-11-08
MB1,34123,0.22312913835048676,0,30,2019-10-10,2019-11-08
MB1,34178,0.3950388729572296,0,30,2019-10-10,2019-11-08
MB1,34195,0.3678971529006958,0,30,2019-10-10,2019-11-08
MB1,34228,0.565552294254303,0,30,2019-10-10,2019-11-08
MB1,34241,0.45338377356529236,0,30,2019-09-16,2019-10-15
MB1,34254,0.4081457853317261,0,30,2019-09-21,2019-10-20
MB1,34261,0.4081457853317261,0,30,2019-09-21,2019-10-20
MB1,34383,0.4340279698371887,0,30,2019-10-10,2019-11-08
MB1,34421,0.5003921985626221,0,19,2018-07-20,2018-08-07
MB1,34510,0.3765271306037903,0,30,2019-10-10,2019-11-08
MB1,34545,0.3497399389743805,0,30,2019-10-04,2019-11-02
MB1,34687,0.403462678194046,0,30,2019-09-20,2019-10-19
MB1,34700,0.350658655166626,0,30,2019-10-10,2019-11-08
MB1,34891,0.3758508265018463,0,30,2019-09-10,2019-11-08
MB1,35194,0.4076597988605499,0,30,2019-08-22,2019-10-20
MB1,35285,0.3989854156970978,0,30,2019-08-19,2019-10-17
MB1,35286,0.3650228679180145,0,30,2019-09-12,2019-10-11
MB1,35658,0.4183815121650696,0,30,2019-10-10,2019-11-08
MB1,35723,0.3677009046077728,0,30,2019-09-16,2019-10-15
MB1,35812,0.39888906478881836,0,30,2019-10-10,2019-11-08
MB1,35844,0.4381357431411743,0,30,2019-09-02,2019-10-01
MB1,35955,0.3422551155090332,0,30,2019-08-31,2019-11-08
MB1,36154,0.43104782700538635,0,30,2019-09-13,2019-10-12
MB1,36158,0.43104782700538635,0,30,2019-09-13,2019-10-12
MB1,36311,0.43633833527565,0,30,2019-09-01,2019-09-30
MB1,36498,0.4418482780456543,0,7,2019-08-29,2019-10-04
MB1,36517,0.8688791990280151,0,30,2019-09-25,2019-10-24
MB1,36698,0.35770052671432495,0,30,2019-09-03,2019-10-02
MB1,36751,0.7771567106246948,0,30,2019-10-10,2019-11-08
MB1,36777,0.8693622946739197,0,30,2019-10-10,2019-11-08
MB1,36833,0.3880144953727722,0,30,2019-10-10,2019-11-08
MB1,37028,0.7042783498764038,0,30,2019-09-09,2019-11-08
MB1,37270,0.492199182510376,0,30,2019-10-10,2019-11-08
MB1,37281,0.38601425290107727,0,30,2019-10-10,2019-11-08
MB1,37398,0.4049384891986847,0,30,2019-10-04,2019-11-02
MB1,37406,0.23782451450824738,0,30,2019-09-10,2019-11-08
MB1,37734,0.39036110043525696,0,30,2019-09-20,2019-10-19
MB1,37864,0.41377153992652893,0,30,2019-09-24,2019-10-23
MB1,38095,0.4250090718269348,1,30,2018-03-25,2018-05-23
MB1,38284,0.6873557567596436,0,30,2019-10-10,2019-11-08
MB1,38459,0.40106630325317383,0,30,2019-09-20,2019-10-19
MB1,38619,0.5029284358024597,0,19,2018-07-20,2018-08-07
MB1,38770,0.3679739534854889,0,30,2019-10-10,2019-11-08
MB1,38928,0.3555532991886139,0,30,2019-10-10,2019-11-08
MB1,38986,0.6125958561897278,0,30,2019-10-10,2019-11-08
MB1,39012,0.7490522861480713,0,30,2019-10-10,2019-11-08
MB1,39088,0.3669569492340088,0,30,2019-09-08,2019-10-07
MB1,39251,0.39503344893455505,0,30,2019-10-10,2019-11-08
MB1,39451,0.5442386865615845,0,30,2019-10-10,2019-11-08
MB1,39486,0.4434959590435028,0,30,2019-09-10,2019-11-08
MB1,39544,0.4035439193248749,0,30,2019-09-19,2019-10-18
MB1,39594,0.46259668469429016,0,30,2019-08-31,2019-09-29
MB1,39628,0.41026225686073303,0,30,2019-10-10,2019-11-08
MB1,39634,0.7574636340141296,0,30,2019-05-02,2019-07-17
MB1,39748,0.42154166102409363,0,30,2019-09-21,2019-10-20
MB1,39975,0.4444701671600342,0,30,2019-09-29,2019-10-28
MB1,40015,0.45723775029182434,0,30,2019-09-19,2019-10-18
MB1,40026,0.7497912645339966,0,30,2019-09-19,2019-10-18
MB1,40390,0.38585415482521057,0,30,2019-10-10,2019-11-08
MB1,40545,0.3470982611179352,0,30,2019-10-10,2019-11-08
MB1,40785,0.322336882352829,0,30,2019-09-19,2019-10-18
MB1,40969,0.3971373736858368,0,30,2019-09-18,2019-10-17
MB1,41107,0.4594327509403229,0,30,2019-10-10,2019-11-08
MB1,41349,0.39917057752609253,0,30,2019-09-19,2019-10-18
MB1,41477,0.4915805757045746,0,30,2019-06-05,2019-11-08
MB1,41725,0.47732648253440857,0,30,2019-08-20,2019-10-18
MB1,41802,0.33623579144477844,0,30,2019-09-18,2019-10-17
MB1,41919,0.42160966992378235,0,30,2019-09-21,2019-10-20
MB1,41942,0.3679739534854889,0,30,2019-10-10,2019-11-08
MB1,41983,0.39744845032691956,0,30,2019-10-10,2019-11-08
MB1,42365,0.3752863109111786,1,30,2018-07-20,2018-08-18
MB1,42458,0.42767852544784546,0,30,2019-10-10,2019-11-08
MB1,42545,0.35268479585647583,0,30,2019-10-10,2019-11-08
MB1,42623,0.39732304215431213,0,30,2019-10-10,2019-11-08
MB1,43085,0.4715350270271301,0,30,2019-10-10,2019-11-08
MB1,43122,0.43822798132896423,0,30,2019-08-21,2019-10-28
MB1,43237,0.45335495471954346,0,30,2019-09-16,2019-10-15
MB1,43248,0.3759000599384308,0,30,2019-10-10,2019-11-08
MB1,43353,0.35663291811943054,0,30,2019-10-10,2019-11-08
MB1,43468,0.39912739396095276,0,30,2019-09-19,2019-10-18
MB1,43482,0.5427340865135193,0,30,2019-02-03,2019-05-20
MB1,43539,0.39696311950683594,0,30,2019-10-10,2019-11-08
MB1,43577,0.7424471378326416,0,30,2019-04-29,2019-05-28
MB1,43689,0.3474307060241699,0,30,2019-09-23,2019-10-22
MB1,43954,0.45127108693122864,0,30,2019-09-17,2019-10-16
MB1,43965,0.53493732213974,0,30,2019-10-10,2019-11-08
MB2,217,0.31988662481307983,1,30,2018-07-18,2018-11-08
MB2,361,0.3282161056995392,0,30,2019-08-08,2019-11-08
MB2,476,0.24354620277881622,0,30,2019-08-23,2019-10-26
MB2,482,0.24355047941207886,0,30,2019-08-23,2019-10-26
MB2,503,0.2862473428249359,0,30,2019-09-10,2019-11-08
MB2,523,0.3314797878265381,0,30,2019-10-10,2019-11-08
MB2,563,0.23754747211933136,0,30,2019-08-31,2019-10-29
MB2,1233,0.2873402237892151,0,30,2019-10-10,2019-11-08
MB2,1358,0.6276837587356567,0,30,2018-04-11,2019-11-08
MB2,1413,0.2547149658203125,0,30,2019-09-27,2019-10-26
MB2,1501,0.6456533074378967,1,30,2019-03-20,2019-04-18
MB2,1980,0.29726889729499817,0,30,2019-08-30,2019-11-02
MB2,2240,0.2757282853126526,0,30,2019-10-10,2019-11-08
MB2,2529,0.2851770520210266,0,30,2019-08-21,2019-10-19
MB2,2585,0.2677290439605713,0,30,2019-10-10,2019-11-08
MB2,2745,0.4446954131126404,0,30,2019-06-09,2019-10-08
MB2,2771,0.25018930435180664,0,30,2019-09-19,2019-10-18
MB2,3063,0.2760653495788574,0,30,2019-09-16,2019-10-15
MB2,3100,0.2866244912147522,0,30,2019-10-10,2019-11-08
MB2,3141,0.2470853179693222,0,30,2019-09-15,2019-10-14
MB2,3179,0.28157171607017517,0,30,2019-10-10,2019-11-08
MB2,3528,0.2712275981903076,0,30,2019-10-10,2019-11-08
MB2,3565,0.4627797305583954,0,30,2019-10-10,2019-11-08
MB2,3592,0.2701267600059509,0,30,2019-10-10,2019-11-08
MB2,3608,0.41042935848236084,0,30,2018-03-20,2018-04-18
MB2,3647,0.3297463357448578,0,30,2019-10-10,2019-11-08
MB2,3656,0.7477630972862244,0,30,2019-09-11,2019-10-10
MB2,3663,0.7562880516052246,0,30,2019-09-11,2019-10-10
MB2,3674,0.28704050183296204,0,30,2019-10-10,2019-11-08
MB2,4025,0.2629113793373108,0,30,2019-10-10,2019-11-08
MB2,4115,0.7536881566047668,0,30,2019-09-09,2019-11-08
MB2,4138,0.24273255467414856,0,30,2019-09-16,2019-10-15
MB2,4177,0.24288833141326904,0,30,2019-10-10,2019-11-08
MB2,4235,0.42497822642326355,0,30,2019-09-30,2019-10-29
MB2,4424,0.273580938577652,0,30,2019-09-27,2019-10-26
MB2,4514,0.35982805490493774,0,30,2019-10-10,2019-11-08
MB2,4554,0.3298759460449219,0,30,2019-10-10,2019-11-08
MB2,4624,0.24588514864444733,0,30,2019-10-10,2019-11-08
MB2,4704,0.3369041979312897,0,30,2019-10-10,2019-11-08
MB2,4792,0.36999067664146423,0,30,2019-09-20,2019-10-19
MB2,4950,0.2918432950973511,0,30,2019-10-04,2019-11-02
MB2,5088,0.3059080243110657,0,30,2019-10-10,2019-11-08
MB2,5252,0.2520459294319153,0,30,2019-09-25,2019-10-24
MB2,5442,0.5537351965904236,0,30,2019-10-10,2019-11-08
MB2,5884,0.2884717583656311,0,30,2019-08-27,2019-09-25
MB2,6096,0.27806463837623596,0,30,2019-10-10,2019-11-08
MB2,6226,0.31369370222091675,0,30,2019-08-21,2019-10-19
MB2,6298,0.24272780120372772,0,30,2019-08-11,2019-11-08
MB2,6425,0.33593815565109253,0,30,2019-09-04,2019-11-08
MB2,6561,0.4081830680370331,0,30,2019-10-10,2019-11-08
MB2,6730,0.29534053802490234,0,30,2019-10-10,2019-11-08
MB2,7003,0.3188967704772949,0,30,2019-10-04,2019-11-02
MB2,7363,0.2540033161640167,0,30,2019-08-23,2019-10-21
MB2,7476,0.34473076462745667,0,30,2019-06-11,2019-09-05
MB2,7514,0.23249122500419617,0,30,2019-10-10,2019-11-08
MB2,7556,0.23951533436775208,0,30,2019-09-19,2019-10-18
MB2,7597,0.29421958327293396,0,30,2019-10-10,2019-11-08
MB2,7600,0.26957592368125916,0,30,2019-10-10,2019-11-08
MB2,7625,0.3317233920097351,0,30,2019-09-10,2019-11-08
MB2,7687,0.3167322874069214,0,30,2019-10-10,2019-11-08
MB2,7693,0.2641429901123047,0,30,2019-09-10,2019-11-08
MB2,7768,0.3172627389431,0,30,2019-10-10,2019-11-08
MB2,7968,0.34142938256263733,0,30,2019-09-01,2019-09-30
MB2,8023,0.33200356364250183,0,30,2019-09-16,2019-10-15
MB2,8048,0.2808965742588043,0,30,2019-10-10,2019-11-08
MB2,8078,0.3591826260089874,0,30,2019-09-10,2019-11-08
MB2,8171,0.2776678800582886,0,30,2019-09-19,2019-10-18
MB2,8209,0.5489145517349243,0,30,2019-01-22,2019-02-20
MB2,8332,0.2949140965938568,0,30,2019-10-10,2019-11-08
MB2,8653,0.2782818377017975,0,30,2019-10-02,2019-10-31
MB2,8701,0.45604759454727173,0,30,2018-07-06,2018-09-09
MB2,8734,0.598131537437439,0,30,2018-03-10,2018-04-08
MB2,8934,0.23894385993480682,0,30,2019-09-16,2019-10-15
MB2,8937,0.23894385993480682,0,30,2019-09-16,2019-10-15
MB2,8948,0.2568373382091522,0,30,2019-10-10,2019-11-08
MB2,8993,0.3121691942214966,0,30,2019-08-21,2019-11-08
MB2,9000,0.3121691942214966,0,30,2019-08-21,2019-11-08
MB2,9078,0.7660653591156006,0,30,2019-10-10,2019-11-08
MB2,9144,0.2591908872127533,0,30,2019-10-02,2019-10-31
MB2,9283,0.26889559626579285,1,30,2019-01-20,2019-02-18
MB2,9332,0.30278199911117554,0,30,2019-09-16,2019-10-15
MB2,9519,0.5177068710327148,0,30,2019-07-15,2019-11-08
MB2,9989,0.24437685310840607,0,30,2019-08-30,2019-09-28
MB2,10119,0.627747654914856,0,30,2018-09-02,2018-10-01
MB2,10230,0.2662760615348816,0,30,2018-07-08,2018-09-09
MB2,10312,0.4084831476211548,0,30,2019-10-10,2019-11-08
MB2,10318,0.31584879755973816,0,30,2019-09-11,2019-10-10
MB2,10819,0.3172627389431,0,30,2019-10-10,2019-11-08
MB2,10960,0.4506722092628479,0,30,2019-08-24,2019-09-22
MB2,11046,0.2588581144809723,0,30,2019-09-19,2019-10-18
MB2,11190,0.7066994309425354,0,30,2018-06-29,2018-09-09
MB2,11196,0.723276674747467,0,30,2018-06-29,2018-09-09
MB2,11283,0.2862473428249359,0,30,2019-10-10,2019-11-08
MB2,11326,0.23906327784061432,0,30,2019-10-10,2019-11-08
MB2,11401,0.24643217027187347,0,30,2019-09-16,2019-10-15
MB2,11407,0.3068446218967438,0,30,2019-10-10,2019-11-08
MB2,11408,0.6554432511329651,0,30,2019-10-03,2019-11-01
MB2,11617,0.4121469259262085,0,30,2019-08-11,2019-11-08
MB2,11777,0.4029493033885956,0,30,2019-10-10,2019-11-08
MB2,11868,0.26535719633102417,0,30,2019-10-10,2019-11-08
MB2,11897,0.28939706087112427,0,30,2019-08-25,2019-09-23
MB2,12023,0.34000712633132935,0,30,2019-10-10,2019-11-08
MB2,12045,0.2904607355594635,0,30,2019-09-16,2019-10-15
MB2,12271,0.32529768347740173,0,30,2019-10-10,2019-11-08
MB2,12295,0.2882586717605591,0,30,2019-10-10,2019-11-08
MB2,12310,0.26772934198379517,0,30,2019-10-10,2019-11-08
MB2,12379,0.2424270212650299,0,30,2019-09-16,2019-10-15
MB2,12443,0.2348390817642212,0,30,2019-10-10,2019-11-08
MB2,12483,0.2609380781650543,0,30,2019-08-21,2019-11-08
MB2,12710,0.30372101068496704,0,30,2019-08-11,2019-11-08
MB2,13068,0.3317672610282898,0,30,2019-10-10,2019-11-08
MB2,13088,0.32254964113235474,0,30,2019-09-30,2019-10-29
MB2,13097,0.24325387179851532,0,30,2019-10-10,2019-11-08
MB2,13225,0.24889875948429108,0,30,2019-09-19,2019-10-18
MB2,13356,0.3148108422756195,0,30,2019-09-13,2019-10-12
MB2,13400,0.2467418760061264,0,30,2019-09-10,2019-11-08
MB2,13461,0.34400779008865356,0,30,2019-08-20,2019-09-18
MB2,13515,0.2932300567626953,0,30,2019-10-10,2019-11-08
MB2,13562,0.25216206908226013,0,30,2019-09-19,2019-10-18
MB2,13571,0.25216206908226013,0,30,2019-09-19,2019-10-18
MB2,13755,0.3186056315898895,0,30,2019-09-16,2019-10-15
MB2,13760,0.3186056315898895,0,30,2019-09-16,2019-10-15
MB2,13762,0.31860315799713135,0,30,2019-09-16,2019-10-15
MB2,13847,0.3342490792274475,0,30,2019-10-10,2019-11-08
MB2,13899,0.2803589701652527,0,30,2019-09-19,2019-10-18
MB2,13919,0.44072842597961426,0,30,2019-10-10,2019-11-08
MB2,13920,0.5775937438011169,0,30,2018-12-23,2019-02-20
MB2,14152,0.3496594727039337,0,30,2019-08-22,2019-09-20
MB2,14155,0.3496594727039337,0,30,2019-08-22,2019-09-20
MB2,14162,0.35817262530326843,0,30,2019-10-10,2019-11-08
MB2,14274,0.2788090109825134,0,30,2019-09-29,2019-10-28
MB2,14352,0.31942424178123474,0,30,2019-08-23,2019-10-21
MB2,14700,0.7774975895881653,0,30,2019-10-10,2019-11-08
MB2,14795,0.4474078416824341,0,30,2019-10-10,2019-11-08
MB2,14806,0.28063058853149414,0,30,2019-10-10,2019-11-08
MB2,15025,0.31147411465644836,0,30,2019-09-17,2019-10-16
MB2,15335,0.33396580815315247,0,30,2018-02-28,2018-07-26
MB2,15343,0.5401642918586731,0,30,2018-02-28,2018-07-26
MB2,15449,0.28695428371429443,0,30,2019-08-30,2019-09-28
MB2,15696,0.28659680485725403,0,30,2019-09-16,2019-10-15
MB2,15741,0.28411009907722473,0,30,2019-10-10,2019-11-08
MB2,15879,0.3376876413822174,0,30,2019-10-10,2019-11-08
MB2,16139,0.23776525259017944,0,30,2019-09-15,2019-10-14
MB2,16160,0.2526404857635498,0,30,2019-09-15,2019-10-14
MB2,16234,0.23926906287670135,0,30,2019-10-10,2019-11-08
MB2,16326,0.3498024046421051,0,30,2019-10-10,2019-11-08
MB2,16335,0.38639557361602783,0,30,2019-10-10,2019-11-08
MB2,16369,0.33356717228889465,0,30,2019-10-10,2019-11-08
MB2,16613,0.24588949978351593,0,30,2019-09-22,2019-10-21
MB2,16741,0.4803094267845154,0,30,2019-09-05,2019-11-08
MB2,16817,0.3666914105415344,0,30,2019-10-10,2019-11-08
MB2,17288,0.409479558467865,0,30,2019-01-08,2019-02-06
MB2,17492,0.3335510790348053,0,30,2019-10-10,2019-11-08
MB2,17675,0.3070383667945862,0,30,2019-10-10,2019-11-08
MB2,17741,0.24782635271549225,0,30,2019-08-09,2019-10-31
MB2,17786,0.2428930252790451,0,30,2019-10-10,2019-11-08
MB2,17980,0.33800995349884033,0,30,2019-09-09,2019-10-08
MB2,18035,0.4779166877269745,0,28,2018-06-29,2018-07-26
MB2,18077,0.24094444513320923,0,30,2019-09-28,2019-10-27
MB2,18168,0.2640180289745331,0,30,2019-10-10,2019-11-08
MB2,18325,0.3594176471233368,0,30,2019-10-10,2019-11-08
MB2,18399,0.30457714200019836,0,30,2019-10-10,2019-11-08
MB2,18562,0.6054967045783997,0,30,2018-04-11,2019-11-08
MB2,18788,0.2388014793395996,0,30,2019-10-05,2019-11-03
MB2,18829,0.2467418760061264,0,30,2019-10-10,2019-11-08
MB2,18898,0.3104938566684723,0,30,2019-09-02,2019-10-31
MB2,19009,0.26768893003463745,0,30,2019-10-10,2019-11-08
MB2,19113,0.28383970260620117,0,30,2019-09-10,2019-11-08
MB2,19189,0.2937254011631012,0,30,2019-09-19,2019-10-18
MB2,19227,0.23643532395362854,0,30,2019-09-10,2019-11-08
MB2,19345,0.2461903691291809,0,30,2019-09-29,2019-10-28
MB2,19348,0.2461903691291809,0,30,2019-09-29,2019-10-28
MB2,19372,0.3645813465118408,0,30,2019-10-10,2019-11-08
MB2,19405,0.2962135076522827,0,30,2019-09-10,2019-11-08
MB2,19552,0.2635219097137451,0,30,2019-10-10,2019-11-08
MB2,19720,0.28659680485725403,0,30,2019-09-16,2019-10-15
MB2,19901,0.2794404923915863,0,30,2019-10-10,2019-11-08
MB2,20092,0.25657692551612854,0,30,2019-10-10,2019-11-08
MB2,20157,0.25028184056282043,0,30,2019-09-19,2019-10-18
MB2,20463,0.2892639636993408,0,30,2019-10-02,2019-10-31
MB2,20568,0.40237146615982056,0,30,2018-03-20,2018-04-18
MB2,20835,0.32681170105934143,0,30,2019-10-10,2019-11-08
MB2,21328,0.278211385011673,0,30,2019-10-10,2019-11-08
MB2,21459,0.23875877261161804,0,30,2019-09-10,2019-11-08
MB2,21472,0.4081830680370331,0,30,2019-10-10,2019-11-08
MB2,21512,0.2443622499704361,0,30,2019-10-10,2019-11-08
MB2,21534,0.3314797878265381,0,30,2019-10-10,2019-11-08
MB2,21540,0.38161468505859375,0,30,2019-10-10,2019-11-08
MB2,21673,0.35902318358421326,0,30,2019-09-26,2019-10-25
MB2,21693,0.33343884348869324,0,30,2019-10-10,2019-11-08
MB2,21762,0.3182295858860016,0,30,2019-10-10,2019-11-08
MB2,21768,0.26558324694633484,0,30,2019-07-24,2019-10-21
MB2,21816,0.34528669714927673,0,30,2018-06-30,2018-09-09
MB2,22054,0.45239830017089844,0,30,2019-08-31,2019-10-30
MB2,22187,0.2579881250858307,0,30,2019-10-10,2019-11-08
MB2,22439,0.2856924533843994,0,30,2019-09-16,2019-10-15
MB2,22488,0.27836233377456665,0,30,2019-10-10,2019-11-08
MB2,22495,0.28013163805007935,0,30,2019-10-10,2019-11-08
MB2,22709,0.6669629812240601,0,30,2018-07-12,2018-09-09
MB2,22847,0.2862997055053711,0,30,2019-10-10,2019-11-08
MB2,23015,0.6164942979812622,0,30,2018-06-18,2018-07-17
MB2,23093,0.803678035736084,0,30,2018-08-11,2018-09-09
MB2,23217,0.43444064259529114,0,30,2019-09-09,2019-11-08
MB2,23292,0.3063332736492157,0,30,2019-10-10,2019-11-08
MB2,23418,0.26837581396102905,0,30,2019-09-10,2019-11-08
MB2,23524,0.4266883134841919,0,30,2019-10-10,2019-11-08
MB2,23570,0.2785201072692871,0,30,2019-09-28,2019-10-27
MB2,23766,0.2925165593624115,0,30,2019-10-10,2019-11-08
MB2,23880,0.9447686076164246,0,30,2019-09-19,2019-10-18
MB2,24021,0.3431400656700134,0,30,2019-08-31,2019-11-08
MB2,24137,0.5604678392410278,0,30,2019-09-26,2019-10-25
MB2,24373,0.30655884742736816,0,30,2019-10-10,2019-11-08
MB2,24506,0.7798486948013306,0,30,2019-10-02,2019-10-31
MB2,24528,0.2836633324623108,0,30,2019-08-30,2019-09-28
MB2,24956,0.31023508310317993,0,30,2019-09-20,2019-10-19
MB2,25011,0.27784106135368347,0,30,2019-10-10,2019-11-08
MB2,25175,0.28182101249694824,0,30,2019-10-10,2019-11-08
MB2,25358,0.32786595821380615,0,30,2019-10-10,2019-11-08
MB2,25399,0.24038274586200714,0,30,2019-10-10,2019-11-08
MB2,25618,0.3310219645500183,0,30,2019-10-08,2019-11-06
MB2,25716,0.5576241612434387,0,30,2019-10-10,2019-11-08
MB2,25718,0.2734798491001129,0,30,2019-10-10,2019-11-08
MB2,25989,0.2492239773273468,0,30,2019-09-19,2019-10-18
MB2,25997,0.2492239773273468,0,30,2019-09-19,2019-10-18
MB2,26135,0.26824653148651123,0,30,2019-10-10,2019-11-08
MB2,26247,0.28307434916496277,0,30,2019-10-05,2019-11-03
MB2,26441,0.3060453534126282,0,30,2019-09-10,2019-11-08
MB2,26497,0.27569580078125,0,30,2019-09-19,2019-10-18
MB2,26508,0.7234710454940796,0,30,2018-07-12,2018-09-09
MB2,26980,0.24044959247112274,0,30,2019-10-10,2019-11-08
MB2,27201,0.6096360087394714,0,30,2019-10-10,2019-11-08
MB2,27400,0.316557914018631,0,30,2019-06-11,2019-11-08
MB2,27620,0.2679760754108429,0,30,2019-10-02,2019-10-31
MB2,27810,0.28005632758140564,0,30,2019-09-19,2019-10-18
MB2,27876,0.25853946805000305,0,30,2019-08-25,2019-09-23
MB2,27936,0.3097939193248749,0,30,2019-10-10,2019-11-08
MB2,27939,0.5584070682525635,0,30,2019-08-24,2019-09-22
MB2,28115,0.2843787968158722,0,30,2019-09-09,2019-11-08
MB2,28204,0.6687186360359192,0,30,2019-10-10,2019-11-08
MB2,28219,0.23893918097019196,0,30,2019-09-16,2019-10-15
MB2,28542,0.23498670756816864,0,30,2019-10-10,2019-11-08
MB2,28578,0.3450145125389099,0,30,2019-09-17,2019-10-16
MB2,28717,0.5011187195777893,1,30,2019-07-24,2019-08-22
MB2,28926,0.28788450360298157,0,30,2019-04-06,2019-05-05
MB2,28964,0.32524368166923523,0,30,2019-10-10,2019-11-08
MB2,29002,0.23506978154182434,0,30,2019-10-10,2019-11-08
MB2,29256,0.28052201867103577,0,30,2019-08-20,2019-09-18
MB2,29289,0.3185441493988037,0,30,2019-09-10,2019-11-08
MB2,29518,0.2981804609298706,0,30,2019-08-26,2019-09-24
MB2,29732,0.2663893401622772,0,30,2019-09-10,2019-11-08
MB2,29908,0.4468904435634613,0,30,2019-06-02,2019-11-08
MB2,30003,0.4971087574958801,0,30,2019-08-24,2019-10-22
MB2,30192,0.29373103380203247,0,30,2019-10-10,2019-11-08
MB2,30373,0.2680746912956238,0,30,2019-09-14,2019-10-13
MB2,30393,0.33146238327026367,0,30,2019-10-10,2019-11-08
MB2,30597,0.738867998123169,0,30,2019-10-10,2019-11-08
MB2,30805,0.8449653387069702,0,30,2019-09-09,2019-11-08
MB2,30811,0.2929498851299286,0,30,2019-08-25,2019-09-23
MB2,30831,0.27018970251083374,0,30,2019-04-14,2019-06-12
MB2,31017,0.2708177864551544,0,30,2019-09-10,2019-11-08
MB2,31042,0.29270052909851074,0,30,2019-10-10,2019-11-08
MB2,31207,0.2815665900707245,0,30,2019-08-05,2019-11-08
MB2,31217,0.2815665900707245,0,30,2019-08-05,2019-11-08
MB2,31296,0.23563069105148315,0,30,2019-10-06,2019-11-04
MB2,31297,0.23563069105148315,0,30,2019-10-06,2019-11-04
MB2,31305,0.2628977596759796,0,30,2019-10-10,2019-11-08
MB2,31336,0.33802613615989685,0,30,2019-09-20,2019-10-19
MB2,31470,0.6786116361618042,0,30,2019-08-24,2019-10-22
MB2,31486,0.27054649591445923,0,30,2019-10-10,2019-11-08
MB2,31650,0.23959630727767944,0,30,2019-10-10,2019-11-08
MB2,31775,0.3182865381240845,0,30,2019-10-10,2019-11-08
MB2,31856,0.2646036446094513,0,30,2019-09-28,2019-10-27
MB2,31883,0.2472458928823471,0,30,2019-10-10,2019-11-08
MB2,31986,0.24297328293323517,0,30,2019-10-10,2019-11-08
MB2,32027,0.2641483545303345,0,30,2019-09-10,2019-11-08
MB2,32047,0.2579035758972168,0,30,2019-10-10,2019-11-08
MB2,32480,0.3326643109321594,0,30,2019-08-26,2019-09-24
MB2,32613,0.34641656279563904,0,30,2019-10-08,2019-11-06
MB2,32911,0.3409044146537781,0,30,2019-09-24,2019-10-23
MB2,33198,0.2591874599456787,0,30,2019-07-31,2019-10-16
MB2,33273,0.38608992099761963,0,30,2019-07-31,2019-08-29
MB2,33289,0.5727435350418091,0,30,2019-10-10,2019-11-08
MB2,33351,0.488260418176651,0,30,2019-10-10,2019-11-08
MB2,33390,0.7941421866416931,0,30,2018-12-27,2019-01-25
MB2,33518,0.2683708667755127,0,30,2019-09-02,2019-11-08
MB2,33568,0.24439272284507751,0,30,2019-09-02,2019-10-01
MB2,33633,0.3247714340686798,0,30,2019-10-04,2019-11-02
MB2,33833,0.2665511667728424,0,30,2019-09-10,2019-11-08
MB2,33906,0.2774084210395813,0,30,2019-09-29,2019-10-28
MB2,34117,0.257466197013855,0,30,2019-09-03,2019-10-02
MB2,34275,0.36664122343063354,0,30,2019-10-10,2019-11-08
MB2,34287,0.5031135082244873,0,30,2019-04-16,2019-05-15
MB2,34306,0.3498362898826599,0,30,2019-10-10,2019-11-08
MB2,34338,0.5221030116081238,0,30,2019-10-02,2019-10-31
MB2,34408,0.26824256777763367,0,30,2019-10-10,2019-11-08
MB2,34521,0.2458880990743637,0,30,2019-10-10,2019-11-08
MB2,34671,0.2598224878311157,0,30,2019-10-10,2019-11-08
MB2,34941,0.23905858397483826,0,30,2019-10-10,2019-11-08
MB2,35257,0.34255456924438477,0,30,2019-10-10,2019-11-08
MB2,35299,0.2878800928592682,0,30,2019-07-14,2019-11-08
MB2,35314,0.31044062972068787,0,30,2019-10-10,2019-11-08
MB2,35374,0.2762666344642639,0,30,2019-10-10,2019-11-08
MB2,35745,0.2830165922641754,0,30,2019-10-10,2019-11-08
MB2,35773,0.2921462953090668,0,30,2019-10-10,2019-11-08
MB2,35782,0.11510910093784332,0,30,2019-10-10,2019-11-08
MB2,36017,0.29105687141418457,0,30,2019-09-16,2019-10-15
MB2,36039,0.2947830259799957,0,30,2019-10-10,2019-11-08
MB2,36069,0.2683708667755127,0,30,2019-09-10,2019-11-08
MB2,36070,0.2683708667755127,0,30,2019-09-10,2019-11-08
MB2,36776,0.3614901900291443,1,30,2018-04-01,2018-05-30
MB2,37024,0.3923456072807312,0,8,2018-02-01,2018-02-08
MB2,37206,0.2040708214044571,0,30,2019-09-16,2019-10-15
MB2,37211,0.25147584080696106,0,30,2019-09-19,2019-10-18
MB2,37313,0.26170480251312256,0,30,2019-10-10,2019-11-08
MB2,37434,0.2810766100883484,0,30,2019-10-10,2019-11-08
MB2,37523,0.2944158911705017,0,30,2019-09-10,2019-10-09
MB2,37652,0.33717840909957886,0,30,2019-10-10,2019-11-08
MB2,37738,0.28734543919563293,0,30,2019-10-10,2019-11-08
MB2,38001,0.2473432868719101,0,30,2019-09-07,2019-10-06
MB2,38048,0.32393836975097656,0,30,2019-09-24,2019-10-23
MB2,38050,0.2736445367336273,0,16,2018-05-19,2019-09-14
MB2,38174,0.2838188409805298,0,30,2019-10-10,2019-11-08
MB2,38240,0.3492526113986969,0,30,2019-10-07,2019-11-05
MB2,38329,0.2650652527809143,0,30,2019-09-09,2019-11-07
MB2,38577,0.3259185254573822,0,30,2019-10-10,2019-11-08
MB2,38617,0.25952595472335815,0,30,2019-09-14,2019-10-13
MB2,38772,0.3215686082839966,0,30,2019-10-10,2019-11-08
MB2,38817,0.3364620506763458,0,30,2019-10-10,2019-11-08
MB2,38861,0.34070417284965515,0,30,2019-10-10,2019-11-08
MB2,38906,0.2633371353149414,0,30,2019-09-30,2019-10-29
MB2,39148,0.307957261800766,0,30,2019-10-10,2019-11-08
MB2,39168,0.3320821523666382,0,30,2019-10-10,2019-11-08
MB2,39202,0.3210539221763611,0,30,2019-10-10,2019-11-08
MB2,39433,0.2856924533843994,0,30,2019-09-16,2019-10-15
MB2,39457,0.30518120527267456,0,30,2019-08-19,2019-10-26
MB2,39508,0.27504655718803406,0,30,2019-08-16,2019-10-14
MB2,39512,0.27202802896499634,0,30,2019-10-10,2019-11-08
MB2,39520,0.2820700705051422,0,30,2019-10-08,2019-11-06
MB2,39679,0.7076711058616638,0,30,2019-09-19,2019-10-18
MB2,39742,0.2797289192676544,0,30,2019-10-10,2019-11-08
MB2,39907,0.2905240058898926,0,30,2019-09-16,2019-10-15
MB2,39978,0.315048485994339,0,30,2019-10-10,2019-11-08
MB2,40186,0.25295981764793396,0,30,2019-09-19,2019-10-18
MB2,40389,0.3533925712108612,0,30,2019-10-10,2019-11-08
MB2,40467,0.2869022786617279,0,30,2019-10-10,2019-11-08
MB2,40490,0.28625261783599854,0,30,2019-10-10,2019-11-08
MB2,40522,0.5564365983009338,0,30,2019-09-10,2019-11-08
MB2,40805,0.33718520402908325,0,30,2018-12-30,2019-01-28
MB2,40808,0.3088766634464264,0,30,2019-10-10,2019-11-08
MB2,40814,0.24631936848163605,0,30,2019-09-10,2019-11-08
MB2,40939,0.6672965884208679,0,30,2018-07-11,2018-09-09
MB2,40945,0.26076337695121765,0,30,2019-03-19,2019-07-15
MB2,41159,0.8084988594055176,0,30,2019-09-04,2019-11-02
MB2,41208,0.27528631687164307,0,30,2019-10-10,2019-11-08
MB2,41334,0.2494705766439438,0,30,2019-09-19,2019-10-18
MB2,41341,0.2494705766439438,0,30,2019-09-19,2019-10-18
MB2,41404,0.24349439144134521,0,30,2019-09-19,2019-10-18
MB2,41540,0.675082802772522,0,30,2018-10-31,2019-01-01
MB2,41603,0.33834829926490784,0,30,2019-10-10,2019-11-08
MB2,41615,0.2840029299259186,0,30,2019-10-02,2019-10-31
MB2,41731,0.2894901931285858,0,30,2019-10-10,2019-11-08
MB2,41738,0.2894901931285858,0,30,2019-10-10,2019-11-08
MB2,41930,0.28663498163223267,0,30,2019-10-10,2019-11-08
MB2,42036,0.2516860365867615,0,30,2019-10-10,2019-11-08
MB2,42108,0.37371110916137695,0,30,2019-08-18,2019-10-16
MB2,42116,0.3067336082458496,0,30,2019-10-10,2019-11-08
MB2,42224,0.33675214648246765,0,30,2019-10-10,2019-11-08
MB2,42250,0.3147512674331665,0,30,2019-09-20,2019-10-19
MB2,42458,0.24037307500839233,0,30,2019-10-10,2019-11-08
MB2,42491,0.33264225721359253,0,30,2019-09-23,2019-10-22
MB2,42524,0.4664611518383026,0,30,2019-09-19,2019-10-18
MB2,42782,0.2443038374185562,0,30,2019-09-24,2019-10-23
MB2,42794,0.47768568992614746,0,30,2019-09-09,2019-11-08
MB2,42955,0.3016100227832794,0,30,2019-09-04,2019-11-02
MB2,42959,0.3016100227832794,0,30,2019-09-04,2019-11-02
MB2,43083,0.3052411377429962,0,30,2019-10-10,2019-11-08
MB2,43143,0.7089725732803345,0,30,2019-10-10,2019-11-08
MB2,43483,0.2780272364616394,0,30,2019-09-14,2019-10-13
MB2,43537,0.26437413692474365,0,30,2019-10-07,2019-11-05
MB2,43898,0.25020885467529297,0,30,2019-09-12,2019-10-11
MB2,43907,0.7112381458282471,0,30,2019-03-01,2019-11-08
MB2,44079,0.29492703080177307,0,30,2019-10-10,2019-11-08
MB2,44127,0.3269897699356079,0,30,2018-08-11,2018-09-09
MB2,44202,0.31978121399879456,0,30,2019-10-10,2019-11-08
MB2,44272,0.28557300567626953,0,30,2019-09-19,2019-10-18
MB2,44287,0.24616274237632751,0,30,2019-09-12,2019-10-11
MB2,44495,0.3190734088420868,0,30,2019-09-10,2019-11-08
MB2,44739,0.24033606052398682,0,30,2019-09-10,2019-11-08
MB2,44899,0.3359702229499817,0,30,2019-09-18,2019-10-17
MB2,44970,0.2848617434501648,0,30,2019-10-01,2019-10-30
MB2,44971,0.2848617434501648,0,30,2019-10-01,2019-10-30
MB2,45023,0.4098580777645111,0,30,2018-03-19,2018-04-17
MB2,45175,0.2614595890045166,0,30,2019-09-26,2019-10-25
MB2,45676,0.29105156660079956,0,30,2019-09-16,2019-10-15
MB2,45896,0.23891274631023407,0,30,2019-10-10,2019-11-08
MB2,46165,0.7759137153625488,0,30,2019-09-23,2019-10-22
MB2,46191,0.32751569151878357,0,30,2019-10-10,2019-11-08
MB2,46359,0.4079347252845764,0,30,2019-09-23,2019-10-22
MB2,46457,0.3264375925064087,0,30,2019-10-10,2019-11-08
MB2,46475,0.38301488757133484,0,30,2018-07-12,2018-09-09
MB2,46624,0.35208025574684143,0,30,2019-10-10,2019-11-08
MB2,46750,0.32681170105934143,0,30,2019-10-10,2019-11-08
MB2,46824,0.5764250755310059,0,30,2019-09-18,2019-10-17
MB2,46871,0.26732486486434937,0,30,2019-10-10,2019-11-08
MB2,46942,0.43867233395576477,0,30,2019-09-09,2019-11-08
MB2,46985,0.28502294421195984,0,30,2019-10-10,2019-11-08
MB2,47026,0.27858003973960876,0,30,2019-09-10,2019-11-08
MB2,47034,0.3220186233520508,0,30,2019-10-05,2019-11-03
MB2,47043,0.24689914286136627,0,30,2019-10-10,2019-11-08
MB2,47154,0.31416016817092896,0,30,2019-10-10,2019-11-08
MB2,47499,0.31176960468292236,0,30,2019-09-04,2019-11-08
MB2,47597,0.2685403823852539,0,30,2019-10-10,2019-11-08
MB2,47719,0.34846922755241394,0,30,2019-10-10,2019-11-08
MB2,47756,0.3141634464263916,0,30,2019-09-19,2019-10-18
MB2,47790,0.7732782959938049,0,30,2019-10-10,2019-11-08
MB2,47840,0.25030824542045593,0,30,2019-08-25,2019-09-23
MB2,48197,0.27802276611328125,0,30,2019-10-10,2019-11-08
MB2,48334,0.2888541519641876,0,30,2019-10-10,2019-11-08
MB2,48484,0.3222615420818329,0,30,2019-10-10,2019-11-08
MB2,48512,0.45731377601623535,0,30,2019-01-21,2019-02-19
MB2,48585,0.3016936779022217,0,30,2019-10-10,2019-11-08
MB2,48728,0.4161777198314667,0,30,2019-09-08,2019-10-07
MB2,48786,0.25419241189956665,0,30,2019-10-10,2019-11-08
MB2,49072,0.49398696422576904,0,30,2019-08-29,2019-09-27
MB2,49118,0.6915844678878784,0,30,2019-09-23,2019-10-22
MC1,7,0.6379445195198059,0,30,2019-09-10,2019-11-08
MC1,15,0.6422338485717773,0,30,2019-09-19,2019-10-18
MC1,61,0.4219457805156708,0,30,2019-08-16,2019-09-14
MC1,161,0.8491197824478149,0,30,2019-10-10,2019-11-08
MC1,164,0.9161455631256104,0,30,2019-10-10,2019-11-08
MC1,223,0.816520631313324,0,30,2019-10-03,2019-11-01
MC1,407,0.8307923078536987,0,30,2019-09-17,2019-10-16
MC1,431,0.8373417854309082,0,30,2019-10-10,2019-11-08
MC1,452,0.464450865983963,0,30,2019-10-02,2019-10-31
MC1,565,0.4849715828895569,0,30,2019-09-04,2019-10-03
MC1,671,0.603736937046051,0,30,2019-10-10,2019-11-08
MC1,703,0.6192117929458618,0,30,2019-09-11,2019-10-10
MC1,731,0.7356606721878052,0,30,2019-10-10,2019-11-08
MC1,770,0.5782946348190308,0,30,2019-09-17,2019-10-16
MC1,890,0.4636266827583313,1,30,2019-05-21,2019-07-19
MC1,1084,0.37515532970428467,0,30,2019-10-10,2019-11-08
MC1,1155,0.5406634211540222,0,30,2019-09-20,2019-10-19
MC1,1230,0.40403085947036743,0,30,2019-09-18,2019-10-17
MC1,1271,0.5851039886474609,0,30,2019-05-14,2019-06-12
MC1,1306,0.4784996509552002,0,30,2019-09-10,2019-11-08
MC1,1406,0.4969789981842041,0,30,2019-10-10,2019-11-08
MC1,1465,0.6182835698127747,0,30,2019-10-10,2019-11-08
MC1,1492,0.9099916815757751,0,30,2019-10-10,2019-11-08
MC1,1510,0.6101216077804565,0,30,2019-09-10,2019-11-08
MC1,1637,0.9064974784851074,0,30,2019-09-09,2019-11-08
MC1,1854,0.733117938041687,0,30,2019-09-19,2019-10-18
MC1,2032,0.7863675355911255,0,30,2019-10-05,2019-11-03
MC1,2624,0.40014129877090454,0,30,2018-12-27,2019-01-25
MC1,2835,0.7986843585968018,0,30,2019-10-02,2019-10-31
MC1,2891,0.8484547138214111,0,30,2019-10-10,2019-11-08
MC1,2925,0.42633306980133057,0,30,2019-09-16,2019-10-15
MC1,2977,0.850381076335907,0,30,2019-09-21,2019-10-20
MC1,2990,0.7343457937240601,0,30,2019-09-10,2019-11-08
MC1,3188,0.41085052490234375,0,30,2019-05-05,2019-06-03
MC1,3300,0.41429802775382996,0,30,2019-10-10,2019-11-08
MC1,3341,0.8739895224571228,0,30,2019-05-14,2019-06-12
MC1,3510,0.64915531873703,0,30,2019-10-10,2019-11-08
MC1,3566,0.6838874220848083,0,30,2019-10-10,2019-11-08
MC1,3637,0.42602166533470154,0,30,2019-09-12,2019-10-11
MC1,3717,0.8540015816688538,0,30,2019-10-10,2019-11-08
MC1,3776,0.6482114195823669,0,30,2019-10-08,2019-11-06
MC1,3793,0.3777271807193756,0,30,2019-07-19,2019-08-17
MC1,3879,0.8434802889823914,0,30,2019-10-10,2019-11-08
MC1,3914,0.48592814803123474,0,30,2019-10-02,2019-10-31
MC1,4356,0.8290942907333374,1,30,2019-09-02,2019-10-01
MC1,4373,0.7874081134796143,0,30,2019-09-18,2019-10-17
MC1,4414,0.7573378086090088,0,30,2019-08-14,2019-09-12
MC1,4442,0.7705443501472473,0,30,2019-09-02,2019-11-08
MC1,4500,0.7629648447036743,0,30,2019-08-20,2019-09-18
MC1,4531,0.6389341950416565,0,30,2019-09-02,2019-11-08
MC1,4593,0.5054415464401245,0,30,2019-10-10,2019-11-08
MC1,4624,0.4236576557159424,0,30,2019-10-10,2019-11-08
MC1,4807,0.501382052898407,0,3,2018-07-24,2018-07-26
MC1,5154,0.4297473430633545,0,30,2019-10-10,2019-11-08
MC1,5386,0.7295362949371338,0,30,2019-10-10,2019-11-08
MC1,5396,0.7516719698905945,1,30,2019-05-03,2019-06-01
MC1,5551,0.4359138607978821,0,30,2019-10-10,2019-11-08
MC1,5968,0.5565806031227112,0,30,2019-09-17,2019-10-16
MC1,6124,0.7730842232704163,0,30,2019-09-13,2019-10-12
MC1,6222,0.39380455017089844,0,30,2019-10-10,2019-11-08
MC1,6242,0.49747365713119507,0,30,2019-09-16,2019-10-15
MC1,6472,0.722554624080658,0,30,2019-06-03,2019-11-08
MC1,6501,0.46580973267555237,0,30,2019-10-10,2019-11-08
MC1,6512,0.41244572401046753,0,30,2019-09-23,2019-10-22
MC1,6549,0.8098312020301819,0,30,2019-09-17,2019-10-16
MC1,6736,0.745294451713562,0,30,2019-08-18,2019-11-04
MC1,6789,0.39980363845825195,0,30,2019-09-20,2019-10-19
MC1,6801,0.7828174233436584,0,30,2019-04-30,2019-05-29
MC1,6802,0.6265863180160522,0,30,2019-08-09,2019-09-07
MC1,7112,0.4824904501438141,0,30,2019-10-10,2019-11-08
MC1,7209,0.5389177203178406,0,30,2019-10-10,2019-11-08
MC1,7246,0.7408962845802307,0,30,2019-10-10,2019-11-08
MC1,7251,0.5022013783454895,0,30,2019-10-10,2019-11-08
MC1,7298,0.44484180212020874,0,30,2019-10-10,2019-11-08
MC1,7425,0.6190565824508667,0,30,2019-09-19,2019-10-18
MC1,7447,0.5179956555366516,0,30,2019-09-10,2019-11-08
MC1,7498,0.7213550806045532,0,30,2019-10-10,2019-11-08
MC1,7689,0.40345287322998047,0,30,2019-10-10,2019-11-08
MC1,7715,0.6765908002853394,0,30,2019-09-18,2019-10-17
MC1,7800,0.9544416666030884,0,30,2019-09-16,2019-10-15
MC1,7937,0.8899660110473633,0,30,2019-10-10,2019-11-08
MC1,8242,0.3709258437156677,0,30,2018-12-29,2019-01-27
MC1,8394,0.6402885317802429,0,30,2019-10-10,2019-11-08
MC1,8613,0.7226272225379944,0,30,2019-10-10,2019-11-08
MC1,8765,0.9033669829368591,0,30,2019-10-10,2019-11-08
MC1,8923,0.6417748332023621,0,30,2019-10-10,2019-11-08
MC1,9081,0.4519543945789337,0,30,2019-09-10,2019-11-08
MC1,9151,0.726104736328125,0,30,2019-09-19,2019-10-18
MC1,9296,0.5648205280303955,0,30,2019-09-12,2019-10-11
MC1,9385,0.8360888361930847,0,30,2019-10-10,2019-11-08
MC1,9404,0.544091522693634,0,30,2019-10-10,2019-11-08
MC1,9408,0.693489134311676,0,30,2019-10-10,2019-11-08
MC1,9472,0.7843038439750671,0,30,2019-09-17,2019-10-16
MC1,9583,0.6313456892967224,0,30,2019-10-10,2019-11-08
MC1,9612,0.3984634280204773,0,30,2019-10-10,2019-11-08
MC1,9628,0.6439158320426941,0,30,2019-09-10,2019-11-08
MC1,9654,0.7936816811561584,0,30,2019-09-10,2019-10-09
MC1,10033,0.8163328170776367,0,30,2019-10-10,2019-11-08
MC1,10141,0.6123389601707458,0,30,2019-10-10,2019-11-08
MC1,10271,0.5782533288002014,0,30,2019-09-17,2019-10-16
MC1,10333,0.6516323685646057,0,30,2019-10-10,2019-11-08
MC1,10385,0.39119088649749756,0,30,2019-08-29,2019-11-08
MC1,10596,0.591166079044342,0,30,2019-09-20,2019-10-19
MC1,10607,0.5416949391365051,0,30,2019-09-17,2019-10-16
MC1,10610,0.44299620389938354,0,30,2019-09-30,2019-10-29
MC1,10719,0.6220878958702087,0,30,2019-10-10,2019-11-08
MC1,10746,0.7914062142372131,0,30,2019-09-22,2019-10-21
MC1,10831,0.9134920239448547,0,30,2019-08-27,2019-10-29
MC1,11218,0.8843317031860352,0,30,2019-09-16,2019-10-15
MC1,11227,0.8843093514442444,0,30,2019-09-16,2019-10-15
MC1,11348,0.9670090079307556,0,30,2019-09-27,2019-10-26
MC1,11394,0.5796549320220947,0,30,2019-10-10,2019-11-08
MC1,11397,0.5244719982147217,0,30,2019-10-10,2019-11-08
MC1,11500,0.6341003179550171,1,30,2019-09-01,2019-09-30
MC1,11615,0.5851679444313049,0,30,2019-08-23,2019-09-21
MC1,11623,0.40463000535964966,0,30,2019-10-10,2019-11-08
MC1,11863,0.8599622249603271,0,30,2019-10-01,2019-10-30
MC1,11879,0.3822220265865326,0,30,2019-10-10,2019-11-08
MC1,11948,0.520267903804779,0,30,2019-10-10,2019-11-08
MC1,11968,0.7859742641448975,0,30,2019-10-10,2019-11-08
MC1,12022,0.7033702731132507,0,30,2019-05-18,2019-07-16
MC1,12045,0.7753064632415771,0,30,2019-10-10,2019-11-08
MC1,12120,0.7275636792182922,0,30,2019-10-10,2019-11-08
MC1,12610,0.8956409692764282,0,30,2019-09-09,2019-11-08
MC1,12779,0.8554549813270569,0,30,2019-10-10,2019-11-08
MC1,12988,0.8820596933364868,1,30,2019-09-19,2019-10-18
MC1,13015,0.49521422386169434,0,9,2018-09-09,2018-09-17
MC1,13138,0.8873398303985596,0,30,2019-09-27,2019-10-26
MC1,13139,0.8873354196548462,0,30,2019-09-27,2019-10-26
MC1,13174,0.7117640972137451,0,30,2019-03-12,2019-04-10
MC1,13400,0.6104379892349243,0,30,2019-10-10,2019-11-08
MC1,13584,0.4905531406402588,0,30,2019-08-12,2019-11-08
MC1,13670,0.3899059295654297,0,30,2019-09-16,2019-10-15
MC1,13730,0.8889325857162476,0,30,2019-09-09,2019-11-08
MC1,13773,0.7040014266967773,0,30,2019-09-10,2019-11-08
MC1,13915,0.8001397848129272,0,30,2019-10-10,2019-11-08
MC1,14238,0.4867241084575653,0,30,2019-09-17,2019-10-16
MC1,14311,0.9904040098190308,1,30,2018-05-18,2018-07-16
MC1,14326,0.623005747795105,0,30,2019-08-22,2019-11-08
MC1,14455,0.6439957618713379,0,30,2019-08-04,2019-11-01
MC1,14665,0.44342225790023804,0,30,2019-09-20,2019-10-19
MC1,14738,0.7686904072761536,0,30,2019-10-06,2019-11-04
MC1,14878,0.7721952795982361,0,30,2019-06-11,2019-08-09
MC1,14935,0.4556443691253662,0,30,2019-09-19,2019-10-18
MC1,15011,0.7307294607162476,0,30,2019-09-08,2019-10-07
MC1,15316,0.9110146164894104,0,30,2019-10-10,2019-11-08
MC1,15443,0.4391801655292511,0,30,2019-10-10,2019-11-08
MC1,15604,0.6600071787834167,0,30,2019-10-10,2019-11-08
MC1,15990,0.7718402743339539,0,30,2019-10-10,2019-11-08
MC1,15991,0.7249371409416199,0,30,2019-10-10,2019-11-08
MC1,16194,0.6174880862236023,0,30,2019-10-10,2019-11-08
MC1,16261,0.8988362550735474,0,30,2019-09-09,2019-11-08
MC1,16269,0.7211008667945862,0,30,2019-09-19,2019-10-18
MC1,16532,0.8799768090248108,0,30,2019-08-04,2019-10-02
MC1,16571,0.8395905494689941,0,30,2019-10-10,2019-11-08
MC1,16625,0.6025189757347107,0,30,2019-08-18,2019-09-16
MC1,16672,0.5039309859275818,0,2,2019-11-07,2019-11-08
MC1,17713,0.7261291146278381,0,30,2019-10-10,2019-11-08
MC1,17895,0.37915393710136414,0,30,2019-08-11,2019-11-08
MC1,18236,0.7440540790557861,0,30,2019-09-23,2019-10-22
MC1,18245,0.4001494348049164,0,27,2019-06-12,2019-09-16
MC1,18388,0.8452364802360535,0,30,2019-08-11,2019-11-08
MC1,18814,0.5336993932723999,0,30,2019-08-11,2019-11-08
MC1,18855,0.3287617564201355,1,30,2019-10-10,2019-11-08
MC1,18898,0.8960053324699402,0,30,2019-10-10,2019-11-08
MC1,18955,0.7447685599327087,0,30,2019-10-10,2019-11-08
MC1,18970,0.46541523933410645,0,30,2019-09-16,2019-10-15
MC1,18986,0.45901748538017273,0,30,2019-10-10,2019-11-08
MC1,19001,0.39704692363739014,0,30,2019-09-18,2019-10-17
MC1,19026,0.36998677253723145,0,30,2019-10-10,2019-11-08
MC1,19266,0.6736496090888977,0,30,2019-08-30,2019-10-28
MC1,19339,0.74697345495224,0,30,2019-08-26,2019-11-08
MC1,19469,0.39075252413749695,0,30,2019-10-10,2019-11-08
MC1,19618,0.8596351146697998,1,30,2019-08-12,2019-09-10
MC1,19735,0.5052226781845093,0,30,2019-10-10,2019-11-08
MC1,19744,0.7059410810470581,0,30,2019-10-10,2019-11-08
MC1,19905,0.6115539073944092,0,30,2019-09-13,2019-10-12
MC1,19974,0.65688556432724,0,30,2019-09-20,2019-10-19
MC1,20071,0.3466048836708069,0,30,2019-10-10,2019-11-08
MC1,20123,0.5155032873153687,0,30,2019-09-20,2019-10-19
MC1,20147,0.5884503722190857,0,30,2019-03-17,2019-05-15
MC1,20151,0.3721770644187927,0,30,2018-09-24,2018-10-23
MC1,20254,0.6493034958839417,0,30,2019-08-19,2019-11-08
MC1,20270,0.4114426076412201,0,30,2019-10-10,2019-11-08
MC1,20287,0.7882225513458252,0,30,2019-09-17,2019-10-16
MC1,20330,0.46274781227111816,0,30,2019-10-10,2019-11-08
MC1,20409,0.36470985412597656,1,30,2019-09-18,2019-10-17
MC1,20412,0.7921286821365356,0,30,2019-09-19,2019-10-18
MC1,20875,0.8596729636192322,0,30,2019-09-11,2019-10-10
MC1,20881,0.6619229912757874,0,30,2019-10-10,2019-11-08
MC1,20884,0.6619229912757874,0,30,2019-10-10,2019-11-08
MC1,21009,0.49163344502449036,0,30,2019-09-17,2019-10-16
MC1,21054,0.9250011444091797,0,30,2019-10-10,2019-11-08
MC1,21508,0.5155805349349976,0,29,2018-07-10,2018-08-07
MC1,21533,0.3805152475833893,0,30,2019-09-16,2019-10-15
MC1,21553,0.8996831774711609,0,30,2019-10-10,2019-11-08
MC1,21629,0.48190969228744507,0,14,2019-09-25,2019-10-08
MC1,21688,0.7987502217292786,0,30,2019-10-10,2019-11-08
MC1,21865,0.46414461731910706,0,30,2019-09-09,2019-11-08
MC1,21902,0.35132500529289246,0,30,2019-09-17,2019-10-16
MC1,22244,0.8805968761444092,0,30,2019-08-09,2019-09-07
MC1,22276,0.9780169725418091,1,30,2019-09-19,2019-10-18
MC1,22407,0.6684211492538452,0,30,2019-09-10,2019-10-09
MC1,22415,0.4098866283893585,0,30,2019-09-17,2019-10-16
MC1,22491,0.3700878322124481,0,30,2019-10-10,2019-11-08
MC1,22561,0.737442135810852,0,30,2019-09-19,2019-10-18
MC1,22794,0.6227228045463562,0,30,2019-03-12,2019-04-10
MC1,22853,0.5935112237930298,0,30,2019-08-06,2019-09-04
MC1,22952,0.9039396643638611,0,30,2019-09-09,2019-11-08
MC1,23142,0.6515021324157715,0,30,2019-06-12,2019-10-19
MC1,23652,0.8370550274848938,0,30,2019-09-19,2019-10-18
MC1,23704,0.8347734212875366,0,30,2019-09-16,2019-10-15
MC1,23760,0.8771297931671143,0,30,2019-08-04,2019-09-02
MC1,23814,0.8721818923950195,0,30,2019-10-10,2019-11-08
MC1,23879,0.6624974012374878,0,30,2019-10-10,2019-11-08
MC1,24005,0.3600483238697052,0,30,2019-10-10,2019-11-08
MC1,24066,0.3714880049228668,0,30,2019-09-14,2019-10-13
MC1,24156,0.7573968768119812,0,30,2019-10-10,2019-11-08
MC1,24441,0.4452560544013977,0,30,2019-10-02,2019-10-31
MC1,24449,0.44526398181915283,0,30,2019-10-02,2019-10-31
MC1,24464,0.41024401783943176,0,30,2019-07-22,2019-10-19
MC1,24486,0.8487453460693359,0,30,2019-09-09,2019-11-08
MC1,24500,0.7770617604255676,0,30,2019-10-10,2019-11-08
MC1,24608,0.8503990173339844,0,30,2019-10-10,2019-11-08
MC1,24622,0.7775427103042603,0,30,2019-09-21,2019-10-20
MC1,24864,0.9678987264633179,0,30,2019-08-23,2019-09-21
MC1,25065,0.7496895790100098,0,30,2019-10-10,2019-11-08
MC1,25115,0.9673387408256531,0,30,2019-10-10,2019-11-08
MC1,25298,0.4982139766216278,0,30,2019-09-17,2019-10-16
MC1,25453,0.5842429995536804,0,30,2019-09-16,2019-10-15
MC1,25542,0.3796326518058777,0,30,2019-10-10,2019-11-08
MC1,25674,0.8207249641418457,0,30,2019-09-19,2019-10-18
MC1,25788,0.5790022611618042,0,30,2019-10-10,2019-11-08
MC1,26006,0.2997957766056061,0,30,2019-02-21,2019-03-22
MC1,26050,0.8358368277549744,0,30,2019-10-10,2019-11-08
MC1,26408,0.8108611106872559,0,30,2019-09-08,2019-11-08
MC1,26562,0.5594361424446106,0,30,2019-09-23,2019-10-22
MC1,26603,0.6790596842765808,0,30,2019-10-10,2019-11-08
MC1,26675,0.5103256106376648,0,30,2019-09-09,2019-11-08
MC1,26861,0.637185275554657,0,30,2019-10-10,2019-11-08
MC1,26939,0.6535142064094543,0,30,2019-05-14,2019-06-12
MC1,27259,0.49325671792030334,0,30,2019-09-09,2019-11-08
MC1,27270,0.6464330554008484,0,30,2019-10-10,2019-11-08
MC1,27362,0.6832748651504517,0,30,2019-10-10,2019-11-08
MC1,27567,0.8013706803321838,0,30,2019-08-31,2019-10-30
MC1,28010,0.9003925323486328,1,30,2019-08-18,2019-10-16
MC1,28134,0.393598735332489,0,30,2019-08-31,2019-09-29
MC1,28395,0.819939374923706,0,30,2019-09-22,2019-10-21
MC1,28567,0.43601447343826294,0,30,2019-10-10,2019-11-08
MC1,28602,0.7552393674850464,0,30,2019-09-17,2019-10-16
MC1,28786,0.5673092603683472,0,30,2019-10-10,2019-11-08
MC1,28805,0.7826012372970581,0,30,2019-09-16,2019-10-15
MC1,28827,0.5189109444618225,0,30,2019-09-17,2019-10-16
MC1,28894,0.38929009437561035,0,30,2019-09-18,2019-10-17
MC1,29237,0.6590153574943542,0,30,2019-04-26,2019-10-31
MC1,29284,0.8216366767883301,0,30,2019-10-10,2019-11-08
MC1,29310,0.5987270474433899,0,30,2019-10-10,2019-11-08
MC1,29397,0.8829959630966187,0,30,2019-09-27,2019-10-26
MC1,29517,0.5248380899429321,0,30,2019-09-02,2019-11-01
MC1,29533,0.4731922149658203,0,30,2019-10-06,2019-11-04
MC1,29595,0.8841443061828613,0,30,2019-10-10,2019-11-08
MC1,29704,0.5207026600837708,0,30,2019-09-23,2019-10-22
MC1,29725,0.7552215456962585,0,30,2019-09-19,2019-10-18
MC1,29738,0.7497556805610657,0,30,2019-10-10,2019-11-08
MC1,29780,0.5897927284240723,1,30,2019-05-14,2019-06-12
MC1,29823,0.3722858726978302,0,30,2019-09-14,2019-10-13
MC1,29955,0.4213833808898926,0,30,2019-10-10,2019-11-08
MC1,29990,0.5705380439758301,0,30,2019-10-10,2019-11-08
MC1,30167,0.7137611508369446,0,30,2019-09-13,2019-10-12
MC1,30494,0.805378258228302,0,30,2019-09-24,2019-10-23
MC1,30578,0.46086740493774414,0,30,2019-10-10,2019-11-08
MC1,30688,0.44877806305885315,0,30,2019-09-17,2019-10-16
MC1,30860,0.5681339502334595,0,30,2019-07-15,2019-10-09
MC1,31067,0.8473867177963257,0,30,2019-10-10,2019-11-08
MC1,31192,0.47351276874542236,0,30,2019-02-23,2019-06-08
MC1,31334,0.7448490262031555,0,30,2019-10-04,2019-11-02
MC1,31576,0.5905554890632629,0,30,2019-09-17,2019-10-16
MC1,32070,0.7461626529693604,0,30,2019-10-10,2019-11-08
MC1,32081,0.747187077999115,0,30,2019-09-09,2019-11-08
MC1,32083,0.6220627427101135,0,30,2019-10-02,2019-10-31
MC1,32090,0.6220057010650635,0,30,2019-10-02,2019-10-31
MC1,32183,0.6484276056289673,0,30,2019-07-24,2019-10-18
MC1,32231,0.5359832644462585,0,30,2019-09-17,2019-10-16
MC1,32330,0.6411133408546448,0,30,2019-08-24,2019-09-22
MC1,32442,0.9142361879348755,0,30,2019-08-23,2019-09-21
MC1,33062,0.8777035474777222,0,30,2019-10-02,2019-10-31
MC1,33112,0.4497835040092468,0,30,2019-10-01,2019-10-30
MC1,33114,0.4497905373573303,0,30,2019-10-01,2019-10-30
MC1,33250,0.3874693810939789,0,30,2019-10-10,2019-11-08
MC1,33306,0.6784699559211731,0,30,2019-08-30,2019-09-28
MC1,33502,0.6188446879386902,0,30,2019-09-04,2019-11-03
MC1,33649,0.909177303314209,0,30,2019-09-17,2019-10-16
MC1,33766,0.47840532660484314,0,30,2019-10-10,2019-11-08
MC1,33821,0.4467511475086212,0,30,2019-04-18,2019-10-21
MC1,33927,0.7717666625976562,0,30,2019-10-10,2019-11-08
MC1,33960,0.771735429763794,0,30,2019-10-06,2019-11-04
MC1,34115,0.5831698179244995,0,30,2019-09-20,2019-10-19
MC1,34298,0.467809796333313,0,30,2018-07-08,2019-03-08
MC1,34393,0.7827986478805542,0,30,2019-08-13,2019-09-11
MC1,34484,0.4110547602176666,0,30,2019-10-10,2019-11-08
MC1,34611,0.4802010953426361,0,15,2019-10-25,2019-11-08
MC1,35048,0.4720213711261749,0,30,2019-10-10,2019-11-08
MC1,35196,0.5572370290756226,0,30,2019-08-25,2019-09-23
MC1,35403,0.6718314290046692,0,30,2019-09-10,2019-11-08
MC1,35487,0.41510599851608276,0,30,2018-03-20,2018-04-18
MC1,35590,0.6366121768951416,0,30,2019-09-09,2019-11-08
MC1,35629,0.9564231038093567,0,30,2019-10-10,2019-11-08
MC1,35679,0.43075117468833923,0,30,2019-09-17,2019-10-16
MC1,35682,0.43075117468833923,0,30,2019-09-17,2019-10-16
MC1,36019,0.5013381838798523,0,30,2019-08-12,2019-11-08
MC1,36256,0.6583558320999146,0,30,2019-09-10,2019-11-08
MC1,36288,0.751848042011261,0,30,2019-09-16,2019-10-15
MC1,36332,0.5341506004333496,0,30,2019-09-29,2019-10-28
MC1,36392,0.7715925574302673,0,30,2019-09-16,2019-10-15
MC1,36474,0.5716575980186462,0,30,2019-10-10,2019-11-08
MC1,36562,0.5102834701538086,0,30,2019-09-17,2019-10-16
MC1,36576,0.4851311147212982,0,30,2019-08-30,2019-09-28
MC1,36833,0.5262907147407532,0,30,2019-10-02,2019-10-31
MC1,36912,0.5484260320663452,0,30,2019-09-17,2019-10-16
MC1,36924,0.8618417382240295,0,30,2019-05-03,2019-09-16
MC1,36943,0.470257431268692,0,30,2019-10-10,2019-11-08
MC1,36996,0.6844966411590576,0,30,2019-09-19,2019-10-18
MC1,37117,0.3625669777393341,0,30,2019-10-10,2019-11-08
MC1,37217,0.6004387140274048,0,30,2019-10-10,2019-11-08
MC1,37272,0.9507811665534973,0,30,2019-09-18,2019-10-17
MC1,37432,0.42823779582977295,0,30,2019-10-10,2019-11-08
MC1,37443,0.42823779582977295,0,30,2019-10-10,2019-11-08
MC1,37552,0.43224480748176575,0,30,2019-10-10,2019-11-08
MC1,37567,0.41076546907424927,0,30,2019-10-05,2019-11-03
MC1,37617,0.5489813089370728,0,30,2019-09-19,2019-10-18
MC1,37626,0.7514872550964355,0,30,2019-10-05,2019-11-03
MC1,37686,0.39526182413101196,0,30,2019-10-10,2019-11-08
MC1,37757,0.9007734060287476,0,30,2019-10-10,2019-11-08
MC1,37792,0.6382795572280884,0,30,2019-09-23,2019-10-22
MC1,37817,0.365706205368042,0,30,2019-10-10,2019-11-08
MC1,37818,0.365706205368042,0,30,2019-10-10,2019-11-08
MC1,37844,0.8180932402610779,0,30,2019-10-10,2019-11-08
MC1,37951,0.4875502288341522,0,30,2019-06-10,2019-10-27
MC1,38078,0.6935461759567261,0,30,2019-10-10,2019-11-08
MC1,38154,0.831343948841095,0,30,2019-10-10,2019-11-08
MC1,38413,0.44797107577323914,0,30,2019-10-10,2019-11-08
MC1,38424,0.555033802986145,0,30,2019-09-20,2019-10-19
MC1,38459,0.5597921013832092,0,30,2019-08-06,2019-09-04
MC1,38613,0.7974936962127686,0,30,2019-10-10,2019-11-08
MC1,38672,0.810336172580719,0,30,2019-04-30,2019-08-22
MC1,38754,0.6587603092193604,0,30,2019-09-09,2019-11-08
MC1,38856,0.43818169832229614,0,30,2019-10-10,2019-11-08
MC1,38882,0.864979088306427,0,30,2019-10-10,2019-11-08
MC1,39085,0.7197929620742798,0,30,2019-09-18,2019-10-17
MC1,39090,0.3967568576335907,0,30,2019-10-10,2019-11-08
MC1,39109,0.5745779275894165,0,30,2019-09-16,2019-10-15
MC1,39159,0.9061232209205627,0,30,2019-10-10,2019-11-08
MC1,39299,0.8380140066146851,0,30,2019-10-08,2019-11-06
MC1,39349,0.699640691280365,0,30,2019-08-15,2019-09-13
MC1,39381,0.8785856366157532,0,30,2019-10-07,2019-11-05
MC1,39514,0.7319479584693909,0,30,2019-09-10,2019-10-09
MC1,39659,0.6590007543563843,0,30,2019-10-10,2019-11-08
MC1,39662,0.3892935514450073,0,30,2019-09-18,2019-10-17
MC1,39712,0.3861237168312073,0,30,2019-08-25,2019-11-08
MC1,39771,0.46496710181236267,0,30,2019-10-10,2019-11-08
MC1,39823,0.7214643955230713,0,30,2019-10-10,2019-11-08
MC1,39898,0.3670561611652374,1,30,2018-03-15,2018-04-13
MC1,40011,0.35783421993255615,0,30,2019-09-10,2019-11-08
MC1,40387,0.7208800911903381,0,30,2019-09-17,2019-10-16
MC1,40475,0.602016806602478,0,30,2019-10-10,2019-11-08
MC1,40748,0.7324121594429016,0,30,2019-10-10,2019-11-08
MC1,40819,0.8558650612831116,0,30,2019-09-21,2019-10-20
MC1,41055,0.4842102825641632,0,30,2019-10-10,2019-11-08
MC1,41083,0.8518049120903015,0,30,2019-10-10,2019-11-08
MC1,41145,0.8203756809234619,1,30,2019-08-21,2019-09-19
MC1,41274,0.6513729691505432,0,30,2019-05-14,2019-06-12
MC1,41434,0.6033934950828552,0,30,2019-09-07,2019-11-08
MC1,41704,0.45897987484931946,0,30,2019-08-21,2019-10-19
MC1,41723,0.6358085870742798,0,30,2019-09-10,2019-11-08
MC1,42036,0.9307796955108643,0,30,2019-09-18,2019-10-17
MC1,42093,0.8816426992416382,0,30,2019-08-27,2019-09-25
MC1,42416,0.40128955245018005,0,30,2019-10-10,2019-11-08
MC1,42619,0.725131094455719,0,30,2019-10-10,2019-11-08
MC1,42812,0.4348873794078827,0,30,2019-10-10,2019-11-08
MC1,42880,0.6348363161087036,0,30,2019-06-01,2019-07-30
MC1,42907,0.7051567435264587,0,30,2019-09-17,2019-10-16
MC1,43585,0.7929213047027588,0,30,2019-09-16,2019-10-15
MC1,43640,0.7025429010391235,0,30,2019-10-05,2019-11-03
MC1,43734,0.609520435333252,0,30,2019-10-10,2019-11-08
MC1,43761,0.4074667692184448,0,30,2019-09-17,2019-10-16
MC1,43865,0.5087970495223999,0,30,2019-09-16,2019-10-15
MC1,44028,0.6836881041526794,0,30,2019-08-13,2019-09-11
MC1,44075,0.5946966409683228,1,30,2019-08-21,2019-09-19
MC1,44347,0.8572525382041931,0,30,2019-09-08,2019-10-07
MC1,44477,0.6719540357589722,0,30,2019-10-10,2019-11-08
MC1,44532,0.7624320387840271,0,30,2019-10-08,2019-11-06
MC1,44545,0.8073862791061401,0,30,2019-10-10,2019-11-08
MC1,44554,0.511308491230011,0,30,2019-10-10,2019-11-08
MC1,44636,0.5508832931518555,0,30,2019-08-18,2019-09-16
MC1,44640,0.7966101765632629,0,30,2019-10-10,2019-11-08
MC1,44662,0.8724539279937744,0,30,2019-08-09,2019-11-08
MC1,44755,0.42089223861694336,0,30,2019-10-10,2019-11-08
MC1,45052,0.34769386053085327,0,30,2019-10-10,2019-11-08
MC1,45121,0.8023517727851868,0,30,2019-10-10,2019-11-08
MC1,45151,0.8770207762718201,1,30,2019-05-14,2019-06-12
MC1,45332,0.7236714363098145,0,30,2019-09-02,2019-11-08
MC1,45435,0.4061834514141083,0,30,2019-09-22,2019-10-21
MC1,45447,0.7237668037414551,0,30,2019-09-16,2019-10-15
MC1,45570,0.8947779536247253,0,30,2019-10-10,2019-11-08
MC1,45590,0.6593114137649536,0,30,2019-09-20,2019-10-19
MC1,45885,0.7913928031921387,0,30,2019-10-01,2019-10-30
MC1,45930,0.4547259509563446,0,30,2019-08-01,2019-11-08
MC1,46013,0.7432674169540405,0,30,2019-10-10,2019-11-08
MC1,46050,0.6585134863853455,0,30,2019-09-19,2019-10-18
MC1,46320,0.41320472955703735,0,30,2019-10-05,2019-11-03
MC1,46618,0.5221542716026306,0,30,2019-10-10,2019-11-08
MC1,46750,0.7937145829200745,0,30,2019-09-28,2019-10-27
MC1,46776,0.8921687006950378,0,30,2019-10-10,2019-11-08
MC1,46806,0.85760498046875,0,30,2019-09-29,2019-10-28
MC1,46899,0.8841934204101562,0,30,2019-09-09,2019-11-08
MC1,47080,0.4127063453197479,0,30,2019-10-10,2019-11-08
MC1,47118,0.34956711530685425,1,30,2018-10-10,2018-11-08
MC1,47131,0.7955232262611389,0,30,2019-10-04,2019-11-02
MC1,47217,0.5177543759346008,0,30,2019-06-03,2019-11-08
MC1,47321,0.6581938862800598,0,30,2019-09-17,2019-10-16
MC1,47403,0.8446081280708313,0,30,2019-10-08,2019-11-06
MC1,47519,0.8260775804519653,0,30,2019-09-16,2019-10-15
MC1,47705,0.3936960697174072,0,30,2019-02-09,2019-03-10
MC1,47914,0.9087297320365906,0,30,2019-10-10,2019-11-08
MC1,47961,0.6713751554489136,0,30,2019-03-29,2019-09-11
MC1,48028,0.871084451675415,0,30,2019-09-01,2019-11-08
MC1,48376,0.6788153052330017,0,30,2019-10-10,2019-11-08
MC1,48460,0.9785676598548889,1,30,2019-02-20,2019-05-26
MC1,48846,0.46976590156555176,0,30,2019-09-17,2019-10-16
MC1,48924,0.9019328951835632,0,30,2019-10-10,2019-11-08
MC1,49247,0.35995301604270935,0,30,2019-10-10,2019-11-08
MC1,49359,0.8132487535476685,0,30,2019-10-09,2019-11-07
MC1,49445,0.7821416854858398,0,30,2019-10-10,2019-11-08
MC1,49560,0.4360371232032776,0,30,2019-08-01,2019-10-10
MC1,49824,0.3798004984855652,0,30,2019-10-08,2019-11-06
MC1,49840,0.6943238973617554,0,30,2019-08-20,2019-09-18
MC1,50153,0.4035763740539551,0,30,2019-08-21,2019-09-19
MC1,50184,0.7458691596984863,0,30,2019-10-10,2019-11-08
MC1,50204,0.7145026326179504,0,30,2019-10-10,2019-11-08
MC1,50382,0.39721864461898804,0,30,2019-10-10,2019-11-08
MC1,50481,0.7436803579330444,0,30,2019-10-10,2019-11-08
MC1,50547,0.40914082527160645,0,30,2019-10-02,2019-10-31
MC1,50698,0.40827080607414246,0,30,2019-09-10,2019-11-08
MC1,50774,0.619002103805542,0,30,2019-10-01,2019-10-30
MC1,50881,0.7764278054237366,0,30,2019-10-10,2019-11-08
MC1,51044,0.9189172387123108,0,30,2019-10-10,2019-11-08
MC1,51262,0.7376798391342163,0,30,2019-08-28,2019-11-08
MC1,51275,0.5184158682823181,0,30,2019-09-17,2019-10-16
MC1,51764,0.8484930396080017,0,30,2019-10-10,2019-11-08
MC1,51839,0.8129313588142395,0,30,2019-10-10,2019-11-08
MC1,51880,0.47233977913856506,0,30,2019-10-10,2019-11-08
MC1,52183,0.52596116065979,0,30,2019-08-29,2019-10-27
MC1,52253,0.9309045672416687,1,30,2018-10-29,2018-12-30
MC1,52381,0.8473421931266785,0,30,2019-08-26,2019-10-26
MC1,52637,0.7177597880363464,0,30,2019-10-02,2019-10-31
MC1,52697,0.7629668116569519,0,30,2019-09-17,2019-10-16
MC1,52757,0.36853599548339844,0,30,2019-10-10,2019-11-08
MC1,52760,0.4894128739833832,0,30,2019-09-29,2019-10-28
MC1,52895,0.6211384534835815,0,30,2019-10-10,2019-11-08
MC1,53012,0.8271262645721436,0,30,2019-09-19,2019-10-18
MC1,53032,0.4444689452648163,0,30,2019-10-10,2019-11-08
MC1,53585,0.43105101585388184,0,30,2019-10-10,2019-11-08
MC1,53710,0.7547335028648376,0,30,2019-10-10,2019-11-08
MC1,53755,0.6986814141273499,0,30,2019-09-20,2019-10-19
MC1,53872,0.7395297884941101,0,30,2019-09-10,2019-10-09
MC1,54097,0.8352925181388855,0,30,2019-09-04,2019-10-03
MC1,54274,0.8036994338035583,0,30,2019-10-10,2019-11-08
MC1,54311,0.7782379388809204,0,30,2019-09-23,2019-10-22
MC1,54429,0.8239489793777466,0,30,2019-08-20,2019-10-18
MC1,54575,0.6019942164421082,0,30,2019-10-10,2019-11-08
MC1,54771,0.7165603041648865,0,30,2019-09-10,2019-10-09
MC1,55120,0.4895519018173218,0,30,2018-07-12,2018-09-09
MC1,55253,0.49426254630088806,0,30,2019-09-01,2019-10-30
MC1,55451,0.7545549869537354,0,30,2019-10-10,2019-11-08
MC1,55617,0.8607473969459534,0,30,2019-10-10,2019-11-08
MC1,56022,0.4372837245464325,0,30,2019-10-10,2019-11-08
MC1,56093,0.6020999550819397,1,30,2019-08-31,2019-09-29
MC1,56521,0.8911249041557312,0,30,2019-10-10,2019-11-08
MC1,56924,0.3895869553089142,0,30,2019-09-07,2019-11-08
MC1,57025,0.8410611748695374,0,30,2019-10-10,2019-11-08
MC1,57068,0.5604291558265686,0,30,2019-10-05,2019-11-03
MC1,57174,0.35367366671562195,0,30,2019-10-10,2019-11-08
MC1,57377,0.9769071340560913,0,30,2019-09-12,2019-10-11
MC1,57424,0.8887479901313782,0,30,2019-10-10,2019-11-08
MC1,57434,0.4332328140735626,0,30,2019-10-03,2019-11-01
MC1,57600,0.7747486233711243,0,30,2019-09-17,2019-10-16
MC1,57878,0.6045409440994263,0,30,2019-10-10,2019-11-08
MC1,57953,0.6391302943229675,0,30,2019-09-08,2019-10-07
MC1,58013,0.40237200260162354,0,30,2019-06-10,2019-09-13
MC1,58321,0.46732640266418457,0,30,2019-08-23,2019-09-21
MC1,58323,0.8977994322776794,0,30,2019-08-23,2019-09-21
MC1,59010,0.35832440853118896,0,18,2018-02-01,2018-02-18
MC1,59127,0.9574196934700012,0,30,2019-09-10,2019-11-08
MC1,59393,0.7709494233131409,0,30,2019-08-24,2019-11-08
MC1,59576,0.4290079176425934,0,30,2019-09-15,2019-10-14
MC1,59636,0.6152704358100891,0,30,2019-10-10,2019-11-08
MC1,59665,0.6563053131103516,0,30,2019-10-10,2019-11-08
MC1,59670,0.6563304662704468,0,30,2019-10-10,2019-11-08
MC1,59846,0.5521343350410461,0,30,2019-10-10,2019-11-08
MC1,59963,0.8478333950042725,0,30,2019-10-10,2019-11-08
MC1,60156,0.808149516582489,0,30,2019-08-06,2019-11-03
MC1,60264,0.7075157761573792,0,30,2019-10-10,2019-11-08
MC1,60319,0.5215288400650024,0,30,2019-10-01,2019-10-30
MC1,60533,0.677655041217804,0,30,2019-08-18,2019-10-16
MC1,60595,0.7865172624588013,0,30,2019-09-16,2019-10-15
MC1,60693,0.704647421836853,1,30,2019-05-18,2019-07-16
MC1,61157,0.55572509765625,0,30,2019-09-04,2019-10-03
MC1,61201,0.759637713432312,0,30,2019-08-11,2019-10-09
MC1,61229,0.8252880573272705,0,30,2019-09-13,2019-10-12
MC1,61400,0.9255257248878479,0,30,2019-09-10,2019-11-08
MC1,61485,0.5010486841201782,0,30,2019-09-07,2019-11-06
MC1,61565,0.6009185910224915,0,30,2019-10-10,2019-11-08
MC1,61667,0.7012761831283569,0,30,2019-10-02,2019-10-31
MC1,61671,0.7012761831283569,1,30,2019-10-02,2019-10-31
MC1,61729,0.720161497592926,0,30,2019-09-16,2019-10-15
MC1,61902,0.5797187685966492,0,30,2019-10-10,2019-11-08
MC1,61926,0.9690496325492859,0,30,2019-10-10,2019-11-08
MC1,62491,0.5925673246383667,0,30,2019-09-23,2019-10-22
MC1,62564,0.9133791923522949,0,30,2019-03-14,2019-10-20
MC1,62812,0.35378581285476685,0,30,2019-09-09,2019-11-08
MC1,63232,0.2310236245393753,0,30,2019-08-25,2019-09-23
MC1,63322,0.7458919286727905,0,30,2019-09-13,2019-10-12
MC1,63385,0.6794959902763367,0,30,2019-10-10,2019-11-08
MC1,63553,0.44988226890563965,0,30,2019-09-09,2019-11-08
MC1,63770,0.7160410284996033,0,30,2019-05-18,2019-07-16
MC1,63847,0.5628268718719482,0,30,2019-10-10,2019-11-08
MC1,63892,0.8283846378326416,0,30,2019-10-10,2019-11-08
MC1,63999,0.611137866973877,0,30,2019-08-02,2019-10-03
MC1,64172,0.7329093217849731,0,30,2019-07-20,2019-08-18
MC1,64592,0.4368372857570648,0,30,2019-09-20,2019-10-19
MC1,64640,0.8371177315711975,0,30,2019-09-26,2019-10-25
MC1,64665,0.4500294327735901,0,30,2019-05-29,2019-10-31
MC1,64853,0.6214534044265747,0,30,2019-08-15,2019-09-13
MC1,64960,0.4790606200695038,0,30,2019-10-10,2019-11-08
MC1,64973,0.7643566131591797,0,30,2019-10-10,2019-11-08
MC1,65040,0.7290844321250916,0,30,2019-09-10,2019-11-08
MC1,65052,0.4426741600036621,0,30,2019-08-02,2019-10-12
MC1,65218,0.6381470561027527,0,30,2019-02-23,2019-10-28
MC1,65391,0.5807307958602905,0,30,2019-05-30,2019-07-28
MC1,65401,0.8715921640396118,0,30,2019-08-02,2019-11-08
MC1,65467,0.8988560438156128,0,30,2019-10-01,2019-10-30
MC1,65500,0.6814557909965515,0,30,2019-09-10,2019-11-08
MC1,65762,0.4463006556034088,0,30,2019-05-31,2019-09-22
MC1,65813,0.42232781648635864,0,30,2019-09-20,2019-10-19
MC1,65814,0.42232781648635864,0,30,2019-09-20,2019-10-19
MC1,65844,0.48916828632354736,0,9,2018-09-09,2018-09-17
MC1,66140,0.37002554535865784,0,30,2019-10-04,2019-11-02
MC1,66341,0.4954454004764557,0,30,2019-09-02,2019-11-08
MC1,66357,0.5876991748809814,0,30,2019-05-14,2019-06-12
MC1,66380,0.5264722108840942,0,30,2019-10-10,2019-11-08
MC1,66391,0.5126842856407166,0,30,2019-10-10,2019-11-08
MC1,66523,0.6983214616775513,0,30,2019-10-10,2019-11-08
MC1,66651,0.6644185781478882,0,30,2019-10-10,2019-11-08
MC1,66681,0.6913111805915833,0,30,2019-10-10,2019-11-08
MC1,66824,0.9022892117500305,0,30,2019-10-10,2019-11-08
MC1,66852,0.4220775067806244,0,30,2019-10-10,2019-11-08
MC1,66884,0.8533644080162048,0,30,2019-10-10,2019-11-08
MC1,66922,0.7845375537872314,0,30,2019-05-25,2019-08-22
MC1,67079,0.7264140248298645,0,30,2019-09-21,2019-10-20
MC1,67277,0.42253535985946655,0,30,2018-05-28,2018-07-26
MC1,67544,0.900178849697113,0,30,2019-10-10,2019-11-08
MC1,67690,0.9010993838310242,0,30,2019-09-09,2019-11-08
MC1,67698,0.6530829668045044,0,30,2019-09-20,2019-10-19
MC1,67727,0.5647032260894775,0,30,2019-09-30,2019-10-29
MC1,67958,0.7266085147857666,0,30,2019-09-10,2019-10-09
MC1,68012,0.7833750247955322,0,30,2019-09-18,2019-10-17
MC1,68020,0.5842961668968201,0,30,2019-08-25,2019-10-23
MC1,68064,0.6825115084648132,0,30,2019-10-02,2019-10-31
MC1,68248,0.45320916175842285,0,30,2019-10-10,2019-11-08
MC1,68728,0.46696406602859497,0,30,2019-10-10,2019-11-08
MC1,68742,0.7559083104133606,0,30,2019-08-24,2019-09-22
MC1,68791,0.7123329639434814,0,30,2019-03-17,2019-04-15
MC1,68835,0.7625848054885864,0,30,2019-02-10,2019-10-18
MC1,68968,0.5956129431724548,0,30,2019-09-19,2019-10-18
MC1,69245,0.8391979336738586,0,30,2019-09-16,2019-10-15
MC1,69640,0.42618608474731445,0,30,2019-07-17,2019-10-18
MC1,69917,0.5204152464866638,0,30,2019-10-10,2019-11-08
MC1,70008,0.8463913798332214,0,30,2019-09-20,2019-10-19
MC1,70054,0.9101133942604065,0,30,2019-10-02,2019-10-31
MC1,70106,0.4531193673610687,0,30,2019-10-10,2019-11-08
MC1,70351,0.41621360182762146,0,30,2019-03-30,2019-10-21
MC1,70383,0.7647286653518677,0,30,2019-10-10,2019-11-08
MC1,70567,0.518779456615448,0,30,2019-10-10,2019-11-08
MC1,70634,0.6345809698104858,0,30,2019-09-09,2019-11-08
MC1,70636,0.6345809698104858,0,30,2019-09-09,2019-11-08
MC1,70772,0.9076786637306213,0,30,2019-10-10,2019-11-08
MC1,70848,0.42827653884887695,0,30,2019-10-10,2019-11-08
MC1,70874,0.6727960109710693,0,30,2019-10-10,2019-11-08
MC1,70944,0.7721465826034546,0,30,2019-09-19,2019-10-18
MC1,71054,0.9603333473205566,0,30,2019-10-10,2019-11-08
MC1,71104,0.8103115558624268,0,30,2019-09-20,2019-10-19
MC1,71233,0.7038149237632751,0,30,2019-10-02,2019-10-31
MC1,71554,0.6594308018684387,1,30,2019-05-14,2019-06-12
MC1,71700,0.7976464033126831,0,30,2019-07-24,2019-08-22
MC1,71849,0.6859221458435059,0,30,2019-07-20,2019-08-18
MC1,71909,0.44472983479499817,0,30,2019-09-10,2019-11-08
MC1,71948,0.5210974216461182,0,30,2019-10-05,2019-11-03
MC1,71991,0.6914982795715332,0,30,2019-09-23,2019-10-22
MC1,72052,0.8450754284858704,0,30,2019-08-31,2019-09-29
MC1,72058,0.4895328879356384,0,30,2019-10-10,2019-11-08
MC1,72157,0.7838608622550964,0,30,2019-06-10,2019-09-13
MC1,72295,0.3787274956703186,0,30,2019-10-10,2019-11-08
MC1,72362,0.6894416809082031,0,30,2019-08-25,2019-09-23
MC1,72383,0.6700002551078796,0,30,2019-09-16,2019-10-15
MC1,72704,0.45095592737197876,0,30,2019-10-10,2019-11-08
MC1,72743,0.4524557888507843,0,30,2019-10-10,2019-11-08
MC1,72776,0.3787274956703186,0,30,2019-10-10,2019-11-08
MC1,72865,0.8398240804672241,0,30,2019-09-30,2019-10-29
MC1,73120,0.8165811896324158,0,30,2019-07-24,2019-11-07
MC1,73178,0.37293463945388794,0,30,2019-10-10,2019-11-08
MC1,73323,0.8888694047927856,0,30,2019-04-22,2019-11-08
MC1,73495,0.7747403383255005,0,30,2019-09-04,2019-10-03
MC1,73505,0.9299740791320801,1,30,2018-05-26,2018-06-24
MC1,73575,0.6305448412895203,1,30,2019-06-02,2019-07-31
MC1,73673,0.6576331257820129,0,30,2019-10-10,2019-11-08
MC1,73677,0.6576331257820129,0,30,2019-10-10,2019-11-08
MC1,73700,0.859183132648468,0,30,2019-10-10,2019-11-08
MC1,73778,0.7737099528312683,0,30,2019-10-10,2019-11-08
MC1,73866,0.6165540218353271,0,30,2019-10-10,2019-11-08
MC1,73881,0.977903425693512,0,30,2019-10-01,2019-10-30
MC1,73917,0.4397445619106293,0,30,2019-10-10,2019-11-08
MC1,74367,0.9023256897926331,0,30,2019-10-10,2019-11-08
MC1,74428,0.7365280389785767,0,30,2019-03-13,2019-10-28
MC1,74579,0.8378740549087524,0,30,2019-10-10,2019-11-08
MC1,74617,0.8234710097312927,0,30,2019-10-10,2019-11-08
MC1,74843,0.7867221832275391,0,30,2019-09-19,2019-10-18
MC1,74878,0.5544663667678833,0,30,2019-09-17,2019-10-16
MC1,74900,0.6856747269630432,0,30,2019-10-10,2019-11-08
MC1,74993,0.43746429681777954,0,30,2019-08-11,2019-11-08
MC1,75068,0.6145270466804504,0,30,2019-09-20,2019-10-19
MC1,75082,0.36442047357559204,0,30,2019-09-20,2019-10-19
MC1,75120,0.7111237049102783,0,30,2019-07-16,2019-08-14
MC1,75135,0.8735594749450684,0,30,2019-10-10,2019-11-08
MC1,75158,0.405537486076355,0,30,2019-10-10,2019-11-08
MC1,75237,0.8253881335258484,0,30,2019-10-10,2019-11-08
MC1,75275,0.8864051103591919,1,30,2019-09-02,2019-10-01
MC1,75363,0.8176596760749817,0,30,2019-10-10,2019-11-08
MC1,75504,0.6293312311172485,0,30,2019-09-08,2019-10-07
MC1,75526,0.49376603960990906,0,30,2019-06-12,2019-09-16
MC1,75709,0.4384712874889374,0,30,2019-09-29,2019-10-28
MC1,75781,0.639107882976532,0,30,2019-09-08,2019-10-07
MC1,76072,0.4798676073551178,0,30,2019-08-19,2019-10-17
MC1,76168,0.4446924924850464,0,30,2019-10-10,2019-11-08
MC1,76237,0.5889157056808472,0,30,2019-10-10,2019-11-08
MC1,76690,0.765602707862854,0,30,2019-10-10,2019-11-08
MC1,77004,0.7056887745857239,0,30,2019-08-13,2019-09-11
MC1,77006,0.7056887745857239,0,30,2019-08-13,2019-09-11
MC1,77016,0.8551709651947021,0,30,2019-10-10,2019-11-08
MC1,77037,0.830645740032196,0,30,2019-07-28,2019-11-07
MC1,77203,0.8835347890853882,0,30,2019-08-15,2019-10-18
MC1,77522,0.5065639615058899,0,30,2019-08-26,2019-11-08
MC1,77550,0.41922783851623535,0,30,2019-10-10,2019-11-08
MC1,77568,0.7982079386711121,0,30,2019-10-10,2019-11-08
MC1,77571,0.5621998906135559,1,30,2019-01-21,2019-02-19
MC1,77574,0.42614901065826416,0,30,2019-09-18,2019-10-17
MC1,77676,0.621289849281311,0,30,2019-10-10,2019-11-08
MC1,77719,0.6081222295761108,0,30,2019-09-10,2019-11-08
MC1,77781,0.46964725852012634,0,30,2019-09-17,2019-10-16
MC1,77988,0.7767887711524963,0,30,2019-10-08,2019-11-06
MC1,78105,0.8927405476570129,0,30,2019-08-19,2019-10-18
MC1,78130,0.39523807168006897,0,30,2018-07-19,2018-08-17
MC1,78203,0.8990733623504639,0,30,2019-09-10,2019-11-08
MC1,78358,0.6854521036148071,0,30,2019-08-20,2019-11-08
MC1,78754,0.8663281798362732,0,30,2019-10-10,2019-11-08
MC1,79150,0.828064501285553,0,30,2019-10-10,2019-11-08
MC1,79523,0.4792649447917938,0,30,2019-09-17,2019-10-16
MC1,79540,0.39329978823661804,0,30,2019-10-10,2019-11-08
MC1,79581,0.828003466129303,0,30,2019-10-02,2019-10-31
MC1,79704,0.4465998411178589,0,30,2019-10-03,2019-11-01
MC1,80012,0.5883506536483765,0,30,2019-04-28,2019-10-27
MC1,80036,0.6172448992729187,0,30,2019-09-19,2019-10-18
MC1,80111,0.4023992419242859,0,30,2019-04-13,2019-06-12
MC1,80270,0.7874026298522949,0,30,2019-08-19,2019-11-08
MC1,80625,0.403784841299057,0,30,2018-08-11,2018-09-09
MC1,80870,0.4649793207645416,0,30,2019-10-01,2019-10-30
MC1,80984,0.7854705452919006,0,30,2019-10-10,2019-11-08
MC1,80994,0.8522844314575195,0,30,2019-10-10,2019-11-08
MC1,81235,0.5871854424476624,0,30,2019-09-16,2019-10-15
MC1,81241,0.5871854424476624,0,30,2019-09-16,2019-10-15
MC1,81394,0.41593125462532043,1,30,2018-09-18,2019-01-18
MC1,81452,0.7316902875900269,0,30,2019-10-10,2019-11-08
MC1,81729,0.6587265133857727,0,30,2019-05-14,2019-06-12
MC1,81863,0.6554443836212158,0,30,2019-06-12,2019-11-03
MC1,82300,0.6395710110664368,0,30,2019-05-18,2019-07-16
MC1,82347,0.7868162989616394,0,30,2019-08-29,2019-10-27
MC1,82543,0.7763573527336121,0,30,2019-10-10,2019-11-08
MC1,82650,0.7073986530303955,0,30,2019-09-19,2019-10-18
MC1,82687,0.7538444995880127,0,30,2019-09-10,2019-11-08
MC1,82836,0.5958297848701477,0,30,2019-10-10,2019-11-08
MC1,82995,0.8291635513305664,0,30,2019-10-02,2019-10-31
MC1,83074,0.7487720251083374,0,30,2019-10-01,2019-10-30
MC1,83121,0.33858737349510193,0,30,2019-08-19,2019-10-17
MC1,83267,0.4935557544231415,0,24,2019-01-26,2019-02-18
MC1,83355,0.7027328014373779,0,30,2019-09-10,2019-10-09
MC1,83677,0.5144345164299011,0,30,2018-03-20,2018-04-18
MC1,83786,0.5711489319801331,0,30,2019-09-03,2019-10-02
MC1,83967,0.7623720169067383,0,30,2019-09-14,2019-10-13
MC1,83988,0.6379414796829224,0,30,2019-04-14,2019-06-12
MC1,84197,0.6841897368431091,0,30,2019-09-08,2019-10-07
MC1,84299,0.747944712638855,0,30,2019-10-10,2019-11-08
MC1,84457,0.7668328881263733,0,30,2019-09-14,2019-10-13
MC1,84532,0.43537217378616333,0,30,2019-08-20,2019-11-01
MC1,84667,0.3851662278175354,0,30,2019-09-18,2019-10-17
MC1,84710,0.7183499932289124,0,30,2019-10-04,2019-11-02
MC1,84803,0.6752207279205322,0,30,2019-10-10,2019-11-08
MC1,84831,0.6620990633964539,0,30,2019-10-10,2019-11-08
MC1,84838,0.7109736204147339,0,30,2019-10-10,2019-11-08
MC1,85186,0.39504554867744446,0,30,2019-09-10,2019-11-08
MC1,85448,0.5937532186508179,0,30,2019-10-10,2019-11-08
MC1,85460,0.4079735279083252,0,30,2019-09-14,2019-10-13
MC1,85622,0.7545692324638367,0,30,2019-10-10,2019-11-08
MC1,86059,0.38458725810050964,0,30,2019-05-27,2019-08-08
MC1,86076,0.618757426738739,0,30,2019-09-19,2019-10-18
MC1,86148,0.8667258620262146,0,30,2019-10-10,2019-11-08
MC1,86150,0.8508138656616211,0,30,2019-10-10,2019-11-08
MC1,86194,0.3692525327205658,0,30,2019-10-10,2019-11-08
MC1,86631,0.867530345916748,0,30,2019-10-10,2019-11-08
MC1,86755,0.7261828780174255,0,30,2019-10-10,2019-11-08
MC1,86802,0.3854466378688812,0,30,2019-05-31,2019-07-29
MC1,87135,0.6226989030838013,0,30,2019-01-03,2019-04-10
MC1,87150,0.7818353176116943,0,30,2019-08-27,2019-09-25
MC1,87353,0.778091549873352,0,30,2019-10-10,2019-11-08
MC1,87359,0.39965111017227173,0,30,2018-08-11,2018-09-09
MC1,87471,0.7353000640869141,0,30,2019-10-10,2019-11-08
MC1,87503,0.7609290480613708,0,30,2019-09-19,2019-10-18
MC1,87625,0.6582990884780884,0,30,2019-09-16,2019-10-15
MC1,87695,0.6613670587539673,0,30,2019-09-17,2019-10-16
MC1,87807,0.8479400277137756,0,30,2019-10-02,2019-10-31
MC1,88005,0.5710241794586182,0,30,2019-09-05,2019-11-03
MC1,88006,0.43486663699150085,0,30,2019-10-10,2019-11-08
MC1,88040,0.9011184573173523,0,30,2019-07-18,2019-11-02
MC1,88131,0.826187014579773,0,30,2019-10-10,2019-11-08
MC1,88141,0.6033264994621277,0,30,2019-10-10,2019-11-08
MC1,88440,0.38497304916381836,0,30,2019-08-23,2019-09-21
MC1,88567,0.7766777873039246,0,30,2019-09-21,2019-10-20
MC1,88572,0.9093456268310547,0,30,2019-10-10,2019-11-08
MC1,88602,0.6983422636985779,0,30,2019-10-10,2019-11-08
MC1,88691,0.8253247141838074,0,30,2019-08-11,2019-10-21
MC1,88786,0.8807098269462585,0,30,2019-08-12,2019-09-10
MC1,88888,0.8565383553504944,0,30,2019-09-10,2019-10-09
MC1,89023,0.7662479877471924,0,30,2019-10-10,2019-11-08
MC1,89100,0.7235826253890991,0,30,2019-08-31,2019-09-29
MC1,89164,0.6320873498916626,0,30,2019-06-12,2019-09-09
MC1,89387,0.873770534992218,0,30,2019-10-10,2019-11-08
MC1,89454,0.42282360792160034,0,30,2019-03-24,2019-04-22
MC1,89491,0.7325955629348755,0,30,2019-10-10,2019-11-08
MC1,89578,0.7483381628990173,0,30,2019-10-10,2019-11-08
MC1,89756,0.3758881688117981,0,30,2018-09-24,2018-10-23
MC1,89785,0.7266185879707336,0,30,2019-10-10,2019-11-08
MC1,89850,0.4649619460105896,0,30,2019-10-10,2019-11-08
MC1,90005,0.6554264426231384,0,30,2019-09-02,2019-10-31
MC1,90062,0.871421754360199,0,30,2019-09-10,2019-10-09
MC1,90473,0.5467485189437866,0,30,2019-08-14,2019-09-12
MC1,90498,0.7434805035591125,0,30,2019-10-10,2019-11-08
MC1,90574,0.6611637473106384,0,30,2019-08-25,2019-09-23
MC1,90593,0.5138446688652039,0,8,2018-06-13,2018-07-26
MC1,90603,0.4754236042499542,0,30,2019-10-10,2019-11-08
MC1,91051,0.3848869502544403,0,30,2019-08-11,2019-11-08
MC1,91118,0.8793307542800903,0,30,2019-10-10,2019-11-08
MC1,91132,0.586048424243927,0,30,2019-09-09,2019-11-08
MC1,91151,0.7508149147033691,0,30,2019-10-10,2019-11-08
MC1,91538,0.5052351355552673,0,30,2019-10-10,2019-11-08
MC1,91574,0.8894674777984619,0,30,2019-10-10,2019-11-08
MC1,91723,0.6654868125915527,0,30,2019-09-01,2019-11-08
MC1,91767,0.6717938184738159,0,30,2019-09-09,2019-11-08
MC1,91818,0.7329649329185486,0,30,2019-03-10,2019-11-08
MC1,91907,0.4919806122779846,0,30,2019-10-10,2019-11-08
MC1,91979,0.8878226280212402,0,30,2019-09-09,2019-11-08
MC1,92091,0.5810664892196655,0,30,2019-09-19,2019-10-18
MC1,92388,0.7147331237792969,0,30,2019-10-04,2019-11-02
MC1,92599,0.860929548740387,0,30,2019-10-03,2019-11-01
MC1,92731,0.4757682681083679,0,30,2019-10-10,2019-11-08
MC1,92750,0.6217922568321228,0,30,2019-08-20,2019-09-18
MC1,92958,0.8653494119644165,0,30,2019-10-10,2019-11-08
MC1,93073,0.9063258767127991,0,30,2019-08-17,2019-10-16
MC1,93173,0.6835489869117737,0,30,2019-09-19,2019-10-18
MC1,93220,0.6324980854988098,0,30,2019-10-10,2019-11-08
MC1,93507,0.5011361241340637,0,30,2019-10-05,2019-11-03
MC1,93726,0.7052627801895142,1,30,2019-07-26,2019-08-24
MC1,93727,0.4808177947998047,0,13,2019-10-04,2019-10-16
MC1,93916,0.782626748085022,0,30,2019-09-17,2019-10-16
MC1,94112,0.7228028774261475,0,30,2019-10-10,2019-11-08
MC1,94190,0.6112006306648254,0,30,2019-10-10,2019-11-08
MC1,94445,0.6591550707817078,0,30,2019-10-10,2019-11-08
MC1,94532,0.8617273569107056,0,30,2019-10-10,2019-11-08
MC1,94608,0.6729077696800232,0,30,2019-09-16,2019-10-15
MC1,94623,0.9760149121284485,0,30,2019-09-18,2019-10-17
MC1,95081,0.38017934560775757,0,30,2019-04-01,2019-04-30
MC1,95090,0.7686546444892883,0,30,2019-10-10,2019-11-08
MC1,95146,0.8287919759750366,0,30,2019-09-05,2019-11-08
MC1,95148,0.8287941813468933,0,30,2019-09-05,2019-11-08
MC1,95360,0.8435205817222595,0,30,2019-09-19,2019-10-18
MC1,95587,0.8676604628562927,0,30,2019-10-05,2019-11-03
MC1,95605,0.8024355173110962,0,30,2019-10-10,2019-11-08
MC1,95608,0.8024355173110962,0,30,2019-10-10,2019-11-08
MC1,95672,0.7849467992782593,1,30,2019-09-07,2019-10-06
MC1,95716,0.7919698357582092,0,30,2019-10-10,2019-11-08
MC1,95718,0.7344399690628052,0,30,2019-10-10,2019-11-08
MC1,95852,0.768019437789917,0,30,2019-10-10,2019-11-08
MC1,95897,0.6799049377441406,0,30,2019-10-10,2019-11-08
MC1,95958,0.9082399606704712,0,30,2019-10-10,2019-11-08
MC1,96232,0.7638655304908752,0,30,2019-07-25,2019-08-23
MC1,96277,0.7621777653694153,0,30,2019-09-20,2019-10-19
MC1,96686,0.3794325292110443,0,30,2019-08-16,2019-11-08
MC1,96755,0.5244587063789368,0,30,2019-09-19,2019-10-18
MC1,96779,0.6079608201980591,0,30,2019-10-02,2019-10-31
MC1,97006,0.7356693148612976,0,30,2019-10-10,2019-11-08
MC1,97044,0.634164035320282,0,30,2019-09-02,2019-10-31
MC1,97096,0.4616420269012451,0,30,2019-09-09,2019-10-08
MC1,97535,0.6463232040405273,0,30,2019-06-04,2019-08-02
MC1,97557,0.7263854146003723,0,30,2019-10-10,2019-11-08
MC1,97661,0.7128013968467712,1,30,2019-05-14,2019-09-09
MC1,97673,0.5423225164413452,0,30,2019-03-16,2019-05-14
MC1,97757,0.857204258441925,0,30,2019-08-29,2019-11-08
MC1,97826,0.8413019776344299,0,30,2019-09-10,2019-11-08
MC1,97967,0.43105101585388184,0,30,2019-10-10,2019-11-08
MC1,97977,0.8634501099586487,0,30,2019-10-10,2019-11-08
MC1,98009,0.41523709893226624,0,30,2019-09-18,2019-10-17
MC1,98029,0.4344622790813446,0,30,2019-06-01,2019-09-21
MC1,98108,0.41461384296417236,0,30,2019-10-10,2019-11-08
MC1,98153,0.9075766801834106,0,30,2019-09-10,2019-11-08
MC1,98303,0.7794768214225769,0,30,2019-10-10,2019-11-08
MC1,98363,0.41362297534942627,0,30,2019-09-27,2019-10-26
MC1,98447,0.694301426410675,0,30,2019-10-10,2019-11-08
MC1,98702,0.5114542841911316,0,30,2019-09-10,2019-11-08
MC1,98852,0.4431653618812561,0,30,2019-08-25,2019-11-01
MC1,99021,0.9076786637306213,0,30,2019-10-10,2019-11-08
MC1,99161,0.665468156337738,0,30,2019-09-02,2019-10-01
MC1,99209,0.6701869368553162,0,30,2019-09-18,2019-10-17
MC1,99371,0.6305253505706787,0,30,2019-07-19,2019-08-17
MC1,99390,0.6398917436599731,0,30,2019-08-20,2019-09-18
MC1,99396,0.6398917436599731,0,30,2019-08-20,2019-09-18
MC1,99513,0.6631708145141602,0,30,2019-10-10,2019-11-08
MC1,99520,0.9061855673789978,0,30,2019-09-09,2019-11-08
MC1,100030,0.7625874876976013,0,30,2019-09-09,2019-11-08
MC1,100103,0.9121209979057312,0,30,2019-09-10,2019-11-08
MC1,100124,0.6992864608764648,0,30,2019-08-18,2019-11-08
MC1,100154,0.6211357116699219,0,30,2019-09-09,2019-11-08
MC1,100163,0.701509952545166,0,30,2019-05-22,2019-08-30
MC1,100249,0.7849928736686707,1,30,2019-06-12,2019-09-13
MC1,100376,0.8984581232070923,0,30,2019-10-10,2019-11-08
MC1,100470,0.47672975063323975,0,30,2019-09-09,2019-11-08
MC1,100595,0.6118174195289612,0,30,2019-10-10,2019-11-08
MC1,100643,0.585499107837677,0,30,2019-10-10,2019-11-08
MC1,100921,0.6261663436889648,0,30,2019-10-10,2019-11-08
MC1,101310,0.5121321082115173,0,30,2019-09-17,2019-10-16
MC1,101457,0.7028934359550476,0,30,2019-09-10,2019-11-08
MC1,101486,0.44269177317619324,0,30,2019-06-03,2019-11-08
MC1,101552,0.3871048390865326,0,30,2018-07-23,2018-08-21
MC1,101665,0.6170098781585693,0,30,2019-10-10,2019-11-08
MC1,101789,0.43888700008392334,0,30,2019-09-09,2019-11-08
MC1,101877,0.7201910614967346,0,30,2019-09-09,2019-11-08
MC1,102106,0.8825564980506897,0,30,2019-06-07,2019-08-31
MC1,102129,0.7158793210983276,0,30,2019-04-21,2019-05-20
MC1,102327,0.6160265207290649,0,30,2019-03-03,2019-04-01
MC1,102330,0.7593736052513123,0,30,2019-08-26,2019-09-24
MC1,102465,0.6102942824363708,0,30,2019-10-10,2019-11-08
MC1,102576,0.5116493701934814,0,30,2019-10-10,2019-11-08
MC1,102721,0.5716684460639954,0,30,2019-10-10,2019-11-08
MC1,102907,0.6091405749320984,0,30,2019-10-01,2019-10-30
MC1,102980,0.8990542888641357,0,30,2019-04-22,2019-11-08
MC1,103019,0.6308044791221619,0,30,2019-10-10,2019-11-08
MC1,103151,0.5919156074523926,0,30,2019-10-05,2019-11-03
MC1,103409,0.4942806661128998,0,30,2019-09-17,2019-10-16
MC1,103741,0.844160795211792,0,30,2019-08-05,2019-10-18
MC1,103766,0.7214558124542236,0,30,2019-10-10,2019-11-08
MC1,103810,0.8064689636230469,0,30,2019-09-23,2019-10-22
MC1,104182,0.48673099279403687,0,30,2019-09-17,2019-10-16
MC1,104235,0.7455213665962219,0,30,2019-10-10,2019-11-08
MC1,104337,0.7015634775161743,0,30,2019-09-10,2019-10-09
MC1,104606,0.576210081577301,0,30,2019-09-10,2019-11-08
MC1,104651,0.44397738575935364,0,30,2019-10-10,2019-11-08
MC1,104837,0.6119187474250793,0,30,2019-07-27,2019-08-25
MC1,104892,0.39480477571487427,0,30,2019-09-08,2019-11-08
MC1,105051,0.6718907952308655,0,30,2019-05-25,2019-08-22
MC1,105263,0.8653338551521301,0,30,2019-10-10,2019-11-08
MC1,105580,0.8769877552986145,0,30,2019-09-19,2019-10-18
MC1,105685,0.5177204012870789,0,30,2019-10-10,2019-11-08
MC1,105857,0.38511502742767334,0,30,2019-10-10,2019-11-08
MC1,105863,0.38512536883354187,0,30,2019-10-10,2019-11-08
MC1,105873,0.7939406037330627,0,30,2019-09-13,2019-10-12
MC1,105962,0.3992787301540375,0,22,2019-10-18,2019-11-08
MC1,105976,0.8309911489486694,0,30,2019-09-21,2019-10-20
MC1,105983,0.6377800703048706,0,30,2019-05-14,2019-06-12
MC1,106059,0.47971218824386597,0,30,2019-09-13,2019-10-12
MC1,106090,0.8397935032844543,0,30,2019-10-10,2019-11-08
MC1,106218,0.9049527645111084,0,30,2019-10-03,2019-11-01
MC1,106670,0.8123400807380676,1,30,2019-03-07,2019-04-05
MC1,107096,0.5288358330726624,0,30,2019-10-02,2019-10-31
MC1,107109,0.4981249272823334,0,30,2019-10-10,2019-11-08
MC1,107260,0.7902807593345642,0,30,2019-10-10,2019-11-08
MC1,107312,0.39561083912849426,0,30,2019-09-22,2019-10-21
MC1,107379,0.3736240565776825,0,30,2019-10-10,2019-11-08
MC1,107397,0.48913338780403137,0,30,2019-09-16,2019-10-15
MC1,107453,0.5726203322410583,0,30,2019-09-20,2019-10-19
MC1,107542,0.5840498208999634,0,30,2019-09-10,2019-11-08
MC1,107564,0.6324323415756226,0,30,2019-10-10,2019-11-08
MC1,107690,0.6041856408119202,0,30,2019-08-21,2019-09-19
MC1,107796,0.544134795665741,0,30,2019-10-10,2019-11-08
MC1,107820,0.7518180012702942,0,30,2019-06-08,2019-08-06
MC1,107824,0.6340917348861694,0,30,2019-08-29,2019-10-29
MC1,107910,0.4601910412311554,0,30,2019-09-21,2019-10-20
MC1,108218,0.4829006493091583,0,30,2019-09-06,2019-11-08
MC1,108375,0.6877475380897522,0,30,2019-10-10,2019-11-08
MC1,108572,0.6924426555633545,1,30,2019-03-28,2019-05-26
MC1,108691,0.9153967499732971,0,30,2019-08-06,2019-10-16
MC1,108791,0.7942641377449036,0,30,2019-10-02,2019-10-31
MC1,108834,0.635188102722168,0,30,2019-10-10,2019-11-08
MC1,109123,0.7573204636573792,0,30,2019-10-10,2019-11-08
MC1,109316,0.5873147249221802,0,30,2019-09-16,2019-10-15
MC1,109385,0.5446321964263916,0,30,2019-09-20,2019-10-19
MC1,109538,0.6994130611419678,0,30,2019-09-29,2019-10-28
MC1,109584,0.44895869493484497,0,30,2019-09-17,2019-10-16
MC1,109587,0.4241136610507965,0,30,2019-09-17,2019-10-16
MC1,109628,0.8645157217979431,0,30,2019-09-19,2019-10-18
MC1,109639,0.7945806980133057,0,30,2019-10-10,2019-11-08
MC1,109640,0.7374374866485596,0,30,2019-01-30,2019-02-28
MC1,109680,0.828391432762146,0,30,2019-08-14,2019-10-19
MC1,110058,0.6094620823860168,0,30,2019-10-10,2019-11-08
MC1,110074,0.46734899282455444,0,30,2019-09-20,2019-10-19
MC1,110084,0.9847405552864075,1,30,2018-02-07,2018-03-08
MC1,110101,0.431072473526001,0,30,2019-07-29,2019-10-27
MC1,110468,0.7465451955795288,0,30,2019-10-10,2019-11-08
MC1,110516,0.42483189702033997,0,30,2019-08-08,2019-11-08
MC1,110617,0.6379010677337646,0,30,2019-04-27,2019-05-26
MC1,110697,0.7351548671722412,0,30,2019-10-03,2019-11-01
MC1,110730,0.7842108607292175,0,30,2019-10-10,2019-11-08
MC1,111035,0.8906824588775635,0,30,2019-09-06,2019-11-08
MC1,111064,0.876607358455658,0,30,2019-10-04,2019-11-02
MC1,111143,0.46436628699302673,0,30,2019-08-20,2019-09-18
MC1,111518,0.7534548044204712,1,30,2019-05-04,2019-06-02
MC1,111821,0.6629261374473572,0,30,2019-10-06,2019-11-04
MC1,111967,0.7743628025054932,0,30,2019-09-17,2019-10-16
MC1,112337,0.8817731738090515,0,30,2019-09-09,2019-11-08
MC1,112583,0.6089865565299988,0,30,2019-10-10,2019-11-08
MC1,112587,0.6089865565299988,0,30,2019-09-10,2019-11-08
MC1,112834,0.6050228476524353,0,30,2019-09-10,2019-11-08
MC1,112922,0.7271783351898193,0,30,2019-10-10,2019-11-08
MC1,113023,0.436625212430954,0,30,2019-08-29,2019-10-28
MC1,113391,0.8137065768241882,0,30,2019-09-13,2019-10-12
MC1,113604,0.9031312465667725,0,30,2019-10-10,2019-11-08
MC1,113758,0.781479001045227,0,30,2019-10-10,2019-11-08
MC1,114142,0.7177262902259827,0,30,2019-06-01,2019-07-30
MC1,114496,0.6735917329788208,0,30,2019-06-04,2019-08-02
MC1,114616,0.8421004414558411,0,30,2019-10-10,2019-11-08
MC1,114847,0.8133757710456848,0,30,2019-09-10,2019-11-08
MC1,114936,0.7385283708572388,0,30,2019-10-10,2019-11-08
MC1,115035,0.8566356301307678,0,30,2019-09-10,2019-11-08
MC1,115181,0.5893678665161133,0,30,2019-10-10,2019-11-08
MC1,115315,0.5615912675857544,0,30,2019-10-10,2019-11-08
MC1,115339,0.43017539381980896,0,30,2019-10-10,2019-11-08
MC1,115411,0.7910979390144348,0,30,2019-10-10,2019-11-08
MC1,115414,0.7664909362792969,0,30,2019-10-10,2019-11-08
MC1,115526,0.9082399606704712,0,30,2019-10-10,2019-11-08
MC1,115630,0.9345875382423401,0,30,2019-10-10,2019-11-08
MC1,115743,0.682766318321228,0,30,2019-09-30,2019-10-29
MC1,115779,0.7967827320098877,0,30,2019-08-01,2019-08-30
MC1,115859,0.5178750157356262,0,30,2019-08-11,2019-11-08
MC1,115932,0.7420122623443604,0,30,2019-08-15,2019-09-13
MC1,115974,0.5853257775306702,0,30,2019-10-10,2019-11-08
MC1,116044,0.7617648839950562,0,30,2019-09-12,2019-10-11
MC1,116170,0.35313689708709717,0,30,2019-10-10,2019-11-08
MC1,116208,0.7987504005432129,0,30,2019-08-26,2019-11-08
MC1,116282,0.7818217873573303,0,30,2019-10-10,2019-11-08
MC1,116291,0.5840007066726685,0,30,2019-10-10,2019-11-08
MC1,116537,0.8596151471138,0,30,2019-10-10,2019-11-08
MC1,116709,0.7379032969474792,0,30,2019-09-17,2019-10-16
MC1,116744,0.43517300486564636,0,30,2019-09-17,2019-10-16
MC1,116768,0.745470404624939,0,30,2019-09-13,2019-10-12
MC1,117013,0.9069082140922546,0,30,2019-10-10,2019-11-08
MC1,117125,0.5182464718818665,0,30,2019-08-15,2019-09-13
MC1,117225,0.8888382315635681,0,30,2019-09-14,2019-10-13
MC1,117409,0.5495852828025818,0,30,2019-09-04,2019-10-03
MC1,117413,0.5495852828025818,0,30,2019-09-04,2019-10-03
MC1,117425,0.7279877066612244,0,30,2019-09-09,2019-11-08
MC1,117615,0.7735010981559753,0,30,2019-08-19,2019-10-17
MC1,117807,0.5439087152481079,0,30,2019-10-10,2019-11-08
MC1,117827,0.6221697926521301,0,30,2019-10-10,2019-11-08
MC1,118255,0.566435694694519,0,30,2019-09-17,2019-10-16
MC1,118328,0.7246769070625305,0,30,2019-10-10,2019-11-08
MC1,118431,0.742259681224823,0,30,2019-10-10,2019-11-08
MC1,118512,0.4039866328239441,0,30,2019-09-09,2019-11-08
MC1,118527,0.4010951519012451,0,30,2019-09-19,2019-10-18
MC1,118835,0.6946178674697876,0,30,2019-09-09,2019-11-08
MC1,118923,0.4404662847518921,0,30,2019-09-26,2019-10-25
MC1,119036,0.7759547829627991,0,30,2019-09-01,2019-11-08
MC1,119096,0.6758696436882019,0,30,2019-10-10,2019-11-08
MC1,119317,0.6054508686065674,0,30,2019-10-06,2019-11-04
MC1,119336,0.39827001094818115,0,30,2019-07-31,2019-11-08
MC1,119361,0.8656249046325684,0,30,2019-09-09,2019-11-08
MC1,119468,0.479577898979187,0,30,2019-10-10,2019-11-08
MC1,119554,0.6816964745521545,0,30,2019-05-14,2019-06-12
MC1,119985,0.7855779528617859,0,30,2019-10-10,2019-11-08
MC1,120203,0.45496073365211487,0,30,2019-09-17,2019-10-16
MC1,120464,0.821715235710144,0,30,2019-05-07,2019-10-31
MC1,120689,0.6444575786590576,0,30,2019-10-10,2019-11-08
MC1,120814,0.8686144948005676,0,30,2019-10-10,2019-11-08
MC1,121008,0.48673099279403687,0,30,2019-09-17,2019-10-16
MC1,121051,0.48569774627685547,0,30,2019-08-05,2019-10-31
MC1,121170,0.5000016093254089,0,30,2019-09-28,2019-10-27
MC1,121281,0.6037425398826599,0,30,2019-10-10,2019-11-08
MC1,121355,0.6510508060455322,0,30,2019-10-10,2019-11-08
MC1,121452,0.62151038646698,0,30,2019-10-10,2019-11-08
MC1,121462,0.3466281592845917,0,30,2019-09-15,2019-10-14
MC1,121489,0.7197507619857788,0,30,2019-08-26,2019-10-31
MC1,121781,0.6237130165100098,0,30,2019-07-17,2019-08-15
MC1,121911,0.3814803659915924,0,30,2019-09-24,2019-10-23
MC1,121926,0.5113619565963745,0,30,2019-10-10,2019-11-08
MC1,122072,0.859916090965271,0,30,2019-10-10,2019-11-08
MC1,122086,0.7810599207878113,0,30,2019-10-10,2019-11-08
MC1,122124,0.7580909132957458,0,30,2019-09-19,2019-10-18
MC1,122154,0.7925019860267639,0,30,2019-10-10,2019-11-08
MC1,122179,0.703959047794342,0,30,2019-10-10,2019-11-08
MC1,122188,0.561041533946991,0,30,2019-09-04,2019-10-03
MC1,122381,0.6107245683670044,0,30,2019-10-10,2019-11-08
MC1,122737,0.8846198916435242,0,30,2019-09-19,2019-10-18
MC1,122934,0.8682736754417419,0,30,2019-10-10,2019-11-08
MC1,122940,0.4852273166179657,0,1,2019-11-08,2019-11-08
MC1,123030,0.5977715253829956,0,30,2019-09-22,2019-10-21
MC1,123281,0.746334433555603,0,30,2019-09-10,2019-11-08
MC1,123403,0.6295077800750732,0,30,2019-09-13,2019-10-12
MC1,123545,0.6546826362609863,0,30,2019-04-19,2019-07-17
MC1,123826,0.9120813012123108,0,30,2019-10-10,2019-11-08
MC1,123834,0.8763774037361145,0,30,2019-09-18,2019-10-17
MC1,123923,0.6139472723007202,0,30,2019-10-10,2019-11-08
MC1,124033,0.5073602199554443,1,30,2018-09-22,2018-12-23
MC1,124041,0.6073431372642517,0,30,2019-10-10,2019-11-08
MC1,124321,0.3984241187572479,0,30,2019-10-10,2019-11-08
MC1,124367,0.6795260310173035,0,30,2019-10-10,2019-11-08
MC1,124415,0.40883392095565796,0,30,2019-10-10,2019-11-08
MC1,124625,0.3992752730846405,0,30,2019-09-20,2019-10-19
MC1,124849,0.969773530960083,0,30,2019-10-10,2019-11-08
MC1,124953,0.6781197190284729,0,30,2019-10-10,2019-11-08
MC1,125438,0.4624249041080475,0,30,2019-10-10,2019-11-08
MC1,125473,0.7203232645988464,0,30,2019-10-10,2019-11-08
MC1,125588,0.5447096228599548,0,30,2019-10-10,2019-11-08
MC1,125602,0.5458770394325256,0,30,2019-10-10,2019-11-08
MC1,125636,0.8287159204483032,0,30,2019-09-17,2019-10-16
MC1,125869,0.727205216884613,0,30,2019-06-12,2019-11-08
MC1,125925,0.803593099117279,0,30,2019-08-14,2019-09-12
MC1,126038,0.4249264895915985,0,30,2019-04-20,2019-11-08
MC1,126069,0.7972210645675659,0,30,2019-10-10,2019-11-08
MC1,126116,0.6606140732765198,0,30,2019-10-10,2019-11-08
MC1,126125,0.8099676370620728,1,30,2019-09-15,2019-10-14
MC1,126254,0.8252027630805969,0,30,2019-08-23,2019-09-21
MC1,126644,0.39891868829727173,0,30,2019-09-10,2019-11-08
MC1,126955,0.7190001606941223,0,30,2019-10-10,2019-11-08
MC1,126972,0.3898397386074066,0,30,2019-09-10,2019-11-08
MC1,126974,0.3898397386074066,0,30,2019-09-10,2019-11-08
MC1,127075,0.786099374294281,0,30,2019-10-10,2019-11-08
MC1,127186,0.41391927003860474,0,30,2019-10-10,2019-11-08
MC1,127198,0.8738179802894592,0,30,2019-10-10,2019-11-08
MC1,127342,0.3783116936683655,0,30,2019-10-10,2019-11-08
MC1,127493,0.43925848603248596,0,30,2018-03-24,2018-05-30
MC1,127655,0.701688289642334,0,30,2019-09-10,2019-10-09
MC1,127740,0.7524814009666443,0,30,2019-09-11,2019-10-10
MC1,127835,0.3996681571006775,1,30,2019-04-20,2019-08-20
MC1,128003,0.7217828631401062,0,30,2019-09-16,2019-10-15
MC1,128037,0.5183290243148804,0,30,2019-08-18,2019-10-16
MC1,128121,0.38667863607406616,0,30,2019-10-10,2019-11-08
MC1,128150,0.7890151739120483,0,30,2019-10-10,2019-11-08
MC1,128276,0.769700825214386,0,30,2019-10-10,2019-11-08
MC1,128278,0.7906132340431213,0,30,2019-10-10,2019-11-08
MC1,128447,0.905225396156311,0,30,2019-10-10,2019-11-08
MC1,128517,0.8082457184791565,0,30,2019-09-17,2019-10-16
MC1,128590,0.4515238106250763,0,30,2019-08-28,2019-11-08
MC1,129240,0.8218531012535095,0,30,2019-09-20,2019-10-19
MC1,129390,0.3506210744380951,0,30,2018-06-26,2018-07-25
MC1,129444,0.8638461828231812,0,30,2019-09-06,2019-11-05
MC1,129774,0.8878226280212402,0,30,2019-09-09,2019-11-08
MC1,129821,0.5437355637550354,0,30,2019-10-10,2019-11-08
MC1,129906,0.7062087655067444,0,30,2019-10-10,2019-11-08
MC1,129913,0.37636032700538635,0,30,2019-10-08,2019-11-06
MC1,129940,0.861514687538147,0,30,2019-09-06,2019-11-08
MC1,129961,0.42058536410331726,0,30,2019-10-02,2019-10-31
MC1,130000,0.8900079727172852,0,30,2019-10-10,2019-11-08
MC1,130025,0.8084099888801575,0,30,2019-08-14,2019-10-12
MC1,130186,0.43751388788223267,0,30,2019-10-10,2019-11-08
MC1,130233,0.5041192770004272,0,30,2019-10-10,2019-11-08
MC1,130425,0.6527453660964966,0,30,2019-09-13,2019-10-12
MC1,130438,0.7514916062355042,0,30,2019-09-09,2019-11-08
MC1,130497,0.5034876465797424,1,30,2019-10-10,2019-11-08
MC1,130543,0.6222536563873291,0,30,2019-08-18,2019-09-16
MC1,130668,0.790539562702179,0,30,2019-10-09,2019-11-07
MC1,130674,0.2917589545249939,1,30,2019-10-09,2019-11-07
MC1,130701,0.8614969849586487,0,30,2019-09-17,2019-10-16
MC1,130748,0.6043509244918823,0,30,2019-09-01,2019-10-31
MC1,130769,0.4970616400241852,0,30,2019-10-10,2019-11-08
MC1,131105,0.8454670310020447,0,30,2019-10-10,2019-11-08
MC1,131227,0.8968302011489868,0,30,2019-02-12,2019-11-08
MC1,131280,0.8162655234336853,0,30,2019-10-10,2019-11-08
MC1,131302,0.43117785453796387,0,30,2019-09-17,2019-10-16
MC1,131621,0.6018417477607727,1,30,2019-02-10,2019-04-12
MC1,131735,0.8855813145637512,0,30,2019-09-06,2019-10-05
MC1,131928,0.5347442626953125,0,30,2019-10-10,2019-11-08
MC1,131984,0.5558446049690247,0,30,2019-06-06,2019-09-23
MC1,132006,0.39746180176734924,0,30,2019-09-10,2019-11-08
MC1,132025,0.6841244101524353,1,30,2019-04-16,2019-05-15
MC1,132054,0.49286606907844543,0,30,2019-08-04,2019-11-08
MC1,132070,0.8840950131416321,0,30,2019-10-10,2019-11-08
MC1,132096,0.5010221600532532,0,30,2019-09-17,2019-10-16
MC1,132426,0.7746121287345886,0,30,2019-09-18,2019-10-17
MC1,132446,0.865011990070343,0,30,2019-10-10,2019-11-08
MC1,132481,0.6987261772155762,0,30,2019-09-20,2019-10-19
MC1,132936,0.6551422476768494,0,30,2019-10-10,2019-11-08
MC1,132963,0.8074578642845154,0,30,2019-10-10,2019-11-08
MC1,132988,0.4528491199016571,0,30,2018-08-11,2018-09-09
MC1,133007,0.7007174491882324,0,30,2019-05-01,2019-11-08
MC1,133044,0.3969075679779053,1,30,2018-09-12,2018-12-31
MC1,133323,0.6000416874885559,0,30,2019-10-10,2019-11-08
MC1,133340,0.9176833033561707,0,30,2019-09-23,2019-10-22
MC1,133403,0.6609565615653992,0,30,2019-10-10,2019-11-08
MC1,133413,0.5840386748313904,0,30,2019-10-10,2019-11-08
MC1,133552,0.7535579204559326,0,30,2019-08-18,2019-11-08
MC1,133902,0.724502444267273,0,30,2019-10-10,2019-11-08
MC1,133912,0.5640011429786682,0,30,2019-08-17,2019-09-15
MC1,134063,0.9358452558517456,0,30,2019-10-04,2019-11-02
MC1,134232,0.7289094924926758,0,30,2019-09-16,2019-10-15
MC1,134437,0.43850573897361755,0,30,2019-09-18,2019-10-17
MC1,134501,0.7390303611755371,0,30,2019-09-09,2019-11-08
MC1,134520,0.41492682695388794,0,30,2019-08-30,2019-09-28
MC1,134554,0.5719692707061768,0,30,2019-09-17,2019-10-16
MC1,134628,0.7527658343315125,0,30,2019-09-19,2019-10-18
MC1,134634,0.4824356138706207,0,30,2018-03-20,2018-04-18
MC1,134668,0.8345255851745605,0,30,2019-10-09,2019-11-07
MC1,134684,0.8011265993118286,0,30,2019-09-18,2019-10-17
MC1,134687,0.7730979919433594,0,30,2019-09-18,2019-10-17
MC1,134941,0.42293715476989746,0,30,2019-10-10,2019-11-08
MC1,135059,0.2583845555782318,0,30,2019-09-10,2019-11-08
MC1,135144,0.8384026885032654,0,30,2019-10-10,2019-11-08
MC1,135185,0.7370766401290894,0,30,2019-10-10,2019-11-08
MC1,135355,0.6149063110351562,0,30,2019-10-10,2019-11-08
MC1,135388,0.8754717111587524,0,30,2019-10-02,2019-10-31
MC1,135423,0.5906367897987366,0,30,2019-09-06,2019-11-04
MC1,135427,0.34048324823379517,0,30,2019-09-10,2019-11-08
MC1,135532,0.6131432056427002,0,30,2019-10-10,2019-11-08
MC1,135637,0.8552595376968384,0,30,2019-10-10,2019-11-08
MC1,135733,0.7999038100242615,0,30,2019-09-20,2019-10-19
MC1,135819,0.7774367928504944,0,30,2019-09-20,2019-10-19
MC1,135986,0.36368614435195923,0,30,2019-09-17,2019-10-16
MC1,136091,0.39596205949783325,0,30,2019-08-15,2019-11-08
MC1,136228,0.42627084255218506,0,30,2019-09-12,2019-10-11
MC1,136625,0.4627790153026581,0,30,2019-09-09,2019-11-08
MC1,136682,0.37121912837028503,0,30,2019-08-17,2019-09-15
MC1,136859,0.47977694869041443,0,30,2019-10-10,2019-11-08
MC1,137196,0.7054192423820496,0,30,2019-10-10,2019-11-08
MC1,137394,0.862149715423584,0,30,2019-09-25,2019-10-24
MC1,137514,0.6917437314987183,0,30,2019-09-10,2019-11-08
MC1,137564,0.5854880213737488,0,30,2019-06-06,2019-08-28
MC1,137866,0.7552704811096191,0,30,2019-09-17,2019-10-16
MC1,137945,0.5080654621124268,0,30,2019-10-10,2019-11-08
MC1,137956,0.8701176643371582,0,30,2019-10-04,2019-11-02
MC1,138052,0.8661972880363464,1,30,2019-10-10,2019-11-08
MC1,138053,0.5269179344177246,0,30,2019-09-09,2019-11-08
MC1,138066,0.3849656581878662,0,30,2019-07-17,2019-08-15
MC1,138101,0.8173753023147583,1,30,2019-06-08,2019-09-04
MC1,138365,0.7584027647972107,0,30,2019-10-05,2019-11-03
MC1,138398,0.39952754974365234,0,30,2018-07-09,2018-09-06
MC1,138465,0.4696458876132965,0,30,2019-09-06,2019-11-08
MC1,138494,0.6877475380897522,0,30,2019-10-10,2019-11-08
MC1,138828,0.7978480458259583,0,30,2019-09-29,2019-10-28
MC1,138983,0.8451672792434692,0,30,2018-09-30,2019-10-18
MC1,139008,0.4370719790458679,0,30,2019-09-10,2019-11-08
MC1,139198,0.42704394459724426,0,30,2019-09-09,2019-11-08
MC1,139238,0.40293484926223755,0,30,2019-08-18,2019-09-16
MC1,139622,0.6998924016952515,0,30,2019-09-19,2019-10-18
MC1,139634,0.9723959565162659,0,30,2019-10-10,2019-11-08
MC1,139776,0.585114598274231,0,30,2019-05-14,2019-06-12
MC1,140030,0.8727492094039917,0,30,2019-10-03,2019-11-01
MC1,140265,0.7358274459838867,0,30,2019-09-16,2019-10-15
MC1,140276,0.7801366448402405,0,30,2019-10-10,2019-11-08
MC1,140350,0.3739981949329376,0,30,2019-08-11,2019-11-08
MC1,140511,0.6729551553726196,0,30,2019-09-06,2019-11-08
MC1,140520,0.7225565314292908,0,30,2019-09-09,2019-11-08
MC1,140665,0.8054380416870117,0,30,2019-08-30,2019-10-29
MC1,140695,0.45061957836151123,0,30,2019-06-06,2019-11-08
MC1,140815,0.7922007441520691,0,30,2019-09-13,2019-10-12
MC1,140867,0.35577648878097534,1,30,2018-06-10,2018-07-09
MC1,141039,0.479511559009552,0,21,2019-08-30,2019-09-19
MC1,141073,0.5438423752784729,0,30,2019-10-10,2019-11-08
MC1,141130,0.766025722026825,0,30,2019-09-16,2019-10-15
MC1,141155,0.6528018116950989,0,30,2019-08-28,2019-10-27
MC1,141205,0.4871765971183777,0,30,2019-10-10,2019-11-08
MC1,141250,0.6446691751480103,0,30,2019-09-03,2019-10-02
MC1,141330,0.7967621088027954,0,30,2019-10-10,2019-11-08
MC1,141443,0.4233979880809784,0,30,2019-07-30,2019-10-19
MC1,141603,0.37698498368263245,0,30,2019-10-03,2019-11-01
MC1,142045,0.6234583854675293,0,30,2019-08-21,2019-10-19
MC1,142161,0.47477054595947266,1,30,2019-02-05,2019-03-06
MC1,142577,0.40592268109321594,0,30,2019-09-17,2019-10-16
MC1,142753,0.8883915543556213,0,30,2019-10-10,2019-11-08
MC1,142801,0.7519587278366089,0,30,2019-04-16,2019-11-08
MC1,142821,0.42682018876075745,0,30,2019-09-17,2019-10-16
MC1,143158,0.990511953830719,1,30,2018-05-26,2018-06-24
MC1,143343,0.4316697120666504,0,30,2019-09-07,2019-11-08
MC1,143359,0.8243796825408936,0,30,2019-10-10,2019-11-08
MC1,143459,0.5858578681945801,0,30,2019-09-20,2019-10-19
MC1,143800,0.9225286245346069,0,30,2019-10-10,2019-11-08
MC1,143862,0.7984005808830261,0,30,2019-09-30,2019-10-29
MC1,143877,0.6405794024467468,0,30,2019-09-02,2019-11-03
MC1,143945,0.8197705745697021,0,30,2019-09-28,2019-10-27
MC1,144154,0.7074628472328186,0,30,2019-10-10,2019-11-08
MC1,144541,0.8155210614204407,0,30,2019-09-21,2019-10-20
MC1,144589,0.6381453275680542,0,30,2019-03-13,2019-10-28
MC1,144662,0.7589265704154968,1,30,2018-02-18,2018-03-19
MC1,144932,0.7113420367240906,0,30,2019-08-31,2019-09-29
MC1,144960,0.6803960204124451,0,30,2019-08-25,2019-11-05
MC1,145009,0.7010009288787842,0,30,2019-07-24,2019-08-22
MC1,145013,0.6957964897155762,0,30,2019-09-10,2019-11-08
MC1,145182,0.6324855089187622,1,30,2019-02-14,2019-03-15
MC1,145423,0.661989152431488,0,30,2019-10-10,2019-11-08
MC1,145434,0.4313904345035553,0,30,2019-10-10,2019-11-08
MC1,145526,0.497630774974823,0,30,2019-09-09,2019-11-08
MC1,145563,0.4860736131668091,0,30,2019-10-10,2019-11-08
MC1,146045,0.29174214601516724,0,30,2019-10-10,2019-11-08
MC1,146153,0.4554976224899292,0,30,2019-10-10,2019-11-08
MC1,146177,0.3787274956703186,0,30,2019-10-10,2019-11-08
MC1,146280,0.5927259922027588,0,30,2019-08-20,2019-10-18
MC1,146373,0.4064006805419922,0,30,2019-08-24,2019-09-22
MC1,146377,0.3974573612213135,0,30,2019-08-24,2019-09-22
MC1,146386,0.7700082063674927,0,30,2019-10-10,2019-11-08
MC1,146617,0.35637369751930237,1,30,2018-07-02,2018-08-31
MC1,146732,0.4568771421909332,0,30,2019-09-18,2019-10-17
MC1,146750,0.45707327127456665,0,30,2019-10-10,2019-11-08
MC1,146870,0.8953405618667603,0,30,2019-09-14,2019-10-13
MC1,147177,0.536754846572876,0,30,2019-10-10,2019-11-08
MC1,147780,0.38321560621261597,0,30,2019-03-29,2019-06-12
MC1,147986,0.3923106789588928,0,30,2019-08-18,2019-10-16
MC1,147989,0.3923106789588928,0,30,2019-08-18,2019-10-16
MC1,148177,0.5243241190910339,0,30,2019-06-09,2019-11-08
MC1,148212,0.5944268107414246,0,30,2019-09-23,2019-10-22
MC1,148393,0.7439575791358948,0,30,2019-10-10,2019-11-08
MC1,148765,0.8582963943481445,0,30,2019-10-10,2019-11-08
MC1,149043,0.7654358744621277,0,30,2019-08-18,2019-10-16
MC1,149159,0.5112495422363281,0,30,2019-09-09,2019-11-08
MC1,149286,0.5704805850982666,0,30,2019-10-10,2019-11-08
MC1,149397,0.5220332145690918,0,30,2019-10-10,2019-11-08
MC1,149521,0.44208529591560364,0,30,2019-03-05,2019-04-03
MC1,149640,0.8490946888923645,0,30,2019-10-03,2019-11-01
MC1,149677,0.8972939252853394,0,30,2019-09-09,2019-11-08
MC1,149697,0.6830520629882812,0,30,2019-08-18,2019-09-16
MC1,149717,0.7203575372695923,0,30,2019-09-20,2019-10-19
MC1,149899,0.8060934543609619,0,30,2019-09-16,2019-10-15
MC1,149900,0.8060934543609619,0,30,2019-09-16,2019-10-15
MC1,149940,0.3692525327205658,0,30,2019-10-10,2019-11-08
MC1,150127,0.4411208927631378,0,30,2019-07-25,2019-08-23
MC1,150264,0.6805227398872375,0,30,2019-09-24,2019-10-23
MC1,150534,0.5292196869850159,0,30,2019-07-24,2019-10-31
MC1,150569,0.4013693332672119,0,30,2019-09-18,2019-10-17
MC1,150591,0.8596494197845459,0,30,2019-09-21,2019-10-20
MC1,150620,0.882311999797821,0,30,2019-09-28,2019-10-27
MC1,150691,0.8691036701202393,0,30,2019-10-10,2019-11-08
MC1,150787,0.7408961057662964,0,30,2019-08-25,2019-11-08
MC1,151007,0.3997015357017517,0,30,2019-10-10,2019-11-08
MC1,151075,0.4428371787071228,0,30,2019-09-09,2019-11-08
MC1,151102,0.7293428182601929,0,30,2019-08-29,2019-11-08
MC1,151302,0.8296282887458801,0,30,2019-09-28,2019-10-27
MC1,151526,0.8372077345848083,0,30,2019-09-10,2019-11-08
MC1,151893,0.4302009046077728,0,30,2019-08-18,2019-09-16
MC1,151980,0.7074676156044006,0,30,2019-10-10,2019-11-08
MC1,151991,0.4646754860877991,0,11,2019-10-29,2019-11-08
MC1,152046,0.712234616279602,0,30,2019-10-10,2019-11-08
MC1,152165,0.33910292387008667,0,30,2019-10-10,2019-11-08
MC1,152405,0.4869290888309479,0,30,2019-10-10,2019-11-08
MC1,152648,0.7716867327690125,0,30,2019-10-10,2019-11-08
MC1,152967,0.44086697697639465,0,30,2019-09-19,2019-10-18
MC1,153370,0.3922441303730011,0,30,2019-09-10,2019-11-08
MC1,153457,0.544317364692688,0,30,2019-10-10,2019-11-08
MC1,153883,0.630012571811676,0,30,2019-10-10,2019-11-08
MC1,154030,0.6624974012374878,0,30,2019-10-10,2019-11-08
MC1,154289,0.7764241695404053,1,30,2019-05-14,2019-06-12
MC1,154311,0.3224009871482849,0,30,2019-10-10,2019-11-08
MC1,154461,0.655925452709198,0,30,2019-08-22,2019-10-20
MC1,154470,0.6600323915481567,0,30,2019-07-31,2019-08-29
MC1,154555,0.4214893877506256,0,30,2019-10-10,2019-11-08
MC1,154574,0.8485926389694214,0,30,2019-09-16,2019-10-15
MC1,154848,0.83854740858078,0,30,2019-09-14,2019-10-13
MC1,154916,0.6578535437583923,0,30,2019-09-19,2019-10-18
MC1,154933,0.6330545544624329,0,30,2019-10-10,2019-11-08
MC1,155119,0.8887042999267578,1,30,2019-05-14,2019-06-12
MC1,155177,0.6533099412918091,0,30,2019-09-21,2019-10-20
MC1,155254,0.8300054669380188,0,30,2019-10-10,2019-11-08
MC1,155301,0.6620774865150452,0,30,2019-10-10,2019-11-08
MC1,155385,0.7293793559074402,0,30,2019-10-10,2019-11-08
MC1,155673,0.43667587637901306,0,30,2019-10-09,2019-11-07
MC1,155731,0.8914728760719299,0,30,2019-04-22,2019-11-08
MC1,155755,0.6243001222610474,0,30,2019-10-10,2019-11-08
MC1,155789,0.844777524471283,0,30,2019-09-10,2019-11-08
MC1,155919,0.6407760381698608,0,30,2019-09-19,2019-10-18
MC1,155925,0.6407760381698608,0,30,2019-09-19,2019-10-18
MC1,155973,0.48660123348236084,0,30,2019-10-10,2019-11-08
MC1,155977,0.5633072257041931,0,30,2019-08-28,2019-09-26
MC1,156551,0.4926677942276001,0,30,2019-10-10,2019-11-08
MC1,156780,0.4466756582260132,0,30,2019-09-03,2019-11-01
MC1,156967,0.8547084331512451,0,30,2019-09-06,2019-11-08
MC1,157034,0.7771530151367188,0,30,2019-09-10,2019-10-09
MC1,157042,0.7771530151367188,0,30,2019-09-10,2019-10-09
MC1,157210,0.7939519882202148,0,30,2019-09-13,2019-10-12
MC1,157242,0.742159366607666,0,30,2019-10-10,2019-11-08
MC1,157254,0.4961078464984894,0,30,2019-10-10,2019-11-08
MC1,157296,0.34719783067703247,1,30,2018-03-31,2018-05-29
MC1,157458,0.5055538415908813,0,30,2019-09-10,2019-10-09
MC1,157738,0.4866323173046112,0,30,2019-08-21,2019-09-19
MC1,157877,0.5781118869781494,0,30,2019-09-21,2019-10-20
MC1,157885,0.8778932690620422,0,30,2019-10-10,2019-11-08
MC1,158001,0.877013087272644,0,30,2019-09-01,2019-11-08
MC1,158155,0.7973426580429077,0,30,2019-10-08,2019-11-06
MC1,158389,0.3740510642528534,0,30,2019-04-30,2019-05-29
MC1,158416,0.5086373686790466,0,30,2019-10-03,2019-11-01
MC1,158710,0.451510488986969,0,30,2019-09-09,2019-11-08
MC1,158826,0.527855634689331,0,30,2019-03-09,2019-06-12
MC1,159152,0.4617399573326111,0,30,2019-09-20,2019-10-19
MC1,159189,0.8522382378578186,0,30,2019-10-10,2019-11-08
MC1,159233,0.7425014972686768,0,30,2019-09-16,2019-10-15
MC1,159240,0.8264813423156738,0,30,2019-10-10,2019-11-08
MC1,159252,0.9864488244056702,1,30,2018-10-10,2018-11-08
MC1,159408,0.7793390154838562,0,30,2019-08-14,2019-10-12
MC1,159549,0.8999986052513123,1,30,2019-07-30,2019-08-28
MC1,159682,0.5013269186019897,0,30,2019-10-02,2019-10-31
MC1,159744,0.4337415397167206,0,30,2019-02-09,2019-09-13
MC1,159762,0.633529782295227,0,30,2019-09-20,2019-10-19
MC1,159898,0.4871765971183777,0,30,2019-09-10,2019-11-08
MC1,159933,0.6975021958351135,0,30,2019-05-08,2019-08-31
MC1,159993,0.8699029088020325,0,30,2018-03-20,2018-04-18
MC1,159994,0.6408257484436035,0,30,2019-05-24,2019-07-22
MC1,160142,0.46964725852012634,0,30,2019-09-17,2019-10-16
MC1,160443,0.7050150036811829,0,30,2019-08-21,2019-10-19
MC1,160495,0.7402973771095276,0,30,2019-09-17,2019-10-16
MC1,160577,0.7621809840202332,0,30,2019-09-20,2019-10-19
MC1,160622,0.5787792205810547,0,30,2019-09-19,2019-10-18
MC1,160860,0.3877924382686615,0,30,2019-02-19,2019-03-20
MC1,160897,0.4224766790866852,0,30,2019-08-10,2019-09-08
MC1,160979,0.4486851096153259,0,30,2019-10-10,2019-11-08
MC1,161129,0.7036112546920776,0,30,2019-09-20,2019-10-19
MC1,161184,0.41886869072914124,0,30,2019-08-31,2019-09-29
MC1,161267,0.4272930324077606,0,30,2019-04-27,2019-05-26
MC1,161577,0.9064198732376099,0,30,2019-09-18,2019-10-17
MC1,161609,0.8140414953231812,0,30,2019-09-29,2019-10-28
MC1,161641,0.6756864190101624,0,30,2019-10-05,2019-11-03
MC1,161693,0.465597003698349,0,30,2019-10-10,2019-11-08
MC1,161723,0.804072916507721,0,30,2019-08-15,2019-10-13
MC1,161730,0.8794891238212585,0,30,2019-10-10,2019-11-08
MC1,162099,0.8182666897773743,0,30,2019-10-10,2019-11-08
MC1,162149,0.6619764566421509,0,30,2019-10-10,2019-11-08
MC1,162184,0.7826288938522339,0,30,2019-09-08,2019-11-08
MC1,162370,0.6132641434669495,0,30,2019-09-09,2019-11-08
MC1,162395,0.37742698192596436,1,30,2019-04-28,2019-07-26
MC1,162645,0.5052226781845093,0,30,2019-10-10,2019-11-08
MC1,162949,0.6245619654655457,0,30,2019-08-18,2019-09-16
MC1,163030,0.4517834186553955,0,30,2019-09-16,2019-10-15
MC1,163170,0.8805131912231445,0,30,2019-08-05,2019-10-15
MC1,163337,0.3794325292110443,0,30,2019-08-11,2019-11-08
MC1,163398,0.7260536551475525,0,30,2019-09-14,2019-10-13
MC1,163409,0.9685389399528503,1,30,2019-03-28,2019-05-26
MC1,163472,0.46769607067108154,1,12,2019-08-02,2019-08-13
MC1,163703,0.800545871257782,0,30,2019-10-10,2019-11-08
MC1,163798,0.5884466767311096,0,30,2019-09-17,2019-10-16
MC1,163942,0.7158307433128357,0,30,2019-03-19,2019-10-29
MC1,164018,0.8875543475151062,0,30,2019-09-18,2019-10-17
MC1,164046,0.8925527334213257,0,30,2019-09-06,2019-11-05
MC1,164179,0.765188992023468,0,30,2019-10-10,2019-11-08
MC1,164464,0.875723659992218,0,30,2019-09-10,2019-10-09
MC1,164778,0.8050929307937622,0,30,2019-10-10,2019-11-08
MC1,164781,0.8050936460494995,0,30,2019-10-10,2019-11-08
MC1,164925,0.495948851108551,0,30,2019-09-28,2019-10-27
MC1,164995,0.5267655253410339,0,30,2019-10-10,2019-11-08
MC1,164998,0.9433032274246216,1,30,2019-10-10,2019-11-08
MC1,165026,0.7103968858718872,1,30,2019-09-11,2019-10-10
MC1,165239,0.49918249249458313,0,30,2019-10-10,2019-11-08
MC1,165297,0.8566856980323792,0,30,2019-10-10,2019-11-08
MC1,165307,0.5204671621322632,0,30,2018-08-11,2018-09-09
MC1,165373,0.7797439694404602,0,30,2019-09-13,2019-10-12
MC1,165682,0.776348888874054,0,30,2019-10-10,2019-11-08
MC1,165686,0.44672560691833496,0,30,2019-10-10,2019-11-08
MC1,165875,0.7781891822814941,0,30,2019-08-29,2019-10-27
MC1,166549,0.8921170830726624,0,30,2019-05-12,2019-09-16
MC1,166587,0.6142023205757141,0,30,2019-10-10,2019-11-08
MC1,166623,0.7057152986526489,0,30,2019-07-30,2019-11-08
MC1,166831,0.6603202223777771,0,30,2019-10-10,2019-11-08
MC1,166854,0.7058859467506409,0,30,2019-10-10,2019-11-08
MC1,167118,0.765602707862854,0,30,2019-10-10,2019-11-08
MC1,167297,0.5924211144447327,0,30,2019-09-17,2019-10-16
MC1,167346,0.8211658000946045,0,30,2019-10-10,2019-11-08
MC1,167367,0.43129968643188477,0,30,2019-10-10,2019-11-08
MC1,167427,0.8728737831115723,1,30,2019-07-15,2019-08-13
MC1,167547,0.8958209753036499,0,30,2019-10-10,2019-11-08
MC1,167553,0.8888300061225891,0,30,2019-10-10,2019-11-08
MC1,167828,0.6876131296157837,0,30,2019-10-10,2019-11-08
MC1,167857,0.7394750118255615,0,30,2019-03-26,2019-04-24
MC1,167913,0.8170886635780334,0,30,2019-10-10,2019-11-08
MC1,168345,0.7645727396011353,0,30,2019-09-16,2019-10-15
MC1,168363,0.3794292211532593,0,30,2019-10-10,2019-11-08
MC1,168388,0.8274487853050232,0,30,2019-10-10,2019-11-08
MC1,168467,0.8980896472930908,0,30,2019-10-10,2019-11-08
MC1,168701,0.8431629538536072,1,30,2019-09-24,2019-10-23
MC1,168846,0.7264962792396545,0,30,2019-10-10,2019-11-08
MC1,168938,0.8802056312561035,1,30,2018-10-02,2018-10-31
MC1,169011,0.8695068955421448,0,30,2019-08-28,2019-09-26
MC1,169035,0.894119143486023,0,30,2019-08-21,2019-09-19
MC1,169155,0.768252432346344,0,30,2019-10-10,2019-11-08
MC1,169178,0.3443206548690796,0,30,2019-10-10,2019-11-08
MC1,169402,0.8392106890678406,0,30,2019-10-10,2019-11-08
MC1,169544,0.5064805746078491,0,30,2019-09-10,2019-11-08
MC1,169550,0.39612412452697754,1,30,2018-04-08,2018-06-06
MC1,169560,0.7332504391670227,0,30,2019-09-12,2019-10-11
MC1,169663,0.3969946503639221,0,30,2019-04-23,2019-05-22
MC1,169751,0.9031588435173035,0,30,2019-10-10,2019-11-08
MC1,169792,0.3997395634651184,0,30,2019-04-06,2019-06-12
MC1,169887,0.8356969356536865,0,30,2019-09-09,2019-11-08
MC1,169904,0.5902523398399353,1,30,2019-05-16,2019-07-14
MC1,169955,0.8164927959442139,0,30,2019-10-03,2019-11-01
MC1,170070,0.6782256364822388,0,30,2019-03-07,2019-09-16
MC1,170131,0.8206499814987183,0,30,2019-09-07,2019-10-06
MC1,170149,0.5941701531410217,0,30,2019-09-13,2019-10-12
MC1,170365,0.39714983105659485,0,30,2019-09-12,2019-10-11
MC1,170422,0.507249653339386,0,30,2019-09-17,2019-10-16
MC1,170567,0.3512791693210602,0,30,2019-09-16,2019-10-15
MC1,170708,0.8320367932319641,0,30,2019-10-10,2019-11-08
MC1,170802,0.8925259113311768,0,30,2019-08-25,2019-09-23
MC1,170818,0.8087394833564758,0,30,2019-08-11,2019-10-16
MC1,170879,0.8406978845596313,0,30,2019-09-17,2019-10-16
MC1,171038,0.6101951599121094,0,30,2019-10-10,2019-11-08
MC1,171266,0.8585691452026367,0,30,2019-10-04,2019-11-02
MC1,171271,0.9601335525512695,0,30,2019-10-04,2019-11-02
MC1,171280,0.43466857075691223,0,30,2019-09-01,2019-10-31
MC1,171823,0.7770065665245056,0,30,2019-10-10,2019-11-08
MC1,171890,0.6835641860961914,0,30,2019-09-09,2019-11-08
MC1,171918,0.5783525109291077,0,30,2019-09-17,2019-10-16
MC1,171929,0.6729941964149475,0,30,2019-08-19,2019-11-08
MC1,172096,0.7241821885108948,1,30,2019-07-16,2019-08-14
MC1,172315,0.7772393226623535,0,30,2019-04-23,2019-09-16
MC1,172453,0.777947723865509,0,30,2019-10-10,2019-11-08
MC1,172557,0.5040477514266968,0,1,2019-10-18,2019-10-18
MC1,172689,0.6492398977279663,0,30,2019-10-10,2019-11-08
MC1,172859,0.8868371844291687,0,30,2019-10-10,2019-11-08
MC1,172955,0.8683310151100159,0,30,2019-10-10,2019-11-08
MC1,173065,0.5085290670394897,0,30,2019-07-19,2019-11-08
MC1,173218,0.8530023097991943,0,30,2019-08-18,2019-10-16
MC1,173431,0.38400518894195557,0,30,2018-06-12,2018-07-11
MC1,173647,0.5392810702323914,0,30,2019-09-20,2019-10-19
MC1,173748,0.7458465695381165,0,30,2019-10-10,2019-11-08
MC1,173778,0.6489928960800171,0,30,2019-07-16,2019-09-13
MC1,173897,0.38643717765808105,0,27,2018-09-07,2018-10-03
MC1,173908,0.48089537024497986,0,30,2019-10-10,2019-11-08
MC1,173950,0.6302392482757568,0,30,2019-10-10,2019-11-08
MC1,173977,0.7064230442047119,0,30,2019-10-10,2019-11-08
MC1,174169,0.6710706949234009,0,30,2019-10-04,2019-11-02
MC1,174250,0.8488197326660156,0,30,2019-09-13,2019-10-12
MC1,174258,0.8488197326660156,0,30,2019-09-13,2019-10-12
MC1,174497,0.8924717307090759,0,30,2019-09-10,2019-10-09
MC1,174536,0.4610770046710968,0,30,2019-10-10,2019-11-08
MC1,174570,0.7170848846435547,0,30,2019-02-19,2019-11-08
MC1,174593,0.6443308591842651,0,30,2019-08-31,2019-09-29
MC1,174664,0.6168773174285889,0,30,2019-09-19,2019-10-18
MC1,174665,0.5923890471458435,0,30,2019-08-20,2019-10-18
MC1,174745,0.9359263777732849,1,30,2019-10-10,2019-11-08
MC1,174785,0.45750850439071655,0,30,2019-08-21,2019-10-19
MC1,174805,0.8038702607154846,0,30,2019-10-10,2019-11-08
MC1,174841,0.5610557198524475,0,30,2019-10-10,2019-11-08
MC1,174997,0.7609108686447144,0,30,2019-10-10,2019-11-08
MC1,175055,0.8516677618026733,0,30,2019-10-10,2019-11-08
MC1,175468,0.6044647097587585,0,30,2019-08-15,2019-09-13
MC1,175591,0.44738808274269104,0,30,2019-10-10,2019-11-08
MC1,175789,0.9051239490509033,0,30,2019-10-10,2019-11-08
MC1,176194,0.74697345495224,1,30,2019-09-09,2019-10-08
MC1,176406,0.3758877217769623,0,30,2019-03-28,2019-04-26
MC1,176450,0.5850323438644409,0,30,2019-10-10,2019-11-08
MC1,176635,0.39954444766044617,0,30,2019-09-21,2019-10-20
MC1,176717,0.5661138892173767,0,30,2019-09-17,2019-10-16
MC1,176740,0.8477305769920349,0,30,2019-09-17,2019-10-16
MC1,176823,0.8706994652748108,0,30,2019-08-19,2019-10-17
MC1,177031,0.7476798295974731,0,30,2019-10-10,2019-11-08
MC1,177042,0.8909425139427185,0,30,2019-09-12,2019-10-11
MC1,177432,0.7836360335350037,0,30,2019-09-20,2019-10-19
MC1,177674,0.5050451755523682,0,30,2019-09-10,2019-11-08
MC1,177965,0.5273607969284058,0,30,2019-10-10,2019-11-08
MC1,178030,0.8398654460906982,0,30,2019-10-10,2019-11-08
MC1,178142,0.48275133967399597,0,30,2019-10-10,2019-11-08
MC1,178150,0.4679635167121887,0,30,2019-10-10,2019-11-08
MC1,178361,0.48731672763824463,0,30,2019-10-10,2019-11-08
MC1,178384,0.6350047588348389,0,30,2019-09-09,2019-11-08
MC1,178394,0.4062627851963043,0,30,2019-09-09,2019-11-08
MC1,178480,0.6312685012817383,0,30,2019-10-10,2019-11-08
MC1,178482,0.8451176285743713,0,30,2019-09-23,2019-10-22
MC1,178635,0.3418334424495697,0,30,2019-10-10,2019-11-08
MC1,178766,0.8471487164497375,0,30,2019-05-19,2019-07-17
MC1,178913,0.8628131747245789,0,30,2019-10-10,2019-11-08
MC1,179018,0.8953555822372437,0,30,2019-09-14,2019-10-13
MC1,179174,0.38064685463905334,0,30,2019-04-09,2019-06-12
MC1,179249,0.5598242282867432,0,30,2019-10-10,2019-11-08
MC1,179509,0.6234818696975708,0,30,2019-10-10,2019-11-08
MC1,179539,0.8296255469322205,0,30,2019-08-13,2019-11-08
MC1,179720,0.6563159227371216,0,30,2019-10-10,2019-11-08
MC1,179999,0.40820878744125366,0,30,2019-09-13,2019-10-12
MC1,180030,0.3733700215816498,0,30,2019-09-07,2019-11-08
MC1,180148,0.5673838257789612,0,30,2019-09-19,2019-10-18
MC1,180260,0.8820064663887024,0,30,2019-10-04,2019-11-02
MC1,180582,0.5430911779403687,0,30,2019-05-29,2019-11-08
MC1,180607,0.7569960951805115,0,30,2019-10-01,2019-10-30
MC1,180665,0.5070124864578247,1,30,2019-04-01,2019-06-04
MC1,180811,0.68024742603302,0,30,2019-10-10,2019-11-08
MC1,180833,0.8422422409057617,0,30,2019-09-28,2019-10-27
MC1,180915,0.798733115196228,0,30,2019-09-22,2019-10-21
MC1,181539,0.6845798492431641,0,30,2019-09-19,2019-10-18
MC1,181571,0.7718738317489624,0,30,2019-09-10,2019-10-09
MC1,181584,0.6000839471817017,0,30,2019-08-18,2019-09-16
MC1,181729,0.8775035738945007,1,30,2019-10-10,2019-11-08
MC1,182577,0.7402356266975403,0,30,2019-10-02,2019-10-31
MC1,182639,0.7252830862998962,0,30,2019-08-31,2019-09-29
MC1,182718,0.7970975637435913,1,30,2019-10-03,2019-11-01
MC1,182723,0.8048180937767029,1,30,2019-10-10,2019-11-08
MC1,182878,0.8542612791061401,0,30,2019-09-08,2019-11-08
MC1,183209,0.3964478373527527,0,30,2019-09-24,2019-10-23
MC1,183225,0.7511802315711975,0,30,2019-09-28,2019-10-27
MC1,183676,0.5484057068824768,0,30,2019-10-08,2019-11-06
MC1,183685,0.4054253399372101,0,4,2019-06-12,2019-10-20
MC1,183776,0.6817564964294434,0,30,2019-07-25,2019-08-23
MC1,183933,0.7799214124679565,0,30,2019-09-16,2019-10-15
MC1,184010,0.9077193737030029,0,30,2019-10-10,2019-11-08
MC1,184051,0.6128799319267273,0,30,2019-09-08,2019-11-08
MC1,184115,0.483489453792572,0,23,2019-09-26,2019-10-18
MC1,184119,0.8230990171432495,0,30,2019-06-10,2019-10-18
MC1,184316,0.48668885231018066,0,30,2019-08-18,2019-10-16
MC1,184442,0.8940759897232056,0,30,2019-09-10,2019-10-09
MC1,184625,0.41414856910705566,0,30,2019-04-12,2019-10-19
MC1,184703,0.868908166885376,1,30,2019-04-10,2019-05-09
MC1,184826,0.5610409379005432,0,30,2019-10-10,2019-11-08
MC1,184856,0.6955234408378601,0,30,2019-09-30,2019-10-29
MC1,184924,0.8150678873062134,0,30,2019-10-02,2019-10-31
MC1,184941,0.8490219116210938,0,30,2019-09-14,2019-10-13
MC1,184991,0.5974935293197632,0,30,2019-08-25,2019-11-08
MC1,185035,0.9059646129608154,0,30,2019-09-29,2019-10-28
MC1,185095,0.5849730968475342,0,30,2019-08-23,2019-09-21
MC1,185338,0.4934261739253998,0,30,2019-08-18,2019-10-16
MC1,185532,0.7420388460159302,0,30,2019-10-10,2019-11-08
MC1,185711,0.7908239364624023,0,30,2019-09-05,2019-11-08
MC1,185916,0.6614040732383728,0,30,2019-09-09,2019-11-08
MC1,186002,0.6124804019927979,0,30,2019-10-10,2019-11-08
MC1,186017,0.4909675121307373,0,30,2019-10-10,2019-11-08
MC1,186038,0.4064531922340393,0,30,2019-09-18,2019-10-17
MC1,186122,0.5445321202278137,0,30,2019-10-10,2019-11-08
MC1,186183,0.6602669358253479,0,30,2019-10-10,2019-11-08
MC1,186256,0.7583613991737366,0,30,2019-10-10,2019-11-08
MC1,186307,0.5600084066390991,0,30,2019-10-10,2019-11-08
MC1,186405,0.5848022103309631,0,30,2019-10-10,2019-11-08
MC1,186865,0.7564330697059631,0,30,2019-09-18,2019-10-17
MC1,186901,0.4840187430381775,0,30,2019-09-20,2019-10-19
MC1,187018,0.5797562003135681,0,30,2019-10-10,2019-11-08
MC1,187094,0.4338741898536682,0,30,2018-09-24,2018-10-23
MC1,187178,0.5851035714149475,0,30,2019-08-31,2019-09-29
MC1,187487,0.3801450729370117,0,30,2019-05-21,2019-08-01
MC1,187769,0.962878406047821,0,30,2019-10-10,2019-11-08
MC1,187917,0.9546997547149658,1,30,2019-04-14,2019-05-13
MC1,187961,0.6066994071006775,0,30,2019-10-02,2019-10-31
MC1,187979,0.4333438575267792,0,30,2019-08-20,2019-11-05
MC1,187985,0.8299046158790588,0,30,2019-09-18,2019-10-17
MC1,188077,0.8428615927696228,0,30,2019-08-23,2019-11-08
MC1,188331,0.7783169150352478,0,30,2019-09-22,2019-10-21
MC1,188534,0.5488762855529785,1,30,2019-05-02,2019-05-31
MC1,188562,0.6093662977218628,0,30,2019-10-10,2019-11-08
MC1,189154,0.6551721692085266,0,30,2019-10-10,2019-11-08
MC1,189273,0.45207706093788147,0,30,2019-10-10,2019-11-08
MC1,189295,0.5004423260688782,0,30,2019-08-24,2019-10-22
MC1,189319,0.7646437287330627,0,30,2019-10-10,2019-11-08
MC1,189362,0.868286669254303,0,30,2019-09-18,2019-10-17
MC1,189456,0.5924298167228699,0,30,2019-09-17,2019-10-16
MC1,189529,0.9098036289215088,0,30,2019-09-10,2019-11-08
MC1,189553,0.8923696279525757,0,30,2019-10-10,2019-11-08
MC1,189558,0.4404718279838562,0,30,2019-01-28,2019-02-26
MC1,189573,0.41116347908973694,0,30,2019-10-10,2019-11-08
MC1,189607,0.84101802110672,0,30,2019-10-10,2019-11-08
MC1,189771,0.7893205881118774,0,30,2019-09-13,2019-10-12
MC1,189822,0.7413692474365234,0,30,2019-08-23,2019-10-21
MC1,189841,0.6735114455223083,0,30,2019-09-10,2019-10-09
MC1,190006,0.7717120051383972,0,30,2019-10-10,2019-11-08
MC1,190353,0.8794147372245789,0,30,2019-09-17,2019-10-16
MC1,190487,0.8873396515846252,0,30,2019-09-28,2019-10-27
MC1,191157,0.6945915222167969,0,30,2019-09-09,2019-11-08
MC1,191184,0.7328408360481262,0,30,2019-10-10,2019-11-08
MC1,191232,0.787773072719574,0,30,2019-10-10,2019-11-08
MC1,191368,0.3840178847312927,0,30,2019-10-10,2019-11-08
MC1,191412,0.7453476190567017,0,30,2019-09-20,2019-10-19
MC1,191577,0.8560736179351807,0,30,2019-08-22,2019-09-20
MC1,191586,0.5113745927810669,0,15,2018-06-06,2018-07-26
MC1,191611,0.6180291771888733,0,30,2019-09-17,2019-10-16
MC1,191780,0.9761757254600525,0,30,2019-10-01,2019-10-30
MC1,191990,0.8365674614906311,0,30,2019-08-21,2019-09-19
MC1,192051,0.468435138463974,0,30,2019-08-20,2019-10-18
MC1,192184,0.5610328316688538,0,30,2019-10-10,2019-11-08
MC1,192271,0.4175972640514374,0,30,2019-10-10,2019-11-08
MC1,192310,0.37097251415252686,0,30,2018-08-05,2018-10-03
MC1,192352,0.6046966910362244,0,30,2019-09-26,2019-10-25
MC1,192353,0.43394964933395386,0,30,2019-09-26,2019-10-25
MC1,192382,0.7498598098754883,0,30,2019-10-10,2019-11-08
MC1,192392,0.703142523765564,0,30,2019-10-10,2019-11-08
MC1,192439,0.8432392477989197,0,30,2019-09-10,2019-11-08
MC1,192447,0.6170680522918701,0,30,2019-09-30,2019-10-29
MC1,192547,0.8712884187698364,0,30,2019-09-18,2019-10-17
MC1,192620,0.5535549521446228,0,30,2019-10-10,2019-11-08
MC1,192749,0.8052012920379639,0,30,2019-09-23,2019-10-22
MC1,192870,0.5213029980659485,0,15,2018-06-06,2018-07-26
MC1,192883,0.9315245747566223,0,30,2019-09-19,2019-10-18
MC1,193490,0.7416611313819885,0,30,2019-10-10,2019-11-08
MC1,193492,0.8404499292373657,0,30,2019-10-10,2019-11-08
MC1,193703,0.38842374086380005,0,30,2019-08-18,2019-10-16
MC1,193810,0.8243010640144348,0,30,2019-09-03,2019-11-06
MC1,194004,0.7918174862861633,0,30,2019-08-30,2019-10-29
MC1,194037,0.6840766668319702,0,30,2019-08-31,2019-09-29
MC1,194235,0.430058091878891,0,30,2019-04-16,2019-10-19
MC1,194252,0.7267596125602722,0,30,2019-07-26,2019-08-24
MC1,194513,0.6897909045219421,0,30,2019-09-13,2019-10-12
MC1,194600,0.525161862373352,0,30,2019-09-10,2019-11-08
MC1,194700,0.9063526391983032,0,30,2019-10-07,2019-11-05
MC1,194747,0.6258642077445984,0,30,2019-09-20,2019-10-19
MC1,194815,0.4030420780181885,0,30,2019-10-10,2019-11-08
MC1,194860,0.8872907161712646,0,30,2019-09-09,2019-11-08
MC1,195076,0.8565086722373962,0,30,2019-10-10,2019-11-08
MC1,195196,0.46595498919487,0,30,2019-09-22,2019-10-21
MC1,195268,0.40044161677360535,0,30,2019-09-18,2019-10-17
MC1,195425,0.9083864092826843,0,30,2019-10-10,2019-11-08
MC1,195577,0.4910520017147064,0,30,2019-10-10,2019-11-08
MC1,195606,0.6019709706306458,0,30,2019-09-10,2019-10-09
MC1,195820,0.7052578926086426,0,30,2019-09-23,2019-10-22
MC1,195933,0.8283603191375732,0,30,2019-10-10,2019-11-08
MC1,196035,0.8994660973548889,0,30,2019-09-17,2019-10-16
MC1,196109,0.44852957129478455,0,30,2019-10-08,2019-11-06
MC1,196161,0.35779181122779846,0,30,2019-10-10,2019-11-08
MC1,196429,0.7249805927276611,0,30,2019-10-05,2019-11-03
MC1,196586,0.7541278004646301,0,30,2019-09-19,2019-10-18
MC1,196684,0.79375159740448,0,30,2019-10-10,2019-11-08
MC1,196893,0.5305445790290833,0,30,2019-10-10,2019-11-08
MC1,196955,0.9148496985435486,0,30,2019-08-03,2019-10-01
MC1,197165,0.5629211664199829,0,30,2019-07-28,2019-09-25
MC1,197248,0.588557243347168,0,30,2019-09-03,2019-10-02
MC1,197498,0.8070057034492493,0,30,2019-08-18,2019-09-16
MC1,197556,0.7356693148612976,0,30,2019-10-10,2019-11-08
MC1,197662,0.8054555058479309,1,30,2019-10-10,2019-11-08
MC1,197677,0.7425065636634827,0,30,2019-09-17,2019-10-16
MC1,197820,0.754327118396759,0,30,2019-10-10,2019-11-08
MC1,197897,0.46604806184768677,0,30,2018-03-20,2018-04-18
MC1,198093,0.456588476896286,0,30,2019-09-09,2019-11-08
MC1,198116,0.9140710234642029,0,30,2019-08-29,2019-11-08
MC1,198225,0.5552746057510376,0,30,2019-10-10,2019-11-08
MC1,198365,0.8307783007621765,0,30,2019-10-08,2019-11-06
MC1,198409,0.494842529296875,0,30,2019-09-17,2019-10-16
MC1,198422,0.6201790571212769,0,30,2019-09-19,2019-10-18
MC1,198727,0.4471321105957031,0,30,2019-10-10,2019-11-08
MC1,198787,0.7358080744743347,0,30,2019-10-10,2019-11-08
MC1,199209,0.7939375638961792,0,30,2019-09-16,2019-10-15
MC1,199428,0.6988381743431091,0,30,2019-09-17,2019-10-16
MC1,199468,0.6043957471847534,0,30,2019-10-06,2019-11-04
MC1,199547,0.4221366345882416,0,30,2019-09-11,2019-10-10
MC1,199561,0.6173772215843201,0,30,2019-10-10,2019-11-08
MC1,199651,0.7218151688575745,0,30,2019-09-05,2019-11-04
MC1,199706,0.6149294376373291,0,30,2019-09-09,2019-11-08
MC1,199840,0.8321943283081055,0,30,2019-10-10,2019-11-08
MC1,199924,0.4698786437511444,0,30,2019-09-17,2019-10-16
MC1,200029,0.42153844237327576,0,30,2019-10-10,2019-11-08
MC1,200210,0.7940058708190918,0,30,2019-10-10,2019-11-08
MC2,106,0.39927029609680176,0,30,2019-09-22,2019-10-21
MC2,168,0.3723396360874176,0,30,2019-10-04,2019-11-02
MC2,249,0.5558721423149109,0,30,2019-10-10,2019-11-08
MC2,473,0.40071943402290344,0,30,2019-09-17,2019-10-16
MC2,655,0.3763423562049866,0,30,2019-10-10,2019-11-08
MC2,695,0.5126140713691711,0,30,2019-09-10,2019-11-08
MC2,1260,0.45983752608299255,0,30,2019-10-10,2019-11-08
MC2,1272,0.41965240240097046,0,30,2019-09-10,2019-11-08
MC2,1553,0.6467829346656799,0,30,2019-09-17,2019-10-16
MC2,2001,0.7650635838508606,0,30,2018-07-08,2018-10-03
MC2,2003,0.3603994846343994,0,30,2019-09-08,2019-10-07
MC2,2037,0.5045596361160278,0,30,2019-10-02,2019-10-31
MC2,2169,0.6729576587677002,0,30,2019-08-20,2019-10-18
MC2,2376,0.3555118143558502,0,30,2019-08-12,2019-11-08
MC2,2565,0.6107192039489746,0,30,2019-09-22,2019-10-21
MC2,2584,0.6618896722793579,0,30,2019-09-16,2019-10-15
MC2,2602,0.5484815835952759,0,30,2019-10-10,2019-11-08
MC2,2824,0.3695417046546936,0,30,2019-08-26,2019-09-24
MC2,2853,0.40538135170936584,0,30,2019-09-11,2019-10-10
MC2,2914,0.3759748637676239,0,30,2019-09-16,2019-10-15
MC2,3116,0.39517104625701904,0,30,2019-10-10,2019-11-08
MC2,3181,0.37724554538726807,0,30,2019-10-10,2019-11-08
MC2,3204,0.4104544520378113,0,30,2019-08-31,2019-11-08
MC2,3267,0.35034456849098206,0,30,2019-08-13,2019-09-11
MC2,3693,0.7058069109916687,0,30,2019-09-16,2019-10-15
MC2,3933,0.38042712211608887,0,30,2019-10-10,2019-11-08
MC2,3934,0.43857619166374207,0,30,2019-09-19,2019-10-18
MC2,4021,0.47990304231643677,0,30,2019-10-10,2019-11-08
MC2,4131,0.42106810212135315,0,30,2019-10-01,2019-10-30
MC2,4707,0.36352118849754333,0,30,2019-08-09,2019-10-07
MC2,4807,0.3390962481498718,0,30,2019-10-10,2019-11-08
MC2,4832,0.49237126111984253,0,30,2019-10-10,2019-11-08
MC2,4867,0.5362381935119629,0,30,2019-10-10,2019-11-08
MC2,5026,0.9057803153991699,1,30,2018-10-10,2018-11-08
MC2,5097,0.471652626991272,0,30,2019-10-10,2019-11-08
MC2,5144,0.35414066910743713,0,30,2019-10-02,2019-10-31
MC2,5446,0.42469871044158936,0,30,2019-10-10,2019-11-08
MC2,5597,0.3620329201221466,0,30,2019-06-05,2019-10-01
MC2,5669,0.8934811949729919,0,30,2019-10-10,2019-11-08
MC2,5705,0.46163856983184814,0,30,2019-10-10,2019-11-08
MC2,5804,0.3877946436405182,0,30,2019-09-17,2019-10-16
MC2,6136,0.3435726463794708,0,30,2019-08-20,2019-09-18
MC2,6301,0.5452433824539185,0,30,2019-10-10,2019-11-08
MC2,6380,0.4025033712387085,0,30,2019-05-14,2019-06-12
MC2,6421,0.5165081024169922,0,30,2019-10-10,2019-11-08
MC2,6428,0.3657645583152771,0,30,2019-03-08,2019-04-06
MC2,6649,0.39624932408332825,0,30,2019-09-10,2019-11-08
MC2,6666,0.6466211080551147,0,30,2019-10-10,2019-11-08
MC2,6870,0.33982551097869873,0,30,2019-09-05,2019-10-04
MC2,6950,0.3806190490722656,0,30,2019-09-20,2019-10-19
MC2,6951,0.4875810146331787,0,30,2019-10-10,2019-11-08
MC2,7237,0.5604749321937561,0,30,2019-10-10,2019-11-08
MC2,7329,0.39601072669029236,0,30,2019-09-19,2019-10-18
MC2,7330,0.387828528881073,0,30,2019-10-10,2019-11-08
MC2,7606,0.49722856283187866,0,30,2019-10-09,2019-11-07
MC2,7682,0.39567628502845764,0,30,2019-10-10,2019-11-08
MC2,7968,0.4018956124782562,0,30,2019-06-01,2019-10-18
MC2,7973,0.3812973201274872,0,30,2019-09-05,2019-11-03
MC2,7996,0.5362865924835205,0,30,2019-09-02,2019-11-08
MC2,8026,0.5806121826171875,0,30,2019-10-10,2019-11-08
MC2,8085,0.4798865020275116,0,25,2018-12-18,2019-01-11
MC2,8287,0.4600957930088043,0,30,2019-10-10,2019-11-08
MC2,8784,0.6686631441116333,0,30,2019-08-30,2019-09-28
MC2,9057,0.5598387122154236,0,30,2019-08-21,2019-10-19
MC2,9100,0.37605851888656616,0,30,2019-08-07,2019-10-27
MC2,9260,0.38092711567878723,0,30,2019-10-10,2019-11-08
MC2,9269,0.44982656836509705,0,30,2019-09-20,2019-10-19
MC2,9401,0.40364089608192444,0,30,2019-10-10,2019-11-08
MC2,9542,0.5022619962692261,0,30,2019-10-04,2019-11-02
MC2,10074,0.43854930996894836,0,30,2019-10-10,2019-11-08
MC2,10296,0.36581072211265564,0,30,2019-09-19,2019-10-18
MC2,10368,0.4519082307815552,0,30,2019-07-31,2019-08-29
MC2,10384,0.5430309176445007,0,30,2019-10-10,2019-11-08
MC2,10490,0.39463043212890625,0,30,2019-09-21,2019-10-20
MC2,10516,0.4443196654319763,0,30,2019-08-22,2019-11-08
MC2,10903,0.7690358757972717,0,30,2019-08-13,2019-11-08
MC2,10923,0.3997076749801636,0,30,2019-09-17,2019-10-16
MC2,10955,0.44677746295928955,0,30,2019-02-12,2019-03-13
MC2,11042,0.6031316518783569,0,30,2019-10-10,2019-11-08
MC2,11431,0.40719079971313477,0,30,2019-10-10,2019-11-08
MC2,11599,0.552082359790802,0,30,2019-10-10,2019-11-08
MC2,11691,0.37221676111221313,0,30,2019-09-22,2019-10-21
MC2,11772,0.6451767086982727,0,30,2019-10-10,2019-11-08
MC2,11930,0.650926947593689,0,30,2019-08-16,2019-10-14
MC2,12038,0.49875664710998535,0,30,2019-09-19,2019-10-18
MC2,12172,0.41524842381477356,0,30,2019-09-20,2019-10-19
MC2,12178,0.6019870042800903,0,30,2019-10-10,2019-11-08
MC2,12255,0.6347740888595581,0,30,2019-08-26,2019-09-24
MC2,12263,0.4695245325565338,1,30,2019-05-14,2019-06-12
MC2,12312,0.3579622507095337,0,30,2019-09-02,2019-10-01
MC2,12331,0.5406156778335571,0,30,2019-09-17,2019-10-16
MC2,12399,0.38882574439048767,0,30,2019-09-06,2019-10-05
MC2,12531,0.42464783787727356,0,30,2019-10-10,2019-11-08
MC2,12533,0.3832346200942993,0,30,2019-05-01,2019-05-30
MC2,12568,0.685863196849823,0,30,2019-09-21,2019-10-20
MC2,12660,0.40469762682914734,0,30,2019-10-10,2019-11-08
MC2,12833,0.43840450048446655,0,30,2019-09-22,2019-10-21
MC2,13031,0.4091801643371582,0,30,2019-03-03,2019-08-17
MC2,13119,0.4612959623336792,0,30,2019-10-10,2019-11-08
MC2,13180,0.5851821303367615,0,30,2019-09-20,2019-10-19
MC2,13239,0.56999272108078,0,30,2019-09-17,2019-10-16
MC2,13466,0.38764649629592896,0,30,2019-08-25,2019-10-24
MC2,13478,0.5902075171470642,0,30,2019-09-20,2019-10-19
MC2,13536,0.4133801758289337,0,30,2019-09-19,2019-10-18
MC2,13576,0.523725688457489,0,30,2019-08-27,2019-10-25
MC2,13878,0.4959135055541992,0,30,2019-09-20,2019-10-19
MC2,13895,0.3705000579357147,0,30,2019-09-07,2019-10-06
MC2,14080,0.5749784111976624,0,30,2019-09-16,2019-10-15
MC2,14501,0.46286240220069885,0,30,2019-10-10,2019-11-08
MC2,14724,0.5135673880577087,0,30,2019-10-10,2019-11-08
MC2,14803,0.4128738343715668,0,30,2019-09-19,2019-10-18
MC2,14812,0.5575363039970398,0,30,2019-09-18,2019-10-17
MC2,14863,0.440105676651001,0,30,2019-08-07,2019-10-16
MC2,14902,0.6472105979919434,0,30,2019-10-10,2019-11-08
MC2,15088,0.4194828271865845,1,30,2019-07-19,2019-08-17
MC2,15107,0.3926192820072174,0,30,2019-08-18,2019-09-16
MC2,15129,0.4217143654823303,1,30,2019-04-08,2019-06-12
MC2,15199,0.4029553234577179,0,30,2019-06-08,2019-10-26
MC2,15412,0.8824843764305115,0,30,2019-09-17,2019-10-16
MC2,15498,0.39399656653404236,0,30,2019-09-19,2019-10-18
MC2,15705,0.4886883795261383,0,30,2018-10-10,2018-11-08
MC2,15786,0.42739811539649963,0,30,2019-10-10,2019-11-08
MC2,15800,0.5461220145225525,0,30,2019-09-18,2019-10-17
MC2,15885,0.6349146962165833,0,30,2019-10-10,2019-11-08
MC2,16096,0.6334672570228577,0,30,2019-09-17,2019-10-16
MC2,16196,0.3717730641365051,0,30,2019-08-10,2019-11-02
MC2,16433,0.3943972885608673,0,30,2019-10-10,2019-11-08
MC2,16517,0.44495663046836853,0,30,2019-09-17,2019-10-16
MC2,16604,0.6222634315490723,0,30,2019-10-08,2019-11-06
MC2,16623,0.3807083070278168,0,30,2019-09-21,2019-10-20
MC2,16739,0.36536747217178345,0,30,2019-09-20,2019-10-19
MC2,16767,0.38056081533432007,0,30,2019-09-09,2019-11-08
MC2,16857,0.41126546263694763,0,30,2019-09-20,2019-10-19
MC2,17024,0.40632909536361694,0,30,2019-10-10,2019-11-08
MC2,17047,0.553642749786377,0,30,2019-10-02,2019-10-31
MC2,17058,0.5624885559082031,0,30,2019-09-10,2019-10-09
MC2,17306,0.3792649805545807,0,30,2019-09-11,2019-10-10
MC2,17445,0.3832830488681793,0,30,2019-10-10,2019-11-08
MC2,17549,0.37638333439826965,0,30,2019-10-10,2019-11-08
MC2,17788,0.6476352214813232,0,30,2019-10-04,2019-11-02
MC2,17864,0.4021654427051544,0,30,2019-10-04,2019-11-02
MC2,18444,0.5501229166984558,0,30,2019-09-22,2019-10-21
MC2,18466,0.44156238436698914,0,30,2019-09-17,2019-10-16
MC2,18478,0.4881010353565216,0,30,2019-09-22,2019-10-21
MC2,18517,0.6978590488433838,0,30,2019-09-09,2019-10-08
MC2,18938,0.40365704894065857,0,30,2019-09-17,2019-10-16
MC2,18947,0.4908747673034668,0,30,2019-10-10,2019-11-08
MC2,18971,0.4009304344654083,0,30,2019-09-10,2019-11-08
MC2,19195,0.4373144507408142,0,30,2019-10-10,2019-11-08
MC2,19373,0.38235151767730713,0,30,2019-09-17,2019-10-16
MC2,19481,0.598222553730011,0,30,2019-10-10,2019-11-08
MC2,19563,0.3998890221118927,0,30,2019-03-30,2019-04-28
MC2,19613,0.759807825088501,0,30,2019-07-22,2019-10-18
MC2,19656,0.6829923391342163,0,30,2019-09-08,2019-10-07
MC2,19671,0.40979573130607605,0,30,2019-09-09,2019-11-08
MC2,19932,0.4510028660297394,0,30,2019-09-19,2019-10-18
MC2,19973,0.6205238699913025,0,30,2019-09-30,2019-10-29
MC2,19975,0.42515572905540466,0,30,2019-10-10,2019-11-08
MC2,20008,0.47580209374427795,0,30,2019-10-10,2019-11-08
MC2,20141,0.4829668700695038,1,1,2018-10-09,2018-10-09
MC2,20387,0.4615234136581421,0,30,2019-10-10,2019-11-08
MC2,20525,0.3880093991756439,0,30,2019-09-05,2019-10-04
MC2,20554,0.6143326759338379,0,30,2019-09-19,2019-10-18
MC2,20579,0.36983147263526917,1,30,2019-08-02,2019-08-31
MC2,20744,0.43013083934783936,0,30,2019-10-10,2019-11-08
MC2,20875,0.36356282234191895,0,30,2019-09-08,2019-10-07
MC2,20935,0.4591738283634186,0,30,2019-09-27,2019-10-26
MC2,20963,0.3885567784309387,0,30,2019-09-10,2019-10-09
MC2,21238,0.5652644038200378,0,30,2019-08-20,2019-10-22
MC2,21382,0.3669270873069763,0,30,2019-09-16,2019-10-15
MC2,21477,0.5000173449516296,0,30,2019-10-10,2019-11-08
MC2,21663,0.589520275592804,0,30,2019-09-10,2019-11-08
MC2,21930,0.5229616761207581,0,30,2019-09-17,2019-10-16
MC2,21941,0.37719666957855225,0,30,2019-04-09,2019-05-08
MC2,22065,0.8016422986984253,0,30,2019-09-16,2019-10-15
MC2,22159,0.3989703357219696,0,30,2019-10-10,2019-11-08
MC2,22492,0.38149186968803406,0,30,2019-05-04,2019-06-02
MC2,22499,0.5415025949478149,0,30,2019-10-10,2019-11-08
MC2,22506,0.4158570170402527,0,30,2019-10-10,2019-11-08
MC2,22563,0.393898069858551,1,30,2019-03-25,2019-05-23
MC2,22603,0.45880815386772156,0,7,2018-07-21,2018-07-27
MC2,22644,0.42329543828964233,0,30,2019-08-11,2019-10-09
MC2,22845,0.6072131991386414,0,30,2019-09-09,2019-11-08
MC2,23050,0.39883241057395935,0,30,2019-09-20,2019-10-19
MC2,23352,0.6261873245239258,0,30,2019-09-15,2019-10-14
MC2,23481,0.3983188569545746,0,30,2019-08-27,2019-11-07
MC2,23530,0.3709438145160675,0,30,2019-09-05,2019-10-04
MC2,23656,0.4144105613231659,0,30,2019-09-20,2019-10-19
MC2,23725,0.47685620188713074,0,30,2019-09-03,2019-11-08
